image,kontext_images,prompt
/data/datasets/DROID/train_ours/final/90405_exterior_image_1_left_pair0.png,/data/datasets/DROID/keep64_variants/clean/90405_exterior_image_1_left_pair0.png,"Pick up the object inside the bounding box [584, 432, 628, 476] and place it at the point [680, 320], in pixel coordinates of this image. Show the scene after the object has been moved to that location. Pick up the orange block on the blue table. Place the orange block in the black bowl."
/data/datasets/DROID/train_ours/final/90405_exterior_image_1_left_pair1.png,/data/datasets/DROID/keep64_variants/clean/90405_exterior_image_1_left_pair1.png,"Pick up the object inside the bounding box [660, 312, 692, 328] and place it at the point [696, 264], in pixel coordinates of this image. Show the scene after the object has been moved to that location. Pick up the green block on the blue table. Place the green block in the black bowl."
/data/datasets/DROID/train_ours/final/41090_exterior_image_2_left_pair0.png,/data/datasets/DROID/keep64_variants/clean/41090_exterior_image_2_left_pair0.png,"Pick up the object inside the bounding box [464, 448, 556, 572] and place it at the point [680, 504], in pixel coordinates of this image. Show the scene after the object has been moved to that location. Pick up the cup on the table. Place the cup on top of the cup."
/data/datasets/DROID/train_ours/final/41090_exterior_image_2_left_pair1.png,/data/datasets/DROID/keep64_variants/clean/41090_exterior_image_2_left_pair1.png,"Pick up the object inside the bounding box [640, 464, 716, 540] and place it at the point [728, 544], in pixel coordinates of this image. Show the scene after the object has been moved to that location. Pick up the cup from the table. Place the cup on top of the cup."
/data/datasets/DROID/train_ours/final/69850_exterior_image_1_left_pair1.png,/data/datasets/DROID/keep64_variants/clean/69850_exterior_image_1_left_pair1.png,"Pick up the object inside the bounding box [772, 260, 820, 300] and place it at the point [776, 284], in pixel coordinates of this image. Show the scene after the object has been moved to that location. Pick up glue stick from the desktop. Place glue stick into the mug."
/data/datasets/DROID/train_ours/final/41083_exterior_image_1_left_pair0.png,/data/datasets/DROID/keep64_variants/clean/41083_exterior_image_1_left_pair0.png,"Pick up the object inside the bounding box [640, 488, 680, 552] and place it at the point [656, 512], in pixel coordinates of this image. Show the scene after the object has been moved to that location. Pick up the cylinder on the table. Place the cylinder on top of the other cylinders."
/data/datasets/DROID/train_ours/final/41083_exterior_image_1_left_pair1.png,/data/datasets/DROID/keep64_variants/clean/41083_exterior_image_1_left_pair1.png,"Pick up the object inside the bounding box [636, 468, 672, 552] and place it at the point [656, 496], in pixel coordinates of this image. Show the scene after the object has been moved to that location. Pick up the K-cup on the table. Place the K-cup on the cylinder."
/data/datasets/DROID/train_ours/final/67395_exterior_image_1_left_pair0.png,/data/datasets/DROID/keep64_variants/clean/67395_exterior_image_1_left_pair0.png,"Pick up the object inside the bounding box [712, 284, 740, 312] and place it at the point [1032, 412], in pixel coordinates of this image. Show the scene after the object has been moved to that location. Pick up the marker from the cup. Place the marker on the table."
/data/datasets/DROID/train_ours/final/67395_exterior_image_1_left_pair1.png,/data/datasets/DROID/keep64_variants/clean/67395_exterior_image_1_left_pair1.png,"Pick up the object inside the bounding box [984, 392, 1084, 432] and place it at the point [780, 296], in pixel coordinates of this image. Show the scene after the object has been moved to that location. Pick up the marker from the table. Place the marker back in the cup."
/data/datasets/DROID/train_ours/final/28042_exterior_image_2_left_pair0.png,/data/datasets/DROID/keep64_variants/clean/28042_exterior_image_2_left_pair0.png,"Pick up the object inside the bounding box [376, 324, 420, 392] and place it at the point [672, 380], in pixel coordinates of this image. Show the scene after the object has been moved to that location. Pick up the silver cup on the counter. Place the silver cup on the right side of the counter."
/data/datasets/DROID/train_ours/final/28042_exterior_image_2_left_pair1.png,/data/datasets/DROID/keep64_variants/clean/28042_exterior_image_2_left_pair1.png,"Pick up the object inside the bounding box [648, 344, 700, 416] and place it at the point [376, 352], in pixel coordinates of this image. Show the scene after the object has been moved to that location. Pick up the silver cup on the right side of the counter. Place the silver cup back in its original place."
/data/datasets/DROID/train_ours/final/8943_exterior_image_1_left_pair0.png,/data/datasets/DROID/keep64_variants/clean/8943_exterior_image_1_left_pair0.png,"Pick up the object inside the bounding box [908, 512, 992, 556] and place it at the point [840, 592], in pixel coordinates of this image. Show the scene after the object has been moved to that location. Pick up the purple grape on the table. Place the purple grape in the black box."
/data/datasets/DROID/train_ours/final/8943_exterior_image_1_left_pair1.png,/data/datasets/DROID/keep64_variants/clean/8943_exterior_image_1_left_pair1.png,"Pick up the object inside the bounding box [792, 560, 884, 620] and place it at the point [816, 568], in pixel coordinates of this image. Show the scene after the object has been moved to that location. Pick up the strawberry on the tabletop. Place the strawberry in the black box."
/data/datasets/DROID/train_ours/final/26544_exterior_image_2_left_pair0.png,/data/datasets/DROID/keep64_variants/clean/26544_exterior_image_2_left_pair0.png,"Pick up the object inside the bounding box [628, 220, 796, 352] and place it at the point [584, 256], in pixel coordinates of this image. Show the scene after the object has been moved to that location. Pick up the towel on the table. Place the towel on the black stand."
/data/datasets/DROID/train_ours/final/26544_exterior_image_2_left_pair1.png,/data/datasets/DROID/keep64_variants/clean/26544_exterior_image_2_left_pair1.png,"Pick up the object inside the bounding box [500, 212, 672, 300] and place it at the point [560, 80], in pixel coordinates of this image. Show the scene after the object has been moved to that location. Pick up the towel on the table. Place the towel on the black stand."
/data/datasets/DROID/train_ours/final/50728_exterior_image_2_left_pair0.png,/data/datasets/DROID/keep64_variants/clean/50728_exterior_image_2_left_pair0.png,"Pick up the object inside the bounding box [524, 328, 552, 352] and place it at the point [716, 360], in pixel coordinates of this image. Show the scene after the object has been moved to that location. Pick up the green block from the table. Place the green block in the black bowl."
/data/datasets/DROID/train_ours/final/50728_exterior_image_2_left_pair1.png,/data/datasets/DROID/keep64_variants/clean/50728_exterior_image_2_left_pair1.png,"Pick up the object inside the bounding box [696, 352, 728, 368] and place it at the point [700, 360], in pixel coordinates of this image. Show the scene after the object has been moved to that location. Pick up the green block from the table. Place the green block in the black bowl."
/data/datasets/DROID/train_ours/final/82177_exterior_image_2_left_pair0.png,/data/datasets/DROID/keep64_variants/clean/82177_exterior_image_2_left_pair0.png,"Pick up the object inside the bounding box [388, 124, 480, 164] and place it at the point [496, 216], in pixel coordinates of this image. Show the scene after the object has been moved to that location. Pick up the plate on the table. Place the plate on the table."
/data/datasets/DROID/train_ours/final/82177_exterior_image_2_left_pair1.png,/data/datasets/DROID/keep64_variants/clean/82177_exterior_image_2_left_pair1.png,"Pick up the object inside the bounding box [440, 188, 548, 244] and place it at the point [420, 168], in pixel coordinates of this image. Show the scene after the object has been moved to that location. Pick up the lid from the top of the bottle. Place the lid on the table."
/data/datasets/DROID/train_ours/final/49584_exterior_image_1_left_pair0.png,/data/datasets/DROID/keep64_variants/clean/49584_exterior_image_1_left_pair0.png,"Pick up the object inside the bounding box [588, 232, 756, 296] and place it at the point [612, 132], in pixel coordinates of this image. Show the scene after the object has been moved to that location. Pick up the towel from the table. Place the towel on the tripod."
/data/datasets/DROID/train_ours/final/49584_exterior_image_1_left_pair1.png,/data/datasets/DROID/keep64_variants/clean/49584_exterior_image_1_left_pair1.png,"Pick up the object inside the bounding box [560, 72, 664, 192] and place it at the point [592, 288], in pixel coordinates of this image. Show the scene after the object has been moved to that location. Pick up the towel from the tripod. Place the towel on the table."
/data/datasets/DROID/train_ours/final/78588_exterior_image_1_left_pair0.png,/data/datasets/DROID/keep64_variants/clean/78588_exterior_image_1_left_pair0.png,"Pick up the object inside the bounding box [624, 336, 720, 480] and place it at the point [900, 384], in pixel coordinates of this image. Show the scene after the object has been moved to that location. Pick up the coffee cup from the coffee machine. Place the coffee cup on the tabletop."
/data/datasets/DROID/train_ours/final/78588_exterior_image_1_left_pair1.png,/data/datasets/DROID/keep64_variants/clean/78588_exterior_image_1_left_pair1.png,"Pick up the object inside the bounding box [856, 324, 948, 440] and place it at the point [568, 200], in pixel coordinates of this image. Show the scene after the object has been moved to that location. Pick up the coffee pod from the tabletop. Place the coffee pod in the slot of the coffee machine."
/data/datasets/DROID/train_ours/final/66202_exterior_image_1_left_pair0.png,/data/datasets/DROID/keep64_variants/clean/66202_exterior_image_1_left_pair0.png,"Pick up the object inside the bounding box [736, 184, 848, 280] and place it at the point [552, 476], in pixel coordinates of this image. Show the scene after the object has been moved to that location. Pick up the orange towel on the table. Place the orange towel on the seat of the chair."
/data/datasets/DROID/train_ours/final/66202_exterior_image_1_left_pair1.png,/data/datasets/DROID/keep64_variants/clean/66202_exterior_image_1_left_pair1.png,"Pick up the object inside the bounding box [524, 416, 580, 536] and place it at the point [564, 456], in pixel coordinates of this image. Show the scene after the object has been moved to that location. Pick up the orange fabric on the table. Place the orange fabric on the seat of the chair."
/data/datasets/DROID/train_ours/final/47841_exterior_image_2_left_pair0.png,/data/datasets/DROID/keep64_variants/clean/47841_exterior_image_2_left_pair0.png,"Pick up the object inside the bounding box [720, 368, 748, 396] and place it at the point [880, 552], in pixel coordinates of this image. Show the scene after the object has been moved to that location. Pick up the pen from the light blue cup. Place the pen on the table."
/data/datasets/DROID/train_ours/final/47841_exterior_image_2_left_pair1.png,/data/datasets/DROID/keep64_variants/clean/47841_exterior_image_2_left_pair1.png,"Pick up the object inside the bounding box [808, 528, 948, 576] and place it at the point [760, 380], in pixel coordinates of this image. Show the scene after the object has been moved to that location. Pick up the pen from the table. Place the pen back in the light blue cup."
/data/datasets/DROID/train_ours/final/83729_exterior_image_1_left_pair0.png,/data/datasets/DROID/keep64_variants/clean/83729_exterior_image_1_left_pair0.png,"Pick up the object inside the bounding box [388, 384, 460, 508] and place it at the point [216, 552], in pixel coordinates of this image. Show the scene after the object has been moved to that location. Pick up the water bottle on the counter. Place the water bottle in the box."
/data/datasets/DROID/train_ours/final/83729_exterior_image_1_left_pair1.png,/data/datasets/DROID/keep64_variants/clean/83729_exterior_image_1_left_pair1.png,"Pick up the object inside the bounding box [0, 404, 400, 536] and place it at the point [144, 656], in pixel coordinates of this image. Show the scene after the object has been moved to that location. Pick up the second water bottle on the counter. Place the second water bottle in the box."
/data/datasets/DROID/train_ours/final/38712_exterior_image_2_left_pair0.png,/data/datasets/DROID/keep64_variants/clean/38712_exterior_image_2_left_pair0.png,"Pick up the object inside the bounding box [492, 484, 580, 600] and place it at the point [660, 520], in pixel coordinates of this image. Show the scene after the object has been moved to that location. Pick up the cup on the table. Place the cup into the cup."
/data/datasets/DROID/train_ours/final/38712_exterior_image_2_left_pair1.png,/data/datasets/DROID/keep64_variants/clean/38712_exterior_image_2_left_pair1.png,"Pick up the object inside the bounding box [624, 492, 696, 544] and place it at the point [680, 584], in pixel coordinates of this image. Show the scene after the object has been moved to that location. Pick up the stacked cups on the tabletop. Place the stacked cups into the cup."
/data/datasets/DROID/train_ours/final/63977_exterior_image_1_left_pair0.png,/data/datasets/DROID/keep64_variants/clean/63977_exterior_image_1_left_pair0.png,"Pick up the object inside the bounding box [684, 376, 712, 400] and place it at the point [712, 296], in pixel coordinates of this image. Show the scene after the object has been moved to that location. Pick up the green block on the table. Place the green block in the black bowl."
/data/datasets/DROID/train_ours/final/85419_exterior_image_1_left_pair0.png,/data/datasets/DROID/keep64_variants/clean/85419_exterior_image_1_left_pair0.png,"Pick up the object inside the bounding box [848, 492, 924, 580] and place it at the point [920, 508], in pixel coordinates of this image. Show the scene after the object has been moved to that location. Pick up the cup on the table. Place the cup into the yellow cup."
/data/datasets/DROID/train_ours/final/85419_exterior_image_1_left_pair1.png,/data/datasets/DROID/keep64_variants/clean/85419_exterior_image_1_left_pair1.png,"Pick up the object inside the bounding box [888, 476, 948, 540] and place it at the point [920, 424], in pixel coordinates of this image. Show the scene after the object has been moved to that location. Pick up the stack of cups on the table. Place the stack of cups into the blue cup."
/data/datasets/DROID/train_ours/final/57328_exterior_image_1_left_pair0.png,/data/datasets/DROID/keep64_variants/clean/57328_exterior_image_1_left_pair0.png,"Pick up the object inside the bounding box [344, 324, 440, 452] and place it at the point [632, 472], in pixel coordinates of this image. Show the scene after the object has been moved to that location. Pick up the first empty bottle on the upper counter. Place the first empty bottle on the top of the lower counter."
/data/datasets/DROID/train_ours/final/57328_exterior_image_1_left_pair1.png,/data/datasets/DROID/keep64_variants/clean/57328_exterior_image_1_left_pair1.png,"Pick up the object inside the bounding box [608, 408, 660, 528] and place it at the point [552, 528], in pixel coordinates of this image. Show the scene after the object has been moved to that location. Pick up the second empty bottle on the upper counter. Place the second empty bottle on the top of the lower counter."
/data/datasets/DROID/train_ours/final/62933_exterior_image_1_left_pair1.png,/data/datasets/DROID/keep64_variants/clean/62933_exterior_image_1_left_pair1.png,"Pick up the object inside the bounding box [696, 280, 752, 300] and place it at the point [668, 300], in pixel coordinates of this image. Show the scene after the object has been moved to that location. Pick up the black object in the box. Place the black object in the plastic box."
/data/datasets/DROID/train_ours/final/36405_exterior_image_2_left_pair0.png,/data/datasets/DROID/keep64_variants/clean/36405_exterior_image_2_left_pair0.png,"Pick up the object inside the bounding box [544, 336, 568, 360] and place it at the point [624, 348], in pixel coordinates of this image. Show the scene after the object has been moved to that location. Pick up the green cube on the blue table. Place the green cube in the black bowl."
/data/datasets/DROID/train_ours/final/36405_exterior_image_2_left_pair1.png,/data/datasets/DROID/keep64_variants/clean/36405_exterior_image_2_left_pair1.png,"Pick up the object inside the bounding box [612, 328, 648, 364] and place it at the point [712, 368], in pixel coordinates of this image. Show the scene after the object has been moved to that location. Pick up the orange cube on the blue table. Place the orange cube in the black bowl."
/data/datasets/DROID/train_ours/final/51357_exterior_image_1_left_pair0.png,/data/datasets/DROID/keep64_variants/clean/51357_exterior_image_1_left_pair0.png,"Pick up the object inside the bounding box [664, 360, 796, 432] and place it at the point [604, 548], in pixel coordinates of this image. Show the scene after the object has been moved to that location. Pick up the white clothes from the box. Place the white clothes on the table."
/data/datasets/DROID/train_ours/final/51357_exterior_image_1_left_pair1.png,/data/datasets/DROID/keep64_variants/clean/51357_exterior_image_1_left_pair1.png,"Pick up the object inside the bounding box [492, 448, 716, 648] and place it at the point [556, 488], in pixel coordinates of this image. Show the scene after the object has been moved to that location. Pick up the clothes from the box. Place the clothes on the table."
/data/datasets/DROID/train_ours/final/51873_exterior_image_2_left_pair0.png,/data/datasets/DROID/keep64_variants/clean/51873_exterior_image_2_left_pair0.png,"Pick up the object inside the bounding box [752, 472, 856, 540] and place it at the point [872, 648], in pixel coordinates of this image. Show the scene after the object has been moved to that location. Pick up the white plate on the table. Place the white plate on the towel."
/data/datasets/DROID/train_ours/final/51873_exterior_image_2_left_pair1.png,/data/datasets/DROID/keep64_variants/clean/51873_exterior_image_2_left_pair1.png,"Pick up the object inside the bounding box [708, 632, 788, 716] and place it at the point [864, 648], in pixel coordinates of this image. Show the scene after the object has been moved to that location. Pick up the green ball on the table. Place the green ball on the paper plate."
/data/datasets/DROID/train_ours/final/15123_exterior_image_1_left_pair0.png,/data/datasets/DROID/keep64_variants/clean/15123_exterior_image_1_left_pair0.png,"Pick up the object inside the bounding box [688, 264, 712, 292] and place it at the point [972, 424], in pixel coordinates of this image. Show the scene after the object has been moved to that location. Pick up the paper glue from the cup. Place the paper glue on the table."
/data/datasets/DROID/train_ours/final/15123_exterior_image_1_left_pair1.png,/data/datasets/DROID/keep64_variants/clean/15123_exterior_image_1_left_pair1.png,"Pick up the object inside the bounding box [944, 392, 1000, 460] and place it at the point [680, 272], in pixel coordinates of this image. Show the scene after the object has been moved to that location. Pick up the paper glue from the table. Place the paper glue back in the cup."
/data/datasets/DROID/train_ours/final/49515_exterior_image_2_left_pair0.png,/data/datasets/DROID/keep64_variants/clean/49515_exterior_image_2_left_pair0.png,"Pick up the object inside the bounding box [324, 464, 500, 560] and place it at the point [800, 600], in pixel coordinates of this image. Show the scene after the object has been moved to that location. Pick up the t-shirt from the chair. Place the t-shirt on the box."
/data/datasets/DROID/train_ours/final/49515_exterior_image_2_left_pair1.png,/data/datasets/DROID/keep64_variants/clean/49515_exterior_image_2_left_pair1.png,"Pick up the object inside the bounding box [656, 524, 944, 676] and place it at the point [744, 544], in pixel coordinates of this image. Show the scene after the object has been moved to that location. Pick up the clothing from the chair back. Place the clothing on the box."
/data/datasets/DROID/train_ours/final/62282_exterior_image_1_left_pair0.png,/data/datasets/DROID/keep64_variants/clean/62282_exterior_image_1_left_pair0.png,"Pick up the object inside the bounding box [964, 392, 1036, 456] and place it at the point [960, 492], in pixel coordinates of this image. Show the scene after the object has been moved to that location. Pick up the blue cup on the table. Place the blue cup into the cup beside it."
/data/datasets/DROID/train_ours/final/62282_exterior_image_1_left_pair1.png,/data/datasets/DROID/keep64_variants/clean/62282_exterior_image_1_left_pair1.png,"Pick up the object inside the bounding box [916, 452, 1000, 532] and place it at the point [864, 448], in pixel coordinates of this image. Show the scene after the object has been moved to that location. Pick up the stack of cups on the table. Place the stack of cups into the yellow cup."
/data/datasets/DROID/train_ours/final/48292_exterior_image_2_left_pair0.png,/data/datasets/DROID/keep64_variants/clean/48292_exterior_image_2_left_pair0.png,"Pick up the object inside the bounding box [680, 204, 728, 308] and place it at the point [864, 480], in pixel coordinates of this image. Show the scene after the object has been moved to that location. Pick up the bottle of spices from the countertop. Place the bottle of spices on the countertop."
/data/datasets/DROID/train_ours/final/48292_exterior_image_2_left_pair1.png,/data/datasets/DROID/keep64_variants/clean/48292_exterior_image_2_left_pair1.png,"Pick up the object inside the bounding box [812, 384, 916, 576] and place it at the point [720, 288], in pixel coordinates of this image. Show the scene after the object has been moved to that location. Pick up the lid from the pot. Place the lid on the table."
/data/datasets/DROID/train_ours/final/8152_exterior_image_2_left_pair0.png,/data/datasets/DROID/keep64_variants/clean/8152_exterior_image_2_left_pair0.png,"Pick up the object inside the bounding box [520, 472, 716, 576] and place it at the point [384, 680], in pixel coordinates of this image. Show the scene after the object has been moved to that location. Pick up the clothes from the box. Place the clothes on the table."
/data/datasets/DROID/train_ours/final/8152_exterior_image_2_left_pair1.png,/data/datasets/DROID/keep64_variants/clean/8152_exterior_image_2_left_pair1.png,"Pick up the object inside the bounding box [304, 640, 464, 716] and place it at the point [440, 680], in pixel coordinates of this image. Show the scene after the object has been moved to that location. Pick up the clothes from the box. Place the clothes on the table."
/data/datasets/DROID/train_ours/final/54282_exterior_image_2_left_pair0.png,/data/datasets/DROID/keep64_variants/clean/54282_exterior_image_2_left_pair0.png,"Pick up the object inside the bounding box [596, 352, 792, 404] and place it at the point [824, 464], in pixel coordinates of this image. Show the scene after the object has been moved to that location. Pick up the spoon from the countertop. Place the spoon on the bottle."
/data/datasets/DROID/train_ours/final/53737_exterior_image_1_left_pair0.png,/data/datasets/DROID/keep64_variants/clean/53737_exterior_image_1_left_pair0.png,"Pick up the object inside the bounding box [860, 320, 980, 384] and place it at the point [840, 404], in pixel coordinates of this image. Show the scene after the object has been moved to that location. Pick up the gray bowl on the table. Place the gray bowl on top of the black bowl."
/data/datasets/DROID/train_ours/final/53737_exterior_image_1_left_pair1.png,/data/datasets/DROID/keep64_variants/clean/53737_exterior_image_1_left_pair1.png,"Pick up the object inside the bounding box [764, 368, 908, 440] and place it at the point [840, 392], in pixel coordinates of this image. Show the scene after the object has been moved to that location. Pick up the bowl on the table. Place the bowl on top of the gray bowl."
/data/datasets/DROID/train_ours/final/77426_exterior_image_2_left_pair0.png,/data/datasets/DROID/keep64_variants/clean/77426_exterior_image_2_left_pair0.png,"Pick up the object inside the bounding box [524, 520, 584, 608] and place it at the point [904, 648], in pixel coordinates of this image. Show the scene after the object has been moved to that location. Pick up the brown box from the desktop. Place the brown box to the right of the original position."
/data/datasets/DROID/train_ours/final/77426_exterior_image_2_left_pair1.png,/data/datasets/DROID/keep64_variants/clean/77426_exterior_image_2_left_pair1.png,"Pick up the object inside the bounding box [836, 600, 972, 692] and place it at the point [656, 640], in pixel coordinates of this image. Show the scene after the object has been moved to that location. Pick up the hair tie from the bag. Place the hair tie on the desktop."
/data/datasets/DROID/train_ours/final/83908_exterior_image_1_left_pair0.png,/data/datasets/DROID/keep64_variants/clean/83908_exterior_image_1_left_pair0.png,"Pick up the object inside the bounding box [492, 628, 656, 716] and place it at the point [740, 552], in pixel coordinates of this image. Show the scene after the object has been moved to that location. Pick up the lid on the countertop. Place the lid on the bowl."
/data/datasets/DROID/train_ours/final/83908_exterior_image_1_left_pair1.png,/data/datasets/DROID/keep64_variants/clean/83908_exterior_image_1_left_pair1.png,"Pick up the object inside the bounding box [676, 504, 804, 596] and place it at the point [584, 600], in pixel coordinates of this image. Show the scene after the object has been moved to that location. Pick up the lid from the bowl. Place the lid on the countertop."
/data/datasets/DROID/train_ours/final/61636_exterior_image_2_left_pair0.png,/data/datasets/DROID/keep64_variants/clean/61636_exterior_image_2_left_pair0.png,"Pick up the object inside the bounding box [524, 112, 704, 272] and place it at the point [572, 316], in pixel coordinates of this image. Show the scene after the object has been moved to that location. Pick up the cloth from the shelf. Place the cloth in the middle of the table."
/data/datasets/DROID/train_ours/final/61636_exterior_image_2_left_pair1.png,/data/datasets/DROID/keep64_variants/clean/61636_exterior_image_2_left_pair1.png,"Pick up the object inside the bounding box [432, 256, 712, 376] and place it at the point [584, 216], in pixel coordinates of this image. Show the scene after the object has been moved to that location. Pick up the cloth in the middle of the table. Place the cloth on the shelf."
/data/datasets/DROID/train_ours/final/61171_exterior_image_1_left_pair0.png,/data/datasets/DROID/keep64_variants/clean/61171_exterior_image_1_left_pair0.png,"Pick up the object inside the bounding box [520, 456, 564, 496] and place it at the point [560, 332], in pixel coordinates of this image. Show the scene after the object has been moved to that location. Pick up the green block on the table. Place the green block in the bowl."
/data/datasets/DROID/train_ours/final/61171_exterior_image_1_left_pair1.png,/data/datasets/DROID/keep64_variants/clean/61171_exterior_image_1_left_pair1.png,"Pick up the object inside the bounding box [544, 292, 596, 352] and place it at the point [596, 320], in pixel coordinates of this image. Show the scene after the object has been moved to that location. Pick up the blue block on the table. Place the blue block in the bowl."
/data/datasets/DROID/train_ours/final/84770_exterior_image_1_left_pair0.png,/data/datasets/DROID/keep64_variants/clean/84770_exterior_image_1_left_pair0.png,"Pick up the object inside the bounding box [584, 396, 624, 436] and place it at the point [608, 320], in pixel coordinates of this image. Show the scene after the object has been moved to that location. Pick up the blue cube from the tabletop. Place the blue cube in the bowl."
/data/datasets/DROID/train_ours/final/84770_exterior_image_1_left_pair1.png,/data/datasets/DROID/keep64_variants/clean/84770_exterior_image_1_left_pair1.png,"Pick up the object inside the bounding box [596, 308, 628, 332] and place it at the point [616, 272], in pixel coordinates of this image. Show the scene after the object has been moved to that location. Pick up the green block from the table. Place the green block in the bowl."
/data/datasets/DROID/train_ours/final/89821_exterior_image_2_left_pair0.png,/data/datasets/DROID/keep64_variants/clean/89821_exterior_image_2_left_pair0.png,"Pick up the object inside the bounding box [536, 456, 600, 548] and place it at the point [688, 464], in pixel coordinates of this image. Show the scene after the object has been moved to that location. Pick up the blue cup on the table. Place the blue cup on the deep blue cup."
/data/datasets/DROID/train_ours/final/89821_exterior_image_2_left_pair1.png,/data/datasets/DROID/keep64_variants/clean/89821_exterior_image_2_left_pair1.png,"Pick up the object inside the bounding box [656, 440, 716, 488] and place it at the point [692, 456], in pixel coordinates of this image. Show the scene after the object has been moved to that location. Pick up the yellow cup on the table. Place the yellow cup on the blue cup."
/data/datasets/DROID/train_ours/final/84009_exterior_image_2_left_pair0.png,/data/datasets/DROID/keep64_variants/clean/84009_exterior_image_2_left_pair0.png,"Pick up the object inside the bounding box [452, 240, 524, 300] and place it at the point [560, 304], in pixel coordinates of this image. Show the scene after the object has been moved to that location. Pick up the cup on the left side of the table. Place the cup on the middle cup."
/data/datasets/DROID/train_ours/final/84009_exterior_image_2_left_pair1.png,/data/datasets/DROID/keep64_variants/clean/84009_exterior_image_2_left_pair1.png,"Pick up the object inside the bounding box [532, 264, 596, 340] and place it at the point [560, 316], in pixel coordinates of this image. Show the scene after the object has been moved to that location. Pick up the green cup on the right side of the table. Place the green cup on the middle cup."
/data/datasets/DROID/train_ours/final/67395_exterior_image_2_left_pair0.png,/data/datasets/DROID/keep64_variants/clean/67395_exterior_image_2_left_pair0.png,"Pick up the object inside the bounding box [608, 280, 664, 300] and place it at the point [672, 424], in pixel coordinates of this image. Show the scene after the object has been moved to that location. Pick up the marker from the cup. Place the marker on the table."
/data/datasets/DROID/train_ours/final/67395_exterior_image_2_left_pair1.png,/data/datasets/DROID/keep64_variants/clean/67395_exterior_image_2_left_pair1.png,"Pick up the object inside the bounding box [616, 404, 720, 436] and place it at the point [652, 312], in pixel coordinates of this image. Show the scene after the object has been moved to that location. Pick up the marker from the table. Place the marker back in the cup."
/data/datasets/DROID/train_ours/final/89163_exterior_image_2_left_pair1.png,/data/datasets/DROID/keep64_variants/clean/89163_exterior_image_2_left_pair1.png,"Pick up the object inside the bounding box [836, 644, 1032, 716] and place it at the point [528, 624], in pixel coordinates of this image. Show the scene after the object has been moved to that location. Pick up the book from the bed. Place the book on the nightstand."
/data/datasets/DROID/train_ours/final/35764_exterior_image_2_left_pair0.png,/data/datasets/DROID/keep64_variants/clean/35764_exterior_image_2_left_pair0.png,"Pick up the object inside the bounding box [480, 352, 544, 432] and place it at the point [672, 372], in pixel coordinates of this image. Show the scene after the object has been moved to that location. Pick up the first plastic cup on the table. Place the first plastic cup on top of the second plastic cup."
/data/datasets/DROID/train_ours/final/35764_exterior_image_2_left_pair1.png,/data/datasets/DROID/keep64_variants/clean/35764_exterior_image_2_left_pair1.png,"Pick up the object inside the bounding box [640, 320, 708, 424] and place it at the point [620, 308], in pixel coordinates of this image. Show the scene after the object has been moved to that location. Pick up the second plastic cup on the table. Place the second plastic cup on top of the third plastic cup."
/data/datasets/DROID/train_ours/final/55906_exterior_image_1_left_pair0.png,/data/datasets/DROID/keep64_variants/clean/55906_exterior_image_1_left_pair0.png,"Pick up the object inside the bounding box [552, 508, 728, 716] and place it at the point [452, 560], in pixel coordinates of this image. Show the scene after the object has been moved to that location. Pick up the rope from the table. Place the rope in the blue box."
/data/datasets/DROID/train_ours/final/55906_exterior_image_1_left_pair1.png,/data/datasets/DROID/keep64_variants/clean/55906_exterior_image_1_left_pair1.png,"Pick up the object inside the bounding box [420, 520, 476, 580] and place it at the point [392, 580], in pixel coordinates of this image. Show the scene after the object has been moved to that location. Pick up the rope from the corner of the blue box. Place the rope inside the box."
/data/datasets/DROID/train_ours/final/82839_exterior_image_1_left_pair0.png,/data/datasets/DROID/keep64_variants/clean/82839_exterior_image_1_left_pair0.png,"Pick up the object inside the bounding box [548, 252, 808, 588] and place it at the point [744, 248], in pixel coordinates of this image. Show the scene after the object has been moved to that location. Pick up the orange clothes on the left side of the chair. Place the orange clothes on the box."
/data/datasets/DROID/train_ours/final/82839_exterior_image_1_left_pair1.png,/data/datasets/DROID/keep64_variants/clean/82839_exterior_image_1_left_pair1.png,"Pick up the object inside the bounding box [668, 204, 816, 296] and place it at the point [744, 224], in pixel coordinates of this image. Show the scene after the object has been moved to that location. Pick up the green towel on top of the purple clothes. Place the green towel on the box."
/data/datasets/DROID/train_ours/final/78588_exterior_image_2_left_pair0.png,/data/datasets/DROID/keep64_variants/clean/78588_exterior_image_2_left_pair0.png,"Pick up the object inside the bounding box [332, 20, 384, 128] and place it at the point [416, 148], in pixel coordinates of this image. Show the scene after the object has been moved to that location. Pick up the coffee cup from the coffee machine. Place the coffee cup on the tabletop."
/data/datasets/DROID/train_ours/final/59418_exterior_image_1_left_pair0.png,/data/datasets/DROID/keep64_variants/clean/59418_exterior_image_1_left_pair0.png,"Pick up the object inside the bounding box [640, 336, 900, 664] and place it at the point [916, 328], in pixel coordinates of this image. Show the scene after the object has been moved to that location. Pick up the shoes on the shelf. Place the shoes in the target position on the shelf."
/data/datasets/DROID/train_ours/final/59418_exterior_image_1_left_pair1.png,/data/datasets/DROID/keep64_variants/clean/59418_exterior_image_1_left_pair1.png,"Pick up the object inside the bounding box [780, 256, 1052, 400] and place it at the point [860, 388], in pixel coordinates of this image. Show the scene after the object has been moved to that location. Pick up another shoe on the shelf. Place the shoe next to another shoe."
/data/datasets/DROID/train_ours/final/69960_exterior_image_2_left_pair0.png,/data/datasets/DROID/keep64_variants/clean/69960_exterior_image_2_left_pair0.png,"Pick up the object inside the bounding box [428, 492, 500, 716] and place it at the point [632, 240], in pixel coordinates of this image. Show the scene after the object has been moved to that location. Pick up the bottle on the table. Place the bottle inside the top cabinet."
/data/datasets/DROID/train_ours/final/10208_exterior_image_1_left_pair0.png,/data/datasets/DROID/keep64_variants/clean/10208_exterior_image_1_left_pair0.png,"Pick up the object inside the bounding box [880, 448, 996, 572] and place it at the point [832, 584], in pixel coordinates of this image. Show the scene after the object has been moved to that location. Pick up the right book on the table. Place the right book in the black box."
/data/datasets/DROID/train_ours/final/10208_exterior_image_1_left_pair1.png,/data/datasets/DROID/keep64_variants/clean/10208_exterior_image_1_left_pair1.png,"Pick up the object inside the bounding box [764, 528, 900, 636] and place it at the point [836, 548], in pixel coordinates of this image. Show the scene after the object has been moved to that location. Pick up the right book on the table. Place the right book in the black box."
/data/datasets/DROID/train_ours/final/52636_exterior_image_1_left_pair0.png,/data/datasets/DROID/keep64_variants/clean/52636_exterior_image_1_left_pair0.png,"Pick up the object inside the bounding box [800, 488, 936, 584] and place it at the point [840, 396], in pixel coordinates of this image. Show the scene after the object has been moved to that location. Pick up the white plate on the table. Place the plate at the back of the table."
/data/datasets/DROID/train_ours/final/90744_exterior_image_1_left_pair0.png,/data/datasets/DROID/keep64_variants/clean/90744_exterior_image_1_left_pair0.png,"Pick up the object inside the bounding box [808, 212, 832, 236] and place it at the point [888, 320], in pixel coordinates of this image. Show the scene after the object has been moved to that location. Pick up the glue stick from the cup. Place the glue stick on the table."
/data/datasets/DROID/train_ours/final/90744_exterior_image_1_left_pair1.png,/data/datasets/DROID/keep64_variants/clean/90744_exterior_image_1_left_pair1.png,"Pick up the object inside the bounding box [856, 268, 932, 376] and place it at the point [828, 228], in pixel coordinates of this image. Show the scene after the object has been moved to that location. Pick up the glue stick from the table. Place the glue stick in the cup."
/data/datasets/DROID/train_ours/final/35705_exterior_image_2_left_pair0.png,/data/datasets/DROID/keep64_variants/clean/35705_exterior_image_2_left_pair0.png,"Pick up the object inside the bounding box [584, 468, 652, 568] and place it at the point [760, 512], in pixel coordinates of this image. Show the scene after the object has been moved to that location. Pick up the green cup on the table. Place the green cup on the bowl."
/data/datasets/DROID/train_ours/final/35705_exterior_image_2_left_pair1.png,/data/datasets/DROID/keep64_variants/clean/35705_exterior_image_2_left_pair1.png,"Pick up the object inside the bounding box [724, 484, 792, 544] and place it at the point [760, 540], in pixel coordinates of this image. Show the scene after the object has been moved to that location. Pick up the cup on the countertop. Place the cup on the green cup."
/data/datasets/DROID/train_ours/final/69902_exterior_image_1_left_pair0.png,/data/datasets/DROID/keep64_variants/clean/69902_exterior_image_1_left_pair0.png,"Pick up the object inside the bounding box [1004, 456, 1124, 568] and place it at the point [920, 456], in pixel coordinates of this image. Show the scene after the object has been moved to that location. Pick up the cup on the table. Place the cup on the cup."
/data/datasets/DROID/train_ours/final/69902_exterior_image_1_left_pair1.png,/data/datasets/DROID/keep64_variants/clean/69902_exterior_image_1_left_pair1.png,"Pick up the object inside the bounding box [876, 416, 960, 500] and place it at the point [856, 364], in pixel coordinates of this image. Show the scene after the object has been moved to that location. Pick up the cup on the table. Place the cup on the cup."
/data/datasets/DROID/train_ours/final/74651_exterior_image_2_left_pair0.png,/data/datasets/DROID/keep64_variants/clean/74651_exterior_image_2_left_pair0.png,"Pick up the object inside the bounding box [712, 320, 860, 556] and place it at the point [784, 312], in pixel coordinates of this image. Show the scene after the object has been moved to that location. Pick up the first cup on the table. Place the first cup in the second cup."
/data/datasets/DROID/train_ours/final/74651_exterior_image_2_left_pair1.png,/data/datasets/DROID/keep64_variants/clean/74651_exterior_image_2_left_pair1.png,"Pick up the object inside the bounding box [728, 264, 844, 360] and place it at the point [784, 236], in pixel coordinates of this image. Show the scene after the object has been moved to that location. Pick up the second cup on the table. Place the second cup in the third cup."
/data/datasets/DROID/train_ours/final/65411_exterior_image_1_left_pair1.png,/data/datasets/DROID/keep64_variants/clean/65411_exterior_image_1_left_pair1.png,"Pick up the object inside the bounding box [636, 616, 748, 716] and place it at the point [704, 664], in pixel coordinates of this image. Show the scene after the object has been moved to that location. Pick up the orange block on the desk. Place the orange block at the front edge of the desk."
/data/datasets/DROID/train_ours/final/7977_exterior_image_2_left_pair0.png,/data/datasets/DROID/keep64_variants/clean/7977_exterior_image_2_left_pair0.png,"Pick up the object inside the bounding box [596, 380, 680, 496] and place it at the point [768, 444], in pixel coordinates of this image. Show the scene after the object has been moved to that location. Pick up the clear cup on the left side of the table. Place the clear cup on top of the stacked other clear cups."
/data/datasets/DROID/train_ours/final/7977_exterior_image_2_left_pair1.png,/data/datasets/DROID/keep64_variants/clean/7977_exterior_image_2_left_pair1.png,"Pick up the object inside the bounding box [732, 376, 804, 504] and place it at the point [824, 360], in pixel coordinates of this image. Show the scene after the object has been moved to that location. Pick up the clear cup on the table. Place the cup on the right side of the table."
/data/datasets/DROID/train_ours/final/477_exterior_image_2_left_pair0.png,/data/datasets/DROID/keep64_variants/clean/477_exterior_image_2_left_pair0.png,"Pick up the object inside the bounding box [452, 484, 600, 568] and place it at the point [384, 384], in pixel coordinates of this image. Show the scene after the object has been moved to that location. Pick up the object on the desk. Place the object in the green cup."
/data/datasets/DROID/train_ours/final/477_exterior_image_2_left_pair1.png,/data/datasets/DROID/keep64_variants/clean/477_exterior_image_2_left_pair1.png,"Pick up the object inside the bounding box [364, 368, 400, 396] and place it at the point [596, 392], in pixel coordinates of this image. Show the scene after the object has been moved to that location. Pick up the object in the cup. Place the object on the desk."
/data/datasets/DROID/train_ours/final/17559_exterior_image_1_left_pair0.png,/data/datasets/DROID/keep64_variants/clean/17559_exterior_image_1_left_pair0.png,"Pick up the object inside the bounding box [732, 416, 880, 584] and place it at the point [576, 460], in pixel coordinates of this image. Show the scene after the object has been moved to that location. Pick up the orange cloth from the box. Place the orange cloth on the backrest of the chair."
/data/datasets/DROID/train_ours/final/17559_exterior_image_1_left_pair1.png,/data/datasets/DROID/keep64_variants/clean/17559_exterior_image_1_left_pair1.png,"Pick up the object inside the bounding box [448, 348, 704, 572] and place it at the point [808, 472], in pixel coordinates of this image. Show the scene after the object has been moved to that location. Pick up the black cloth from the backrest of the chair. Place the black cloth in the box."
/data/datasets/DROID/train_ours/final/14565_exterior_image_2_left_pair0.png,/data/datasets/DROID/keep64_variants/clean/14565_exterior_image_2_left_pair0.png,"Pick up the object inside the bounding box [712, 252, 880, 316] and place it at the point [856, 168], in pixel coordinates of this image. Show the scene after the object has been moved to that location. Pick up the slippers from the rack. Place the slippers on the top of the rack."
/data/datasets/DROID/train_ours/final/14565_exterior_image_2_left_pair1.png,/data/datasets/DROID/keep64_variants/clean/14565_exterior_image_2_left_pair1.png,"Pick up the object inside the bounding box [764, 124, 952, 204] and place it at the point [924, 176], in pixel coordinates of this image. Show the scene after the object has been moved to that location. Pick up the shoes from the rack. Place the shoes on the top of the rack."
/data/datasets/DROID/train_ours/final/15123_exterior_image_2_left_pair0.png,/data/datasets/DROID/keep64_variants/clean/15123_exterior_image_2_left_pair0.png,"Pick up the object inside the bounding box [740, 440, 768, 472] and place it at the point [1088, 468], in pixel coordinates of this image. Show the scene after the object has been moved to that location. Pick up the paper glue from the cup. Place the paper glue on the table."
/data/datasets/DROID/train_ours/final/15123_exterior_image_2_left_pair1.png,/data/datasets/DROID/keep64_variants/clean/15123_exterior_image_2_left_pair1.png,"Pick up the object inside the bounding box [1040, 400, 1144, 536] and place it at the point [768, 456], in pixel coordinates of this image. Show the scene after the object has been moved to that location. Pick up the paper glue from the table. Place the paper glue back in the cup."
/data/datasets/DROID/train_ours/final/71070_exterior_image_2_left_pair0.png,/data/datasets/DROID/keep64_variants/clean/71070_exterior_image_2_left_pair0.png,"Pick up the object inside the bounding box [744, 448, 800, 544] and place it at the point [840, 392], in pixel coordinates of this image. Show the scene after the object has been moved to that location. Pick up the scissors from the table. Place the scissors inside the mug."
/data/datasets/DROID/train_ours/final/71070_exterior_image_2_left_pair1.png,/data/datasets/DROID/keep64_variants/clean/71070_exterior_image_2_left_pair1.png,"Pick up the object inside the bounding box [816, 360, 868, 420] and place it at the point [724, 412], in pixel coordinates of this image. Show the scene after the object has been moved to that location. Pick up the scissors from the mug. Place the scissors on the tabletop."
/data/datasets/DROID/train_ours/final/81112_exterior_image_1_left_pair0.png,/data/datasets/DROID/keep64_variants/clean/81112_exterior_image_1_left_pair0.png,"Pick up the object inside the bounding box [820, 444, 884, 520] and place it at the point [928, 528], in pixel coordinates of this image. Show the scene after the object has been moved to that location. Pick up the cup on the table. Place the cup on the cup."
/data/datasets/DROID/train_ours/final/81112_exterior_image_1_left_pair1.png,/data/datasets/DROID/keep64_variants/clean/81112_exterior_image_1_left_pair1.png,"Pick up the object inside the bounding box [880, 492, 960, 552] and place it at the point [928, 520], in pixel coordinates of this image. Show the scene after the object has been moved to that location. Pick up the cup on the table. Place the cup on the cup."
/data/datasets/DROID/train_ours/final/53838_exterior_image_2_left_pair0.png,/data/datasets/DROID/keep64_variants/clean/53838_exterior_image_2_left_pair0.png,"Pick up the object inside the bounding box [432, 552, 480, 644] and place it at the point [576, 560], in pixel coordinates of this image. Show the scene after the object has been moved to that location. Pick up the glue stick from the desk. Place the glue stick in the mug."
/data/datasets/DROID/train_ours/final/53838_exterior_image_2_left_pair1.png,/data/datasets/DROID/keep64_variants/clean/53838_exterior_image_2_left_pair1.png,"Pick up the object inside the bounding box [544, 532, 612, 592] and place it at the point [712, 636], in pixel coordinates of this image. Show the scene after the object has been moved to that location. Pick up the glue stick from the mug. Place the glue stick on the desk."
/data/datasets/DROID/train_ours/final/53838_exterior_image_2_left_pair2.png,/data/datasets/DROID/keep64_variants/clean/53838_exterior_image_2_left_pair2.png,"Pick up the object inside the bounding box [688, 588, 732, 680] and place it at the point [584, 532], in pixel coordinates of this image. Show the scene after the object has been moved to that location. Pick up the glue stick from the table. Place the glue stick in the cup."
/data/datasets/DROID/train_ours/final/39268_exterior_image_1_left_pair0.png,/data/datasets/DROID/keep64_variants/clean/39268_exterior_image_1_left_pair0.png,"Pick up the object inside the bounding box [660, 372, 688, 416] and place it at the point [660, 360], in pixel coordinates of this image. Show the scene after the object has been moved to that location. Pick up the pen from the yellow cup. Place the pen on the table."
/data/datasets/DROID/train_ours/final/39268_exterior_image_1_left_pair1.png,/data/datasets/DROID/keep64_variants/clean/39268_exterior_image_1_left_pair1.png,"Pick up the object inside the bounding box [624, 340, 696, 376] and place it at the point [740, 388], in pixel coordinates of this image. Show the scene after the object has been moved to that location. Pick up the pen from the table. Place the pen in the yellow cup."
/data/datasets/DROID/train_ours/final/11582_exterior_image_2_left_pair0.png,/data/datasets/DROID/keep64_variants/clean/11582_exterior_image_2_left_pair0.png,"Pick up the object inside the bounding box [588, 304, 832, 356] and place it at the point [684, 456], in pixel coordinates of this image. Show the scene after the object has been moved to that location. Pick up the white paper on the right side of the table. Place the white paper on the right side into the waste bin on the right."
/data/datasets/DROID/train_ours/final/41090_exterior_image_1_left_pair0.png,/data/datasets/DROID/keep64_variants/clean/41090_exterior_image_1_left_pair0.png,"Pick up the object inside the bounding box [912, 464, 1028, 580] and place it at the point [880, 440], in pixel coordinates of this image. Show the scene after the object has been moved to that location. Pick up the cup on the table. Place the cup on top of the cup."
/data/datasets/DROID/train_ours/final/41090_exterior_image_1_left_pair1.png,/data/datasets/DROID/keep64_variants/clean/41090_exterior_image_1_left_pair1.png,"Pick up the object inside the bounding box [844, 408, 916, 472] and place it at the point [1000, 404], in pixel coordinates of this image. Show the scene after the object has been moved to that location. Pick up the cup from the table. Place the cup on top of the cup."
/data/datasets/DROID/train_ours/final/13269_exterior_image_2_left_pair0.png,/data/datasets/DROID/keep64_variants/clean/13269_exterior_image_2_left_pair0.png,"Pick up the object inside the bounding box [616, 536, 740, 616] and place it at the point [656, 580], in pixel coordinates of this image. Show the scene after the object has been moved to that location. Pick up the grey remote from the black remote. Place the black remote on the blue cushion."
/data/datasets/DROID/train_ours/final/13269_exterior_image_2_left_pair1.png,/data/datasets/DROID/keep64_variants/clean/13269_exterior_image_2_left_pair1.png,"Pick up the object inside the bounding box [576, 520, 740, 640] and place it at the point [640, 592], in pixel coordinates of this image. Show the scene after the object has been moved to that location. Pick up the black remote from the blue cushion. Place the black remote on the black remote."
/data/datasets/DROID/train_ours/final/26867_exterior_image_2_left_pair0.png,/data/datasets/DROID/keep64_variants/clean/26867_exterior_image_2_left_pair0.png,"Pick up the object inside the bounding box [704, 452, 780, 516] and place it at the point [832, 612], in pixel coordinates of this image. Show the scene after the object has been moved to that location. Pick up the pineapple toy from the basket. Place the pineapple toy on the table."
/data/datasets/DROID/train_ours/final/26867_exterior_image_2_left_pair1.png,/data/datasets/DROID/keep64_variants/clean/26867_exterior_image_2_left_pair1.png,"Pick up the object inside the bounding box [776, 552, 896, 668] and place it at the point [672, 616], in pixel coordinates of this image. Show the scene after the object has been moved to that location. Pick up the watermelon toy from the black box. Place the watermelon toy on the table."
/data/datasets/DROID/train_ours/final/91480_exterior_image_2_left_pair0.png,/data/datasets/DROID/keep64_variants/clean/91480_exterior_image_2_left_pair0.png,"Pick up the object inside the bounding box [660, 228, 796, 288] and place it at the point [952, 500], in pixel coordinates of this image. Show the scene after the object has been moved to that location. Pick up the lid from the pot. Place the lid on the table."
/data/datasets/DROID/train_ours/final/91480_exterior_image_2_left_pair1.png,/data/datasets/DROID/keep64_variants/clean/91480_exterior_image_2_left_pair1.png,"Pick up the object inside the bounding box [860, 440, 1048, 560] and place it at the point [776, 272], in pixel coordinates of this image. Show the scene after the object has been moved to that location. Pick up the wooden spoon from the countertop. Place the wooden spoon in the pot."
/data/datasets/DROID/train_ours/final/69538_exterior_image_1_left_pair0.png,/data/datasets/DROID/keep64_variants/clean/69538_exterior_image_1_left_pair0.png,"Pick up the object inside the bounding box [528, 388, 1020, 716] and place it at the point [712, 248], in pixel coordinates of this image. Show the scene after the object has been moved to that location. Pick up the t-shirt from the chair. Place the t-shirt on top of the brown box."
/data/datasets/DROID/train_ours/final/69538_exterior_image_1_left_pair1.png,/data/datasets/DROID/keep64_variants/clean/69538_exterior_image_1_left_pair1.png,"Pick up the object inside the bounding box [648, 200, 776, 296] and place it at the point [688, 264], in pixel coordinates of this image. Show the scene after the object has been moved to that location. Pick up the purple clothing from the table. Place the purple clothing on top of the brown box."
/data/datasets/DROID/train_ours/final/20474_exterior_image_1_left_pair0.png,/data/datasets/DROID/keep64_variants/clean/20474_exterior_image_1_left_pair0.png,"Pick up the object inside the bounding box [596, 272, 772, 404] and place it at the point [560, 324], in pixel coordinates of this image. Show the scene after the object has been moved to that location. Pick up the cloth on the table. Place the cloth on the table."
/data/datasets/DROID/train_ours/final/20474_exterior_image_1_left_pair1.png,/data/datasets/DROID/keep64_variants/clean/20474_exterior_image_1_left_pair1.png,"Pick up the object inside the bounding box [488, 272, 632, 376] and place it at the point [552, 264], in pixel coordinates of this image. Show the scene after the object has been moved to that location. Pick up the cloth on the table. Place the cloth on the shelf."
/data/datasets/DROID/train_ours/final/47026_exterior_image_1_left_pair0.png,/data/datasets/DROID/keep64_variants/clean/47026_exterior_image_1_left_pair0.png,"Pick up the object inside the bounding box [500, 196, 608, 300] and place it at the point [592, 288], in pixel coordinates of this image. Show the scene after the object has been moved to that location. Pick up the cup on the table. Place the cup in the front."
/data/datasets/DROID/train_ours/final/47026_exterior_image_1_left_pair1.png,/data/datasets/DROID/keep64_variants/clean/47026_exterior_image_1_left_pair1.png,"Pick up the object inside the bounding box [532, 232, 648, 348] and place it at the point [696, 296], in pixel coordinates of this image. Show the scene after the object has been moved to that location. Pick up the cup on the table. Place the cup in the front."
/data/datasets/DROID/train_ours/final/6675_exterior_image_1_left_pair0.png,/data/datasets/DROID/keep64_variants/clean/6675_exterior_image_1_left_pair0.png,"Pick up the object inside the bounding box [908, 416, 984, 484] and place it at the point [860, 428], in pixel coordinates of this image. Show the scene after the object has been moved to that location. Pick up the yellow cup on the table. Place the yellow cup on top of the blue cup."
/data/datasets/DROID/train_ours/final/6675_exterior_image_1_left_pair1.png,/data/datasets/DROID/keep64_variants/clean/6675_exterior_image_1_left_pair1.png,"Pick up the object inside the bounding box [824, 404, 896, 452] and place it at the point [864, 412], in pixel coordinates of this image. Show the scene after the object has been moved to that location. Pick up the blue cup on the table. Place the blue cup on top of the yellow cup."
/data/datasets/DROID/train_ours/final/8096_exterior_image_1_left_pair0.png,/data/datasets/DROID/keep64_variants/clean/8096_exterior_image_1_left_pair0.png,"Pick up the object inside the bounding box [576, 504, 772, 716] and place it at the point [844, 456], in pixel coordinates of this image. Show the scene after the object has been moved to that location. Pick up the clothes on the back of the chair. Place the clothes in the storage basket."
/data/datasets/DROID/train_ours/final/8096_exterior_image_1_left_pair1.png,/data/datasets/DROID/keep64_variants/clean/8096_exterior_image_1_left_pair1.png,"Pick up the object inside the bounding box [804, 424, 884, 484] and place it at the point [680, 644], in pixel coordinates of this image. Show the scene after the object has been moved to that location. Pick up the towel from the storage basket. Place the towel on the back of the chair."
/data/datasets/DROID/train_ours/final/14565_exterior_image_1_left_pair0.png,/data/datasets/DROID/keep64_variants/clean/14565_exterior_image_1_left_pair0.png,"Pick up the object inside the bounding box [380, 260, 564, 572] and place it at the point [480, 268], in pixel coordinates of this image. Show the scene after the object has been moved to that location. Pick up the slippers from the rack. Place the slippers on the top of the rack."
/data/datasets/DROID/train_ours/final/14565_exterior_image_1_left_pair1.png,/data/datasets/DROID/keep64_variants/clean/14565_exterior_image_1_left_pair1.png,"Pick up the object inside the bounding box [400, 228, 556, 308] and place it at the point [552, 260], in pixel coordinates of this image. Show the scene after the object has been moved to that location. Pick up the shoes from the rack. Place the shoes on the top of the rack."
/data/datasets/DROID/train_ours/final/50196_exterior_image_1_left_pair0.png,/data/datasets/DROID/keep64_variants/clean/50196_exterior_image_1_left_pair0.png,"Pick up the object inside the bounding box [884, 384, 976, 432] and place it at the point [788, 380], in pixel coordinates of this image. Show the scene after the object has been moved to that location. Pick up the towel from the washing machine countertop. Place the towel in the washing machine."
/data/datasets/DROID/train_ours/final/37174_exterior_image_1_left_pair0.png,/data/datasets/DROID/keep64_variants/clean/37174_exterior_image_1_left_pair0.png,"Pick up the object inside the bounding box [556, 532, 720, 700] and place it at the point [500, 452], in pixel coordinates of this image. Show the scene after the object has been moved to that location. Pick up the rope on the table. Place the rope into the box."
/data/datasets/DROID/train_ours/final/57227_exterior_image_1_left_pair0.png,/data/datasets/DROID/keep64_variants/clean/57227_exterior_image_1_left_pair0.png,"Pick up the object inside the bounding box [500, 472, 552, 524] and place it at the point [592, 328], in pixel coordinates of this image. Show the scene after the object has been moved to that location. Pick up the blue square from the table. Place the blue square in the bowl."
/data/datasets/DROID/train_ours/final/57227_exterior_image_1_left_pair1.png,/data/datasets/DROID/keep64_variants/clean/57227_exterior_image_1_left_pair1.png,"Pick up the object inside the bounding box [580, 320, 608, 344] and place it at the point [584, 232], in pixel coordinates of this image. Show the scene after the object has been moved to that location. Pick up the green square from the table. Place the green square in the bowl."
/data/datasets/DROID/train_ours/final/28757_exterior_image_1_left_pair0.png,/data/datasets/DROID/keep64_variants/clean/28757_exterior_image_1_left_pair0.png,"Pick up the object inside the bounding box [628, 384, 716, 424] and place it at the point [672, 416], in pixel coordinates of this image. Show the scene after the object has been moved to that location. Pick up the marker on the table. Place the marker in the cup."
/data/datasets/DROID/train_ours/final/28757_exterior_image_1_left_pair1.png,/data/datasets/DROID/keep64_variants/clean/28757_exterior_image_1_left_pair1.png,"Pick up the object inside the bounding box [648, 392, 696, 440] and place it at the point [708, 432], in pixel coordinates of this image. Show the scene after the object has been moved to that location. Pick up the marker from the cup. Place the marker on the table."
/data/datasets/DROID/train_ours/final/83245_exterior_image_2_left_pair0.png,/data/datasets/DROID/keep64_variants/clean/83245_exterior_image_2_left_pair0.png,"Pick up the object inside the bounding box [516, 332, 544, 356] and place it at the point [728, 380], in pixel coordinates of this image. Show the scene after the object has been moved to that location. Pick up the orange block from the table. Place the orange block in the bowl."
/data/datasets/DROID/train_ours/final/83245_exterior_image_2_left_pair1.png,/data/datasets/DROID/keep64_variants/clean/83245_exterior_image_2_left_pair1.png,"Pick up the object inside the bounding box [712, 368, 740, 392] and place it at the point [716, 272], in pixel coordinates of this image. Show the scene after the object has been moved to that location. Pick up the green block from the table. Place the green block in the bowl."
/data/datasets/DROID/train_ours/final/14102_exterior_image_2_left_pair0.png,/data/datasets/DROID/keep64_variants/clean/14102_exterior_image_2_left_pair0.png,"Pick up the object inside the bounding box [564, 196, 604, 280] and place it at the point [600, 176], in pixel coordinates of this image. Show the scene after the object has been moved to that location. Pick up the bottle in the small box. Place the bottle in the big box."
/data/datasets/DROID/train_ours/final/14102_exterior_image_2_left_pair1.png,/data/datasets/DROID/keep64_variants/clean/14102_exterior_image_2_left_pair1.png,"Pick up the object inside the bounding box [540, 120, 664, 232] and place it at the point [524, 172], in pixel coordinates of this image. Show the scene after the object has been moved to that location. Pick up the big box on the table. Place the big box on the table."
/data/datasets/DROID/train_ours/final/47857_exterior_image_1_left_pair0.png,/data/datasets/DROID/keep64_variants/clean/47857_exterior_image_1_left_pair0.png,"Pick up the object inside the bounding box [548, 356, 636, 412] and place it at the point [408, 488], in pixel coordinates of this image. Show the scene after the object has been moved to that location. Pick up the box on the right side of the table. Place the box on the left side of the table."
/data/datasets/DROID/train_ours/final/47857_exterior_image_1_left_pair1.png,/data/datasets/DROID/keep64_variants/clean/47857_exterior_image_1_left_pair1.png,"Pick up the object inside the bounding box [332, 424, 488, 540] and place it at the point [408, 472], in pixel coordinates of this image. Show the scene after the object has been moved to that location. Pick up the round orange object from the transparent box. Place the round orange object in the box."
/data/datasets/DROID/train_ours/final/6697_exterior_image_1_left_pair0.png,/data/datasets/DROID/keep64_variants/clean/6697_exterior_image_1_left_pair0.png,"Pick up the object inside the bounding box [356, 264, 592, 436] and place it at the point [656, 288], in pixel coordinates of this image. Show the scene after the object has been moved to that location. Pick up the stainless steel bowl from the stove. Place the stainless steel bowl on the stove."
/data/datasets/DROID/train_ours/final/6697_exterior_image_1_left_pair1.png,/data/datasets/DROID/keep64_variants/clean/6697_exterior_image_1_left_pair1.png,"Pick up the object inside the bounding box [584, 236, 736, 344] and place it at the point [464, 416], in pixel coordinates of this image. Show the scene after the object has been moved to that location. Pick up the black pot lid from the stove. Place the black pot lid below the stove."
/data/datasets/DROID/train_ours/final/28681_exterior_image_1_left_pair0.png,/data/datasets/DROID/keep64_variants/clean/28681_exterior_image_1_left_pair0.png,"Pick up the object inside the bounding box [616, 208, 716, 320] and place it at the point [768, 416], in pixel coordinates of this image. Show the scene after the object has been moved to that location. Remove the tape from the wooden stand. Place the tape on the table."
/data/datasets/DROID/train_ours/final/28681_exterior_image_1_left_pair1.png,/data/datasets/DROID/keep64_variants/clean/28681_exterior_image_1_left_pair1.png,"Pick up the object inside the bounding box [728, 384, 804, 444] and place it at the point [672, 280], in pixel coordinates of this image. Show the scene after the object has been moved to that location. Where's the clip on the table. Place the clip on the wooden stand."
/data/datasets/DROID/train_ours/final/85483_exterior_image_1_left_pair0.png,/data/datasets/DROID/keep64_variants/clean/85483_exterior_image_1_left_pair0.png,"Pick up the object inside the bounding box [568, 416, 612, 516] and place it at the point [440, 380], in pixel coordinates of this image. Show the scene after the object has been moved to that location. Pick up the bottle on the right on the table. Place the bottle on the right on the top counter."
/data/datasets/DROID/train_ours/final/85483_exterior_image_1_left_pair1.png,/data/datasets/DROID/keep64_variants/clean/85483_exterior_image_1_left_pair1.png,"Pick up the object inside the bounding box [412, 324, 464, 440] and place it at the point [348, 400], in pixel coordinates of this image. Show the scene after the object has been moved to that location. Pick up the bottle on the left on the table. Place the bottle on the left on the top counter."
/data/datasets/DROID/train_ours/final/5911_exterior_image_2_left_pair0.png,/data/datasets/DROID/keep64_variants/clean/5911_exterior_image_2_left_pair0.png,"Pick up the object inside the bounding box [816, 336, 1156, 716] and place it at the point [840, 424], in pixel coordinates of this image. Show the scene after the object has been moved to that location. Pick up the black pillow on the right side of the couch. Place the black pillow on the left side of the couch."
/data/datasets/DROID/train_ours/final/5911_exterior_image_2_left_pair1.png,/data/datasets/DROID/keep64_variants/clean/5911_exterior_image_2_left_pair1.png,"Pick up the object inside the bounding box [688, 320, 992, 532] and place it at the point [680, 500], in pixel coordinates of this image. Show the scene after the object has been moved to that location. Pick up the pillow on the right side of the couch. Place the pillow on the left side of the couch."
/data/datasets/DROID/train_ours/final/77844_exterior_image_1_left_pair0.png,/data/datasets/DROID/keep64_variants/clean/77844_exterior_image_1_left_pair0.png,"Pick up the object inside the bounding box [416, 668, 548, 716] and place it at the point [604, 608], in pixel coordinates of this image. Show the scene after the object has been moved to that location. Pick up the cup on the table. Place the cup on the plate."
/data/datasets/DROID/train_ours/final/77844_exterior_image_1_left_pair1.png,/data/datasets/DROID/keep64_variants/clean/77844_exterior_image_1_left_pair1.png,"Pick up the object inside the bounding box [568, 576, 640, 648] and place it at the point [608, 704], in pixel coordinates of this image. Show the scene after the object has been moved to that location. Pick up the cube from the cup. Place the cube on the countertop."
/data/datasets/DROID/train_ours/final/23233_exterior_image_2_left_pair0.png,/data/datasets/DROID/keep64_variants/clean/23233_exterior_image_2_left_pair0.png,"Pick up the object inside the bounding box [692, 456, 864, 512] and place it at the point [444, 448], in pixel coordinates of this image. Show the scene after the object has been moved to that location. Pick up the white tube on the counter. Place the white tube at the front of the counter."
/data/datasets/DROID/train_ours/final/23233_exterior_image_2_left_pair1.png,/data/datasets/DROID/keep64_variants/clean/23233_exterior_image_2_left_pair1.png,"Pick up the object inside the bounding box [416, 420, 472, 480] and place it at the point [756, 504], in pixel coordinates of this image. Show the scene after the object has been moved to that location. Pick up the white tube at the front of the counter. Place the white tube at the back of the counter."
/data/datasets/DROID/train_ours/final/79399_exterior_image_1_left_pair0.png,/data/datasets/DROID/keep64_variants/clean/79399_exterior_image_1_left_pair0.png,"Pick up the object inside the bounding box [600, 576, 664, 644] and place it at the point [848, 688], in pixel coordinates of this image. Show the scene after the object has been moved to that location. Pick up the pear plush toy from the table. Place the pear plush toy in the drawer."
/data/datasets/DROID/train_ours/final/79399_exterior_image_1_left_pair1.png,/data/datasets/DROID/keep64_variants/clean/79399_exterior_image_1_left_pair1.png,"Pick up the object inside the bounding box [796, 664, 904, 716] and place it at the point [680, 680], in pixel coordinates of this image. Show the scene after the object has been moved to that location. Pick up the watermelon plush toy from the table. Place the watermelon plush toy on the table."
/data/datasets/DROID/train_ours/final/56496_exterior_image_1_left_pair0.png,/data/datasets/DROID/keep64_variants/clean/56496_exterior_image_1_left_pair0.png,"Pick up the object inside the bounding box [784, 544, 840, 588] and place it at the point [888, 488], in pixel coordinates of this image. Show the scene after the object has been moved to that location. Pick up the strawberry from the black box. Place the strawberry on the table."
/data/datasets/DROID/train_ours/final/5013_exterior_image_1_left_pair0.png,/data/datasets/DROID/keep64_variants/clean/5013_exterior_image_1_left_pair0.png,"Pick up the object inside the bounding box [696, 284, 840, 344] and place it at the point [912, 392], in pixel coordinates of this image. Show the scene after the object has been moved to that location. Pick up the silver fork on the table. Place the silver fork in the open drawer."
/data/datasets/DROID/train_ours/final/5013_exterior_image_1_left_pair1.png,/data/datasets/DROID/keep64_variants/clean/5013_exterior_image_1_left_pair1.png,"Pick up the object inside the bounding box [896, 384, 928, 396] and place it at the point [976, 408], in pixel coordinates of this image. Show the scene after the object has been moved to that location. Pick up the silver knife on the table. Place the silver knife in the open drawer."
/data/datasets/DROID/train_ours/final/37958_exterior_image_2_left_pair0.png,/data/datasets/DROID/keep64_variants/clean/37958_exterior_image_2_left_pair0.png,"Pick up the object inside the bounding box [736, 260, 1276, 716] and place it at the point [828, 536], in pixel coordinates of this image. Show the scene after the object has been moved to that location. Pick up the grey blanket from one corner. Place the grey blanket on the seat of the sofa."
/data/datasets/DROID/train_ours/final/37958_exterior_image_2_left_pair1.png,/data/datasets/DROID/keep64_variants/clean/37958_exterior_image_2_left_pair1.png,"Pick up the object inside the bounding box [516, 428, 1144, 716] and place it at the point [772, 572], in pixel coordinates of this image. Show the scene after the object has been moved to that location. Pick up the other corner of the grey blanket from the backrest of the sofa. Place the other corner of the grey blanket on the seat of the sofa."
/data/datasets/DROID/train_ours/final/8096_exterior_image_2_left_pair0.png,/data/datasets/DROID/keep64_variants/clean/8096_exterior_image_2_left_pair0.png,"Pick up the object inside the bounding box [448, 364, 604, 600] and place it at the point [752, 512], in pixel coordinates of this image. Show the scene after the object has been moved to that location. Pick up the clothes on the back of the chair. Place the clothes in the storage basket."
/data/datasets/DROID/train_ours/final/8096_exterior_image_2_left_pair1.png,/data/datasets/DROID/keep64_variants/clean/8096_exterior_image_2_left_pair1.png,"Pick up the object inside the bounding box [676, 468, 824, 552] and place it at the point [440, 448], in pixel coordinates of this image. Show the scene after the object has been moved to that location. Pick up the towel from the storage basket. Place the towel on the back of the chair."
/data/datasets/DROID/train_ours/final/80402_exterior_image_2_left_pair0.png,/data/datasets/DROID/keep64_variants/clean/80402_exterior_image_2_left_pair0.png,"Pick up the object inside the bounding box [768, 528, 816, 668] and place it at the point [848, 472], in pixel coordinates of this image. Show the scene after the object has been moved to that location. Pick up the first bottle on the table. Place the first bottle on the counter."
/data/datasets/DROID/train_ours/final/80402_exterior_image_2_left_pair1.png,/data/datasets/DROID/keep64_variants/clean/80402_exterior_image_2_left_pair1.png,"Pick up the object inside the bounding box [832, 424, 868, 528] and place it at the point [792, 472], in pixel coordinates of this image. Show the scene after the object has been moved to that location. Pick up the second bottle on the table. Place the second bottle on the counter."
/data/datasets/DROID/train_ours/final/77844_exterior_image_2_left_pair0.png,/data/datasets/DROID/keep64_variants/clean/77844_exterior_image_2_left_pair0.png,"Pick up the object inside the bounding box [584, 344, 644, 384] and place it at the point [648, 400], in pixel coordinates of this image. Show the scene after the object has been moved to that location. Pick up the cup on the table. Place the cup on the plate."
/data/datasets/DROID/train_ours/final/77844_exterior_image_2_left_pair1.png,/data/datasets/DROID/keep64_variants/clean/77844_exterior_image_2_left_pair1.png,"Pick up the object inside the bounding box [612, 380, 680, 420] and place it at the point [588, 392], in pixel coordinates of this image. Show the scene after the object has been moved to that location. Pick up the cube from the cup. Place the cube on the countertop."
/data/datasets/DROID/train_ours/final/40519_exterior_image_2_left_pair0.png,/data/datasets/DROID/keep64_variants/clean/40519_exterior_image_2_left_pair0.png,"Pick up the object inside the bounding box [468, 416, 624, 528] and place it at the point [1032, 488], in pixel coordinates of this image. Show the scene after the object has been moved to that location. Pick up the pink octopus plush toy on the table. Place the pink octopus plush toy on the white container."
/data/datasets/DROID/train_ours/final/40519_exterior_image_2_left_pair1.png,/data/datasets/DROID/keep64_variants/clean/40519_exterior_image_2_left_pair1.png,"Pick up the object inside the bounding box [912, 380, 1148, 600] and place it at the point [576, 356], in pixel coordinates of this image. Show the scene after the object has been moved to that location. Pick up the white computer mouse on the table. Place the mouse on the table."
/data/datasets/DROID/train_ours/final/4815_exterior_image_2_left_pair0.png,/data/datasets/DROID/keep64_variants/clean/4815_exterior_image_2_left_pair0.png,"Pick up the object inside the bounding box [556, 516, 672, 588] and place it at the point [432, 672], in pixel coordinates of this image. Show the scene after the object has been moved to that location. Pick up the towel from the white storage bin. Place the towel on the table."
/data/datasets/DROID/train_ours/final/4815_exterior_image_2_left_pair1.png,/data/datasets/DROID/keep64_variants/clean/4815_exterior_image_2_left_pair1.png,"Pick up the object inside the bounding box [360, 624, 500, 716] and place it at the point [436, 680], in pixel coordinates of this image. Show the scene after the object has been moved to that location. Pick up the t-shirt from the white storage bin. Place the t-shirt on the table."
/data/datasets/DROID/train_ours/final/40933_exterior_image_1_left_pair0.png,/data/datasets/DROID/keep64_variants/clean/40933_exterior_image_1_left_pair0.png,"Pick up the object inside the bounding box [724, 596, 796, 656] and place it at the point [1088, 688], in pixel coordinates of this image. Show the scene after the object has been moved to that location. Pick up the first bottle on the table. Place the first bottle on the tray."
/data/datasets/DROID/train_ours/final/40933_exterior_image_1_left_pair1.png,/data/datasets/DROID/keep64_variants/clean/40933_exterior_image_1_left_pair1.png,"Pick up the object inside the bounding box [1044, 660, 1132, 716] and place it at the point [1056, 688], in pixel coordinates of this image. Show the scene after the object has been moved to that location. Pick up the second bottle on the table. Place the second bottle on the tray."
/data/datasets/DROID/train_ours/final/35128_exterior_image_1_left_pair0.png,/data/datasets/DROID/keep64_variants/clean/35128_exterior_image_1_left_pair0.png,"Pick up the object inside the bounding box [904, 520, 1036, 664] and place it at the point [840, 420], in pixel coordinates of this image. Show the scene after the object has been moved to that location. Pick up the cup on the table. Place the cup on the cup."
/data/datasets/DROID/train_ours/final/35128_exterior_image_1_left_pair1.png,/data/datasets/DROID/keep64_variants/clean/35128_exterior_image_1_left_pair1.png,"Pick up the object inside the bounding box [812, 392, 896, 444] and place it at the point [856, 400], in pixel coordinates of this image. Show the scene after the object has been moved to that location. Pick up the cup on the table. Place the cup on the cup."
/data/datasets/DROID/train_ours/final/17625_exterior_image_2_left_pair0.png,/data/datasets/DROID/keep64_variants/clean/17625_exterior_image_2_left_pair0.png,"Pick up the object inside the bounding box [460, 484, 552, 600] and place it at the point [632, 552], in pixel coordinates of this image. Show the scene after the object has been moved to that location. Pick up the brown cup on the table. Place the brown cup on top of the dark blue cup."
/data/datasets/DROID/train_ours/final/17625_exterior_image_2_left_pair1.png,/data/datasets/DROID/keep64_variants/clean/17625_exterior_image_2_left_pair1.png,"Pick up the object inside the bounding box [588, 512, 668, 596] and place it at the point [672, 464], in pixel coordinates of this image. Show the scene after the object has been moved to that location. Pick up the cup on the table. Place the cup above the yellow cup."
/data/datasets/DROID/train_ours/final/2891_exterior_image_2_left_pair0.png,/data/datasets/DROID/keep64_variants/clean/2891_exterior_image_2_left_pair0.png,"Pick up the object inside the bounding box [760, 136, 900, 244] and place it at the point [1056, 228], in pixel coordinates of this image. Show the scene after the object has been moved to that location. Pick up the sneaker from the top shelf. Place the sneaker on top of the cabinet."
/data/datasets/DROID/train_ours/final/2891_exterior_image_2_left_pair1.png,/data/datasets/DROID/keep64_variants/clean/2891_exterior_image_2_left_pair1.png,"Pick up the object inside the bounding box [980, 160, 1136, 296] and place it at the point [688, 440], in pixel coordinates of this image. Show the scene after the object has been moved to that location. Pick up the book from the desktop. Place the book on top of the cabinet."
/data/datasets/DROID/train_ours/final/3159_exterior_image_1_left_pair0.png,/data/datasets/DROID/keep64_variants/clean/3159_exterior_image_1_left_pair0.png,"Pick up the object inside the bounding box [588, 432, 668, 508] and place it at the point [604, 392], in pixel coordinates of this image. Show the scene after the object has been moved to that location. Pick up the item on the table. Place the item on the right sofa."
/data/datasets/DROID/train_ours/final/3159_exterior_image_1_left_pair1.png,/data/datasets/DROID/keep64_variants/clean/3159_exterior_image_1_left_pair1.png,"Pick up the object inside the bounding box [580, 336, 624, 444] and place it at the point [600, 312], in pixel coordinates of this image. Show the scene after the object has been moved to that location. Pick up the item on the right side of the sofa. Place the item on the sofa's armrest."
/data/datasets/DROID/train_ours/final/26651_exterior_image_2_left_pair0.png,/data/datasets/DROID/keep64_variants/clean/26651_exterior_image_2_left_pair0.png,"Pick up the object inside the bounding box [608, 516, 656, 652] and place it at the point [832, 640], in pixel coordinates of this image. Show the scene after the object has been moved to that location. Pick up the bottle on the table. Place the bottle on the right of the original position."
/data/datasets/DROID/train_ours/final/26651_exterior_image_2_left_pair1.png,/data/datasets/DROID/keep64_variants/clean/26651_exterior_image_2_left_pair1.png,"Pick up the object inside the bounding box [796, 568, 872, 716] and place it at the point [568, 600], in pixel coordinates of this image. Show the scene after the object has been moved to that location. Pick up the black bottle on the table. Place the black bottle on the left of the original position."
/data/datasets/DROID/train_ours/final/53967_exterior_image_1_left_pair0.png,/data/datasets/DROID/keep64_variants/clean/53967_exterior_image_1_left_pair0.png,"Pick up the object inside the bounding box [592, 560, 672, 640] and place it at the point [768, 456], in pixel coordinates of this image. Show the scene after the object has been moved to that location. Pick up the object on the desk. Place the object into the bag."
/data/datasets/DROID/train_ours/final/12991_exterior_image_1_left_pair0.png,/data/datasets/DROID/keep64_variants/clean/12991_exterior_image_1_left_pair0.png,"Pick up the object inside the bounding box [664, 444, 1000, 552] and place it at the point [832, 564], in pixel coordinates of this image. Show the scene after the object has been moved to that location. Pick up the pot from the stove. Place the pot on the counter."
/data/datasets/DROID/train_ours/final/12991_exterior_image_1_left_pair1.png,/data/datasets/DROID/keep64_variants/clean/12991_exterior_image_1_left_pair1.png,"Pick up the object inside the bounding box [744, 492, 920, 636] and place it at the point [808, 576], in pixel coordinates of this image. Show the scene after the object has been moved to that location. Pick up the pot on the counter. Place the pot down."
/data/datasets/DROID/train_ours/final/12991_exterior_image_1_left_pair2.png,/data/datasets/DROID/keep64_variants/clean/12991_exterior_image_1_left_pair2.png,"Pick up the object inside the bounding box [716, 508, 896, 652] and place it at the point [700, 604], in pixel coordinates of this image. Show the scene after the object has been moved to that location. Pick up the pot on the counter. Place the pot on the counter."
/data/datasets/DROID/train_ours/final/77166_exterior_image_2_left_pair0.png,/data/datasets/DROID/keep64_variants/clean/77166_exterior_image_2_left_pair0.png,"Pick up the object inside the bounding box [536, 500, 652, 560] and place it at the point [444, 592], in pixel coordinates of this image. Show the scene after the object has been moved to that location. Pick up the bottle from the pot. Place the bottle on the stove."
/data/datasets/DROID/train_ours/final/77166_exterior_image_2_left_pair1.png,/data/datasets/DROID/keep64_variants/clean/77166_exterior_image_2_left_pair1.png,"Pick up the object inside the bounding box [412, 548, 484, 632] and place it at the point [392, 616], in pixel coordinates of this image. Show the scene after the object has been moved to that location. Pick up another bottle from the pot. Place the bottle on the stove."
/data/datasets/DROID/train_ours/final/23817_exterior_image_1_left_pair0.png,/data/datasets/DROID/keep64_variants/clean/23817_exterior_image_1_left_pair0.png,"Pick up the object inside the bounding box [536, 456, 712, 592] and place it at the point [740, 408], in pixel coordinates of this image. Show the scene after the object has been moved to that location. Pick up the clothes from the plastic container. Place the clothes on the table."
/data/datasets/DROID/train_ours/final/23817_exterior_image_1_left_pair1.png,/data/datasets/DROID/keep64_variants/clean/23817_exterior_image_1_left_pair1.png,"Pick up the object inside the bounding box [652, 360, 832, 456] and place it at the point [712, 388], in pixel coordinates of this image. Show the scene after the object has been moved to that location. Pick up the clothes from the plastic container. Place the clothes on the table."
/data/datasets/DROID/train_ours/final/77463_exterior_image_2_left_pair0.png,/data/datasets/DROID/keep64_variants/clean/77463_exterior_image_2_left_pair0.png,"Pick up the object inside the bounding box [724, 256, 764, 324] and place it at the point [732, 396], in pixel coordinates of this image. Show the scene after the object has been moved to that location. Pick up the small glass bottle on the table. Place the small glass bottle in the grey box."
/data/datasets/DROID/train_ours/final/77463_exterior_image_2_left_pair1.png,/data/datasets/DROID/keep64_variants/clean/77463_exterior_image_2_left_pair1.png,"Pick up the object inside the bounding box [660, 328, 808, 464] and place it at the point [656, 152], in pixel coordinates of this image. Show the scene after the object has been moved to that location. Pick up the grey box on the table. Place the grey box on the black box."
/data/datasets/DROID/train_ours/final/24630_exterior_image_1_left_pair0.png,/data/datasets/DROID/keep64_variants/clean/24630_exterior_image_1_left_pair0.png,"Pick up the object inside the bounding box [532, 456, 608, 600] and place it at the point [840, 280], in pixel coordinates of this image. Show the scene after the object has been moved to that location. Pick up the blue can on top of the blue box. Place the can in the bin."
/data/datasets/DROID/train_ours/final/49278_exterior_image_2_left_pair0.png,/data/datasets/DROID/keep64_variants/clean/49278_exterior_image_2_left_pair0.png,"Pick up the object inside the bounding box [552, 480, 636, 596] and place it at the point [704, 512], in pixel coordinates of this image. Show the scene after the object has been moved to that location. Pick up the yellow cup on the table. Place the yellow cup on the blue cup."
/data/datasets/DROID/train_ours/final/49278_exterior_image_2_left_pair1.png,/data/datasets/DROID/keep64_variants/clean/49278_exterior_image_2_left_pair1.png,"Pick up the object inside the bounding box [672, 476, 740, 552] and place it at the point [820, 448], in pixel coordinates of this image. Show the scene after the object has been moved to that location. Pick up the blue cup with the yellow cup. Place the blue cup with the yellow cup into the cyan cup."
/data/datasets/DROID/train_ours/final/44159_exterior_image_1_left_pair0.png,/data/datasets/DROID/keep64_variants/clean/44159_exterior_image_1_left_pair0.png,"Pick up the object inside the bounding box [448, 164, 580, 256] and place it at the point [676, 260], in pixel coordinates of this image. Show the scene after the object has been moved to that location. Pick up the bowl from the table. Place the bowl on the pull-out table."
/data/datasets/DROID/train_ours/final/44159_exterior_image_1_left_pair1.png,/data/datasets/DROID/keep64_variants/clean/44159_exterior_image_1_left_pair1.png,"Pick up the object inside the bounding box [612, 212, 740, 308] and place it at the point [680, 280], in pixel coordinates of this image. Show the scene after the object has been moved to that location. Pick up the AirPods case from the windowsill. Place the AirPods case in the bowl."
/data/datasets/DROID/train_ours/final/78196_exterior_image_1_left_pair0.png,/data/datasets/DROID/keep64_variants/clean/78196_exterior_image_1_left_pair0.png,"Pick up the object inside the bounding box [816, 252, 848, 280] and place it at the point [908, 284], in pixel coordinates of this image. Show the scene after the object has been moved to that location. Pick up the marker from the cup. Place the marker on the table."
/data/datasets/DROID/train_ours/final/78196_exterior_image_1_left_pair1.png,/data/datasets/DROID/keep64_variants/clean/78196_exterior_image_1_left_pair1.png,"Pick up the object inside the bounding box [856, 264, 960, 304] and place it at the point [824, 268], in pixel coordinates of this image. Show the scene after the object has been moved to that location. Pick up the marker from the table. Place the marker back in the cup."
/data/datasets/DROID/train_ours/final/70638_exterior_image_1_left_pair0.png,/data/datasets/DROID/keep64_variants/clean/70638_exterior_image_1_left_pair0.png,"Pick up the object inside the bounding box [580, 324, 796, 428] and place it at the point [632, 648], in pixel coordinates of this image. Show the scene after the object has been moved to that location. Pick up the clothes from the white box. Place the clothes on the table."
/data/datasets/DROID/train_ours/final/70638_exterior_image_1_left_pair1.png,/data/datasets/DROID/keep64_variants/clean/70638_exterior_image_1_left_pair1.png,"Pick up the object inside the bounding box [516, 584, 744, 716] and place it at the point [592, 568], in pixel coordinates of this image. Show the scene after the object has been moved to that location. Pick up the clothes from the white box. Place the clothes on the table."
/data/datasets/DROID/train_ours/final/71082_exterior_image_1_left_pair0.png,/data/datasets/DROID/keep64_variants/clean/71082_exterior_image_1_left_pair0.png,"Pick up the object inside the bounding box [728, 152, 804, 184] and place it at the point [912, 208], in pixel coordinates of this image. Show the scene after the object has been moved to that location. Pick up the green tube from the middle position on the bathroom countertop. Place the green jar at the edge of the countertop."
/data/datasets/DROID/train_ours/final/71082_exterior_image_1_left_pair1.png,/data/datasets/DROID/keep64_variants/clean/71082_exterior_image_1_left_pair1.png,"Pick up the object inside the bounding box [860, 200, 956, 224] and place it at the point [888, 240], in pixel coordinates of this image. Show the scene after the object has been moved to that location. Pick up the white jar from the bathroom countertop. Place the white tube at the edge of the countertop."
/data/datasets/DROID/train_ours/final/10380_exterior_image_2_left_pair0.png,/data/datasets/DROID/keep64_variants/clean/10380_exterior_image_2_left_pair0.png,"Pick up the object inside the bounding box [628, 324, 652, 368] and place it at the point [712, 504], in pixel coordinates of this image. Show the scene after the object has been moved to that location. Pick up the marker from the cup. Place the marker on the table."
/data/datasets/DROID/train_ours/final/10380_exterior_image_2_left_pair1.png,/data/datasets/DROID/keep64_variants/clean/10380_exterior_image_2_left_pair1.png,"Pick up the object inside the bounding box [676, 464, 744, 536] and place it at the point [672, 344], in pixel coordinates of this image. Show the scene after the object has been moved to that location. Pick up the marker from the table. Place the marker back in the cup."
/data/datasets/DROID/train_ours/final/28490_exterior_image_2_left_pair0.png,/data/datasets/DROID/keep64_variants/clean/28490_exterior_image_2_left_pair0.png,"Pick up the object inside the bounding box [860, 580, 1152, 716] and place it at the point [768, 560], in pixel coordinates of this image. Show the scene after the object has been moved to that location. Pick up the lid from the pot on the stove. Place the lid on the countertop."
/data/datasets/DROID/train_ours/final/28490_exterior_image_2_left_pair1.png,/data/datasets/DROID/keep64_variants/clean/28490_exterior_image_2_left_pair1.png,"Pick up the object inside the bounding box [704, 500, 832, 616] and place it at the point [976, 672], in pixel coordinates of this image. Show the scene after the object has been moved to that location. Pick up the green towel from the lid. Place the green towel inside the pot."
/data/datasets/DROID/train_ours/final/28490_exterior_image_2_left_pair2.png,/data/datasets/DROID/keep64_variants/clean/28490_exterior_image_2_left_pair2.png,"Pick up the object inside the bounding box [884, 632, 1068, 716] and place it at the point [1000, 652], in pixel coordinates of this image. Show the scene after the object has been moved to that location. Pick up the towel from the pot. Place the towel in the pot."
/data/datasets/DROID/train_ours/final/17832_exterior_image_2_left_pair0.png,/data/datasets/DROID/keep64_variants/clean/17832_exterior_image_2_left_pair0.png,"Pick up the object inside the bounding box [660, 308, 680, 352] and place it at the point [560, 416], in pixel coordinates of this image. Show the scene after the object has been moved to that location. Pick up the pen from the cup. Place the pen on the table."
/data/datasets/DROID/train_ours/final/17832_exterior_image_2_left_pair1.png,/data/datasets/DROID/keep64_variants/clean/17832_exterior_image_2_left_pair1.png,"Pick up the object inside the bounding box [536, 392, 584, 440] and place it at the point [680, 344], in pixel coordinates of this image. Show the scene after the object has been moved to that location. Pick up the pen from the table. Place the pen in the cup."
/data/datasets/DROID/train_ours/final/72299_exterior_image_1_left_pair0.png,/data/datasets/DROID/keep64_variants/clean/72299_exterior_image_1_left_pair0.png,"Pick up the object inside the bounding box [380, 512, 528, 652] and place it at the point [656, 568], in pixel coordinates of this image. Show the scene after the object has been moved to that location. Pick up the coffee cup from the countertop. Place the coffee cup in the sink."
/data/datasets/DROID/train_ours/final/72299_exterior_image_1_left_pair1.png,/data/datasets/DROID/keep64_variants/clean/72299_exterior_image_1_left_pair1.png,"Pick up the object inside the bounding box [636, 564, 680, 576] and place it at the point [764, 608], in pixel coordinates of this image. Show the scene after the object has been moved to that location. Pick up the bowl from the countertop. Place the bowl in the sink."
/data/datasets/DROID/train_ours/final/91541_exterior_image_2_left_pair0.png,/data/datasets/DROID/keep64_variants/clean/91541_exterior_image_2_left_pair0.png,"Pick up the object inside the bounding box [1000, 508, 1276, 716] and place it at the point [936, 424], in pixel coordinates of this image. Show the scene after the object has been moved to that location. Pick up the oven mitt from the countertop. Place the oven mitt on the lid of the pot."
/data/datasets/DROID/train_ours/final/91541_exterior_image_2_left_pair1.png,/data/datasets/DROID/keep64_variants/clean/91541_exterior_image_2_left_pair1.png,"Pick up the object inside the bounding box [764, 364, 1112, 480] and place it at the point [1112, 608], in pixel coordinates of this image. Show the scene after the object has been moved to that location. Pick up the oven mitt and the lid from the pot. Place the oven mitt and the lid on the countertop."
/data/datasets/DROID/train_ours/final/45351_exterior_image_2_left_pair0.png,/data/datasets/DROID/keep64_variants/clean/45351_exterior_image_2_left_pair0.png,"Pick up the object inside the bounding box [540, 288, 592, 356] and place it at the point [688, 360], in pixel coordinates of this image. Show the scene after the object has been moved to that location. Pick up the book from the box. Place the book on the table."
/data/datasets/DROID/train_ours/final/45351_exterior_image_2_left_pair1.png,/data/datasets/DROID/keep64_variants/clean/45351_exterior_image_2_left_pair1.png,"Pick up the object inside the bounding box [668, 304, 716, 420] and place it at the point [800, 420], in pixel coordinates of this image. Show the scene after the object has been moved to that location. Pick up the book from the box. Place the book on the tabletop."
/data/datasets/DROID/train_ours/final/73272_exterior_image_1_left_pair0.png,/data/datasets/DROID/keep64_variants/clean/73272_exterior_image_1_left_pair0.png,"Pick up the object inside the bounding box [492, 356, 812, 668] and place it at the point [724, 280], in pixel coordinates of this image. Show the scene after the object has been moved to that location. Pick up the brown fabric from the gray rack. Place the brown fabric above the box."
/data/datasets/DROID/train_ours/final/73272_exterior_image_1_left_pair1.png,/data/datasets/DROID/keep64_variants/clean/73272_exterior_image_1_left_pair1.png,"Pick up the object inside the bounding box [628, 236, 820, 324] and place it at the point [696, 288], in pixel coordinates of this image. Show the scene after the object has been moved to that location. Pick up the purple fabric from the gray rack. Place the purple fabric on the box."
/data/datasets/DROID/train_ours/final/87646_exterior_image_2_left_pair0.png,/data/datasets/DROID/keep64_variants/clean/87646_exterior_image_2_left_pair0.png,"Pick up the object inside the bounding box [720, 504, 860, 560] and place it at the point [576, 360], in pixel coordinates of this image. Show the scene after the object has been moved to that location. Pick up the black box on the table. Place the black box on the left side of the table."
/data/datasets/DROID/train_ours/final/87646_exterior_image_2_left_pair1.png,/data/datasets/DROID/keep64_variants/clean/87646_exterior_image_2_left_pair1.png,"Pick up the object inside the bounding box [540, 340, 616, 380] and place it at the point [624, 384], in pixel coordinates of this image. Show the scene after the object has been moved to that location. Pick up the plush toy on the table. Place the plush toy on the left side of the table."
/data/datasets/DROID/train_ours/final/77002_exterior_image_2_left_pair0.png,/data/datasets/DROID/keep64_variants/clean/77002_exterior_image_2_left_pair0.png,"Pick up the object inside the bounding box [612, 324, 636, 344] and place it at the point [672, 360], in pixel coordinates of this image. Show the scene after the object has been moved to that location. Pick up the green block from the table. Place the green block into the black bowl."
/data/datasets/DROID/train_ours/final/77002_exterior_image_2_left_pair1.png,/data/datasets/DROID/keep64_variants/clean/77002_exterior_image_2_left_pair1.png,"Pick up the object inside the bounding box [652, 348, 680, 364] and place it at the point [696, 400], in pixel coordinates of this image. Show the scene after the object has been moved to that location. Pick up the small block from the table. Place the small block into the black bowl."
/data/datasets/DROID/train_ours/final/20749_exterior_image_2_left_pair0.png,/data/datasets/DROID/keep64_variants/clean/20749_exterior_image_2_left_pair0.png,"Pick up the object inside the bounding box [500, 396, 572, 488] and place it at the point [584, 464], in pixel coordinates of this image. Show the scene after the object has been moved to that location. Pick up the light blue cup on the table. Place the light blue cup in the blue cup."
/data/datasets/DROID/train_ours/final/20749_exterior_image_2_left_pair1.png,/data/datasets/DROID/keep64_variants/clean/20749_exterior_image_2_left_pair1.png,"Pick up the object inside the bounding box [536, 432, 628, 496] and place it at the point [580, 440], in pixel coordinates of this image. Show the scene after the object has been moved to that location. Pick up the blue cup on the table. Place the blue cup on top of the light blue cup."
/data/datasets/DROID/train_ours/final/73968_exterior_image_1_left_pair0.png,/data/datasets/DROID/keep64_variants/clean/73968_exterior_image_1_left_pair0.png,"Pick up the object inside the bounding box [916, 444, 1076, 528] and place it at the point [856, 520], in pixel coordinates of this image. Show the scene after the object has been moved to that location. Pick up the bowl on the right. Place the bowl on the left under the bowl on the right."
/data/datasets/DROID/train_ours/final/73968_exterior_image_1_left_pair1.png,/data/datasets/DROID/keep64_variants/clean/73968_exterior_image_1_left_pair1.png,"Pick up the object inside the bounding box [772, 468, 944, 572] and place it at the point [972, 488], in pixel coordinates of this image. Show the scene after the object has been moved to that location. Pick up the bowl on the left. Place the bowl back to the original position."
/data/datasets/DROID/train_ours/final/53838_exterior_image_1_left_pair0.png,/data/datasets/DROID/keep64_variants/clean/53838_exterior_image_1_left_pair0.png,"Pick up the object inside the bounding box [392, 144, 448, 292] and place it at the point [720, 208], in pixel coordinates of this image. Show the scene after the object has been moved to that location. Pick up the glue stick from the desk. Place the glue stick in the mug."
/data/datasets/DROID/train_ours/final/53838_exterior_image_1_left_pair1.png,/data/datasets/DROID/keep64_variants/clean/53838_exterior_image_1_left_pair1.png,"Pick up the object inside the bounding box [708, 196, 736, 224] and place it at the point [932, 348], in pixel coordinates of this image. Show the scene after the object has been moved to that location. Pick up the glue stick from the mug. Place the glue stick on the desk."
/data/datasets/DROID/train_ours/final/53838_exterior_image_1_left_pair2.png,/data/datasets/DROID/keep64_variants/clean/53838_exterior_image_1_left_pair2.png,"Pick up the object inside the bounding box [880, 320, 980, 376] and place it at the point [752, 216], in pixel coordinates of this image. Show the scene after the object has been moved to that location. Pick up the glue stick from the table. Place the glue stick in the cup."
/data/datasets/DROID/train_ours/final/85713_exterior_image_2_left_pair0.png,/data/datasets/DROID/keep64_variants/clean/85713_exterior_image_2_left_pair0.png,"Pick up the object inside the bounding box [444, 448, 488, 524] and place it at the point [396, 424], in pixel coordinates of this image. Show the scene after the object has been moved to that location. Pick up the marker from the table. Place the marker in the yellow mug."
/data/datasets/DROID/train_ours/final/85713_exterior_image_2_left_pair1.png,/data/datasets/DROID/keep64_variants/clean/85713_exterior_image_2_left_pair1.png,"Pick up the object inside the bounding box [384, 416, 408, 432] and place it at the point [340, 496], in pixel coordinates of this image. Show the scene after the object has been moved to that location. Pick up the marker from the yellow mug. Place the marker on the table."
/data/datasets/DROID/train_ours/final/6675_exterior_image_2_left_pair0.png,/data/datasets/DROID/keep64_variants/clean/6675_exterior_image_2_left_pair0.png,"Pick up the object inside the bounding box [644, 528, 752, 680] and place it at the point [664, 504], in pixel coordinates of this image. Show the scene after the object has been moved to that location. Pick up the yellow cup on the table. Place the yellow cup on top of the blue cup."
/data/datasets/DROID/train_ours/final/6675_exterior_image_2_left_pair1.png,/data/datasets/DROID/keep64_variants/clean/6675_exterior_image_2_left_pair1.png,"Pick up the object inside the bounding box [624, 440, 700, 492] and place it at the point [664, 448], in pixel coordinates of this image. Show the scene after the object has been moved to that location. Pick up the blue cup on the table. Place the blue cup on top of the yellow cup."
/data/datasets/DROID/train_ours/final/36669_exterior_image_1_left_pair0.png,/data/datasets/DROID/keep64_variants/clean/36669_exterior_image_1_left_pair0.png,"Pick up the object inside the bounding box [480, 304, 540, 328] and place it at the point [368, 464], in pixel coordinates of this image. Show the scene after the object has been moved to that location. Pick up the blue item from the box. Place the blue item in the tray."
/data/datasets/DROID/train_ours/final/36669_exterior_image_1_left_pair1.png,/data/datasets/DROID/keep64_variants/clean/36669_exterior_image_1_left_pair1.png,"Pick up the object inside the bounding box [296, 420, 444, 516] and place it at the point [672, 336], in pixel coordinates of this image. Show the scene after the object has been moved to that location. Pick up the tray from the table. Place the tray on top of the transparent box."
/data/datasets/DROID/train_ours/final/49584_exterior_image_2_left_pair0.png,/data/datasets/DROID/keep64_variants/clean/49584_exterior_image_2_left_pair0.png,"Pick up the object inside the bounding box [324, 236, 508, 396] and place it at the point [576, 128], in pixel coordinates of this image. Show the scene after the object has been moved to that location. Pick up the towel from the table. Place the towel on the tripod."
/data/datasets/DROID/train_ours/final/49584_exterior_image_2_left_pair1.png,/data/datasets/DROID/keep64_variants/clean/49584_exterior_image_2_left_pair1.png,"Pick up the object inside the bounding box [504, 20, 644, 232] and place it at the point [432, 224], in pixel coordinates of this image. Show the scene after the object has been moved to that location. Pick up the towel from the tripod. Place the towel on the table."
/data/datasets/DROID/train_ours/final/41703_exterior_image_1_left_pair0.png,/data/datasets/DROID/keep64_variants/clean/41703_exterior_image_1_left_pair0.png,"Pick up the object inside the bounding box [656, 272, 764, 340] and place it at the point [712, 188], in pixel coordinates of this image. Show the scene after the object has been moved to that location. Pick up the marker on the table. Place the marker in the cup."
/data/datasets/DROID/train_ours/final/41703_exterior_image_1_left_pair1.png,/data/datasets/DROID/keep64_variants/clean/41703_exterior_image_1_left_pair1.png,"Pick up the object inside the bounding box [668, 176, 756, 204] and place it at the point [704, 224], in pixel coordinates of this image. Show the scene after the object has been moved to that location. Pick up the marker from the cup. Place the marker on the table."
/data/datasets/DROID/train_ours/final/35967_exterior_image_1_left_pair0.png,/data/datasets/DROID/keep64_variants/clean/35967_exterior_image_1_left_pair0.png,"Pick up the object inside the bounding box [768, 164, 832, 252] and place it at the point [672, 108], in pixel coordinates of this image. Show the scene after the object has been moved to that location. Pick up the medicine bottle on the table. Place the medicine bottle on the tabletop."
/data/datasets/DROID/train_ours/final/35967_exterior_image_1_left_pair1.png,/data/datasets/DROID/keep64_variants/clean/35967_exterior_image_1_left_pair1.png,"Pick up the object inside the bounding box [616, 0, 728, 216] and place it at the point [48, 88], in pixel coordinates of this image. Show the scene after the object has been moved to that location. Pick up the medicine bottle on the tabletop. Place the medicine bottle on the counter."
/data/datasets/DROID/train_ours/final/22142_exterior_image_1_left_pair0.png,/data/datasets/DROID/keep64_variants/clean/22142_exterior_image_1_left_pair0.png,"Pick up the object inside the bounding box [560, 456, 776, 716] and place it at the point [700, 324], in pixel coordinates of this image. Show the scene after the object has been moved to that location. Pick up the clothes from the backrest of the chair. Place the clothes on the box."
/data/datasets/DROID/train_ours/final/22142_exterior_image_1_left_pair1.png,/data/datasets/DROID/keep64_variants/clean/22142_exterior_image_1_left_pair1.png,"Pick up the object inside the bounding box [624, 280, 772, 368] and place it at the point [672, 328], in pixel coordinates of this image. Show the scene after the object has been moved to that location. Pick up the clothes from the backrest of the chair. Place the clothes on the box."
/data/datasets/DROID/train_ours/final/42437_exterior_image_1_left_pair0.png,/data/datasets/DROID/keep64_variants/clean/42437_exterior_image_1_left_pair0.png,"Pick up the object inside the bounding box [448, 400, 492, 424] and place it at the point [384, 448], in pixel coordinates of this image. Show the scene after the object has been moved to that location. Pick up the crayon from the right side of the paper. Place the crayon on the left side of the paper."
/data/datasets/DROID/train_ours/final/42437_exterior_image_1_left_pair1.png,/data/datasets/DROID/keep64_variants/clean/42437_exterior_image_1_left_pair1.png,"Pick up the object inside the bounding box [364, 436, 408, 460] and place it at the point [392, 432], in pixel coordinates of this image. Show the scene after the object has been moved to that location. Pick up the second crayon from the right side of the paper. Place the crayon on the left side of the paper."
/data/datasets/DROID/train_ours/final/25526_exterior_image_2_left_pair0.png,/data/datasets/DROID/keep64_variants/clean/25526_exterior_image_2_left_pair0.png,"Pick up the object inside the bounding box [612, 268, 704, 408] and place it at the point [544, 312], in pixel coordinates of this image. Show the scene after the object has been moved to that location. Pick up the right cup on the table. Place the right cup in the middle cup."
/data/datasets/DROID/train_ours/final/25526_exterior_image_2_left_pair1.png,/data/datasets/DROID/keep64_variants/clean/25526_exterior_image_2_left_pair1.png,"Pick up the object inside the bounding box [512, 244, 592, 376] and place it at the point [556, 256], in pixel coordinates of this image. Show the scene after the object has been moved to that location. Pick up the middle cup on the table. Place the middle cup in the left cup."
/data/datasets/DROID/train_ours/final/55425_exterior_image_2_left_pair0.png,/data/datasets/DROID/keep64_variants/clean/55425_exterior_image_2_left_pair0.png,"Pick up the object inside the bounding box [532, 316, 632, 436] and place it at the point [652, 452], in pixel coordinates of this image. Show the scene after the object has been moved to that location. Pick up the book in the black box. Place the book on the table."
/data/datasets/DROID/train_ours/final/55425_exterior_image_2_left_pair1.png,/data/datasets/DROID/keep64_variants/clean/55425_exterior_image_2_left_pair1.png,"Pick up the object inside the bounding box [612, 400, 692, 504] and place it at the point [608, 336], in pixel coordinates of this image. Show the scene after the object has been moved to that location. Pick up the sauce bottle in the black box. Place the sauce bottle on the table."
/data/datasets/DROID/train_ours/final/63923_exterior_image_1_left_pair0.png,/data/datasets/DROID/keep64_variants/clean/63923_exterior_image_1_left_pair0.png,"Pick up the object inside the bounding box [608, 216, 692, 276] and place it at the point [680, 60], in pixel coordinates of this image. Show the scene after the object has been moved to that location. Pick up the cloth from the table. Place the cloth on the stand."
/data/datasets/DROID/train_ours/final/63923_exterior_image_1_left_pair1.png,/data/datasets/DROID/keep64_variants/clean/63923_exterior_image_1_left_pair1.png,"Pick up the object inside the bounding box [632, 4, 728, 116] and place it at the point [660, 244], in pixel coordinates of this image. Show the scene after the object has been moved to that location. Pick up the cloth from the stand. Place the cloth back on the table."
/data/datasets/DROID/train_ours/final/4501_exterior_image_2_left_pair0.png,/data/datasets/DROID/keep64_variants/clean/4501_exterior_image_2_left_pair0.png,"Pick up the object inside the bounding box [448, 580, 496, 628] and place it at the point [612, 536], in pixel coordinates of this image. Show the scene after the object has been moved to that location. Pick up the green block on the blue table. Place the green block in the black bowl."
/data/datasets/DROID/train_ours/final/4501_exterior_image_2_left_pair1.png,/data/datasets/DROID/keep64_variants/clean/4501_exterior_image_2_left_pair1.png,"Pick up the object inside the bounding box [592, 516, 632, 556] and place it at the point [680, 540], in pixel coordinates of this image. Show the scene after the object has been moved to that location. Pick up the green block on the blue table. Place the green block in the black bowl."
/data/datasets/DROID/train_ours/final/84770_exterior_image_2_left_pair0.png,/data/datasets/DROID/keep64_variants/clean/84770_exterior_image_2_left_pair0.png,"Pick up the object inside the bounding box [572, 352, 596, 376] and place it at the point [648, 328], in pixel coordinates of this image. Show the scene after the object has been moved to that location. Pick up the blue cube from the tabletop. Place the blue cube in the bowl."
/data/datasets/DROID/train_ours/final/84770_exterior_image_2_left_pair1.png,/data/datasets/DROID/keep64_variants/clean/84770_exterior_image_2_left_pair1.png,"Pick up the object inside the bounding box [636, 320, 656, 336] and place it at the point [688, 368], in pixel coordinates of this image. Show the scene after the object has been moved to that location. Pick up the green block from the table. Place the green block in the bowl."
/data/datasets/DROID/train_ours/final/33157_exterior_image_2_left_pair0.png,/data/datasets/DROID/keep64_variants/clean/33157_exterior_image_2_left_pair0.png,"Pick up the object inside the bounding box [532, 592, 824, 716] and place it at the point [732, 488], in pixel coordinates of this image. Show the scene after the object has been moved to that location. Pick up the white clothing from the bed. Place the white clothing on the pile of clothes."
/data/datasets/DROID/train_ours/final/33157_exterior_image_2_left_pair1.png,/data/datasets/DROID/keep64_variants/clean/33157_exterior_image_2_left_pair1.png,"Pick up the object inside the bounding box [636, 408, 824, 568] and place it at the point [728, 508], in pixel coordinates of this image. Show the scene after the object has been moved to that location. Pick up the cap from the bed. Place the cap on the pile of clothes."
/data/datasets/DROID/train_ours/final/13664_exterior_image_1_left_pair0.png,/data/datasets/DROID/keep64_variants/clean/13664_exterior_image_1_left_pair0.png,"Pick up the object inside the bounding box [1000, 172, 1076, 216] and place it at the point [852, 224], in pixel coordinates of this image. Show the scene after the object has been moved to that location. Pick up the brown object from the right blue basket. Place the brown object on the gray plate."
/data/datasets/DROID/train_ours/final/13664_exterior_image_1_left_pair1.png,/data/datasets/DROID/keep64_variants/clean/13664_exterior_image_1_left_pair1.png,"Pick up the object inside the bounding box [832, 196, 872, 252] and place it at the point [1024, 336], in pixel coordinates of this image. Show the scene after the object has been moved to that location. Pick up the watermelon plushie from the gray plate. Place the watermelon plushie on the black plate."
/data/datasets/DROID/train_ours/final/42704_exterior_image_1_left_pair0.png,/data/datasets/DROID/keep64_variants/clean/42704_exterior_image_1_left_pair0.png,"Pick up the object inside the bounding box [628, 340, 676, 356] and place it at the point [512, 520], in pixel coordinates of this image. Show the scene after the object has been moved to that location. Pick up the orange object in the black pot. Place the orange object in the green bowl."
/data/datasets/DROID/train_ours/final/42704_exterior_image_1_left_pair1.png,/data/datasets/DROID/keep64_variants/clean/42704_exterior_image_1_left_pair1.png,"Pick up the object inside the bounding box [476, 504, 532, 540] and place it at the point [536, 504], in pixel coordinates of this image. Show the scene after the object has been moved to that location. Pick up the orange object in the black pot. Place the orange object in the black pot."
/data/datasets/DROID/train_ours/final/26557_exterior_image_1_left_pair0.png,/data/datasets/DROID/keep64_variants/clean/26557_exterior_image_1_left_pair0.png,"Pick up the object inside the bounding box [404, 508, 484, 584] and place it at the point [592, 412], in pixel coordinates of this image. Show the scene after the object has been moved to that location. Pick up the purple plush toy from the table. Place the purple plush toy in the box."
/data/datasets/DROID/train_ours/final/26557_exterior_image_1_left_pair1.png,/data/datasets/DROID/keep64_variants/clean/26557_exterior_image_1_left_pair1.png,"Pick up the object inside the bounding box [568, 380, 616, 440] and place it at the point [540, 400], in pixel coordinates of this image. Show the scene after the object has been moved to that location. Pick up the purple plush toy from the table. Place the purple plush toy in the box."
/data/datasets/DROID/train_ours/final/24566_exterior_image_1_left_pair0.png,/data/datasets/DROID/keep64_variants/clean/24566_exterior_image_1_left_pair0.png,"Pick up the object inside the bounding box [588, 432, 628, 468] and place it at the point [660, 264], in pixel coordinates of this image. Show the scene after the object has been moved to that location. Pick up the green cube on the table. Place the green cube in the bowl."
/data/datasets/DROID/train_ours/final/22975_exterior_image_1_left_pair0.png,/data/datasets/DROID/keep64_variants/clean/22975_exterior_image_1_left_pair0.png,"Pick up the object inside the bounding box [480, 324, 652, 444] and place it at the point [876, 200], in pixel coordinates of this image. Show the scene after the object has been moved to that location. Pick up the green cloth from the table. Place the green cloth in the box."
/data/datasets/DROID/train_ours/final/8312_exterior_image_1_left_pair0.png,/data/datasets/DROID/keep64_variants/clean/8312_exterior_image_1_left_pair0.png,"Pick up the object inside the bounding box [472, 300, 584, 392] and place it at the point [680, 320], in pixel coordinates of this image. Show the scene after the object has been moved to that location. Pick up the octopus plush toy on the left side of the desk. Place the octopus plush toy on the right side of the desk."
/data/datasets/DROID/train_ours/final/8312_exterior_image_1_left_pair1.png,/data/datasets/DROID/keep64_variants/clean/8312_exterior_image_1_left_pair1.png,"Pick up the object inside the bounding box [640, 288, 720, 356] and place it at the point [784, 304], in pixel coordinates of this image. Show the scene after the object has been moved to that location. Pick up the tissue box on the left side of the desk. Place the tissue box on the right side of the desk."
/data/datasets/DROID/train_ours/final/26179_exterior_image_1_left_pair0.png,/data/datasets/DROID/keep64_variants/clean/26179_exterior_image_1_left_pair0.png,"Pick up the object inside the bounding box [568, 332, 720, 480] and place it at the point [644, 364], in pixel coordinates of this image. Show the scene after the object has been moved to that location. Pick up the cloth on the table. Place the cloth on the tabletop."
/data/datasets/DROID/train_ours/final/26179_exterior_image_1_left_pair1.png,/data/datasets/DROID/keep64_variants/clean/26179_exterior_image_1_left_pair1.png,"Pick up the object inside the bounding box [572, 324, 716, 404] and place it at the point [596, 196], in pixel coordinates of this image. Show the scene after the object has been moved to that location. Pick up the cloth from the tabletop. Place the cloth on the rack."
/data/datasets/DROID/train_ours/final/91541_exterior_image_1_left_pair0.png,/data/datasets/DROID/keep64_variants/clean/91541_exterior_image_1_left_pair0.png,"Pick up the object inside the bounding box [700, 388, 812, 420] and place it at the point [752, 416], in pixel coordinates of this image. Show the scene after the object has been moved to that location. Pick up the oven mitt from the countertop. Place the oven mitt on the lid of the pot."
/data/datasets/DROID/train_ours/final/91541_exterior_image_1_left_pair1.png,/data/datasets/DROID/keep64_variants/clean/91541_exterior_image_1_left_pair1.png,"Pick up the object inside the bounding box [700, 392, 804, 440] and place it at the point [788, 416], in pixel coordinates of this image. Show the scene after the object has been moved to that location. Pick up the oven mitt and the lid from the pot. Place the oven mitt and the lid on the countertop."
/data/datasets/DROID/train_ours/final/19909_exterior_image_2_left_pair0.png,/data/datasets/DROID/keep64_variants/clean/19909_exterior_image_2_left_pair0.png,"Pick up the object inside the bounding box [704, 652, 848, 716] and place it at the point [708, 616], in pixel coordinates of this image. Show the scene after the object has been moved to that location. Pick up the book from the couch. Place the book in the box."
/data/datasets/DROID/train_ours/final/19909_exterior_image_2_left_pair1.png,/data/datasets/DROID/keep64_variants/clean/19909_exterior_image_2_left_pair1.png,"Pick up the object inside the bounding box [680, 592, 736, 644] and place it at the point [640, 592], in pixel coordinates of this image. Show the scene after the object has been moved to that location. Pick up the hoodie from the couch. Place the hoodie in the box."
/data/datasets/DROID/train_ours/final/28042_exterior_image_1_left_pair0.png,/data/datasets/DROID/keep64_variants/clean/28042_exterior_image_1_left_pair0.png,"Pick up the object inside the bounding box [512, 208, 608, 340] and place it at the point [600, 80], in pixel coordinates of this image. Show the scene after the object has been moved to that location. Pick up the silver cup on the counter. Place the silver cup on the right side of the counter."
/data/datasets/DROID/train_ours/final/28042_exterior_image_1_left_pair1.png,/data/datasets/DROID/keep64_variants/clean/28042_exterior_image_1_left_pair1.png,"Pick up the object inside the bounding box [576, 40, 624, 124] and place it at the point [540, 312], in pixel coordinates of this image. Show the scene after the object has been moved to that location. Pick up the silver cup on the right side of the counter. Place the silver cup back in its original place."
/data/datasets/DROID/train_ours/final/28702_exterior_image_2_left_pair0.png,/data/datasets/DROID/keep64_variants/clean/28702_exterior_image_2_left_pair0.png,"Pick up the object inside the bounding box [16, 280, 352, 496] and place it at the point [592, 368], in pixel coordinates of this image. Show the scene after the object has been moved to that location. Pick up the clothes from the left side of the chair's backrest. Place the clothes into the box."
/data/datasets/DROID/train_ours/final/28702_exterior_image_2_left_pair1.png,/data/datasets/DROID/keep64_variants/clean/28702_exterior_image_2_left_pair1.png,"Pick up the object inside the bounding box [320, 272, 724, 440] and place it at the point [560, 328], in pixel coordinates of this image. Show the scene after the object has been moved to that location. Pick up the white clothes from the right side of the chair's backrest. Place the white clothes into the box."
/data/datasets/DROID/train_ours/final/7019_exterior_image_1_left_pair0.png,/data/datasets/DROID/keep64_variants/clean/7019_exterior_image_1_left_pair0.png,"Pick up the object inside the bounding box [784, 0, 972, 168] and place it at the point [640, 140], in pixel coordinates of this image. Show the scene after the object has been moved to that location. Pick up the toothbrush in the cup. Place the toothbrush on the right side."
/data/datasets/DROID/train_ours/final/7019_exterior_image_1_left_pair1.png,/data/datasets/DROID/keep64_variants/clean/7019_exterior_image_1_left_pair1.png,"Pick up the object inside the bounding box [576, 108, 704, 172] and place it at the point [576, 80], in pixel coordinates of this image. Show the scene after the object has been moved to that location. Pick up the clear bottle on the left side of the counter. Place the clear bottle on the right side."
/data/datasets/DROID/train_ours/final/63776_exterior_image_2_left_pair0.png,/data/datasets/DROID/keep64_variants/clean/63776_exterior_image_2_left_pair0.png,"Pick up the object inside the bounding box [588, 344, 616, 368] and place it at the point [736, 396], in pixel coordinates of this image. Show the scene after the object has been moved to that location. Pick up the green block from the table. Place the green block in the black bowl."
/data/datasets/DROID/train_ours/final/63776_exterior_image_2_left_pair1.png,/data/datasets/DROID/keep64_variants/clean/63776_exterior_image_2_left_pair1.png,"Pick up the object inside the bounding box [716, 384, 752, 408] and place it at the point [692, 400], in pixel coordinates of this image. Show the scene after the object has been moved to that location. Pick up the green block from the table. Place the green block in the black bowl."
/data/datasets/DROID/train_ours/final/74651_exterior_image_1_left_pair0.png,/data/datasets/DROID/keep64_variants/clean/74651_exterior_image_1_left_pair0.png,"Pick up the object inside the bounding box [896, 100, 996, 184] and place it at the point [760, 132], in pixel coordinates of this image. Show the scene after the object has been moved to that location. Pick up the first cup on the table. Place the first cup in the second cup."
/data/datasets/DROID/train_ours/final/74651_exterior_image_1_left_pair1.png,/data/datasets/DROID/keep64_variants/clean/74651_exterior_image_1_left_pair1.png,"Pick up the object inside the bounding box [696, 88, 832, 176] and place it at the point [904, 204], in pixel coordinates of this image. Show the scene after the object has been moved to that location. Pick up the second cup on the table. Place the second cup in the third cup."
/data/datasets/DROID/train_ours/final/74651_exterior_image_1_left_pair2.png,/data/datasets/DROID/keep64_variants/clean/74651_exterior_image_1_left_pair2.png,"Pick up the object inside the bounding box [844, 128, 952, 276] and place it at the point [684, 208], in pixel coordinates of this image. Show the scene after the object has been moved to that location. Pick up the third cup on the table. Place the third cup in the fourth cup."
/data/datasets/DROID/train_ours/final/91969_exterior_image_2_left_pair0.png,/data/datasets/DROID/keep64_variants/clean/91969_exterior_image_2_left_pair0.png,"Pick up the object inside the bounding box [724, 444, 824, 476] and place it at the point [616, 620], in pixel coordinates of this image. Show the scene after the object has been moved to that location. Pick up the small bag on the right from the table. Place the small bag on the box."
/data/datasets/DROID/train_ours/final/91969_exterior_image_2_left_pair1.png,/data/datasets/DROID/keep64_variants/clean/91969_exterior_image_2_left_pair1.png,"Pick up the object inside the bounding box [556, 584, 672, 656] and place it at the point [712, 624], in pixel coordinates of this image. Show the scene after the object has been moved to that location. Pick up the small bag on the left from the table. Place the small bag on the box."
/data/datasets/DROID/train_ours/final/73206_exterior_image_2_left_pair0.png,/data/datasets/DROID/keep64_variants/clean/73206_exterior_image_2_left_pair0.png,"Pick up the object inside the bounding box [564, 344, 632, 428] and place it at the point [776, 260], in pixel coordinates of this image. Show the scene after the object has been moved to that location. Pick up the spoon on the table. Place the spoon in the cup."
/data/datasets/DROID/train_ours/final/73206_exterior_image_2_left_pair1.png,/data/datasets/DROID/keep64_variants/clean/73206_exterior_image_2_left_pair1.png,"Pick up the object inside the bounding box [752, 236, 792, 288] and place it at the point [608, 328], in pixel coordinates of this image. Show the scene after the object has been moved to that location. Pick up the spoon in the cup. Place the spoon on the table."
/data/datasets/DROID/train_ours/final/6176_exterior_image_1_left_pair0.png,/data/datasets/DROID/keep64_variants/clean/6176_exterior_image_1_left_pair0.png,"Pick up the object inside the bounding box [584, 508, 788, 648] and place it at the point [952, 512], in pixel coordinates of this image. Show the scene after the object has been moved to that location. Pick up the white mat from the countertop. Place the white mat on the pot lid on the countertop."
/data/datasets/DROID/train_ours/final/6176_exterior_image_1_left_pair1.png,/data/datasets/DROID/keep64_variants/clean/6176_exterior_image_1_left_pair1.png,"Pick up the object inside the bounding box [872, 484, 1028, 540] and place it at the point [736, 464], in pixel coordinates of this image. Show the scene after the object has been moved to that location. Pick up the white mat and the pot lid from the table. Place the white mat and the pot lid on the pot."
/data/datasets/DROID/train_ours/final/33355_exterior_image_1_left_pair0.png,/data/datasets/DROID/keep64_variants/clean/33355_exterior_image_1_left_pair0.png,"Pick up the object inside the bounding box [732, 568, 832, 668] and place it at the point [776, 472], in pixel coordinates of this image. Show the scene after the object has been moved to that location. Pick up the cup inverted on the table. Place the paper cup horizontally above the table."
/data/datasets/DROID/train_ours/final/33355_exterior_image_1_left_pair1.png,/data/datasets/DROID/keep64_variants/clean/33355_exterior_image_1_left_pair1.png,"Pick up the object inside the bounding box [732, 420, 808, 528] and place it at the point [616, 556], in pixel coordinates of this image. Show the scene after the object has been moved to that location. Pick up the cup above the table. Place the paper cup upright to the left side of the table."
/data/datasets/DROID/train_ours/final/45326_exterior_image_2_left_pair0.png,/data/datasets/DROID/keep64_variants/clean/45326_exterior_image_2_left_pair0.png,"Pick up the object inside the bounding box [612, 520, 668, 556] and place it at the point [616, 616], in pixel coordinates of this image. Show the scene after the object has been moved to that location. Pick up the brown rope loop on the table. Place the brown rope loop on the right side of the table."
/data/datasets/DROID/train_ours/final/45326_exterior_image_2_left_pair1.png,/data/datasets/DROID/keep64_variants/clean/45326_exterior_image_2_left_pair1.png,"Pick up the object inside the bounding box [584, 600, 648, 632] and place it at the point [648, 604], in pixel coordinates of this image. Show the scene after the object has been moved to that location. Pick up the rope loop on the table. Place the rope loop in the bag."
/data/datasets/DROID/train_ours/final/87261_exterior_image_2_left_pair0.png,/data/datasets/DROID/keep64_variants/clean/87261_exterior_image_2_left_pair0.png,"Pick up the object inside the bounding box [716, 324, 792, 440] and place it at the point [688, 440], in pixel coordinates of this image. Show the scene after the object has been moved to that location. Pick up the first bottle from the box. Place the first bottle on the table."
/data/datasets/DROID/train_ours/final/87261_exterior_image_2_left_pair1.png,/data/datasets/DROID/keep64_variants/clean/87261_exterior_image_2_left_pair1.png,"Pick up the object inside the bounding box [672, 384, 708, 492] and place it at the point [704, 484], in pixel coordinates of this image. Show the scene after the object has been moved to that location. Pick up the second bottle from the table. Place the second bottle on the table."
/data/datasets/DROID/train_ours/final/20474_exterior_image_2_left_pair0.png,/data/datasets/DROID/keep64_variants/clean/20474_exterior_image_2_left_pair0.png,"Pick up the object inside the bounding box [476, 196, 676, 340] and place it at the point [544, 192], in pixel coordinates of this image. Show the scene after the object has been moved to that location. Pick up the cloth on the table. Place the cloth on the table."
/data/datasets/DROID/train_ours/final/20474_exterior_image_2_left_pair1.png,/data/datasets/DROID/keep64_variants/clean/20474_exterior_image_2_left_pair1.png,"Pick up the object inside the bounding box [456, 152, 636, 236] and place it at the point [536, 132], in pixel coordinates of this image. Show the scene after the object has been moved to that location. Pick up the cloth on the table. Place the cloth on the shelf."
/data/datasets/DROID/train_ours/final/5668_exterior_image_1_left_pair0.png,/data/datasets/DROID/keep64_variants/clean/5668_exterior_image_1_left_pair0.png,"Pick up the object inside the bounding box [888, 496, 964, 576] and place it at the point [800, 460], in pixel coordinates of this image. Show the scene after the object has been moved to that location. Pick up the yellow cup on the table. Place the yellow cup in the orange cup."
/data/datasets/DROID/train_ours/final/5668_exterior_image_1_left_pair1.png,/data/datasets/DROID/keep64_variants/clean/5668_exterior_image_1_left_pair1.png,"Pick up the object inside the bounding box [772, 432, 820, 488] and place it at the point [856, 456], in pixel coordinates of this image. Show the scene after the object has been moved to that location. Pick up the orange cup that has the yellow cup inside. Place the orange cup in the blue cup."
/data/datasets/DROID/train_ours/final/17434_exterior_image_1_left_pair0.png,/data/datasets/DROID/keep64_variants/clean/17434_exterior_image_1_left_pair0.png,"Pick up the object inside the bounding box [644, 508, 700, 564] and place it at the point [672, 428], in pixel coordinates of this image. Show the scene after the object has been moved to that location. Pick up the book from the box. Place the book on the table."
/data/datasets/DROID/train_ours/final/17434_exterior_image_1_left_pair1.png,/data/datasets/DROID/keep64_variants/clean/17434_exterior_image_1_left_pair1.png,"Pick up the object inside the bounding box [652, 412, 688, 444] and place it at the point [704, 440], in pixel coordinates of this image. Show the scene after the object has been moved to that location. Pick up the book from the box. Place the book on the table."
/data/datasets/DROID/train_ours/final/74753_exterior_image_1_left_pair0.png,/data/datasets/DROID/keep64_variants/clean/74753_exterior_image_1_left_pair0.png,"Pick up the object inside the bounding box [480, 512, 524, 552] and place it at the point [672, 504], in pixel coordinates of this image. Show the scene after the object has been moved to that location. Pick up the first block from the storage box. Place the first block in the wooden box."
/data/datasets/DROID/train_ours/final/74753_exterior_image_1_left_pair1.png,/data/datasets/DROID/keep64_variants/clean/74753_exterior_image_1_left_pair1.png,"Pick up the object inside the bounding box [640, 484, 704, 528] and place it at the point [696, 440], in pixel coordinates of this image. Show the scene after the object has been moved to that location. Pick up the second block from the storage box. Place the second block in the wooden box."
/data/datasets/DROID/train_ours/final/10380_exterior_image_1_left_pair0.png,/data/datasets/DROID/keep64_variants/clean/10380_exterior_image_1_left_pair0.png,"Pick up the object inside the bounding box [880, 328, 940, 372] and place it at the point [1160, 416], in pixel coordinates of this image. Show the scene after the object has been moved to that location. Pick up the marker from the cup. Place the marker on the table."
/data/datasets/DROID/train_ours/final/10380_exterior_image_1_left_pair1.png,/data/datasets/DROID/keep64_variants/clean/10380_exterior_image_1_left_pair1.png,"Pick up the object inside the bounding box [1084, 372, 1224, 456] and place it at the point [920, 336], in pixel coordinates of this image. Show the scene after the object has been moved to that location. Pick up the marker from the table. Place the marker back in the cup."
/data/datasets/DROID/train_ours/final/71899_exterior_image_2_left_pair0.png,/data/datasets/DROID/keep64_variants/clean/71899_exterior_image_2_left_pair0.png,"Pick up the object inside the bounding box [740, 384, 820, 452] and place it at the point [608, 360], in pixel coordinates of this image. Show the scene after the object has been moved to that location. Pick up the clear cup on the right side of the table. Place the clear cup in the middle of the table."
/data/datasets/DROID/train_ours/final/71899_exterior_image_2_left_pair1.png,/data/datasets/DROID/keep64_variants/clean/71899_exterior_image_2_left_pair1.png,"Pick up the object inside the bounding box [576, 320, 640, 404] and place it at the point [608, 516], in pixel coordinates of this image. Show the scene after the object has been moved to that location. Pick up the clear cup on the left side of the table. Place the clear cup in the middle of the table."
/data/datasets/DROID/train_ours/final/28757_exterior_image_2_left_pair0.png,/data/datasets/DROID/keep64_variants/clean/28757_exterior_image_2_left_pair0.png,"Pick up the object inside the bounding box [496, 388, 528, 452] and place it at the point [408, 376], in pixel coordinates of this image. Show the scene after the object has been moved to that location. Pick up the marker on the table. Place the marker in the cup."
/data/datasets/DROID/train_ours/final/28757_exterior_image_2_left_pair1.png,/data/datasets/DROID/keep64_variants/clean/28757_exterior_image_2_left_pair1.png,"Pick up the object inside the bounding box [396, 368, 416, 388] and place it at the point [488, 440], in pixel coordinates of this image. Show the scene after the object has been moved to that location. Pick up the marker from the cup. Place the marker on the table."
/data/datasets/DROID/train_ours/final/30050_exterior_image_1_left_pair0.png,/data/datasets/DROID/keep64_variants/clean/30050_exterior_image_1_left_pair0.png,"Pick up the object inside the bounding box [848, 496, 928, 592] and place it at the point [896, 488], in pixel coordinates of this image. Show the scene after the object has been moved to that location. Pick up the cup on the table. Place the cup on the cup."
/data/datasets/DROID/train_ours/final/30050_exterior_image_1_left_pair1.png,/data/datasets/DROID/keep64_variants/clean/30050_exterior_image_1_left_pair1.png,"Pick up the object inside the bounding box [860, 452, 928, 516] and place it at the point [936, 424], in pixel coordinates of this image. Show the scene after the object has been moved to that location. Pick up the cup on the table. Place the cup on the cup."
/data/datasets/DROID/train_ours/final/6204_exterior_image_2_left_pair0.png,/data/datasets/DROID/keep64_variants/clean/6204_exterior_image_2_left_pair0.png,"Pick up the object inside the bounding box [400, 204, 532, 300] and place it at the point [500, 240], in pixel coordinates of this image. Show the scene after the object has been moved to that location. Pick up the towel from the table. The towel was not placed on the table."
/data/datasets/DROID/train_ours/final/6204_exterior_image_2_left_pair1.png,/data/datasets/DROID/keep64_variants/clean/6204_exterior_image_2_left_pair1.png,"Pick up the object inside the bounding box [396, 188, 604, 296] and place it at the point [544, 84], in pixel coordinates of this image. Show the scene after the object has been moved to that location. Pick up the towel from the table. Place the towel on the black clamp stand."
/data/datasets/DROID/train_ours/final/76407_exterior_image_2_left_pair0.png,/data/datasets/DROID/keep64_variants/clean/76407_exterior_image_2_left_pair0.png,"Pick up the object inside the bounding box [672, 360, 712, 400] and place it at the point [616, 328], in pixel coordinates of this image. Show the scene after the object has been moved to that location. Pick up the fruit on the table. Place the fruit in the bowl."
/data/datasets/DROID/train_ours/final/76407_exterior_image_2_left_pair1.png,/data/datasets/DROID/keep64_variants/clean/76407_exterior_image_2_left_pair1.png,"Pick up the object inside the bounding box [604, 320, 628, 336] and place it at the point [576, 320], in pixel coordinates of this image. Show the scene after the object has been moved to that location. Pick up the second fruit on the table. Place the second fruit in the bowl."
/data/datasets/DROID/train_ours/final/24798_exterior_image_2_left_pair0.png,/data/datasets/DROID/keep64_variants/clean/24798_exterior_image_2_left_pair0.png,"Pick up the object inside the bounding box [516, 492, 596, 596] and place it at the point [728, 488], in pixel coordinates of this image. Show the scene after the object has been moved to that location. Pick up the orange cup on the table. Place the orange cup inside the blue cup."
/data/datasets/DROID/train_ours/final/24798_exterior_image_2_left_pair1.png,/data/datasets/DROID/keep64_variants/clean/24798_exterior_image_2_left_pair1.png,"Pick up the object inside the bounding box [692, 464, 760, 516] and place it at the point [728, 488], in pixel coordinates of this image. Show the scene after the object has been moved to that location. Pick up the orange cup on the table. Place the orange cup inside the orange cup."
/data/datasets/DROID/train_ours/final/62282_exterior_image_2_left_pair0.png,/data/datasets/DROID/keep64_variants/clean/62282_exterior_image_2_left_pair0.png,"Pick up the object inside the bounding box [816, 656, 980, 716] and place it at the point [632, 544], in pixel coordinates of this image. Show the scene after the object has been moved to that location. Pick up the blue cup on the table. Place the blue cup into the cup beside it."
/data/datasets/DROID/train_ours/final/62282_exterior_image_2_left_pair1.png,/data/datasets/DROID/keep64_variants/clean/62282_exterior_image_2_left_pair1.png,"Pick up the object inside the bounding box [580, 504, 684, 588] and place it at the point [636, 512], in pixel coordinates of this image. Show the scene after the object has been moved to that location. Pick up the stack of cups on the table. Place the stack of cups into the yellow cup."
/data/datasets/DROID/train_ours/final/48480_exterior_image_1_left_pair0.png,/data/datasets/DROID/keep64_variants/clean/48480_exterior_image_1_left_pair0.png,"Pick up the object inside the bounding box [864, 496, 988, 632] and place it at the point [984, 508], in pixel coordinates of this image. Show the scene after the object has been moved to that location. Pick up the blue cup on the table. Place the blue cup on top of the yellow cup."
/data/datasets/DROID/train_ours/final/48480_exterior_image_1_left_pair1.png,/data/datasets/DROID/keep64_variants/clean/48480_exterior_image_1_left_pair1.png,"Pick up the object inside the bounding box [932, 464, 1036, 556] and place it at the point [824, 408], in pixel coordinates of this image. Show the scene after the object has been moved to that location. Pick up the yellow cup with the blue cup on top. Place the yellow cup with the blue cup on the dark blue cup."
/data/datasets/DROID/train_ours/final/67760_exterior_image_2_left_pair0.png,/data/datasets/DROID/keep64_variants/clean/67760_exterior_image_2_left_pair0.png,"Pick up the object inside the bounding box [732, 388, 876, 516] and place it at the point [648, 592], in pixel coordinates of this image. Show the scene after the object has been moved to that location. Pick up the tape from the shelf. Place the tape on the tabletop."
/data/datasets/DROID/train_ours/final/44682_exterior_image_2_left_pair0.png,/data/datasets/DROID/keep64_variants/clean/44682_exterior_image_2_left_pair0.png,"Pick up the object inside the bounding box [532, 344, 560, 368] and place it at the point [688, 368], in pixel coordinates of this image. Show the scene after the object has been moved to that location. Pick up the green block on the table. Place the green block in the bowl."
/data/datasets/DROID/train_ours/final/44682_exterior_image_2_left_pair1.png,/data/datasets/DROID/keep64_variants/clean/44682_exterior_image_2_left_pair1.png,"Pick up the object inside the bounding box [672, 360, 696, 372] and place it at the point [692, 376], in pixel coordinates of this image. Show the scene after the object has been moved to that location. Pick up the block on the table. Place the block in the bowl."
/data/datasets/DROID/train_ours/final/45137_exterior_image_1_left_pair0.png,/data/datasets/DROID/keep64_variants/clean/45137_exterior_image_1_left_pair0.png,"Pick up the object inside the bounding box [668, 420, 756, 516] and place it at the point [720, 488], in pixel coordinates of this image. Show the scene after the object has been moved to that location. Pick up the cup from the table. Place the cup on the plate."
/data/datasets/DROID/train_ours/final/45137_exterior_image_1_left_pair1.png,/data/datasets/DROID/keep64_variants/clean/45137_exterior_image_1_left_pair1.png,"Pick up the object inside the bounding box [664, 480, 776, 496] and place it at the point [688, 520], in pixel coordinates of this image. Show the scene after the object has been moved to that location. Pick up the white object from the table. Place the white object in the cup."
/data/datasets/DROID/train_ours/final/84477_exterior_image_1_left_pair0.png,/data/datasets/DROID/keep64_variants/clean/84477_exterior_image_1_left_pair0.png,"Pick up the object inside the bounding box [640, 132, 784, 300] and place it at the point [704, 132], in pixel coordinates of this image. Show the scene after the object has been moved to that location. Pick up the first cup from the table. Place the first cup inside the second cup."
/data/datasets/DROID/train_ours/final/84477_exterior_image_1_left_pair1.png,/data/datasets/DROID/keep64_variants/clean/84477_exterior_image_1_left_pair1.png,"Pick up the object inside the bounding box [660, 88, 744, 176] and place it at the point [856, 168], in pixel coordinates of this image. Show the scene after the object has been moved to that location. Pick up the first and second cups from the table. Place the first and second cups inside the third cup."
/data/datasets/DROID/train_ours/final/35967_exterior_image_2_left_pair0.png,/data/datasets/DROID/keep64_variants/clean/35967_exterior_image_2_left_pair0.png,"Pick up the object inside the bounding box [932, 436, 1060, 576] and place it at the point [836, 400], in pixel coordinates of this image. Show the scene after the object has been moved to that location. Pick up the medicine bottle on the table. Place the medicine bottle on the tabletop."
/data/datasets/DROID/train_ours/final/35967_exterior_image_2_left_pair1.png,/data/datasets/DROID/keep64_variants/clean/35967_exterior_image_2_left_pair1.png,"Pick up the object inside the bounding box [800, 352, 872, 444] and place it at the point [600, 276], in pixel coordinates of this image. Show the scene after the object has been moved to that location. Pick up the medicine bottle on the tabletop. Place the medicine bottle on the counter."
/data/datasets/DROID/train_ours/final/29851_exterior_image_1_left_pair0.png,/data/datasets/DROID/keep64_variants/clean/29851_exterior_image_1_left_pair0.png,"Pick up the object inside the bounding box [464, 552, 488, 576] and place it at the point [796, 456], in pixel coordinates of this image. Show the scene after the object has been moved to that location. Pick up the black fork from the tray. Place the black fork on the right side of the plate."
/data/datasets/DROID/train_ours/final/87853_exterior_image_2_left_pair0.png,/data/datasets/DROID/keep64_variants/clean/87853_exterior_image_2_left_pair0.png,"Pick up the object inside the bounding box [784, 512, 820, 548] and place it at the point [716, 460], in pixel coordinates of this image. Show the scene after the object has been moved to that location. Pick up the first plush toy from the box. Place the first plush toy on the table."
/data/datasets/DROID/train_ours/final/87853_exterior_image_2_left_pair1.png,/data/datasets/DROID/keep64_variants/clean/87853_exterior_image_2_left_pair1.png,"Pick up the object inside the bounding box [656, 464, 692, 508] and place it at the point [728, 480], in pixel coordinates of this image. Show the scene after the object has been moved to that location. Pick up the second plush toy from the box. Place the second plush toy on the table."
/data/datasets/DROID/train_ours/final/84477_exterior_image_2_left_pair0.png,/data/datasets/DROID/keep64_variants/clean/84477_exterior_image_2_left_pair0.png,"Pick up the object inside the bounding box [564, 240, 684, 332] and place it at the point [800, 284], in pixel coordinates of this image. Show the scene after the object has been moved to that location. Pick up the first cup from the table. Place the first cup inside the second cup."
/data/datasets/DROID/train_ours/final/84477_exterior_image_2_left_pair1.png,/data/datasets/DROID/keep64_variants/clean/84477_exterior_image_2_left_pair1.png,"Pick up the object inside the bounding box [760, 240, 844, 328] and place it at the point [704, 364], in pixel coordinates of this image. Show the scene after the object has been moved to that location. Pick up the first and second cups from the table. Place the first and second cups inside the third cup."
/data/datasets/DROID/train_ours/final/17157_exterior_image_2_left_pair0.png,/data/datasets/DROID/keep64_variants/clean/17157_exterior_image_2_left_pair0.png,"Pick up the object inside the bounding box [256, 520, 376, 580] and place it at the point [456, 400], in pixel coordinates of this image. Show the scene after the object has been moved to that location. Pick up the marker from the table. Place the marker into the cup."
/data/datasets/DROID/train_ours/final/17157_exterior_image_2_left_pair1.png,/data/datasets/DROID/keep64_variants/clean/17157_exterior_image_2_left_pair1.png,"Pick up the object inside the bounding box [416, 384, 492, 420] and place it at the point [592, 704], in pixel coordinates of this image. Show the scene after the object has been moved to that location. Pick up the cup from the table. Place the cup back on the table."
/data/datasets/DROID/train_ours/final/69419_exterior_image_2_left_pair0.png,/data/datasets/DROID/keep64_variants/clean/69419_exterior_image_2_left_pair0.png,"Pick up the object inside the bounding box [568, 416, 640, 520] and place it at the point [752, 512], in pixel coordinates of this image. Show the scene after the object has been moved to that location. Pick up the cup on the table. Place the cup inside the cup."
/data/datasets/DROID/train_ours/final/69419_exterior_image_2_left_pair1.png,/data/datasets/DROID/keep64_variants/clean/69419_exterior_image_2_left_pair1.png,"Pick up the object inside the bounding box [708, 464, 792, 560] and place it at the point [584, 496], in pixel coordinates of this image. Show the scene after the object has been moved to that location. Pick up the cup and the cup. Place the cup and the cup into the cup."
/data/datasets/DROID/train_ours/final/55941_exterior_image_1_left_pair0.png,/data/datasets/DROID/keep64_variants/clean/55941_exterior_image_1_left_pair0.png,"Pick up the object inside the bounding box [820, 308, 892, 392] and place it at the point [776, 384], in pixel coordinates of this image. Show the scene after the object has been moved to that location. Pick up the yellow cup on the table. Place the yellow cup inside the bowl."
/data/datasets/DROID/train_ours/final/55941_exterior_image_1_left_pair1.png,/data/datasets/DROID/keep64_variants/clean/55941_exterior_image_1_left_pair1.png,"Pick up the object inside the bounding box [736, 336, 812, 432] and place it at the point [752, 352], in pixel coordinates of this image. Show the scene after the object has been moved to that location. Pick up the spoon on the table. Place the spoon inside the bowl."
/data/datasets/DROID/train_ours/final/39985_exterior_image_2_left_pair0.png,/data/datasets/DROID/keep64_variants/clean/39985_exterior_image_2_left_pair0.png,"Pick up the object inside the bounding box [396, 348, 520, 456] and place it at the point [740, 592], in pixel coordinates of this image. Show the scene after the object has been moved to that location. Pick up the black object on the grey chair. Place the black object in the white box."
/data/datasets/DROID/train_ours/final/39985_exterior_image_2_left_pair1.png,/data/datasets/DROID/keep64_variants/clean/39985_exterior_image_2_left_pair1.png,"Pick up the object inside the bounding box [664, 508, 816, 668] and place it at the point [696, 544], in pixel coordinates of this image. Show the scene after the object has been moved to that location. Pick up the white object on the grey chair. Place the white object in the white box."
/data/datasets/DROID/train_ours/final/6489_exterior_image_1_left_pair0.png,/data/datasets/DROID/keep64_variants/clean/6489_exterior_image_1_left_pair0.png,"Pick up the object inside the bounding box [448, 256, 572, 420] and place it at the point [632, 264], in pixel coordinates of this image. Show the scene after the object has been moved to that location. Pick up the first cup from the table. Place the first cup on the second cup."
/data/datasets/DROID/train_ours/final/6489_exterior_image_1_left_pair1.png,/data/datasets/DROID/keep64_variants/clean/6489_exterior_image_1_left_pair1.png,"Pick up the object inside the bounding box [576, 192, 700, 320] and place it at the point [792, 224], in pixel coordinates of this image. Show the scene after the object has been moved to that location. Pick up the first and second cups. Place the first and second cups on the third cup."
/data/datasets/DROID/train_ours/final/55146_exterior_image_1_left_pair0.png,/data/datasets/DROID/keep64_variants/clean/55146_exterior_image_1_left_pair0.png,"Pick up the object inside the bounding box [728, 256, 744, 284] and place it at the point [644, 236], in pixel coordinates of this image. Show the scene after the object has been moved to that location. Pick up the object on the left side of the food box. Place the object on the right side of the food box."
/data/datasets/DROID/train_ours/final/55146_exterior_image_1_left_pair1.png,/data/datasets/DROID/keep64_variants/clean/55146_exterior_image_1_left_pair1.png,"Pick up the object inside the bounding box [612, 216, 676, 256] and place it at the point [780, 208], in pixel coordinates of this image. Show the scene after the object has been moved to that location. Pick up the bag on the right side of the food box. Place the bag on the desktop."
/data/datasets/DROID/train_ours/final/29580_exterior_image_2_left_pair0.png,/data/datasets/DROID/keep64_variants/clean/29580_exterior_image_2_left_pair0.png,"Pick up the object inside the bounding box [476, 296, 576, 420] and place it at the point [672, 320], in pixel coordinates of this image. Show the scene after the object has been moved to that location. Pick up the first cup on the table. Place the first cup on top of the other cups."
/data/datasets/DROID/train_ours/final/29580_exterior_image_2_left_pair1.png,/data/datasets/DROID/keep64_variants/clean/29580_exterior_image_2_left_pair1.png,"Pick up the object inside the bounding box [636, 280, 712, 356] and place it at the point [704, 416], in pixel coordinates of this image. Show the scene after the object has been moved to that location. Pick up the cup stack on the table. Place the cup stack on top of the second cup."
/data/datasets/DROID/train_ours/final/83729_exterior_image_2_left_pair0.png,/data/datasets/DROID/keep64_variants/clean/83729_exterior_image_2_left_pair0.png,"Pick up the object inside the bounding box [844, 488, 892, 600] and place it at the point [656, 468], in pixel coordinates of this image. Show the scene after the object has been moved to that location. Pick up the water bottle on the counter. Place the water bottle in the box."
/data/datasets/DROID/train_ours/final/83729_exterior_image_2_left_pair1.png,/data/datasets/DROID/keep64_variants/clean/83729_exterior_image_2_left_pair1.png,"Pick up the object inside the bounding box [640, 448, 676, 484] and place it at the point [660, 472], in pixel coordinates of this image. Show the scene after the object has been moved to that location. Pick up the second water bottle on the counter. Place the second water bottle in the box."
/data/datasets/DROID/train_ours/final/1244_exterior_image_2_left_pair0.png,/data/datasets/DROID/keep64_variants/clean/1244_exterior_image_2_left_pair0.png,"Pick up the object inside the bounding box [764, 444, 936, 572] and place it at the point [840, 592], in pixel coordinates of this image. Show the scene after the object has been moved to that location. Pick up the cloth on the chair. Place the cloth on the backrest of the chair."
/data/datasets/DROID/train_ours/final/1244_exterior_image_2_left_pair1.png,/data/datasets/DROID/keep64_variants/clean/1244_exterior_image_2_left_pair1.png,"Pick up the object inside the bounding box [708, 472, 960, 716] and place it at the point [692, 464], in pixel coordinates of this image. Show the scene after the object has been moved to that location. Pick up the cloth on the chair. Put the cloth on the backrest of the chair."
/data/datasets/DROID/train_ours/final/34190_exterior_image_1_left_pair0.png,/data/datasets/DROID/keep64_variants/clean/34190_exterior_image_1_left_pair0.png,"Pick up the object inside the bounding box [724, 292, 876, 336] and place it at the point [976, 396], in pixel coordinates of this image. Show the scene after the object has been moved to that location. Pick up the fork on the table. Place the fork in the right compartment of the drawer."
/data/datasets/DROID/train_ours/final/34190_exterior_image_1_left_pair1.png,/data/datasets/DROID/keep64_variants/clean/34190_exterior_image_1_left_pair1.png,"Pick up the object inside the bounding box [916, 372, 1036, 420] and place it at the point [1024, 328], in pixel coordinates of this image. Show the scene after the object has been moved to that location. Pick up the knife on the table. Place the knife in the right compartment of the drawer."
/data/datasets/DROID/train_ours/final/59690_exterior_image_1_left_pair0.png,/data/datasets/DROID/keep64_variants/clean/59690_exterior_image_1_left_pair0.png,"Pick up the object inside the bounding box [640, 316, 700, 360] and place it at the point [664, 512], in pixel coordinates of this image. Show the scene after the object has been moved to that location. Pick up the pineapple toy from the box. Place the brown pineapple toy on the tabletop."
/data/datasets/DROID/train_ours/final/59690_exterior_image_1_left_pair1.png,/data/datasets/DROID/keep64_variants/clean/59690_exterior_image_1_left_pair1.png,"Pick up the object inside the bounding box [632, 444, 700, 580] and place it at the point [700, 440], in pixel coordinates of this image. Show the scene after the object has been moved to that location. Pick up the purple object from the box. Place the purple object on the tabletop."
/data/datasets/DROID/train_ours/final/6478_exterior_image_1_left_pair0.png,/data/datasets/DROID/keep64_variants/clean/6478_exterior_image_1_left_pair0.png,"Pick up the object inside the bounding box [728, 460, 812, 496] and place it at the point [768, 520], in pixel coordinates of this image. Show the scene after the object has been moved to that location. Pick up the silver fork from the table. Place the silver fork on the white plate."
/data/datasets/DROID/train_ours/final/6478_exterior_image_1_left_pair1.png,/data/datasets/DROID/keep64_variants/clean/6478_exterior_image_1_left_pair1.png,"Pick up the object inside the bounding box [732, 460, 812, 576] and place it at the point [768, 520], in pixel coordinates of this image. Show the scene after the object has been moved to that location. Pick up the white fork from the table. Place the white fork on the white plate."
/data/datasets/DROID/train_ours/final/39322_exterior_image_1_left_pair0.png,/data/datasets/DROID/keep64_variants/clean/39322_exterior_image_1_left_pair0.png,"Pick up the object inside the bounding box [736, 240, 772, 268] and place it at the point [680, 308], in pixel coordinates of this image. Show the scene after the object has been moved to that location. Pick up the pear plush toy from the cup. Place the pear plush toy on the plate."
/data/datasets/DROID/train_ours/final/39322_exterior_image_1_left_pair1.png,/data/datasets/DROID/keep64_variants/clean/39322_exterior_image_1_left_pair1.png,"Pick up the object inside the bounding box [652, 292, 708, 324] and place it at the point [616, 296], in pixel coordinates of this image. Show the scene after the object has been moved to that location. Pick up the orange plush toy from the basket. Place the orange plush toy on the plate."
/data/datasets/DROID/train_ours/final/50474_exterior_image_2_left_pair0.png,/data/datasets/DROID/keep64_variants/clean/50474_exterior_image_2_left_pair0.png,"Pick up the object inside the bounding box [772, 332, 904, 360] and place it at the point [1112, 488], in pixel coordinates of this image. Show the scene after the object has been moved to that location. Pick up the spoon from the shelf. Place the spoon on the countertop."
/data/datasets/DROID/train_ours/final/50474_exterior_image_2_left_pair1.png,/data/datasets/DROID/keep64_variants/clean/50474_exterior_image_2_left_pair1.png,"Pick up the object inside the bounding box [968, 444, 1256, 528] and place it at the point [872, 152], in pixel coordinates of this image. Show the scene after the object has been moved to that location. Pick up the bowl from the shelf. Place the bowl on the top of the countertop."
/data/datasets/DROID/train_ours/final/30566_exterior_image_1_left_pair0.png,/data/datasets/DROID/keep64_variants/clean/30566_exterior_image_1_left_pair0.png,"Pick up the object inside the bounding box [432, 624, 556, 716] and place it at the point [416, 712], in pixel coordinates of this image. Show the scene after the object has been moved to that location. Pick up the spatula from the pot. Place the spatula on the countertop."
/data/datasets/DROID/train_ours/final/30566_exterior_image_1_left_pair1.png,/data/datasets/DROID/keep64_variants/clean/30566_exterior_image_1_left_pair1.png,"Pick up the object inside the bounding box [372, 704, 460, 716] and place it at the point [304, 704], in pixel coordinates of this image. Show the scene after the object has been moved to that location. Pick up the lid from the countertop. Place the lid on the pot."
/data/datasets/DROID/train_ours/final/91058_exterior_image_1_left_pair0.png,/data/datasets/DROID/keep64_variants/clean/91058_exterior_image_1_left_pair0.png,"Pick up the object inside the bounding box [876, 220, 932, 296] and place it at the point [812, 312], in pixel coordinates of this image. Show the scene after the object has been moved to that location. Pick up the pineapple from the pot. Place the pineapple in the basket."
/data/datasets/DROID/train_ours/final/91058_exterior_image_1_left_pair1.png,/data/datasets/DROID/keep64_variants/clean/91058_exterior_image_1_left_pair1.png,"Pick up the object inside the bounding box [764, 268, 860, 360] and place it at the point [896, 272], in pixel coordinates of this image. Show the scene after the object has been moved to that location. Pick up the pineapple from the basket. Place the pineapple back in the pot."
/data/datasets/DROID/train_ours/final/64681_exterior_image_2_left_pair0.png,/data/datasets/DROID/keep64_variants/clean/64681_exterior_image_2_left_pair0.png,"Pick up the object inside the bounding box [764, 344, 808, 420] and place it at the point [920, 392], in pixel coordinates of this image. Show the scene after the object has been moved to that location. Pick up the bottle on the cloth. Place the bottle in the box."
/data/datasets/DROID/train_ours/final/64681_exterior_image_2_left_pair1.png,/data/datasets/DROID/keep64_variants/clean/64681_exterior_image_2_left_pair1.png,"Pick up the object inside the bounding box [836, 316, 1004, 460] and place it at the point [856, 392], in pixel coordinates of this image. Show the scene after the object has been moved to that location. Pick up the box from the table. Place the box on the cloth."
/data/datasets/DROID/train_ours/final/32207_exterior_image_1_left_pair0.png,/data/datasets/DROID/keep64_variants/clean/32207_exterior_image_1_left_pair0.png,"Pick up the object inside the bounding box [652, 476, 720, 572] and place it at the point [924, 408], in pixel coordinates of this image. Show the scene after the object has been moved to that location. Pick up the first tissue from the tissue box. Place the first tissue on the tissue pile."
/data/datasets/DROID/train_ours/final/32207_exterior_image_1_left_pair1.png,/data/datasets/DROID/keep64_variants/clean/32207_exterior_image_1_left_pair1.png,"Pick up the object inside the bounding box [848, 324, 1004, 492] and place it at the point [920, 408], in pixel coordinates of this image. Show the scene after the object has been moved to that location. Pick up the second tissue from the tissue box. Place the second tissue on the tissue pile."
/data/datasets/DROID/train_ours/final/11224_exterior_image_2_left_pair0.png,/data/datasets/DROID/keep64_variants/clean/11224_exterior_image_2_left_pair0.png,"Pick up the object inside the bounding box [540, 224, 744, 384] and place it at the point [696, 248], in pixel coordinates of this image. Show the scene after the object has been moved to that location. Pick up the white cloth from the black table. Place the white cloth on the black stand."
/data/datasets/DROID/train_ours/final/11224_exterior_image_2_left_pair1.png,/data/datasets/DROID/keep64_variants/clean/11224_exterior_image_2_left_pair1.png,"Pick up the object inside the bounding box [608, 200, 788, 296] and place it at the point [740, 168], in pixel coordinates of this image. Show the scene after the object has been moved to that location. Pick up the cloth from the table. Place the cloth on the stand."
/data/datasets/DROID/train_ours/final/2194_exterior_image_1_left_pair0.png,/data/datasets/DROID/keep64_variants/clean/2194_exterior_image_1_left_pair0.png,"Pick up the object inside the bounding box [912, 356, 980, 440] and place it at the point [792, 360], in pixel coordinates of this image. Show the scene after the object has been moved to that location. Pick up the first coffee cup on the table. Place the first coffee cup on the cup holder."
/data/datasets/DROID/train_ours/final/2194_exterior_image_1_left_pair1.png,/data/datasets/DROID/keep64_variants/clean/2194_exterior_image_1_left_pair1.png,"Pick up the object inside the bounding box [764, 312, 828, 408] and place it at the point [796, 360], in pixel coordinates of this image. Show the scene after the object has been moved to that location. Pick up the second coffee cup on the table. Place the second coffee cup on the cup holder."
/data/datasets/DROID/train_ours/final/10591_exterior_image_2_left_pair0.png,/data/datasets/DROID/keep64_variants/clean/10591_exterior_image_2_left_pair0.png,"Pick up the object inside the bounding box [468, 292, 600, 368] and place it at the point [536, 344], in pixel coordinates of this image. Show the scene after the object has been moved to that location. Pick up the books from the box. Place the books upright on the table."
/data/datasets/DROID/train_ours/final/10591_exterior_image_2_left_pair1.png,/data/datasets/DROID/keep64_variants/clean/10591_exterior_image_2_left_pair1.png,"Pick up the object inside the bounding box [468, 304, 604, 384] and place it at the point [592, 344], in pixel coordinates of this image. Show the scene after the object has been moved to that location. Pick up the books from the box. Place the books upright on the table."
/data/datasets/DROID/train_ours/final/25567_exterior_image_1_left_pair0.png,/data/datasets/DROID/keep64_variants/clean/25567_exterior_image_1_left_pair0.png,"Pick up the object inside the bounding box [460, 304, 496, 416] and place it at the point [268, 616], in pixel coordinates of this image. Show the scene after the object has been moved to that location. Pick up the black clip from the mug. Place the black clip on the table."
/data/datasets/DROID/train_ours/final/25567_exterior_image_1_left_pair1.png,/data/datasets/DROID/keep64_variants/clean/25567_exterior_image_1_left_pair1.png,"Pick up the object inside the bounding box [128, 548, 408, 680] and place it at the point [352, 336], in pixel coordinates of this image. Show the scene after the object has been moved to that location. Pick up the black rack from the desktop. Place the black rack to the left of its original position."
/data/datasets/DROID/train_ours/final/35048_exterior_image_2_left_pair0.png,/data/datasets/DROID/keep64_variants/clean/35048_exterior_image_2_left_pair0.png,"Pick up the object inside the bounding box [820, 488, 1076, 556] and place it at the point [992, 608], in pixel coordinates of this image. Show the scene after the object has been moved to that location. Pick up the orange cloth on the table. Place the orange cloth on the back of the chair."
/data/datasets/DROID/train_ours/final/35048_exterior_image_2_left_pair1.png,/data/datasets/DROID/keep64_variants/clean/35048_exterior_image_2_left_pair1.png,"Pick up the object inside the bounding box [844, 500, 1140, 716] and place it at the point [1104, 600], in pixel coordinates of this image. Show the scene after the object has been moved to that location. Pick up the shirt on the chair. Place the shirt on the back of the chair."
/data/datasets/DROID/train_ours/final/34537_exterior_image_1_left_pair0.png,/data/datasets/DROID/keep64_variants/clean/34537_exterior_image_1_left_pair0.png,"Pick up the object inside the bounding box [1048, 184, 1120, 232] and place it at the point [884, 252], in pixel coordinates of this image. Show the scene after the object has been moved to that location. Pick up the stuffed fruits from the basket. Place the stuffed fruits in the black plate."
/data/datasets/DROID/train_ours/final/34537_exterior_image_1_left_pair1.png,/data/datasets/DROID/keep64_variants/clean/34537_exterior_image_1_left_pair1.png,"Pick up the object inside the bounding box [844, 216, 916, 276] and place it at the point [840, 224], in pixel coordinates of this image. Show the scene after the object has been moved to that location. Pick up the stuffed fruits from the black tray. Place the stuffed fruits in the plate."
/data/datasets/DROID/train_ours/final/66111_exterior_image_1_left_pair0.png,/data/datasets/DROID/keep64_variants/clean/66111_exterior_image_1_left_pair0.png,"Pick up the object inside the bounding box [396, 440, 428, 480] and place it at the point [604, 520], in pixel coordinates of this image. Show the scene after the object has been moved to that location. Pick up the small bottle on the table. Place the small bottle behind its original position."
/data/datasets/DROID/train_ours/final/66111_exterior_image_1_left_pair1.png,/data/datasets/DROID/keep64_variants/clean/66111_exterior_image_1_left_pair1.png,"Pick up the object inside the bounding box [580, 472, 628, 564] and place it at the point [568, 512], in pixel coordinates of this image. Show the scene after the object has been moved to that location. Pick up the big bottle on the table. Place the big bottle beside the small bottle."
/data/datasets/DROID/train_ours/final/43003_exterior_image_2_left_pair0.png,/data/datasets/DROID/keep64_variants/clean/43003_exterior_image_2_left_pair0.png,"Pick up the object inside the bounding box [472, 492, 564, 608] and place it at the point [660, 524], in pixel coordinates of this image. Show the scene after the object has been moved to that location. Pick up the cup on the table. Place the cup on top of the cup."
/data/datasets/DROID/train_ours/final/43003_exterior_image_2_left_pair1.png,/data/datasets/DROID/keep64_variants/clean/43003_exterior_image_2_left_pair1.png,"Pick up the object inside the bounding box [624, 484, 696, 564] and place it at the point [764, 456], in pixel coordinates of this image. Show the scene after the object has been moved to that location. Pick up the cup on the table. Place the cup on top of the cup."
/data/datasets/DROID/train_ours/final/32879_exterior_image_1_left_pair0.png,/data/datasets/DROID/keep64_variants/clean/32879_exterior_image_1_left_pair0.png,"Pick up the object inside the bounding box [556, 452, 704, 596] and place it at the point [664, 456], in pixel coordinates of this image. Show the scene after the object has been moved to that location. Take out the white clothes from the box. Place the white clothes on the table."
/data/datasets/DROID/train_ours/final/32879_exterior_image_1_left_pair1.png,/data/datasets/DROID/keep64_variants/clean/32879_exterior_image_1_left_pair1.png,"Pick up the object inside the bounding box [592, 352, 740, 564] and place it at the point [668, 392], in pixel coordinates of this image. Show the scene after the object has been moved to that location. Pick up the clothes in the box. Place the clothes on the white clothes."
/data/datasets/DROID/train_ours/final/66111_exterior_image_2_left_pair0.png,/data/datasets/DROID/keep64_variants/clean/66111_exterior_image_2_left_pair0.png,"Pick up the object inside the bounding box [956, 340, 1020, 428] and place it at the point [680, 384], in pixel coordinates of this image. Show the scene after the object has been moved to that location. Pick up the small bottle on the table. Place the small bottle behind its original position."
/data/datasets/DROID/train_ours/final/66111_exterior_image_2_left_pair1.png,/data/datasets/DROID/keep64_variants/clean/66111_exterior_image_2_left_pair1.png,"Pick up the object inside the bounding box [660, 344, 700, 420] and place it at the point [680, 304], in pixel coordinates of this image. Show the scene after the object has been moved to that location. Pick up the big bottle on the table. Place the big bottle beside the small bottle."
/data/datasets/DROID/train_ours/final/65163_exterior_image_1_left_pair0.png,/data/datasets/DROID/keep64_variants/clean/65163_exterior_image_1_left_pair0.png,"Pick up the object inside the bounding box [696, 284, 780, 372] and place it at the point [808, 536], in pixel coordinates of this image. Show the scene after the object has been moved to that location. Pick up the pineapple toy from the right basket. Place the pineapple toy on the left plate."
/data/datasets/DROID/train_ours/final/65163_exterior_image_1_left_pair1.png,/data/datasets/DROID/keep64_variants/clean/65163_exterior_image_1_left_pair1.png,"Pick up the object inside the bounding box [760, 488, 852, 580] and place it at the point [728, 356], in pixel coordinates of this image. Show the scene after the object has been moved to that location. Pick up the pineapple toy from the left plate. Place the pineapple toy in the right basket."
/data/datasets/DROID/train_ours/final/5896_exterior_image_1_left_pair0.png,/data/datasets/DROID/keep64_variants/clean/5896_exterior_image_1_left_pair0.png,"Pick up the object inside the bounding box [900, 452, 1012, 564] and place it at the point [864, 448], in pixel coordinates of this image. Show the scene after the object has been moved to that location. Pick up the cup on the table. Place the cup in the cup."
/data/datasets/DROID/train_ours/final/5896_exterior_image_1_left_pair1.png,/data/datasets/DROID/keep64_variants/clean/5896_exterior_image_1_left_pair1.png,"Pick up the object inside the bounding box [828, 420, 900, 484] and place it at the point [972, 412], in pixel coordinates of this image. Show the scene after the object has been moved to that location. Pick up the stacked cups on the table. Place the stacked cups in the cup."
/data/datasets/DROID/train_ours/final/5252_exterior_image_1_left_pair0.png,/data/datasets/DROID/keep64_variants/clean/5252_exterior_image_1_left_pair0.png,"Pick up the object inside the bounding box [668, 616, 832, 716] and place it at the point [736, 564], in pixel coordinates of this image. Show the scene after the object has been moved to that location. Pick up the items on the chopping board. Place the items in the paper bag."
/data/datasets/DROID/train_ours/final/5252_exterior_image_1_left_pair1.png,/data/datasets/DROID/keep64_variants/clean/5252_exterior_image_1_left_pair1.png,"Pick up the object inside the bounding box [704, 544, 764, 584] and place it at the point [772, 552], in pixel coordinates of this image. Show the scene after the object has been moved to that location. Pick up the object on the chopping board. Place the object in the paper bag."
/data/datasets/DROID/train_ours/final/49278_exterior_image_1_left_pair0.png,/data/datasets/DROID/keep64_variants/clean/49278_exterior_image_1_left_pair0.png,"Pick up the object inside the bounding box [864, 452, 952, 552] and place it at the point [832, 408], in pixel coordinates of this image. Show the scene after the object has been moved to that location. Pick up the yellow cup on the table. Place the yellow cup on the blue cup."
/data/datasets/DROID/train_ours/final/49278_exterior_image_1_left_pair1.png,/data/datasets/DROID/keep64_variants/clean/49278_exterior_image_1_left_pair1.png,"Pick up the object inside the bounding box [800, 384, 868, 428] and place it at the point [788, 368], in pixel coordinates of this image. Show the scene after the object has been moved to that location. Pick up the blue cup with the yellow cup. Place the blue cup with the yellow cup into the cyan cup."
/data/datasets/DROID/train_ours/final/60703_exterior_image_2_left_pair0.png,/data/datasets/DROID/keep64_variants/clean/60703_exterior_image_2_left_pair0.png,"Pick up the object inside the bounding box [512, 316, 588, 400] and place it at the point [744, 392], in pixel coordinates of this image. Show the scene after the object has been moved to that location. Pick up the first plastic cup from the table. Place the first plastic cup on top of the second plastic cup."
/data/datasets/DROID/train_ours/final/60703_exterior_image_2_left_pair1.png,/data/datasets/DROID/keep64_variants/clean/60703_exterior_image_2_left_pair1.png,"Pick up the object inside the bounding box [700, 332, 784, 424] and place it at the point [636, 304], in pixel coordinates of this image. Show the scene after the object has been moved to that location. Pick up the second plastic cup from the table. Place the second plastic cup on top of the third plastic cup."
/data/datasets/DROID/train_ours/final/78306_exterior_image_1_left_pair0.png,/data/datasets/DROID/keep64_variants/clean/78306_exterior_image_1_left_pair0.png,"Pick up the object inside the bounding box [836, 500, 924, 592] and place it at the point [944, 440], in pixel coordinates of this image. Show the scene after the object has been moved to that location. Pick up the cup on the table. Place the cup inside the cup."
/data/datasets/DROID/train_ours/final/78306_exterior_image_1_left_pair1.png,/data/datasets/DROID/keep64_variants/clean/78306_exterior_image_1_left_pair1.png,"Pick up the object inside the bounding box [916, 416, 976, 460] and place it at the point [912, 456], in pixel coordinates of this image. Show the scene after the object has been moved to that location. Pick up the cup on the table. Place the cup inside the cup."
/data/datasets/DROID/train_ours/final/46683_exterior_image_1_left_pair0.png,/data/datasets/DROID/keep64_variants/clean/46683_exterior_image_1_left_pair0.png,"Pick up the object inside the bounding box [408, 600, 652, 716] and place it at the point [548, 608], in pixel coordinates of this image. Show the scene after the object has been moved to that location. Pick up the shoes from the left side of the table. Place the shoes on the right side of the table."
/data/datasets/DROID/train_ours/final/46683_exterior_image_1_left_pair1.png,/data/datasets/DROID/keep64_variants/clean/46683_exterior_image_1_left_pair1.png,"Pick up the object inside the bounding box [516, 488, 592, 608] and place it at the point [612, 496], in pixel coordinates of this image. Show the scene after the object has been moved to that location. Pick up another shoe from the left side of the table. Place the shoe on top of the first shoe."
/data/datasets/DROID/train_ours/final/1297_exterior_image_1_left_pair0.png,/data/datasets/DROID/keep64_variants/clean/1297_exterior_image_1_left_pair0.png,"Pick up the object inside the bounding box [700, 316, 724, 340] and place it at the point [620, 436], in pixel coordinates of this image. Show the scene after the object has been moved to that location. Pick up the marker from the cup. Place the marker on the table."
/data/datasets/DROID/train_ours/final/1297_exterior_image_1_left_pair1.png,/data/datasets/DROID/keep64_variants/clean/1297_exterior_image_1_left_pair1.png,"Pick up the object inside the bounding box [564, 400, 684, 468] and place it at the point [688, 332], in pixel coordinates of this image. Show the scene after the object has been moved to that location. Pick up the marker from the table. Place the marker into the cup."
/data/datasets/DROID/train_ours/final/5339_exterior_image_2_left_pair0.png,/data/datasets/DROID/keep64_variants/clean/5339_exterior_image_2_left_pair0.png,"Pick up the object inside the bounding box [492, 312, 572, 376] and place it at the point [688, 332], in pixel coordinates of this image. Show the scene after the object has been moved to that location. Pick up the first transparent cup from the desktop. Place the first transparent cup on the second transparent cup."
/data/datasets/DROID/train_ours/final/5339_exterior_image_2_left_pair1.png,/data/datasets/DROID/keep64_variants/clean/5339_exterior_image_2_left_pair1.png,"Pick up the object inside the bounding box [652, 280, 724, 384] and place it at the point [760, 400], in pixel coordinates of this image. Show the scene after the object has been moved to that location. Pick up the stacked two transparent cups from the desktop. Place the stacked two transparent cups on the third transparent cup."
/data/datasets/DROID/train_ours/final/57113_exterior_image_1_left_pair0.png,/data/datasets/DROID/keep64_variants/clean/57113_exterior_image_1_left_pair0.png,"Pick up the object inside the bounding box [664, 332, 860, 432] and place it at the point [704, 360], in pixel coordinates of this image. Show the scene after the object has been moved to that location. Pick up the cloth on the table. Place the cloth on the shelf."
/data/datasets/DROID/train_ours/final/57113_exterior_image_1_left_pair1.png,/data/datasets/DROID/keep64_variants/clean/57113_exterior_image_1_left_pair1.png,"Pick up the object inside the bounding box [616, 308, 796, 416] and place it at the point [648, 216], in pixel coordinates of this image. Show the scene after the object has been moved to that location. Pick up the cloth on the table. Place the cloth on the stand."
/data/datasets/DROID/train_ours/final/2194_exterior_image_2_left_pair0.png,/data/datasets/DROID/keep64_variants/clean/2194_exterior_image_2_left_pair0.png,"Pick up the object inside the bounding box [848, 264, 940, 392] and place it at the point [768, 144], in pixel coordinates of this image. Show the scene after the object has been moved to that location. Pick up the first coffee cup on the table. Place the first coffee cup on the cup holder."
/data/datasets/DROID/train_ours/final/2194_exterior_image_2_left_pair1.png,/data/datasets/DROID/keep64_variants/clean/2194_exterior_image_2_left_pair1.png,"Pick up the object inside the bounding box [736, 100, 804, 196] and place it at the point [776, 144], in pixel coordinates of this image. Show the scene after the object has been moved to that location. Pick up the second coffee cup on the table. Place the second coffee cup on the cup holder."
/data/datasets/DROID/train_ours/final/31230_exterior_image_1_left_pair0.png,/data/datasets/DROID/keep64_variants/clean/31230_exterior_image_1_left_pair0.png,"Pick up the object inside the bounding box [0, 372, 504, 716] and place it at the point [468, 612], in pixel coordinates of this image. Show the scene after the object has been moved to that location. Pick up the cloth from the backrest of the chair. Place the cloth on the seat of the chair."
/data/datasets/DROID/train_ours/final/31230_exterior_image_1_left_pair1.png,/data/datasets/DROID/keep64_variants/clean/31230_exterior_image_1_left_pair1.png,"Pick up the object inside the bounding box [244, 508, 692, 716] and place it at the point [260, 496], in pixel coordinates of this image. Show the scene after the object has been moved to that location. Pick up the cloth from the seat of the chair. Place the cloth on the backrest of the chair."
/data/datasets/DROID/train_ours/final/90536_exterior_image_2_left_pair0.png,/data/datasets/DROID/keep64_variants/clean/90536_exterior_image_2_left_pair0.png,"Pick up the object inside the bounding box [92, 400, 384, 588] and place it at the point [1128, 416], in pixel coordinates of this image. Show the scene after the object has been moved to that location. Pick up the orange bowl from under the table. Place the orange bowl on the right side of the table."
/data/datasets/DROID/train_ours/final/90536_exterior_image_2_left_pair1.png,/data/datasets/DROID/keep64_variants/clean/90536_exterior_image_2_left_pair1.png,"Pick up the object inside the bounding box [984, 344, 1276, 492] and place it at the point [1080, 204], in pixel coordinates of this image. Show the scene after the object has been moved to that location. Pick up the orange bowl from the right side of the table. Place the orange bowl upside down on the plate rack."
/data/datasets/DROID/train_ours/final/24254_exterior_image_1_left_pair0.png,/data/datasets/DROID/keep64_variants/clean/24254_exterior_image_1_left_pair0.png,"Pick up the object inside the bounding box [564, 536, 728, 716] and place it at the point [820, 496], in pixel coordinates of this image. Show the scene after the object has been moved to that location. Pick up the cloth from the sofa. Place the cloth in the bag."
/data/datasets/DROID/train_ours/final/24254_exterior_image_1_left_pair1.png,/data/datasets/DROID/keep64_variants/clean/24254_exterior_image_1_left_pair1.png,"Pick up the object inside the bounding box [740, 440, 900, 560] and place it at the point [820, 476], in pixel coordinates of this image. Show the scene after the object has been moved to that location. Pick up the white cloth from the sofa. Place the cloth in the bag."
/data/datasets/DROID/train_ours/final/12217_exterior_image_1_left_pair0.png,/data/datasets/DROID/keep64_variants/clean/12217_exterior_image_1_left_pair0.png,"Pick up the object inside the bounding box [432, 320, 516, 416] and place it at the point [568, 352], in pixel coordinates of this image. Show the scene after the object has been moved to that location. Pick up the box on the table. Place the box beside the tissue."
/data/datasets/DROID/train_ours/final/12217_exterior_image_1_left_pair1.png,/data/datasets/DROID/keep64_variants/clean/12217_exterior_image_1_left_pair1.png,"Pick up the object inside the bounding box [532, 292, 608, 400] and place it at the point [432, 400], in pixel coordinates of this image. Show the scene after the object has been moved to that location. Pick up the cylindrical jar from the box. Place the cylindrical jar on the table."
/data/datasets/DROID/train_ours/final/4861_exterior_image_1_left_pair0.png,/data/datasets/DROID/keep64_variants/clean/4861_exterior_image_1_left_pair0.png,"Pick up the object inside the bounding box [632, 496, 704, 596] and place it at the point [820, 464], in pixel coordinates of this image. Show the scene after the object has been moved to that location. Pick up the cup on the table. Place the cup into the yellow cup."
/data/datasets/DROID/train_ours/final/4861_exterior_image_1_left_pair1.png,/data/datasets/DROID/keep64_variants/clean/4861_exterior_image_1_left_pair1.png,"Pick up the object inside the bounding box [784, 440, 848, 492] and place it at the point [880, 432], in pixel coordinates of this image. Show the scene after the object has been moved to that location. Pick up the cup on the table. Place the cup into the stacked cups."
/data/datasets/DROID/train_ours/final/3774_exterior_image_1_left_pair0.png,/data/datasets/DROID/keep64_variants/clean/3774_exterior_image_1_left_pair0.png,"Pick up the object inside the bounding box [624, 252, 676, 308] and place it at the point [744, 344], in pixel coordinates of this image. Show the scene after the object has been moved to that location. Pick up the silver lid from the table. Place the silver lid on the counter."
/data/datasets/DROID/train_ours/final/3774_exterior_image_1_left_pair1.png,/data/datasets/DROID/keep64_variants/clean/3774_exterior_image_1_left_pair1.png,"Pick up the object inside the bounding box [712, 328, 776, 364] and place it at the point [652, 280], in pixel coordinates of this image. Show the scene after the object has been moved to that location. Pick up the silver lid from the counter. Place the silver lid on the clear object."
/data/datasets/DROID/train_ours/final/91906_exterior_image_1_left_pair0.png,/data/datasets/DROID/keep64_variants/clean/91906_exterior_image_1_left_pair0.png,"Pick up the object inside the bounding box [628, 124, 664, 148] and place it at the point [168, 336], in pixel coordinates of this image. Show the scene after the object has been moved to that location. Pick up the blue box from the right side of the sink counter. Place the blue box on the left side of the sink counter."
/data/datasets/DROID/train_ours/final/91906_exterior_image_1_left_pair1.png,/data/datasets/DROID/keep64_variants/clean/91906_exterior_image_1_left_pair1.png,"Pick up the object inside the bounding box [132, 312, 212, 368] and place it at the point [648, 152], in pixel coordinates of this image. Show the scene after the object has been moved to that location. Pick up the blue box. Place the blue box on the right side of the sink counter."
/data/datasets/DROID/train_ours/final/55598_exterior_image_2_left_pair0.png,/data/datasets/DROID/keep64_variants/clean/55598_exterior_image_2_left_pair0.png,"Pick up the object inside the bounding box [480, 256, 512, 360] and place it at the point [536, 428], in pixel coordinates of this image. Show the scene after the object has been moved to that location. Pick up toothbrush from the silver cup. Place toothbrush on the right countertop."
/data/datasets/DROID/train_ours/final/55598_exterior_image_2_left_pair1.png,/data/datasets/DROID/keep64_variants/clean/55598_exterior_image_2_left_pair1.png,"Pick up the object inside the bounding box [496, 412, 572, 444] and place it at the point [496, 308], in pixel coordinates of this image. Show the scene after the object has been moved to that location. Pick up toothbrush from the right countertop. Place toothbrush back in the silver cup."
/data/datasets/DROID/train_ours/final/53311_exterior_image_2_left_pair0.png,/data/datasets/DROID/keep64_variants/clean/53311_exterior_image_2_left_pair0.png,"Pick up the object inside the bounding box [672, 564, 788, 636] and place it at the point [1168, 608], in pixel coordinates of this image. Show the scene after the object has been moved to that location. Pick up the banana plush toy on the table. Place the banana plush toy in the black pot."
/data/datasets/DROID/train_ours/final/53311_exterior_image_2_left_pair1.png,/data/datasets/DROID/keep64_variants/clean/53311_exterior_image_2_left_pair1.png,"Pick up the object inside the bounding box [1108, 552, 1224, 660] and place it at the point [704, 580], in pixel coordinates of this image. Show the scene after the object has been moved to that location. Pick up the strawberry sponge block on the table. Place the strawberry sponge block on the black tray."
/data/datasets/DROID/train_ours/final/65445_exterior_image_1_left_pair0.png,/data/datasets/DROID/keep64_variants/clean/65445_exterior_image_1_left_pair0.png,"Pick up the object inside the bounding box [492, 396, 696, 668] and place it at the point [648, 332], in pixel coordinates of this image. Show the scene after the object has been moved to that location. Pick up the white clothing from the backrest of the chair. Place the white clothing on the brown box."
/data/datasets/DROID/train_ours/final/65445_exterior_image_1_left_pair1.png,/data/datasets/DROID/keep64_variants/clean/65445_exterior_image_1_left_pair1.png,"Pick up the object inside the bounding box [588, 280, 712, 384] and place it at the point [676, 328], in pixel coordinates of this image. Show the scene after the object has been moved to that location. Pick up the purple clothing from the backrest of the chair. Place the purple clothing on the brown box."
/data/datasets/DROID/train_ours/final/12755_exterior_image_1_left_pair0.png,/data/datasets/DROID/keep64_variants/clean/12755_exterior_image_1_left_pair0.png,"Pick up the object inside the bounding box [732, 332, 816, 428] and place it at the point [820, 320], in pixel coordinates of this image. Show the scene after the object has been moved to that location. Pick up yellow cup in yellow bowl. Place yellow cup on table."
/data/datasets/DROID/train_ours/final/12755_exterior_image_1_left_pair1.png,/data/datasets/DROID/keep64_variants/clean/12755_exterior_image_1_left_pair1.png,"Pick up the object inside the bounding box [788, 284, 852, 360] and place it at the point [768, 340], in pixel coordinates of this image. Show the scene after the object has been moved to that location. Pick up knife on bowl. Place knife on table."
/data/datasets/DROID/train_ours/final/88145_exterior_image_1_left_pair0.png,/data/datasets/DROID/keep64_variants/clean/88145_exterior_image_1_left_pair0.png,"Pick up the object inside the bounding box [864, 332, 952, 444] and place it at the point [888, 352], in pixel coordinates of this image. Show the scene after the object has been moved to that location. Pick up the box of laundry detergent on the washing machine. Place the box of laundry detergent on the washing machine."
/data/datasets/DROID/train_ours/final/88145_exterior_image_1_left_pair1.png,/data/datasets/DROID/keep64_variants/clean/88145_exterior_image_1_left_pair1.png,"Pick up the object inside the bounding box [804, 288, 976, 412] and place it at the point [488, 440], in pixel coordinates of this image. Show the scene after the object has been moved to that location. Pick up the cup from the top of the washing machine. Place the cup at the edge of the washing machine."
/data/datasets/DROID/train_ours/final/65260_exterior_image_1_left_pair0.png,/data/datasets/DROID/keep64_variants/clean/65260_exterior_image_1_left_pair0.png,"Pick up the object inside the bounding box [568, 440, 608, 488] and place it at the point [616, 336], in pixel coordinates of this image. Show the scene after the object has been moved to that location. Pick up the green block on the blue table. Place the green block in the black bowl."
/data/datasets/DROID/train_ours/final/65260_exterior_image_1_left_pair1.png,/data/datasets/DROID/keep64_variants/clean/65260_exterior_image_1_left_pair1.png,"Pick up the object inside the bounding box [604, 324, 636, 348] and place it at the point [612, 276], in pixel coordinates of this image. Show the scene after the object has been moved to that location. Pick up the green block on the blue table. Place the green block in the black bowl."
/data/datasets/DROID/train_ours/final/24630_exterior_image_2_left_pair0.png,/data/datasets/DROID/keep64_variants/clean/24630_exterior_image_2_left_pair0.png,"Pick up the object inside the bounding box [656, 356, 696, 428] and place it at the point [876, 400], in pixel coordinates of this image. Show the scene after the object has been moved to that location. Pick up the blue can on top of the blue box. Place the can in the bin."
/data/datasets/DROID/train_ours/final/13589_exterior_image_2_left_pair0.png,/data/datasets/DROID/keep64_variants/clean/13589_exterior_image_2_left_pair0.png,"Pick up the object inside the bounding box [452, 216, 532, 272] and place it at the point [624, 248], in pixel coordinates of this image. Show the scene after the object has been moved to that location. Pick up the left transparent plastic cup. Place the transparent plastic cup on the left side of the table on the middle transparent plastic cup on the table."
/data/datasets/DROID/train_ours/final/13589_exterior_image_2_left_pair1.png,/data/datasets/DROID/keep64_variants/clean/13589_exterior_image_2_left_pair1.png,"Pick up the object inside the bounding box [580, 220, 660, 276] and place it at the point [636, 248], in pixel coordinates of this image. Show the scene after the object has been moved to that location. Pick up the two transparent plastic cups in the middle of the table. Place the two transparent plastic cups in the middle of the table into the right transparent plastic cup on the table."
/data/datasets/DROID/train_ours/final/17559_exterior_image_2_left_pair0.png,/data/datasets/DROID/keep64_variants/clean/17559_exterior_image_2_left_pair0.png,"Pick up the object inside the bounding box [568, 408, 796, 592] and place it at the point [456, 176], in pixel coordinates of this image. Show the scene after the object has been moved to that location. Pick up the orange cloth from the box. Place the orange cloth on the backrest of the chair."
/data/datasets/DROID/train_ours/final/17559_exterior_image_2_left_pair1.png,/data/datasets/DROID/keep64_variants/clean/17559_exterior_image_2_left_pair1.png,"Pick up the object inside the bounding box [420, 88, 496, 260] and place it at the point [664, 488], in pixel coordinates of this image. Show the scene after the object has been moved to that location. Pick up the black cloth from the backrest of the chair. Place the black cloth in the box."
/data/datasets/DROID/train_ours/final/55677_exterior_image_2_left_pair0.png,/data/datasets/DROID/keep64_variants/clean/55677_exterior_image_2_left_pair0.png,"Pick up the object inside the bounding box [784, 520, 864, 632] and place it at the point [680, 568], in pixel coordinates of this image. Show the scene after the object has been moved to that location. Pick up the cup on the left side of the table. Place the cup on the cup."
/data/datasets/DROID/train_ours/final/55677_exterior_image_2_left_pair1.png,/data/datasets/DROID/keep64_variants/clean/55677_exterior_image_2_left_pair1.png,"Pick up the object inside the bounding box [472, 528, 712, 700] and place it at the point [528, 568], in pixel coordinates of this image. Show the scene after the object has been moved to that location. Pick up the stacked cup. Place the stacked cup on the cup."
/data/datasets/DROID/train_ours/final/4451_exterior_image_2_left_pair0.png,/data/datasets/DROID/keep64_variants/clean/4451_exterior_image_2_left_pair0.png,"Pick up the object inside the bounding box [380, 332, 776, 712] and place it at the point [536, 364], in pixel coordinates of this image. Show the scene after the object has been moved to that location. Pick up the first cup on the table. Place the first cup inside the second cup."
/data/datasets/DROID/train_ours/final/4451_exterior_image_2_left_pair1.png,/data/datasets/DROID/keep64_variants/clean/4451_exterior_image_2_left_pair1.png,"Pick up the object inside the bounding box [500, 320, 572, 412] and place it at the point [532, 320], in pixel coordinates of this image. Show the scene after the object has been moved to that location. Pick up the third cup on the table. Place the third cup inside the first cup."
/data/datasets/DROID/train_ours/final/73587_exterior_image_1_left_pair0.png,/data/datasets/DROID/keep64_variants/clean/73587_exterior_image_1_left_pair0.png,"Pick up the object inside the bounding box [548, 432, 600, 508] and place it at the point [552, 464], in pixel coordinates of this image. Show the scene after the object has been moved to that location. Pick up the cup from the stacked cups. Place the cup on the flat surface."
/data/datasets/DROID/train_ours/final/73587_exterior_image_1_left_pair1.png,/data/datasets/DROID/keep64_variants/clean/73587_exterior_image_1_left_pair1.png,"Pick up the object inside the bounding box [512, 420, 588, 504] and place it at the point [536, 452], in pixel coordinates of this image. Show the scene after the object has been moved to that location. Pick up the cup from the flat surface. Place the cup on the other cups."
/data/datasets/DROID/train_ours/final/72414_exterior_image_1_left_pair0.png,/data/datasets/DROID/keep64_variants/clean/72414_exterior_image_1_left_pair0.png,"Pick up the object inside the bounding box [548, 332, 568, 348] and place it at the point [448, 344], in pixel coordinates of this image. Show the scene after the object has been moved to that location. Pick up the green block from the bowl. Place the green block on the countertop."
/data/datasets/DROID/train_ours/final/72414_exterior_image_1_left_pair1.png,/data/datasets/DROID/keep64_variants/clean/72414_exterior_image_1_left_pair1.png,"Pick up the object inside the bounding box [432, 332, 460, 360] and place it at the point [476, 344], in pixel coordinates of this image. Show the scene after the object has been moved to that location. Pick up the small block from the bowl. Place the small block on the countertop."
/data/datasets/DROID/train_ours/final/4492_exterior_image_1_left_pair0.png,/data/datasets/DROID/keep64_variants/clean/4492_exterior_image_1_left_pair0.png,"Pick up the object inside the bounding box [484, 500, 528, 628] and place it at the point [700, 556], in pixel coordinates of this image. Show the scene after the object has been moved to that location. Pick up the clear bottle from the stove. Place the clear bottle on the tray."
/data/datasets/DROID/train_ours/final/4492_exterior_image_1_left_pair1.png,/data/datasets/DROID/keep64_variants/clean/4492_exterior_image_1_left_pair1.png,"Pick up the object inside the bounding box [648, 480, 756, 632] and place it at the point [520, 572], in pixel coordinates of this image. Show the scene after the object has been moved to that location. Pick up the brown item from the tray. Place the brown item on the stove."
/data/datasets/DROID/train_ours/final/14085_exterior_image_2_left_pair0.png,/data/datasets/DROID/keep64_variants/clean/14085_exterior_image_2_left_pair0.png,"Pick up the object inside the bounding box [492, 496, 584, 620] and place it at the point [692, 636], in pixel coordinates of this image. Show the scene after the object has been moved to that location. Pick up the cup on the table. Place the cup in the cup."
/data/datasets/DROID/train_ours/final/14085_exterior_image_2_left_pair1.png,/data/datasets/DROID/keep64_variants/clean/14085_exterior_image_2_left_pair1.png,"Pick up the object inside the bounding box [640, 576, 744, 696] and place it at the point [792, 536], in pixel coordinates of this image. Show the scene after the object has been moved to that location. Pick up the cup on the table. Place the cup in the cup."
/data/datasets/DROID/train_ours/final/4121_exterior_image_1_left_pair0.png,/data/datasets/DROID/keep64_variants/clean/4121_exterior_image_1_left_pair0.png,"Pick up the object inside the bounding box [504, 536, 628, 584] and place it at the point [632, 504], in pixel coordinates of this image. Show the scene after the object has been moved to that location. Pick up the spoon from the table. Place the spoon in the mug."
/data/datasets/DROID/train_ours/final/4121_exterior_image_1_left_pair1.png,/data/datasets/DROID/keep64_variants/clean/4121_exterior_image_1_left_pair1.png,"Pick up the object inside the bounding box [600, 464, 660, 540] and place it at the point [456, 476], in pixel coordinates of this image. Show the scene after the object has been moved to that location. Pick up the cup from the table. Place the cup to the left side of the keyboard."
/data/datasets/DROID/train_ours/final/1297_exterior_image_2_left_pair0.png,/data/datasets/DROID/keep64_variants/clean/1297_exterior_image_2_left_pair0.png,"Pick up the object inside the bounding box [532, 440, 584, 508] and place it at the point [484, 488], in pixel coordinates of this image. Show the scene after the object has been moved to that location. Pick up the marker from the cup. Place the marker on the table."
/data/datasets/DROID/train_ours/final/1297_exterior_image_2_left_pair1.png,/data/datasets/DROID/keep64_variants/clean/1297_exterior_image_2_left_pair1.png,"Pick up the object inside the bounding box [452, 456, 520, 524] and place it at the point [544, 468], in pixel coordinates of this image. Show the scene after the object has been moved to that location. Pick up the marker from the table. Place the marker into the cup."
/data/datasets/DROID/train_ours/final/88145_exterior_image_2_left_pair0.png,/data/datasets/DROID/keep64_variants/clean/88145_exterior_image_2_left_pair0.png,"Pick up the object inside the bounding box [956, 408, 1276, 696] and place it at the point [1120, 536], in pixel coordinates of this image. Show the scene after the object has been moved to that location. Pick up the box of laundry detergent on the washing machine. Place the box of laundry detergent on the washing machine."
/data/datasets/DROID/train_ours/final/88145_exterior_image_2_left_pair1.png,/data/datasets/DROID/keep64_variants/clean/88145_exterior_image_2_left_pair1.png,"Pick up the object inside the bounding box [960, 356, 1276, 716] and place it at the point [616, 300], in pixel coordinates of this image. Show the scene after the object has been moved to that location. Pick up the cup from the top of the washing machine. Place the cup at the edge of the washing machine."
/data/datasets/DROID/train_ours/final/18136_exterior_image_1_left_pair0.png,/data/datasets/DROID/keep64_variants/clean/18136_exterior_image_1_left_pair0.png,"Pick up the object inside the bounding box [460, 284, 608, 364] and place it at the point [536, 320], in pixel coordinates of this image. Show the scene after the object has been moved to that location. Pick up the shoe on the left from the rack. Place the shoe on the left beside the shoe on the right."
/data/datasets/DROID/train_ours/final/18136_exterior_image_1_left_pair1.png,/data/datasets/DROID/keep64_variants/clean/18136_exterior_image_1_left_pair1.png,"Pick up the object inside the bounding box [460, 280, 612, 356] and place it at the point [532, 444], in pixel coordinates of this image. Show the scene after the object has been moved to that location. Pick up a pair of sneakers from the rack. Place the sneakers on the bottom shelf of the rack."
/data/datasets/DROID/train_ours/final/89260_exterior_image_1_left_pair0.png,/data/datasets/DROID/keep64_variants/clean/89260_exterior_image_1_left_pair0.png,"Pick up the object inside the bounding box [800, 328, 840, 380] and place it at the point [1000, 568], in pixel coordinates of this image. Show the scene after the object has been moved to that location. Pick up the orange cup from the wooden stand. Place the orange cup on the table."
/data/datasets/DROID/train_ours/final/89260_exterior_image_1_left_pair1.png,/data/datasets/DROID/keep64_variants/clean/89260_exterior_image_1_left_pair1.png,"Pick up the object inside the bounding box [968, 540, 1032, 596] and place it at the point [984, 556], in pixel coordinates of this image. Show the scene after the object has been moved to that location. Pick up the grey tape from the shelf. Place the grey tape on the table around the orange cup."
