image,kontext_images,prompt
/data/datasets/DROID/train_v8/final/30314_exterior_image_2_left_pair0.png,/data/datasets/DROID/train_v12/kontext/30314_exterior_image_2_left_pair0.png,"Follow the markers in the image: the green box marks the object to grasp, the semi-transparent copy inside the blue box shows the object at its destination. Show the scene after the object has been moved to the marked location. Pick up the cup. Place it in the bowl."
/data/datasets/DROID/train_v8/final/30314_exterior_image_2_left_pair1.png,/data/datasets/DROID/train_v12/kontext/30314_exterior_image_2_left_pair1.png,"Follow the markers in the image: the green box marks the object to grasp, the semi-transparent copy inside the blue box shows the object at its destination. Show the scene after the object has been moved to the marked location. Pick up the knife. Place it in the cup."
/data/datasets/DROID/train_v8/final/11300_exterior_image_1_left_pair0.png,/data/datasets/DROID/train_v12/kontext/11300_exterior_image_1_left_pair0.png,"Follow the markers in the image: the green box marks the object to grasp, the semi-transparent copy inside the blue box shows the object at its destination. Show the scene after the object has been moved to the marked location. Pick up the cup. Place it on the table."
/data/datasets/DROID/train_v8/final/11300_exterior_image_1_left_pair1.png,/data/datasets/DROID/train_v12/kontext/11300_exterior_image_1_left_pair1.png,"Follow the markers in the image: the green box marks the object to grasp, the semi-transparent copy inside the blue box shows the object at its destination. Show the scene after the object has been moved to the marked location. Pick up the bowl. Place it on the table."
/data/datasets/DROID/train_v8/final/90405_exterior_image_1_left_pair0.png,/data/datasets/DROID/train_v12/kontext/90405_exterior_image_1_left_pair0.png,"Follow the markers in the image: the green box marks the object to grasp, the semi-transparent copy inside the blue box shows the object at its destination. Show the scene after the object has been moved to the marked location. Pick up the block. Place it in the bowl."
/data/datasets/DROID/train_v8/final/90405_exterior_image_1_left_pair1.png,/data/datasets/DROID/train_v12/kontext/90405_exterior_image_1_left_pair1.png,"Follow the markers in the image: the green box marks the object to grasp, the semi-transparent copy inside the blue box shows the object at its destination. Show the scene after the object has been moved to the marked location. Pick up the block. Place it in the bowl."
/data/datasets/DROID/train_v8/final/41090_exterior_image_2_left_pair0.png,/data/datasets/DROID/train_v12/kontext/41090_exterior_image_2_left_pair0.png,"Follow the markers in the image: the green box marks the object to grasp, the semi-transparent copy inside the blue box shows the object at its destination. Show the scene after the object has been moved to the marked location. Pick up the cup. Place it on the cup."
/data/datasets/DROID/train_v8/final/41090_exterior_image_2_left_pair1.png,/data/datasets/DROID/train_v12/kontext/41090_exterior_image_2_left_pair1.png,"Follow the markers in the image: the green box marks the object to grasp, the semi-transparent copy inside the blue box shows the object at its destination. Show the scene after the object has been moved to the marked location. Pick up the cup. Place it on the cup."
/data/datasets/DROID/train_v8/final/69850_exterior_image_1_left_pair0.png,/data/datasets/DROID/train_v12/kontext/69850_exterior_image_1_left_pair0.png,"Follow the markers in the image: the green box marks the object to grasp, the semi-transparent copy inside the blue box shows the object at its destination. Show the scene after the object has been moved to the marked location. Pick up the glue. Place it on the desktop."
/data/datasets/DROID/train_v8/final/69850_exterior_image_1_left_pair1.png,/data/datasets/DROID/train_v12/kontext/69850_exterior_image_1_left_pair1.png,"Follow the markers in the image: the green box marks the object to grasp, the semi-transparent copy inside the blue box shows the object at its destination. Show the scene after the object has been moved to the marked location. Pick up the glue. Place it in the mug."
/data/datasets/DROID/train_v8/final/41083_exterior_image_1_left_pair1.png,/data/datasets/DROID/train_v12/kontext/41083_exterior_image_1_left_pair1.png,"Follow the markers in the image: the green box marks the object to grasp, the semi-transparent copy inside the blue box shows the object at its destination. Show the scene after the object has been moved to the marked location. Pick up the K-cup. Place it on the cylinder."
/data/datasets/DROID/train_v8/final/67395_exterior_image_1_left_pair0.png,/data/datasets/DROID/train_v12/kontext/67395_exterior_image_1_left_pair0.png,"Follow the markers in the image: the green box marks the object to grasp, the semi-transparent copy inside the blue box shows the object at its destination. Show the scene after the object has been moved to the marked location. Pick up the marker. Place it on the table."
/data/datasets/DROID/train_v8/final/67395_exterior_image_1_left_pair1.png,/data/datasets/DROID/train_v12/kontext/67395_exterior_image_1_left_pair1.png,"Follow the markers in the image: the green box marks the object to grasp, the semi-transparent copy inside the blue box shows the object at its destination. Show the scene after the object has been moved to the marked location. Pick up the marker. Place it in the cup."
/data/datasets/DROID/train_v8/final/26552_exterior_image_2_left_pair0.png,/data/datasets/DROID/train_v12/kontext/26552_exterior_image_2_left_pair0.png,"Follow the markers in the image: the green box marks the object to grasp, the semi-transparent copy inside the blue box shows the object at its destination. Show the scene after the object has been moved to the marked location. Pick up the clothes and towels. Place it on the tabletop."
/data/datasets/DROID/train_v8/final/26552_exterior_image_2_left_pair1.png,/data/datasets/DROID/train_v12/kontext/26552_exterior_image_2_left_pair1.png,"Follow the markers in the image: the green box marks the object to grasp, the semi-transparent copy inside the blue box shows the object at its destination. Show the scene after the object has been moved to the marked location. Pick up the clothes and towels. Place it on the tabletop."
/data/datasets/DROID/train_v8/final/27881_exterior_image_1_left_pair0.png,/data/datasets/DROID/train_v12/kontext/27881_exterior_image_1_left_pair0.png,"Follow the markers in the image: the green box marks the object to grasp, the semi-transparent copy inside the blue box shows the object at its destination. Show the scene after the object has been moved to the marked location. Pick up the measuring cup. Place it on the countertop."
/data/datasets/DROID/train_v8/final/27881_exterior_image_1_left_pair1.png,/data/datasets/DROID/train_v12/kontext/27881_exterior_image_1_left_pair1.png,"Follow the markers in the image: the green box marks the object to grasp, the semi-transparent copy inside the blue box shows the object at its destination. Show the scene after the object has been moved to the marked location. Pick up the measuring cup. Place it on the measuring cup."
/data/datasets/DROID/train_v8/final/50728_exterior_image_2_left_pair0.png,/data/datasets/DROID/train_v12/kontext/50728_exterior_image_2_left_pair0.png,"Follow the markers in the image: the green box marks the object to grasp, the semi-transparent copy inside the blue box shows the object at its destination. Show the scene after the object has been moved to the marked location. Pick up the block. Place it in the bowl."
/data/datasets/DROID/train_v8/final/50728_exterior_image_2_left_pair1.png,/data/datasets/DROID/train_v12/kontext/50728_exterior_image_2_left_pair1.png,"Follow the markers in the image: the green box marks the object to grasp, the semi-transparent copy inside the blue box shows the object at its destination. Show the scene after the object has been moved to the marked location. Pick up the block. Place it in the bowl."
/data/datasets/DROID/train_v8/final/82177_exterior_image_2_left_pair0.png,/data/datasets/DROID/train_v12/kontext/82177_exterior_image_2_left_pair0.png,"Follow the markers in the image: the green box marks the object to grasp, the semi-transparent copy inside the blue box shows the object at its destination. Show the scene after the object has been moved to the marked location. Pick up the plate. Place it on the table."
/data/datasets/DROID/train_v8/final/82177_exterior_image_2_left_pair1.png,/data/datasets/DROID/train_v12/kontext/82177_exterior_image_2_left_pair1.png,"Follow the markers in the image: the green box marks the object to grasp, the semi-transparent copy inside the blue box shows the object at its destination. Show the scene after the object has been moved to the marked location. Pick up the lid. Place it on the table."
/data/datasets/DROID/train_v8/final/49584_exterior_image_1_left_pair0.png,/data/datasets/DROID/train_v12/kontext/49584_exterior_image_1_left_pair0.png,"Follow the markers in the image: the green box marks the object to grasp, the semi-transparent copy inside the blue box shows the object at its destination. Show the scene after the object has been moved to the marked location. Pick up the towel. Place it on the tripod."
/data/datasets/DROID/train_v8/final/49584_exterior_image_1_left_pair1.png,/data/datasets/DROID/train_v12/kontext/49584_exterior_image_1_left_pair1.png,"Follow the markers in the image: the green box marks the object to grasp, the semi-transparent copy inside the blue box shows the object at its destination. Show the scene after the object has been moved to the marked location. Pick up the towel. Place it on the table."
/data/datasets/DROID/train_v8/final/78588_exterior_image_1_left_pair0.png,/data/datasets/DROID/train_v12/kontext/78588_exterior_image_1_left_pair0.png,"Follow the markers in the image: the green box marks the object to grasp, the semi-transparent copy inside the blue box shows the object at its destination. Show the scene after the object has been moved to the marked location. Pick up the coffee cup. Place it on the tabletop."
/data/datasets/DROID/train_v8/final/78588_exterior_image_1_left_pair1.png,/data/datasets/DROID/train_v12/kontext/78588_exterior_image_1_left_pair1.png,"Follow the markers in the image: the green box marks the object to grasp, the semi-transparent copy inside the blue box shows the object at its destination. Show the scene after the object has been moved to the marked location. Pick up the coffee pod. Place it in the slot of coffee machine."
/data/datasets/DROID/train_v8/final/66202_exterior_image_1_left_pair1.png,/data/datasets/DROID/train_v12/kontext/66202_exterior_image_1_left_pair1.png,"Follow the markers in the image: the green box marks the object to grasp, the semi-transparent copy inside the blue box shows the object at its destination. Show the scene after the object has been moved to the marked location. Pick up the fabric. Place it on the seat of chair."
/data/datasets/DROID/train_v8/final/47841_exterior_image_2_left_pair0.png,/data/datasets/DROID/train_v12/kontext/47841_exterior_image_2_left_pair0.png,"Follow the markers in the image: the green box marks the object to grasp, the semi-transparent copy inside the blue box shows the object at its destination. Show the scene after the object has been moved to the marked location. Pick up the pen. Place it on the table."
/data/datasets/DROID/train_v8/final/47841_exterior_image_2_left_pair1.png,/data/datasets/DROID/train_v12/kontext/47841_exterior_image_2_left_pair1.png,"Follow the markers in the image: the green box marks the object to grasp, the semi-transparent copy inside the blue box shows the object at its destination. Show the scene after the object has been moved to the marked location. Pick up the pen. Place it in the cup."
/data/datasets/DROID/train_v8/final/83729_exterior_image_1_left_pair0.png,/data/datasets/DROID/train_v12/kontext/83729_exterior_image_1_left_pair0.png,"Follow the markers in the image: the green box marks the object to grasp, the semi-transparent copy inside the blue box shows the object at its destination. Show the scene after the object has been moved to the marked location. Pick up the water bottle. Place it in the box."
/data/datasets/DROID/train_v8/final/83729_exterior_image_1_left_pair1.png,/data/datasets/DROID/train_v12/kontext/83729_exterior_image_1_left_pair1.png,"Follow the markers in the image: the green box marks the object to grasp, the semi-transparent copy inside the blue box shows the object at its destination. Show the scene after the object has been moved to the marked location. Pick up the water bottle. Place it in the box."
/data/datasets/DROID/train_v8/final/38712_exterior_image_2_left_pair0.png,/data/datasets/DROID/train_v12/kontext/38712_exterior_image_2_left_pair0.png,"Follow the markers in the image: the green box marks the object to grasp, the semi-transparent copy inside the blue box shows the object at its destination. Show the scene after the object has been moved to the marked location. Pick up the cup. Place it in the cup."
/data/datasets/DROID/train_v8/final/38712_exterior_image_2_left_pair1.png,/data/datasets/DROID/train_v12/kontext/38712_exterior_image_2_left_pair1.png,"Follow the markers in the image: the green box marks the object to grasp, the semi-transparent copy inside the blue box shows the object at its destination. Show the scene after the object has been moved to the marked location. Pick up the stacked cups. Place it in the cup."
/data/datasets/DROID/train_v8/final/63977_exterior_image_1_left_pair1.png,/data/datasets/DROID/train_v12/kontext/63977_exterior_image_1_left_pair1.png,"Follow the markers in the image: the green box marks the object to grasp, the semi-transparent copy inside the blue box shows the object at its destination. Show the scene after the object has been moved to the marked location. Pick up the block. Place it in the bowl."
/data/datasets/DROID/train_v8/final/85419_exterior_image_1_left_pair0.png,/data/datasets/DROID/train_v12/kontext/85419_exterior_image_1_left_pair0.png,"Follow the markers in the image: the green box marks the object to grasp, the semi-transparent copy inside the blue box shows the object at its destination. Show the scene after the object has been moved to the marked location. Pick up the cup. Place it in the cup."
/data/datasets/DROID/train_v8/final/85419_exterior_image_1_left_pair1.png,/data/datasets/DROID/train_v12/kontext/85419_exterior_image_1_left_pair1.png,"Follow the markers in the image: the green box marks the object to grasp, the semi-transparent copy inside the blue box shows the object at its destination. Show the scene after the object has been moved to the marked location. Pick up the stack cups. Place it in the cup."
/data/datasets/DROID/train_v8/final/57328_exterior_image_1_left_pair0.png,/data/datasets/DROID/train_v12/kontext/57328_exterior_image_1_left_pair0.png,"Follow the markers in the image: the green box marks the object to grasp, the semi-transparent copy inside the blue box shows the object at its destination. Show the scene after the object has been moved to the marked location. Pick up the bottle. Place it on the counter."
/data/datasets/DROID/train_v8/final/57328_exterior_image_1_left_pair1.png,/data/datasets/DROID/train_v12/kontext/57328_exterior_image_1_left_pair1.png,"Follow the markers in the image: the green box marks the object to grasp, the semi-transparent copy inside the blue box shows the object at its destination. Show the scene after the object has been moved to the marked location. Pick up the bottle. Place it on the counter."
/data/datasets/DROID/train_v8/final/62933_exterior_image_1_left_pair1.png,/data/datasets/DROID/train_v12/kontext/62933_exterior_image_1_left_pair1.png,"Follow the markers in the image: the green box marks the object to grasp, the semi-transparent copy inside the blue box shows the object at its destination. Show the scene after the object has been moved to the marked location. Pick up the object. Place it in the box."
/data/datasets/DROID/train_v8/final/36405_exterior_image_2_left_pair0.png,/data/datasets/DROID/train_v12/kontext/36405_exterior_image_2_left_pair0.png,"Follow the markers in the image: the green box marks the object to grasp, the semi-transparent copy inside the blue box shows the object at its destination. Show the scene after the object has been moved to the marked location. Pick up the cube. Place it in the bowl."
/data/datasets/DROID/train_v8/final/36405_exterior_image_2_left_pair1.png,/data/datasets/DROID/train_v12/kontext/36405_exterior_image_2_left_pair1.png,"Follow the markers in the image: the green box marks the object to grasp, the semi-transparent copy inside the blue box shows the object at its destination. Show the scene after the object has been moved to the marked location. Pick up the cube. Place it in the bowl."
/data/datasets/DROID/train_v8/final/51357_exterior_image_1_left_pair0.png,/data/datasets/DROID/train_v12/kontext/51357_exterior_image_1_left_pair0.png,"Follow the markers in the image: the green box marks the object to grasp, the semi-transparent copy inside the blue box shows the object at its destination. Show the scene after the object has been moved to the marked location. Pick up the clothes. Place it on the table."
/data/datasets/DROID/train_v8/final/51357_exterior_image_1_left_pair1.png,/data/datasets/DROID/train_v12/kontext/51357_exterior_image_1_left_pair1.png,"Follow the markers in the image: the green box marks the object to grasp, the semi-transparent copy inside the blue box shows the object at its destination. Show the scene after the object has been moved to the marked location. Pick up the clothes. Place it on the table."
/data/datasets/DROID/train_v8/final/51873_exterior_image_2_left_pair0.png,/data/datasets/DROID/train_v12/kontext/51873_exterior_image_2_left_pair0.png,"Follow the markers in the image: the green box marks the object to grasp, the semi-transparent copy inside the blue box shows the object at its destination. Show the scene after the object has been moved to the marked location. Pick up the plate. Place it on the towel."
/data/datasets/DROID/train_v8/final/51873_exterior_image_2_left_pair1.png,/data/datasets/DROID/train_v12/kontext/51873_exterior_image_2_left_pair1.png,"Follow the markers in the image: the green box marks the object to grasp, the semi-transparent copy inside the blue box shows the object at its destination. Show the scene after the object has been moved to the marked location. Pick up the ball. Place it on the plate."
/data/datasets/DROID/train_v8/final/3159_exterior_image_2_left_pair1.png,/data/datasets/DROID/train_v12/kontext/3159_exterior_image_2_left_pair1.png,"Follow the markers in the image: the green box marks the object to grasp, the semi-transparent copy inside the blue box shows the object at its destination. Show the scene after the object has been moved to the marked location. Pick up the item. Place it on the sofa's armrest."
/data/datasets/DROID/train_v8/final/41035_exterior_image_2_left_pair0.png,/data/datasets/DROID/train_v12/kontext/41035_exterior_image_2_left_pair0.png,"Follow the markers in the image: the green box marks the object to grasp, the semi-transparent copy inside the blue box shows the object at its destination. Show the scene after the object has been moved to the marked location. Pick up the block. Place it in the bowl."
/data/datasets/DROID/train_v8/final/41035_exterior_image_2_left_pair1.png,/data/datasets/DROID/train_v12/kontext/41035_exterior_image_2_left_pair1.png,"Follow the markers in the image: the green box marks the object to grasp, the semi-transparent copy inside the blue box shows the object at its destination. Show the scene after the object has been moved to the marked location. Pick up the piece. Place it in the bowl."
/data/datasets/DROID/train_v8/final/15123_exterior_image_1_left_pair0.png,/data/datasets/DROID/train_v12/kontext/15123_exterior_image_1_left_pair0.png,"Follow the markers in the image: the green box marks the object to grasp, the semi-transparent copy inside the blue box shows the object at its destination. Show the scene after the object has been moved to the marked location. Pick up the glue. Place it on the table."
/data/datasets/DROID/train_v8/final/15123_exterior_image_1_left_pair1.png,/data/datasets/DROID/train_v12/kontext/15123_exterior_image_1_left_pair1.png,"Follow the markers in the image: the green box marks the object to grasp, the semi-transparent copy inside the blue box shows the object at its destination. Show the scene after the object has been moved to the marked location. Pick up the glue. Place it in the cup."
/data/datasets/DROID/train_v8/final/49515_exterior_image_2_left_pair0.png,/data/datasets/DROID/train_v12/kontext/49515_exterior_image_2_left_pair0.png,"Follow the markers in the image: the green box marks the object to grasp, the semi-transparent copy inside the blue box shows the object at its destination. Show the scene after the object has been moved to the marked location. Pick up the t-shirt. Place it on the box."
/data/datasets/DROID/train_v8/final/49515_exterior_image_2_left_pair1.png,/data/datasets/DROID/train_v12/kontext/49515_exterior_image_2_left_pair1.png,"Follow the markers in the image: the green box marks the object to grasp, the semi-transparent copy inside the blue box shows the object at its destination. Show the scene after the object has been moved to the marked location. Pick up the clothing. Place it on the box."
/data/datasets/DROID/train_v8/final/62282_exterior_image_1_left_pair0.png,/data/datasets/DROID/train_v12/kontext/62282_exterior_image_1_left_pair0.png,"Follow the markers in the image: the green box marks the object to grasp, the semi-transparent copy inside the blue box shows the object at its destination. Show the scene after the object has been moved to the marked location. Pick up the cup. Place it in the cup."
/data/datasets/DROID/train_v8/final/62282_exterior_image_1_left_pair1.png,/data/datasets/DROID/train_v12/kontext/62282_exterior_image_1_left_pair1.png,"Follow the markers in the image: the green box marks the object to grasp, the semi-transparent copy inside the blue box shows the object at its destination. Show the scene after the object has been moved to the marked location. Pick up the stack of cups. Place it in the cup."
/data/datasets/DROID/train_v8/final/48292_exterior_image_2_left_pair0.png,/data/datasets/DROID/train_v12/kontext/48292_exterior_image_2_left_pair0.png,"Follow the markers in the image: the green box marks the object to grasp, the semi-transparent copy inside the blue box shows the object at its destination. Show the scene after the object has been moved to the marked location. Pick up the bottle of spices. Place it on the countertop."
/data/datasets/DROID/train_v8/final/48292_exterior_image_2_left_pair1.png,/data/datasets/DROID/train_v12/kontext/48292_exterior_image_2_left_pair1.png,"Follow the markers in the image: the green box marks the object to grasp, the semi-transparent copy inside the blue box shows the object at its destination. Show the scene after the object has been moved to the marked location. Pick up the lid. Place it on the table."
/data/datasets/DROID/train_v8/final/8152_exterior_image_2_left_pair0.png,/data/datasets/DROID/train_v12/kontext/8152_exterior_image_2_left_pair0.png,"Follow the markers in the image: the green box marks the object to grasp, the semi-transparent copy inside the blue box shows the object at its destination. Show the scene after the object has been moved to the marked location. Pick up the clothes. Place it on the table."
/data/datasets/DROID/train_v8/final/8152_exterior_image_2_left_pair1.png,/data/datasets/DROID/train_v12/kontext/8152_exterior_image_2_left_pair1.png,"Follow the markers in the image: the green box marks the object to grasp, the semi-transparent copy inside the blue box shows the object at its destination. Show the scene after the object has been moved to the marked location. Pick up the clothes. Place it on the table."
/data/datasets/DROID/train_v8/final/54282_exterior_image_2_left_pair1.png,/data/datasets/DROID/train_v12/kontext/54282_exterior_image_2_left_pair1.png,"Follow the markers in the image: the green box marks the object to grasp, the semi-transparent copy inside the blue box shows the object at its destination. Show the scene after the object has been moved to the marked location. Pick up the pot. Place it on the plate."
/data/datasets/DROID/train_v8/final/53737_exterior_image_1_left_pair0.png,/data/datasets/DROID/train_v12/kontext/53737_exterior_image_1_left_pair0.png,"Follow the markers in the image: the green box marks the object to grasp, the semi-transparent copy inside the blue box shows the object at its destination. Show the scene after the object has been moved to the marked location. Pick up the bowl. Place it on the bowl."
/data/datasets/DROID/train_v8/final/53737_exterior_image_1_left_pair1.png,/data/datasets/DROID/train_v12/kontext/53737_exterior_image_1_left_pair1.png,"Follow the markers in the image: the green box marks the object to grasp, the semi-transparent copy inside the blue box shows the object at its destination. Show the scene after the object has been moved to the marked location. Pick up the bowl. Place it on the bowl."
/data/datasets/DROID/train_v8/final/77426_exterior_image_2_left_pair0.png,/data/datasets/DROID/train_v12/kontext/77426_exterior_image_2_left_pair0.png,"Follow the markers in the image: the green box marks the object to grasp, the semi-transparent copy inside the blue box shows the object at its destination. Show the scene after the object has been moved to the marked location. Pick up the box. Place it on the desktop."
/data/datasets/DROID/train_v8/final/77426_exterior_image_2_left_pair1.png,/data/datasets/DROID/train_v12/kontext/77426_exterior_image_2_left_pair1.png,"Follow the markers in the image: the green box marks the object to grasp, the semi-transparent copy inside the blue box shows the object at its destination. Show the scene after the object has been moved to the marked location. Pick up the hair tie. Place it on the desktop."
/data/datasets/DROID/train_v8/final/83908_exterior_image_1_left_pair1.png,/data/datasets/DROID/train_v12/kontext/83908_exterior_image_1_left_pair1.png,"Follow the markers in the image: the green box marks the object to grasp, the semi-transparent copy inside the blue box shows the object at its destination. Show the scene after the object has been moved to the marked location. Pick up the lid. Place it on the countertop."
/data/datasets/DROID/train_v8/final/2970_exterior_image_1_left_pair0.png,/data/datasets/DROID/train_v12/kontext/2970_exterior_image_1_left_pair0.png,"Follow the markers in the image: the green box marks the object to grasp, the semi-transparent copy inside the blue box shows the object at its destination. Show the scene after the object has been moved to the marked location. Pick up the block. Place it in the bowl."
/data/datasets/DROID/train_v8/final/2970_exterior_image_1_left_pair1.png,/data/datasets/DROID/train_v12/kontext/2970_exterior_image_1_left_pair1.png,"Follow the markers in the image: the green box marks the object to grasp, the semi-transparent copy inside the blue box shows the object at its destination. Show the scene after the object has been moved to the marked location. Pick up the block. Place it in the bowl."
/data/datasets/DROID/train_v8/final/22238_exterior_image_2_left_pair0.png,/data/datasets/DROID/train_v12/kontext/22238_exterior_image_2_left_pair0.png,"Follow the markers in the image: the green box marks the object to grasp, the semi-transparent copy inside the blue box shows the object at its destination. Show the scene after the object has been moved to the marked location. Pick up the block. Place it in the bowl."
/data/datasets/DROID/train_v8/final/22238_exterior_image_2_left_pair1.png,/data/datasets/DROID/train_v12/kontext/22238_exterior_image_2_left_pair1.png,"Follow the markers in the image: the green box marks the object to grasp, the semi-transparent copy inside the blue box shows the object at its destination. Show the scene after the object has been moved to the marked location. Pick up the block. Place it in the bowl."
/data/datasets/DROID/train_v8/final/61636_exterior_image_2_left_pair0.png,/data/datasets/DROID/train_v12/kontext/61636_exterior_image_2_left_pair0.png,"Follow the markers in the image: the green box marks the object to grasp, the semi-transparent copy inside the blue box shows the object at its destination. Show the scene after the object has been moved to the marked location. Pick up the cloth. Place it on the table."
/data/datasets/DROID/train_v8/final/61171_exterior_image_1_left_pair0.png,/data/datasets/DROID/train_v12/kontext/61171_exterior_image_1_left_pair0.png,"Follow the markers in the image: the green box marks the object to grasp, the semi-transparent copy inside the blue box shows the object at its destination. Show the scene after the object has been moved to the marked location. Pick up the block. Place it in the bowl."
/data/datasets/DROID/train_v8/final/61171_exterior_image_1_left_pair1.png,/data/datasets/DROID/train_v12/kontext/61171_exterior_image_1_left_pair1.png,"Follow the markers in the image: the green box marks the object to grasp, the semi-transparent copy inside the blue box shows the object at its destination. Show the scene after the object has been moved to the marked location. Pick up the block. Place it in the bowl."
/data/datasets/DROID/train_v8/final/84770_exterior_image_1_left_pair0.png,/data/datasets/DROID/train_v12/kontext/84770_exterior_image_1_left_pair0.png,"Follow the markers in the image: the green box marks the object to grasp, the semi-transparent copy inside the blue box shows the object at its destination. Show the scene after the object has been moved to the marked location. Pick up the cube. Place it in the bowl."
/data/datasets/DROID/train_v8/final/84770_exterior_image_1_left_pair1.png,/data/datasets/DROID/train_v12/kontext/84770_exterior_image_1_left_pair1.png,"Follow the markers in the image: the green box marks the object to grasp, the semi-transparent copy inside the blue box shows the object at its destination. Show the scene after the object has been moved to the marked location. Pick up the block. Place it in the bowl."
/data/datasets/DROID/train_v8/final/89821_exterior_image_2_left_pair0.png,/data/datasets/DROID/train_v12/kontext/89821_exterior_image_2_left_pair0.png,"Follow the markers in the image: the green box marks the object to grasp, the semi-transparent copy inside the blue box shows the object at its destination. Show the scene after the object has been moved to the marked location. Pick up the cup. Place it on the cup."
/data/datasets/DROID/train_v8/final/89821_exterior_image_2_left_pair1.png,/data/datasets/DROID/train_v12/kontext/89821_exterior_image_2_left_pair1.png,"Follow the markers in the image: the green box marks the object to grasp, the semi-transparent copy inside the blue box shows the object at its destination. Show the scene after the object has been moved to the marked location. Pick up the cup. Place it on the cup."
/data/datasets/DROID/train_v8/final/84009_exterior_image_2_left_pair0.png,/data/datasets/DROID/train_v12/kontext/84009_exterior_image_2_left_pair0.png,"Follow the markers in the image: the green box marks the object to grasp, the semi-transparent copy inside the blue box shows the object at its destination. Show the scene after the object has been moved to the marked location. Pick up the cup. Place it on the cup."
/data/datasets/DROID/train_v8/final/84009_exterior_image_2_left_pair1.png,/data/datasets/DROID/train_v12/kontext/84009_exterior_image_2_left_pair1.png,"Follow the markers in the image: the green box marks the object to grasp, the semi-transparent copy inside the blue box shows the object at its destination. Show the scene after the object has been moved to the marked location. Pick up the cup. Place it on the cup."
/data/datasets/DROID/train_v8/final/67395_exterior_image_2_left_pair0.png,/data/datasets/DROID/train_v12/kontext/67395_exterior_image_2_left_pair0.png,"Follow the markers in the image: the green box marks the object to grasp, the semi-transparent copy inside the blue box shows the object at its destination. Show the scene after the object has been moved to the marked location. Pick up the marker. Place it on the table."
/data/datasets/DROID/train_v8/final/67395_exterior_image_2_left_pair1.png,/data/datasets/DROID/train_v12/kontext/67395_exterior_image_2_left_pair1.png,"Follow the markers in the image: the green box marks the object to grasp, the semi-transparent copy inside the blue box shows the object at its destination. Show the scene after the object has been moved to the marked location. Pick up the marker. Place it in the cup."
/data/datasets/DROID/train_v8/final/35764_exterior_image_2_left_pair0.png,/data/datasets/DROID/train_v12/kontext/35764_exterior_image_2_left_pair0.png,"Follow the markers in the image: the green box marks the object to grasp, the semi-transparent copy inside the blue box shows the object at its destination. Show the scene after the object has been moved to the marked location. Pick up the cup. Place it on the cup."
/data/datasets/DROID/train_v8/final/35764_exterior_image_2_left_pair1.png,/data/datasets/DROID/train_v12/kontext/35764_exterior_image_2_left_pair1.png,"Follow the markers in the image: the green box marks the object to grasp, the semi-transparent copy inside the blue box shows the object at its destination. Show the scene after the object has been moved to the marked location. Pick up the cup. Place it on the cup."
/data/datasets/DROID/train_v8/final/82839_exterior_image_1_left_pair0.png,/data/datasets/DROID/train_v12/kontext/82839_exterior_image_1_left_pair0.png,"Follow the markers in the image: the green box marks the object to grasp, the semi-transparent copy inside the blue box shows the object at its destination. Show the scene after the object has been moved to the marked location. Pick up the clothes. Place it on the box."
/data/datasets/DROID/train_v8/final/82839_exterior_image_1_left_pair1.png,/data/datasets/DROID/train_v12/kontext/82839_exterior_image_1_left_pair1.png,"Follow the markers in the image: the green box marks the object to grasp, the semi-transparent copy inside the blue box shows the object at its destination. Show the scene after the object has been moved to the marked location. Pick up the towel. Place it on the box."
/data/datasets/DROID/train_v8/final/78588_exterior_image_2_left_pair0.png,/data/datasets/DROID/train_v12/kontext/78588_exterior_image_2_left_pair0.png,"Follow the markers in the image: the green box marks the object to grasp, the semi-transparent copy inside the blue box shows the object at its destination. Show the scene after the object has been moved to the marked location. Pick up the coffee cup. Place it on the tabletop."
/data/datasets/DROID/train_v8/final/59418_exterior_image_1_left_pair0.png,/data/datasets/DROID/train_v12/kontext/59418_exterior_image_1_left_pair0.png,"Follow the markers in the image: the green box marks the object to grasp, the semi-transparent copy inside the blue box shows the object at its destination. Show the scene after the object has been moved to the marked location. Pick up the shoe. Place it on the shelf."
/data/datasets/DROID/train_v8/final/59418_exterior_image_1_left_pair1.png,/data/datasets/DROID/train_v12/kontext/59418_exterior_image_1_left_pair1.png,"Follow the markers in the image: the green box marks the object to grasp, the semi-transparent copy inside the blue box shows the object at its destination. Show the scene after the object has been moved to the marked location. Pick up the shoe. Place it on the shelf."
/data/datasets/DROID/train_v8/final/69960_exterior_image_2_left_pair0.png,/data/datasets/DROID/train_v12/kontext/69960_exterior_image_2_left_pair0.png,"Follow the markers in the image: the green box marks the object to grasp, the semi-transparent copy inside the blue box shows the object at its destination. Show the scene after the object has been moved to the marked location. Pick up the bottle. Place it in the cabinet."
/data/datasets/DROID/train_v8/final/52636_exterior_image_1_left_pair0.png,/data/datasets/DROID/train_v12/kontext/52636_exterior_image_1_left_pair0.png,"Follow the markers in the image: the green box marks the object to grasp, the semi-transparent copy inside the blue box shows the object at its destination. Show the scene after the object has been moved to the marked location. Pick up the plate. Place it on the table."
/data/datasets/DROID/train_v8/final/52636_exterior_image_1_left_pair1.png,/data/datasets/DROID/train_v12/kontext/52636_exterior_image_1_left_pair1.png,"Follow the markers in the image: the green box marks the object to grasp, the semi-transparent copy inside the blue box shows the object at its destination. Show the scene after the object has been moved to the marked location. Pick up the spoon. Place it on the table."
/data/datasets/DROID/train_v8/final/90744_exterior_image_1_left_pair0.png,/data/datasets/DROID/train_v12/kontext/90744_exterior_image_1_left_pair0.png,"Follow the markers in the image: the green box marks the object to grasp, the semi-transparent copy inside the blue box shows the object at its destination. Show the scene after the object has been moved to the marked location. Pick up the glue stick. Place it on the table."
/data/datasets/DROID/train_v8/final/90744_exterior_image_1_left_pair1.png,/data/datasets/DROID/train_v12/kontext/90744_exterior_image_1_left_pair1.png,"Follow the markers in the image: the green box marks the object to grasp, the semi-transparent copy inside the blue box shows the object at its destination. Show the scene after the object has been moved to the marked location. Pick up the glue stick. Place it in the cup."
/data/datasets/DROID/train_v8/final/35705_exterior_image_2_left_pair0.png,/data/datasets/DROID/train_v12/kontext/35705_exterior_image_2_left_pair0.png,"Follow the markers in the image: the green box marks the object to grasp, the semi-transparent copy inside the blue box shows the object at its destination. Show the scene after the object has been moved to the marked location. Pick up the cup. Place it on the cup."
/data/datasets/DROID/train_v8/final/35705_exterior_image_2_left_pair1.png,/data/datasets/DROID/train_v12/kontext/35705_exterior_image_2_left_pair1.png,"Follow the markers in the image: the green box marks the object to grasp, the semi-transparent copy inside the blue box shows the object at its destination. Show the scene after the object has been moved to the marked location. Pick up the cup. Place it on the cup."
/data/datasets/DROID/train_v8/final/69902_exterior_image_1_left_pair0.png,/data/datasets/DROID/train_v12/kontext/69902_exterior_image_1_left_pair0.png,"Follow the markers in the image: the green box marks the object to grasp, the semi-transparent copy inside the blue box shows the object at its destination. Show the scene after the object has been moved to the marked location. Pick up the cup. Place it on the cup."
/data/datasets/DROID/train_v8/final/69902_exterior_image_1_left_pair1.png,/data/datasets/DROID/train_v12/kontext/69902_exterior_image_1_left_pair1.png,"Follow the markers in the image: the green box marks the object to grasp, the semi-transparent copy inside the blue box shows the object at its destination. Show the scene after the object has been moved to the marked location. Pick up the cup. Place it on the cup."
/data/datasets/DROID/train_v8/final/65411_exterior_image_1_left_pair0.png,/data/datasets/DROID/train_v12/kontext/65411_exterior_image_1_left_pair0.png,"Follow the markers in the image: the green box marks the object to grasp, the semi-transparent copy inside the blue box shows the object at its destination. Show the scene after the object has been moved to the marked location. Pick up the block. Place it on the desk."
/data/datasets/DROID/train_v8/final/65411_exterior_image_1_left_pair1.png,/data/datasets/DROID/train_v12/kontext/65411_exterior_image_1_left_pair1.png,"Follow the markers in the image: the green box marks the object to grasp, the semi-transparent copy inside the blue box shows the object at its destination. Show the scene after the object has been moved to the marked location. Pick up the block. Place it on the desk."
/data/datasets/DROID/train_v8/final/7977_exterior_image_2_left_pair0.png,/data/datasets/DROID/train_v12/kontext/7977_exterior_image_2_left_pair0.png,"Follow the markers in the image: the green box marks the object to grasp, the semi-transparent copy inside the blue box shows the object at its destination. Show the scene after the object has been moved to the marked location. Pick up the cup. Place it on the cup."
/data/datasets/DROID/train_v8/final/477_exterior_image_2_left_pair0.png,/data/datasets/DROID/train_v12/kontext/477_exterior_image_2_left_pair0.png,"Follow the markers in the image: the green box marks the object to grasp, the semi-transparent copy inside the blue box shows the object at its destination. Show the scene after the object has been moved to the marked location. Pick up the object. Place it in the cup."
/data/datasets/DROID/train_v8/final/477_exterior_image_2_left_pair1.png,/data/datasets/DROID/train_v12/kontext/477_exterior_image_2_left_pair1.png,"Follow the markers in the image: the green box marks the object to grasp, the semi-transparent copy inside the blue box shows the object at its destination. Show the scene after the object has been moved to the marked location. Pick up the object. Place it on the desk."
/data/datasets/DROID/train_v8/final/17559_exterior_image_1_left_pair0.png,/data/datasets/DROID/train_v12/kontext/17559_exterior_image_1_left_pair0.png,"Follow the markers in the image: the green box marks the object to grasp, the semi-transparent copy inside the blue box shows the object at its destination. Show the scene after the object has been moved to the marked location. Pick up the cloth. Place it on the backrest chair."
/data/datasets/DROID/train_v8/final/14565_exterior_image_2_left_pair0.png,/data/datasets/DROID/train_v12/kontext/14565_exterior_image_2_left_pair0.png,"Follow the markers in the image: the green box marks the object to grasp, the semi-transparent copy inside the blue box shows the object at its destination. Show the scene after the object has been moved to the marked location. Pick up the slipper. Place it on the rack."
/data/datasets/DROID/train_v8/final/14565_exterior_image_2_left_pair1.png,/data/datasets/DROID/train_v12/kontext/14565_exterior_image_2_left_pair1.png,"Follow the markers in the image: the green box marks the object to grasp, the semi-transparent copy inside the blue box shows the object at its destination. Show the scene after the object has been moved to the marked location. Pick up the slipper. Place it on the rack."
/data/datasets/DROID/train_v8/final/15123_exterior_image_2_left_pair0.png,/data/datasets/DROID/train_v12/kontext/15123_exterior_image_2_left_pair0.png,"Follow the markers in the image: the green box marks the object to grasp, the semi-transparent copy inside the blue box shows the object at its destination. Show the scene after the object has been moved to the marked location. Pick up the glue. Place it on the table."
/data/datasets/DROID/train_v8/final/15123_exterior_image_2_left_pair1.png,/data/datasets/DROID/train_v12/kontext/15123_exterior_image_2_left_pair1.png,"Follow the markers in the image: the green box marks the object to grasp, the semi-transparent copy inside the blue box shows the object at its destination. Show the scene after the object has been moved to the marked location. Pick up the glue. Place it in the cup."
/data/datasets/DROID/train_v8/final/71070_exterior_image_2_left_pair0.png,/data/datasets/DROID/train_v12/kontext/71070_exterior_image_2_left_pair0.png,"Follow the markers in the image: the green box marks the object to grasp, the semi-transparent copy inside the blue box shows the object at its destination. Show the scene after the object has been moved to the marked location. Pick up the scissors. Place it in the mug."
/data/datasets/DROID/train_v8/final/71070_exterior_image_2_left_pair1.png,/data/datasets/DROID/train_v12/kontext/71070_exterior_image_2_left_pair1.png,"Follow the markers in the image: the green box marks the object to grasp, the semi-transparent copy inside the blue box shows the object at its destination. Show the scene after the object has been moved to the marked location. Pick up the scissors. Place it on the tabletop."
/data/datasets/DROID/train_v8/final/81112_exterior_image_1_left_pair1.png,/data/datasets/DROID/train_v12/kontext/81112_exterior_image_1_left_pair1.png,"Follow the markers in the image: the green box marks the object to grasp, the semi-transparent copy inside the blue box shows the object at its destination. Show the scene after the object has been moved to the marked location. Pick up the cup. Place it on the cup."
/data/datasets/DROID/train_v8/final/53838_exterior_image_2_left_pair0.png,/data/datasets/DROID/train_v12/kontext/53838_exterior_image_2_left_pair0.png,"Follow the markers in the image: the green box marks the object to grasp, the semi-transparent copy inside the blue box shows the object at its destination. Show the scene after the object has been moved to the marked location. Pick up the glue stick. Place it in the mug."
/data/datasets/DROID/train_v8/final/53838_exterior_image_2_left_pair1.png,/data/datasets/DROID/train_v12/kontext/53838_exterior_image_2_left_pair1.png,"Follow the markers in the image: the green box marks the object to grasp, the semi-transparent copy inside the blue box shows the object at its destination. Show the scene after the object has been moved to the marked location. Pick up the glue stick. Place it on the desk."
/data/datasets/DROID/train_v8/final/53838_exterior_image_2_left_pair2.png,/data/datasets/DROID/train_v12/kontext/53838_exterior_image_2_left_pair2.png,"Follow the markers in the image: the green box marks the object to grasp, the semi-transparent copy inside the blue box shows the object at its destination. Show the scene after the object has been moved to the marked location. Pick up the glue stick. Place it in the cup."
/data/datasets/DROID/train_v8/final/39268_exterior_image_1_left_pair0.png,/data/datasets/DROID/train_v12/kontext/39268_exterior_image_1_left_pair0.png,"Follow the markers in the image: the green box marks the object to grasp, the semi-transparent copy inside the blue box shows the object at its destination. Show the scene after the object has been moved to the marked location. Pick up the pen. Place it on the table."
/data/datasets/DROID/train_v8/final/39268_exterior_image_1_left_pair1.png,/data/datasets/DROID/train_v12/kontext/39268_exterior_image_1_left_pair1.png,"Follow the markers in the image: the green box marks the object to grasp, the semi-transparent copy inside the blue box shows the object at its destination. Show the scene after the object has been moved to the marked location. Pick up the pen. Place it in the cup."
/data/datasets/DROID/train_v8/final/41090_exterior_image_1_left_pair0.png,/data/datasets/DROID/train_v12/kontext/41090_exterior_image_1_left_pair0.png,"Follow the markers in the image: the green box marks the object to grasp, the semi-transparent copy inside the blue box shows the object at its destination. Show the scene after the object has been moved to the marked location. Pick up the cup. Place it on the cup."
/data/datasets/DROID/train_v8/final/41090_exterior_image_1_left_pair1.png,/data/datasets/DROID/train_v12/kontext/41090_exterior_image_1_left_pair1.png,"Follow the markers in the image: the green box marks the object to grasp, the semi-transparent copy inside the blue box shows the object at its destination. Show the scene after the object has been moved to the marked location. Pick up the cup. Place it on the cup."
/data/datasets/DROID/train_v8/final/13269_exterior_image_2_left_pair0.png,/data/datasets/DROID/train_v12/kontext/13269_exterior_image_2_left_pair0.png,"Follow the markers in the image: the green box marks the object to grasp, the semi-transparent copy inside the blue box shows the object at its destination. Show the scene after the object has been moved to the marked location. Pick up the remote. Place it on the cushion."
/data/datasets/DROID/train_v8/final/13269_exterior_image_2_left_pair1.png,/data/datasets/DROID/train_v12/kontext/13269_exterior_image_2_left_pair1.png,"Follow the markers in the image: the green box marks the object to grasp, the semi-transparent copy inside the blue box shows the object at its destination. Show the scene after the object has been moved to the marked location. Pick up the remote. Place it on the remote."
/data/datasets/DROID/train_v8/final/26867_exterior_image_2_left_pair0.png,/data/datasets/DROID/train_v12/kontext/26867_exterior_image_2_left_pair0.png,"Follow the markers in the image: the green box marks the object to grasp, the semi-transparent copy inside the blue box shows the object at its destination. Show the scene after the object has been moved to the marked location. Pick up the pineapple toy. Place it on the table."
/data/datasets/DROID/train_v8/final/26867_exterior_image_2_left_pair1.png,/data/datasets/DROID/train_v12/kontext/26867_exterior_image_2_left_pair1.png,"Follow the markers in the image: the green box marks the object to grasp, the semi-transparent copy inside the blue box shows the object at its destination. Show the scene after the object has been moved to the marked location. Pick up the watermelon toy. Place it on the table."
/data/datasets/DROID/train_v8/final/91480_exterior_image_2_left_pair0.png,/data/datasets/DROID/train_v12/kontext/91480_exterior_image_2_left_pair0.png,"Follow the markers in the image: the green box marks the object to grasp, the semi-transparent copy inside the blue box shows the object at its destination. Show the scene after the object has been moved to the marked location. Pick up the lid. Place it on the table."
/data/datasets/DROID/train_v8/final/91480_exterior_image_2_left_pair1.png,/data/datasets/DROID/train_v12/kontext/91480_exterior_image_2_left_pair1.png,"Follow the markers in the image: the green box marks the object to grasp, the semi-transparent copy inside the blue box shows the object at its destination. Show the scene after the object has been moved to the marked location. Pick up the spoon. Place it in the pot."
/data/datasets/DROID/train_v8/final/69538_exterior_image_1_left_pair0.png,/data/datasets/DROID/train_v12/kontext/69538_exterior_image_1_left_pair0.png,"Follow the markers in the image: the green box marks the object to grasp, the semi-transparent copy inside the blue box shows the object at its destination. Show the scene after the object has been moved to the marked location. Pick up the t-shirt. Place it on the box."
/data/datasets/DROID/train_v8/final/69538_exterior_image_1_left_pair1.png,/data/datasets/DROID/train_v12/kontext/69538_exterior_image_1_left_pair1.png,"Follow the markers in the image: the green box marks the object to grasp, the semi-transparent copy inside the blue box shows the object at its destination. Show the scene after the object has been moved to the marked location. Pick up the clothing. Place it on the box."
/data/datasets/DROID/train_v8/final/20474_exterior_image_1_left_pair0.png,/data/datasets/DROID/train_v12/kontext/20474_exterior_image_1_left_pair0.png,"Follow the markers in the image: the green box marks the object to grasp, the semi-transparent copy inside the blue box shows the object at its destination. Show the scene after the object has been moved to the marked location. Pick up the cloth. Place it on the table."
/data/datasets/DROID/train_v8/final/6675_exterior_image_1_left_pair0.png,/data/datasets/DROID/train_v12/kontext/6675_exterior_image_1_left_pair0.png,"Follow the markers in the image: the green box marks the object to grasp, the semi-transparent copy inside the blue box shows the object at its destination. Show the scene after the object has been moved to the marked location. Pick up the cup. Place it on the cup."
/data/datasets/DROID/train_v8/final/8096_exterior_image_1_left_pair0.png,/data/datasets/DROID/train_v12/kontext/8096_exterior_image_1_left_pair0.png,"Follow the markers in the image: the green box marks the object to grasp, the semi-transparent copy inside the blue box shows the object at its destination. Show the scene after the object has been moved to the marked location. Pick up the clothes. Place it in the storage basket."
/data/datasets/DROID/train_v8/final/8096_exterior_image_1_left_pair1.png,/data/datasets/DROID/train_v12/kontext/8096_exterior_image_1_left_pair1.png,"Follow the markers in the image: the green box marks the object to grasp, the semi-transparent copy inside the blue box shows the object at its destination. Show the scene after the object has been moved to the marked location. Pick up the towel. Place it on the chair."
/data/datasets/DROID/train_v8/final/14565_exterior_image_1_left_pair0.png,/data/datasets/DROID/train_v12/kontext/14565_exterior_image_1_left_pair0.png,"Follow the markers in the image: the green box marks the object to grasp, the semi-transparent copy inside the blue box shows the object at its destination. Show the scene after the object has been moved to the marked location. Pick up the slipper. Place it on the rack."
/data/datasets/DROID/train_v8/final/14565_exterior_image_1_left_pair1.png,/data/datasets/DROID/train_v12/kontext/14565_exterior_image_1_left_pair1.png,"Follow the markers in the image: the green box marks the object to grasp, the semi-transparent copy inside the blue box shows the object at its destination. Show the scene after the object has been moved to the marked location. Pick up the slipper. Place it on the rack."
/data/datasets/DROID/train_v8/final/37174_exterior_image_1_left_pair1.png,/data/datasets/DROID/train_v12/kontext/37174_exterior_image_1_left_pair1.png,"Follow the markers in the image: the green box marks the object to grasp, the semi-transparent copy inside the blue box shows the object at its destination. Show the scene after the object has been moved to the marked location. Pick up the rope. Place it in the box."
/data/datasets/DROID/train_v8/final/57227_exterior_image_1_left_pair0.png,/data/datasets/DROID/train_v12/kontext/57227_exterior_image_1_left_pair0.png,"Follow the markers in the image: the green box marks the object to grasp, the semi-transparent copy inside the blue box shows the object at its destination. Show the scene after the object has been moved to the marked location. Pick up the square. Place it in the bowl."
/data/datasets/DROID/train_v8/final/57227_exterior_image_1_left_pair1.png,/data/datasets/DROID/train_v12/kontext/57227_exterior_image_1_left_pair1.png,"Follow the markers in the image: the green box marks the object to grasp, the semi-transparent copy inside the blue box shows the object at its destination. Show the scene after the object has been moved to the marked location. Pick up the square. Place it in the bowl."
/data/datasets/DROID/train_v8/final/28757_exterior_image_1_left_pair0.png,/data/datasets/DROID/train_v12/kontext/28757_exterior_image_1_left_pair0.png,"Follow the markers in the image: the green box marks the object to grasp, the semi-transparent copy inside the blue box shows the object at its destination. Show the scene after the object has been moved to the marked location. Pick up the marker. Place it in the cup."
/data/datasets/DROID/train_v8/final/28757_exterior_image_1_left_pair1.png,/data/datasets/DROID/train_v12/kontext/28757_exterior_image_1_left_pair1.png,"Follow the markers in the image: the green box marks the object to grasp, the semi-transparent copy inside the blue box shows the object at its destination. Show the scene after the object has been moved to the marked location. Pick up the marker. Place it on the table."
/data/datasets/DROID/train_v8/final/83245_exterior_image_2_left_pair0.png,/data/datasets/DROID/train_v12/kontext/83245_exterior_image_2_left_pair0.png,"Follow the markers in the image: the green box marks the object to grasp, the semi-transparent copy inside the blue box shows the object at its destination. Show the scene after the object has been moved to the marked location. Pick up the block. Place it in the bowl."
/data/datasets/DROID/train_v8/final/83245_exterior_image_2_left_pair1.png,/data/datasets/DROID/train_v12/kontext/83245_exterior_image_2_left_pair1.png,"Follow the markers in the image: the green box marks the object to grasp, the semi-transparent copy inside the blue box shows the object at its destination. Show the scene after the object has been moved to the marked location. Pick up the block. Place it in the bowl."
/data/datasets/DROID/train_v8/final/14102_exterior_image_2_left_pair0.png,/data/datasets/DROID/train_v12/kontext/14102_exterior_image_2_left_pair0.png,"Follow the markers in the image: the green box marks the object to grasp, the semi-transparent copy inside the blue box shows the object at its destination. Show the scene after the object has been moved to the marked location. Pick up the bottle. Place it in the box."
/data/datasets/DROID/train_v8/final/14102_exterior_image_2_left_pair1.png,/data/datasets/DROID/train_v12/kontext/14102_exterior_image_2_left_pair1.png,"Follow the markers in the image: the green box marks the object to grasp, the semi-transparent copy inside the blue box shows the object at its destination. Show the scene after the object has been moved to the marked location. Pick up the box. Place it on the table."
/data/datasets/DROID/train_v8/final/47857_exterior_image_1_left_pair0.png,/data/datasets/DROID/train_v12/kontext/47857_exterior_image_1_left_pair0.png,"Follow the markers in the image: the green box marks the object to grasp, the semi-transparent copy inside the blue box shows the object at its destination. Show the scene after the object has been moved to the marked location. Pick up the box. Place it on the table."
/data/datasets/DROID/train_v8/final/47857_exterior_image_1_left_pair1.png,/data/datasets/DROID/train_v12/kontext/47857_exterior_image_1_left_pair1.png,"Follow the markers in the image: the green box marks the object to grasp, the semi-transparent copy inside the blue box shows the object at its destination. Show the scene after the object has been moved to the marked location. Pick up the object. Place it in the box."
/data/datasets/DROID/train_v8/final/6697_exterior_image_1_left_pair0.png,/data/datasets/DROID/train_v12/kontext/6697_exterior_image_1_left_pair0.png,"Follow the markers in the image: the green box marks the object to grasp, the semi-transparent copy inside the blue box shows the object at its destination. Show the scene after the object has been moved to the marked location. Pick up the stainless steel bowl. Place it on the stove."
/data/datasets/DROID/train_v8/final/6697_exterior_image_1_left_pair1.png,/data/datasets/DROID/train_v12/kontext/6697_exterior_image_1_left_pair1.png,"Follow the markers in the image: the green box marks the object to grasp, the semi-transparent copy inside the blue box shows the object at its destination. Show the scene after the object has been moved to the marked location. Pick up the pot. Place it on the stove."
/data/datasets/DROID/train_v8/final/28681_exterior_image_1_left_pair1.png,/data/datasets/DROID/train_v12/kontext/28681_exterior_image_1_left_pair1.png,"Follow the markers in the image: the green box marks the object to grasp, the semi-transparent copy inside the blue box shows the object at its destination. Show the scene after the object has been moved to the marked location. Pick up the clip. Place it on the stand."
/data/datasets/DROID/train_v8/final/85483_exterior_image_1_left_pair0.png,/data/datasets/DROID/train_v12/kontext/85483_exterior_image_1_left_pair0.png,"Follow the markers in the image: the green box marks the object to grasp, the semi-transparent copy inside the blue box shows the object at its destination. Show the scene after the object has been moved to the marked location. Pick up the bottle. Place it on the counter."
/data/datasets/DROID/train_v8/final/85483_exterior_image_1_left_pair1.png,/data/datasets/DROID/train_v12/kontext/85483_exterior_image_1_left_pair1.png,"Follow the markers in the image: the green box marks the object to grasp, the semi-transparent copy inside the blue box shows the object at its destination. Show the scene after the object has been moved to the marked location. Pick up the bottle. Place it on the counter."
/data/datasets/DROID/train_v8/final/5911_exterior_image_2_left_pair0.png,/data/datasets/DROID/train_v12/kontext/5911_exterior_image_2_left_pair0.png,"Follow the markers in the image: the green box marks the object to grasp, the semi-transparent copy inside the blue box shows the object at its destination. Show the scene after the object has been moved to the marked location. Pick up the pillow. Place it on the couch."
/data/datasets/DROID/train_v8/final/77844_exterior_image_1_left_pair0.png,/data/datasets/DROID/train_v12/kontext/77844_exterior_image_1_left_pair0.png,"Follow the markers in the image: the green box marks the object to grasp, the semi-transparent copy inside the blue box shows the object at its destination. Show the scene after the object has been moved to the marked location. Pick up the cup. Place it on the plate."
/data/datasets/DROID/train_v8/final/77844_exterior_image_1_left_pair1.png,/data/datasets/DROID/train_v12/kontext/77844_exterior_image_1_left_pair1.png,"Follow the markers in the image: the green box marks the object to grasp, the semi-transparent copy inside the blue box shows the object at its destination. Show the scene after the object has been moved to the marked location. Pick up the cube. Place it on the countertop."
/data/datasets/DROID/train_v8/final/79399_exterior_image_1_left_pair0.png,/data/datasets/DROID/train_v12/kontext/79399_exterior_image_1_left_pair0.png,"Follow the markers in the image: the green box marks the object to grasp, the semi-transparent copy inside the blue box shows the object at its destination. Show the scene after the object has been moved to the marked location. Pick up the pear plush toy. Place it in the drawer."
/data/datasets/DROID/train_v8/final/79399_exterior_image_1_left_pair1.png,/data/datasets/DROID/train_v12/kontext/79399_exterior_image_1_left_pair1.png,"Follow the markers in the image: the green box marks the object to grasp, the semi-transparent copy inside the blue box shows the object at its destination. Show the scene after the object has been moved to the marked location. Pick up the watermelon plush toy. Place it on the table."
/data/datasets/DROID/train_v8/final/5013_exterior_image_1_left_pair0.png,/data/datasets/DROID/train_v12/kontext/5013_exterior_image_1_left_pair0.png,"Follow the markers in the image: the green box marks the object to grasp, the semi-transparent copy inside the blue box shows the object at its destination. Show the scene after the object has been moved to the marked location. Pick up the fork. Place it in the drawer."
/data/datasets/DROID/train_v8/final/5013_exterior_image_1_left_pair1.png,/data/datasets/DROID/train_v12/kontext/5013_exterior_image_1_left_pair1.png,"Follow the markers in the image: the green box marks the object to grasp, the semi-transparent copy inside the blue box shows the object at its destination. Show the scene after the object has been moved to the marked location. Pick up the knife. Place it in the drawer."
/data/datasets/DROID/train_v8/final/37958_exterior_image_2_left_pair0.png,/data/datasets/DROID/train_v12/kontext/37958_exterior_image_2_left_pair0.png,"Follow the markers in the image: the green box marks the object to grasp, the semi-transparent copy inside the blue box shows the object at its destination. Show the scene after the object has been moved to the marked location. Pick up the blanket. Place it on the seat sofa."
/data/datasets/DROID/train_v8/final/37958_exterior_image_2_left_pair1.png,/data/datasets/DROID/train_v12/kontext/37958_exterior_image_2_left_pair1.png,"Follow the markers in the image: the green box marks the object to grasp, the semi-transparent copy inside the blue box shows the object at its destination. Show the scene after the object has been moved to the marked location. Pick up the blanket. Place it on the seat sofa."
/data/datasets/DROID/train_v8/final/8096_exterior_image_2_left_pair0.png,/data/datasets/DROID/train_v12/kontext/8096_exterior_image_2_left_pair0.png,"Follow the markers in the image: the green box marks the object to grasp, the semi-transparent copy inside the blue box shows the object at its destination. Show the scene after the object has been moved to the marked location. Pick up the clothes. Place it in the storage basket."
/data/datasets/DROID/train_v8/final/8096_exterior_image_2_left_pair1.png,/data/datasets/DROID/train_v12/kontext/8096_exterior_image_2_left_pair1.png,"Follow the markers in the image: the green box marks the object to grasp, the semi-transparent copy inside the blue box shows the object at its destination. Show the scene after the object has been moved to the marked location. Pick up the towel. Place it on the chair."
/data/datasets/DROID/train_v8/final/80402_exterior_image_2_left_pair0.png,/data/datasets/DROID/train_v12/kontext/80402_exterior_image_2_left_pair0.png,"Follow the markers in the image: the green box marks the object to grasp, the semi-transparent copy inside the blue box shows the object at its destination. Show the scene after the object has been moved to the marked location. Pick up the bottle. Place it on the counter."
/data/datasets/DROID/train_v8/final/80402_exterior_image_2_left_pair1.png,/data/datasets/DROID/train_v12/kontext/80402_exterior_image_2_left_pair1.png,"Follow the markers in the image: the green box marks the object to grasp, the semi-transparent copy inside the blue box shows the object at its destination. Show the scene after the object has been moved to the marked location. Pick up the bottle. Place it on the counter."
/data/datasets/DROID/train_v8/final/77844_exterior_image_2_left_pair0.png,/data/datasets/DROID/train_v12/kontext/77844_exterior_image_2_left_pair0.png,"Follow the markers in the image: the green box marks the object to grasp, the semi-transparent copy inside the blue box shows the object at its destination. Show the scene after the object has been moved to the marked location. Pick up the cup. Place it on the plate."
/data/datasets/DROID/train_v8/final/77844_exterior_image_2_left_pair1.png,/data/datasets/DROID/train_v12/kontext/77844_exterior_image_2_left_pair1.png,"Follow the markers in the image: the green box marks the object to grasp, the semi-transparent copy inside the blue box shows the object at its destination. Show the scene after the object has been moved to the marked location. Pick up the cube. Place it on the countertop."
/data/datasets/DROID/train_v8/final/40519_exterior_image_2_left_pair1.png,/data/datasets/DROID/train_v12/kontext/40519_exterior_image_2_left_pair1.png,"Follow the markers in the image: the green box marks the object to grasp, the semi-transparent copy inside the blue box shows the object at its destination. Show the scene after the object has been moved to the marked location. Pick up the computer mouse. Place it on the table."
/data/datasets/DROID/train_v8/final/4815_exterior_image_2_left_pair0.png,/data/datasets/DROID/train_v12/kontext/4815_exterior_image_2_left_pair0.png,"Follow the markers in the image: the green box marks the object to grasp, the semi-transparent copy inside the blue box shows the object at its destination. Show the scene after the object has been moved to the marked location. Pick up the towel. Place it on the table."
/data/datasets/DROID/train_v8/final/40933_exterior_image_1_left_pair1.png,/data/datasets/DROID/train_v12/kontext/40933_exterior_image_1_left_pair1.png,"Follow the markers in the image: the green box marks the object to grasp, the semi-transparent copy inside the blue box shows the object at its destination. Show the scene after the object has been moved to the marked location. Pick up the bottle. Place it on the tray."
/data/datasets/DROID/train_v8/final/35128_exterior_image_1_left_pair1.png,/data/datasets/DROID/train_v12/kontext/35128_exterior_image_1_left_pair1.png,"Follow the markers in the image: the green box marks the object to grasp, the semi-transparent copy inside the blue box shows the object at its destination. Show the scene after the object has been moved to the marked location. Pick up the cup. Place it on the cup."
/data/datasets/DROID/train_v8/final/17625_exterior_image_2_left_pair0.png,/data/datasets/DROID/train_v12/kontext/17625_exterior_image_2_left_pair0.png,"Follow the markers in the image: the green box marks the object to grasp, the semi-transparent copy inside the blue box shows the object at its destination. Show the scene after the object has been moved to the marked location. Pick up the cup. Place it on the cup."
/data/datasets/DROID/train_v8/final/17625_exterior_image_2_left_pair1.png,/data/datasets/DROID/train_v12/kontext/17625_exterior_image_2_left_pair1.png,"Follow the markers in the image: the green box marks the object to grasp, the semi-transparent copy inside the blue box shows the object at its destination. Show the scene after the object has been moved to the marked location. Pick up the cup. Place it on the cup."
/data/datasets/DROID/train_v8/final/2891_exterior_image_2_left_pair0.png,/data/datasets/DROID/train_v12/kontext/2891_exterior_image_2_left_pair0.png,"Follow the markers in the image: the green box marks the object to grasp, the semi-transparent copy inside the blue box shows the object at its destination. Show the scene after the object has been moved to the marked location. Pick up the sneaker. Place it on the shelf."
/data/datasets/DROID/train_v8/final/2891_exterior_image_2_left_pair1.png,/data/datasets/DROID/train_v12/kontext/2891_exterior_image_2_left_pair1.png,"Follow the markers in the image: the green box marks the object to grasp, the semi-transparent copy inside the blue box shows the object at its destination. Show the scene after the object has been moved to the marked location. Pick up the book. Place it on the cabinet."
/data/datasets/DROID/train_v8/final/3159_exterior_image_1_left_pair1.png,/data/datasets/DROID/train_v12/kontext/3159_exterior_image_1_left_pair1.png,"Follow the markers in the image: the green box marks the object to grasp, the semi-transparent copy inside the blue box shows the object at its destination. Show the scene after the object has been moved to the marked location. Pick up the item. Place it on the sofa's armrest."
/data/datasets/DROID/train_v8/final/26651_exterior_image_2_left_pair0.png,/data/datasets/DROID/train_v12/kontext/26651_exterior_image_2_left_pair0.png,"Follow the markers in the image: the green box marks the object to grasp, the semi-transparent copy inside the blue box shows the object at its destination. Show the scene after the object has been moved to the marked location. Pick up the bottle. Place it on the table."
/data/datasets/DROID/train_v8/final/26651_exterior_image_2_left_pair1.png,/data/datasets/DROID/train_v12/kontext/26651_exterior_image_2_left_pair1.png,"Follow the markers in the image: the green box marks the object to grasp, the semi-transparent copy inside the blue box shows the object at its destination. Show the scene after the object has been moved to the marked location. Pick up the bottle. Place it on the table."
/data/datasets/DROID/train_v8/final/53967_exterior_image_1_left_pair1.png,/data/datasets/DROID/train_v12/kontext/53967_exterior_image_1_left_pair1.png,"Follow the markers in the image: the green box marks the object to grasp, the semi-transparent copy inside the blue box shows the object at its destination. Show the scene after the object has been moved to the marked location. Pick up the cloth. Place it in the bag."
/data/datasets/DROID/train_v8/final/12991_exterior_image_1_left_pair0.png,/data/datasets/DROID/train_v12/kontext/12991_exterior_image_1_left_pair0.png,"Follow the markers in the image: the green box marks the object to grasp, the semi-transparent copy inside the blue box shows the object at its destination. Show the scene after the object has been moved to the marked location. Pick up the pot. Place it on the counter."
/data/datasets/DROID/train_v8/final/12991_exterior_image_1_left_pair1.png,/data/datasets/DROID/train_v12/kontext/12991_exterior_image_1_left_pair1.png,"Follow the markers in the image: the green box marks the object to grasp, the semi-transparent copy inside the blue box shows the object at its destination. Show the scene after the object has been moved to the marked location. Pick up the pot. Place it on the counter."
/data/datasets/DROID/train_v8/final/12991_exterior_image_1_left_pair2.png,/data/datasets/DROID/train_v12/kontext/12991_exterior_image_1_left_pair2.png,"Follow the markers in the image: the green box marks the object to grasp, the semi-transparent copy inside the blue box shows the object at its destination. Show the scene after the object has been moved to the marked location. Pick up the pot. Place it on the counter."
/data/datasets/DROID/train_v8/final/77166_exterior_image_2_left_pair1.png,/data/datasets/DROID/train_v12/kontext/77166_exterior_image_2_left_pair1.png,"Follow the markers in the image: the green box marks the object to grasp, the semi-transparent copy inside the blue box shows the object at its destination. Show the scene after the object has been moved to the marked location. Pick up the bottle. Place it on the stove."
/data/datasets/DROID/train_v8/final/23817_exterior_image_1_left_pair0.png,/data/datasets/DROID/train_v12/kontext/23817_exterior_image_1_left_pair0.png,"Follow the markers in the image: the green box marks the object to grasp, the semi-transparent copy inside the blue box shows the object at its destination. Show the scene after the object has been moved to the marked location. Pick up the clothes. Place it on the table."
/data/datasets/DROID/train_v8/final/23817_exterior_image_1_left_pair1.png,/data/datasets/DROID/train_v12/kontext/23817_exterior_image_1_left_pair1.png,"Follow the markers in the image: the green box marks the object to grasp, the semi-transparent copy inside the blue box shows the object at its destination. Show the scene after the object has been moved to the marked location. Pick up the clothes. Place it on the table."
/data/datasets/DROID/train_v8/final/77463_exterior_image_2_left_pair0.png,/data/datasets/DROID/train_v12/kontext/77463_exterior_image_2_left_pair0.png,"Follow the markers in the image: the green box marks the object to grasp, the semi-transparent copy inside the blue box shows the object at its destination. Show the scene after the object has been moved to the marked location. Pick up the bottle. Place it in the box."
/data/datasets/DROID/train_v8/final/49278_exterior_image_2_left_pair0.png,/data/datasets/DROID/train_v12/kontext/49278_exterior_image_2_left_pair0.png,"Follow the markers in the image: the green box marks the object to grasp, the semi-transparent copy inside the blue box shows the object at its destination. Show the scene after the object has been moved to the marked location. Pick up the cup. Place it on the cup."
/data/datasets/DROID/train_v8/final/49278_exterior_image_2_left_pair1.png,/data/datasets/DROID/train_v12/kontext/49278_exterior_image_2_left_pair1.png,"Follow the markers in the image: the green box marks the object to grasp, the semi-transparent copy inside the blue box shows the object at its destination. Show the scene after the object has been moved to the marked location. Pick up the cup with cup. Place it in the cyan cup."
/data/datasets/DROID/train_v8/final/78196_exterior_image_1_left_pair0.png,/data/datasets/DROID/train_v12/kontext/78196_exterior_image_1_left_pair0.png,"Follow the markers in the image: the green box marks the object to grasp, the semi-transparent copy inside the blue box shows the object at its destination. Show the scene after the object has been moved to the marked location. Pick up the marker. Place it on the table."
/data/datasets/DROID/train_v8/final/78196_exterior_image_1_left_pair1.png,/data/datasets/DROID/train_v12/kontext/78196_exterior_image_1_left_pair1.png,"Follow the markers in the image: the green box marks the object to grasp, the semi-transparent copy inside the blue box shows the object at its destination. Show the scene after the object has been moved to the marked location. Pick up the marker. Place it in the cup."
/data/datasets/DROID/train_v8/final/70638_exterior_image_1_left_pair0.png,/data/datasets/DROID/train_v12/kontext/70638_exterior_image_1_left_pair0.png,"Follow the markers in the image: the green box marks the object to grasp, the semi-transparent copy inside the blue box shows the object at its destination. Show the scene after the object has been moved to the marked location. Pick up the clothes. Place it on the table."
/data/datasets/DROID/train_v8/final/28490_exterior_image_2_left_pair0.png,/data/datasets/DROID/train_v12/kontext/28490_exterior_image_2_left_pair0.png,"Follow the markers in the image: the green box marks the object to grasp, the semi-transparent copy inside the blue box shows the object at its destination. Show the scene after the object has been moved to the marked location. Pick up the lid. Place it on the countertop."
/data/datasets/DROID/train_v8/final/28490_exterior_image_2_left_pair1.png,/data/datasets/DROID/train_v12/kontext/28490_exterior_image_2_left_pair1.png,"Follow the markers in the image: the green box marks the object to grasp, the semi-transparent copy inside the blue box shows the object at its destination. Show the scene after the object has been moved to the marked location. Pick up the towel. Place it in the pot."
/data/datasets/DROID/train_v8/final/28490_exterior_image_2_left_pair2.png,/data/datasets/DROID/train_v12/kontext/28490_exterior_image_2_left_pair2.png,"Follow the markers in the image: the green box marks the object to grasp, the semi-transparent copy inside the blue box shows the object at its destination. Show the scene after the object has been moved to the marked location. Pick up the towel. Place it in the pot."
/data/datasets/DROID/train_v8/final/17832_exterior_image_2_left_pair0.png,/data/datasets/DROID/train_v12/kontext/17832_exterior_image_2_left_pair0.png,"Follow the markers in the image: the green box marks the object to grasp, the semi-transparent copy inside the blue box shows the object at its destination. Show the scene after the object has been moved to the marked location. Pick up the pen. Place it on the table."
/data/datasets/DROID/train_v8/final/17832_exterior_image_2_left_pair1.png,/data/datasets/DROID/train_v12/kontext/17832_exterior_image_2_left_pair1.png,"Follow the markers in the image: the green box marks the object to grasp, the semi-transparent copy inside the blue box shows the object at its destination. Show the scene after the object has been moved to the marked location. Pick up the pen. Place it in the cup."
/data/datasets/DROID/train_v8/final/72299_exterior_image_1_left_pair1.png,/data/datasets/DROID/train_v12/kontext/72299_exterior_image_1_left_pair1.png,"Follow the markers in the image: the green box marks the object to grasp, the semi-transparent copy inside the blue box shows the object at its destination. Show the scene after the object has been moved to the marked location. Pick up the bowl. Place it in the sink."
/data/datasets/DROID/train_v8/final/91541_exterior_image_2_left_pair0.png,/data/datasets/DROID/train_v12/kontext/91541_exterior_image_2_left_pair0.png,"Follow the markers in the image: the green box marks the object to grasp, the semi-transparent copy inside the blue box shows the object at its destination. Show the scene after the object has been moved to the marked location. Pick up the oven mitt. Place it on the lid pot."
/data/datasets/DROID/train_v8/final/91541_exterior_image_2_left_pair1.png,/data/datasets/DROID/train_v12/kontext/91541_exterior_image_2_left_pair1.png,"Follow the markers in the image: the green box marks the object to grasp, the semi-transparent copy inside the blue box shows the object at its destination. Show the scene after the object has been moved to the marked location. Pick up the oven mitt and lid. Place it on the countertop."
/data/datasets/DROID/train_v8/final/73272_exterior_image_1_left_pair0.png,/data/datasets/DROID/train_v12/kontext/73272_exterior_image_1_left_pair0.png,"Follow the markers in the image: the green box marks the object to grasp, the semi-transparent copy inside the blue box shows the object at its destination. Show the scene after the object has been moved to the marked location. Pick up the fabric. Place it on the box."
/data/datasets/DROID/train_v8/final/73272_exterior_image_1_left_pair1.png,/data/datasets/DROID/train_v12/kontext/73272_exterior_image_1_left_pair1.png,"Follow the markers in the image: the green box marks the object to grasp, the semi-transparent copy inside the blue box shows the object at its destination. Show the scene after the object has been moved to the marked location. Pick up the fabric. Place it on the box."
/data/datasets/DROID/train_v8/final/87646_exterior_image_2_left_pair0.png,/data/datasets/DROID/train_v12/kontext/87646_exterior_image_2_left_pair0.png,"Follow the markers in the image: the green box marks the object to grasp, the semi-transparent copy inside the blue box shows the object at its destination. Show the scene after the object has been moved to the marked location. Pick up the box. Place it on the table."
/data/datasets/DROID/train_v8/final/87646_exterior_image_2_left_pair1.png,/data/datasets/DROID/train_v12/kontext/87646_exterior_image_2_left_pair1.png,"Follow the markers in the image: the green box marks the object to grasp, the semi-transparent copy inside the blue box shows the object at its destination. Show the scene after the object has been moved to the marked location. Pick up the plush toy. Place it on the table."
/data/datasets/DROID/train_v8/final/77002_exterior_image_2_left_pair0.png,/data/datasets/DROID/train_v12/kontext/77002_exterior_image_2_left_pair0.png,"Follow the markers in the image: the green box marks the object to grasp, the semi-transparent copy inside the blue box shows the object at its destination. Show the scene after the object has been moved to the marked location. Pick up the block. Place it in the bowl."
/data/datasets/DROID/train_v8/final/20749_exterior_image_2_left_pair0.png,/data/datasets/DROID/train_v12/kontext/20749_exterior_image_2_left_pair0.png,"Follow the markers in the image: the green box marks the object to grasp, the semi-transparent copy inside the blue box shows the object at its destination. Show the scene after the object has been moved to the marked location. Pick up the cup. Place it in the cup."
/data/datasets/DROID/train_v8/final/20749_exterior_image_2_left_pair1.png,/data/datasets/DROID/train_v12/kontext/20749_exterior_image_2_left_pair1.png,"Follow the markers in the image: the green box marks the object to grasp, the semi-transparent copy inside the blue box shows the object at its destination. Show the scene after the object has been moved to the marked location. Pick up the cup. Place it on the cup."
/data/datasets/DROID/train_v8/final/73968_exterior_image_1_left_pair0.png,/data/datasets/DROID/train_v12/kontext/73968_exterior_image_1_left_pair0.png,"Follow the markers in the image: the green box marks the object to grasp, the semi-transparent copy inside the blue box shows the object at its destination. Show the scene after the object has been moved to the marked location. Pick up the bowl. Place it under the bowl."
/data/datasets/DROID/train_v8/final/73968_exterior_image_1_left_pair1.png,/data/datasets/DROID/train_v12/kontext/73968_exterior_image_1_left_pair1.png,"Follow the markers in the image: the green box marks the object to grasp, the semi-transparent copy inside the blue box shows the object at its destination. Show the scene after the object has been moved to the marked location. Pick up the bowl. Place it on the table."
/data/datasets/DROID/train_v8/final/53838_exterior_image_1_left_pair0.png,/data/datasets/DROID/train_v12/kontext/53838_exterior_image_1_left_pair0.png,"Follow the markers in the image: the green box marks the object to grasp, the semi-transparent copy inside the blue box shows the object at its destination. Show the scene after the object has been moved to the marked location. Pick up the glue stick. Place it in the mug."
/data/datasets/DROID/train_v8/final/53838_exterior_image_1_left_pair1.png,/data/datasets/DROID/train_v12/kontext/53838_exterior_image_1_left_pair1.png,"Follow the markers in the image: the green box marks the object to grasp, the semi-transparent copy inside the blue box shows the object at its destination. Show the scene after the object has been moved to the marked location. Pick up the glue stick. Place it on the desk."
/data/datasets/DROID/train_v8/final/53838_exterior_image_1_left_pair2.png,/data/datasets/DROID/train_v12/kontext/53838_exterior_image_1_left_pair2.png,"Follow the markers in the image: the green box marks the object to grasp, the semi-transparent copy inside the blue box shows the object at its destination. Show the scene after the object has been moved to the marked location. Pick up the glue stick. Place it in the cup."
/data/datasets/DROID/train_v8/final/85713_exterior_image_2_left_pair0.png,/data/datasets/DROID/train_v12/kontext/85713_exterior_image_2_left_pair0.png,"Follow the markers in the image: the green box marks the object to grasp, the semi-transparent copy inside the blue box shows the object at its destination. Show the scene after the object has been moved to the marked location. Pick up the marker. Place it in the mug."
/data/datasets/DROID/train_v8/final/85713_exterior_image_2_left_pair1.png,/data/datasets/DROID/train_v12/kontext/85713_exterior_image_2_left_pair1.png,"Follow the markers in the image: the green box marks the object to grasp, the semi-transparent copy inside the blue box shows the object at its destination. Show the scene after the object has been moved to the marked location. Pick up the marker. Place it on the table."
/data/datasets/DROID/train_v8/final/6675_exterior_image_2_left_pair0.png,/data/datasets/DROID/train_v12/kontext/6675_exterior_image_2_left_pair0.png,"Follow the markers in the image: the green box marks the object to grasp, the semi-transparent copy inside the blue box shows the object at its destination. Show the scene after the object has been moved to the marked location. Pick up the cup. Place it on the cup."
/data/datasets/DROID/train_v8/final/6675_exterior_image_2_left_pair1.png,/data/datasets/DROID/train_v12/kontext/6675_exterior_image_2_left_pair1.png,"Follow the markers in the image: the green box marks the object to grasp, the semi-transparent copy inside the blue box shows the object at its destination. Show the scene after the object has been moved to the marked location. Pick up the cup. Place it on the cup."
/data/datasets/DROID/train_v8/final/36669_exterior_image_1_left_pair0.png,/data/datasets/DROID/train_v12/kontext/36669_exterior_image_1_left_pair0.png,"Follow the markers in the image: the green box marks the object to grasp, the semi-transparent copy inside the blue box shows the object at its destination. Show the scene after the object has been moved to the marked location. Pick up the item. Place it in the tray."
/data/datasets/DROID/train_v8/final/36669_exterior_image_1_left_pair1.png,/data/datasets/DROID/train_v12/kontext/36669_exterior_image_1_left_pair1.png,"Follow the markers in the image: the green box marks the object to grasp, the semi-transparent copy inside the blue box shows the object at its destination. Show the scene after the object has been moved to the marked location. Pick up the tray. Place it on the box."
/data/datasets/DROID/train_v8/final/49584_exterior_image_2_left_pair0.png,/data/datasets/DROID/train_v12/kontext/49584_exterior_image_2_left_pair0.png,"Follow the markers in the image: the green box marks the object to grasp, the semi-transparent copy inside the blue box shows the object at its destination. Show the scene after the object has been moved to the marked location. Pick up the towel. Place it on the tripod."
/data/datasets/DROID/train_v8/final/49584_exterior_image_2_left_pair1.png,/data/datasets/DROID/train_v12/kontext/49584_exterior_image_2_left_pair1.png,"Follow the markers in the image: the green box marks the object to grasp, the semi-transparent copy inside the blue box shows the object at its destination. Show the scene after the object has been moved to the marked location. Pick up the towel. Place it on the table."
/data/datasets/DROID/train_v8/final/41703_exterior_image_1_left_pair0.png,/data/datasets/DROID/train_v12/kontext/41703_exterior_image_1_left_pair0.png,"Follow the markers in the image: the green box marks the object to grasp, the semi-transparent copy inside the blue box shows the object at its destination. Show the scene after the object has been moved to the marked location. Pick up the marker. Place it in the cup."
/data/datasets/DROID/train_v8/final/41703_exterior_image_1_left_pair1.png,/data/datasets/DROID/train_v12/kontext/41703_exterior_image_1_left_pair1.png,"Follow the markers in the image: the green box marks the object to grasp, the semi-transparent copy inside the blue box shows the object at its destination. Show the scene after the object has been moved to the marked location. Pick up the marker. Place it on the table."
/data/datasets/DROID/train_v8/final/35967_exterior_image_1_left_pair1.png,/data/datasets/DROID/train_v12/kontext/35967_exterior_image_1_left_pair1.png,"Follow the markers in the image: the green box marks the object to grasp, the semi-transparent copy inside the blue box shows the object at its destination. Show the scene after the object has been moved to the marked location. Pick up the medicine bottle. Place it on the counter."
/data/datasets/DROID/train_v8/final/22142_exterior_image_1_left_pair0.png,/data/datasets/DROID/train_v12/kontext/22142_exterior_image_1_left_pair0.png,"Follow the markers in the image: the green box marks the object to grasp, the semi-transparent copy inside the blue box shows the object at its destination. Show the scene after the object has been moved to the marked location. Pick up the clothes. Place it on the box."
/data/datasets/DROID/train_v8/final/22142_exterior_image_1_left_pair1.png,/data/datasets/DROID/train_v12/kontext/22142_exterior_image_1_left_pair1.png,"Follow the markers in the image: the green box marks the object to grasp, the semi-transparent copy inside the blue box shows the object at its destination. Show the scene after the object has been moved to the marked location. Pick up the clothes. Place it on the box."
/data/datasets/DROID/train_v8/final/42437_exterior_image_1_left_pair0.png,/data/datasets/DROID/train_v12/kontext/42437_exterior_image_1_left_pair0.png,"Follow the markers in the image: the green box marks the object to grasp, the semi-transparent copy inside the blue box shows the object at its destination. Show the scene after the object has been moved to the marked location. Pick up the crayon. Place it on the paper."
/data/datasets/DROID/train_v8/final/42437_exterior_image_1_left_pair1.png,/data/datasets/DROID/train_v12/kontext/42437_exterior_image_1_left_pair1.png,"Follow the markers in the image: the green box marks the object to grasp, the semi-transparent copy inside the blue box shows the object at its destination. Show the scene after the object has been moved to the marked location. Pick up the crayon. Place it on the paper."
/data/datasets/DROID/train_v8/final/25526_exterior_image_2_left_pair0.png,/data/datasets/DROID/train_v12/kontext/25526_exterior_image_2_left_pair0.png,"Follow the markers in the image: the green box marks the object to grasp, the semi-transparent copy inside the blue box shows the object at its destination. Show the scene after the object has been moved to the marked location. Pick up the cup. Place it in the cup."
/data/datasets/DROID/train_v8/final/25526_exterior_image_2_left_pair1.png,/data/datasets/DROID/train_v12/kontext/25526_exterior_image_2_left_pair1.png,"Follow the markers in the image: the green box marks the object to grasp, the semi-transparent copy inside the blue box shows the object at its destination. Show the scene after the object has been moved to the marked location. Pick up the cup. Place it in the cup."
/data/datasets/DROID/train_v8/final/63923_exterior_image_1_left_pair1.png,/data/datasets/DROID/train_v12/kontext/63923_exterior_image_1_left_pair1.png,"Follow the markers in the image: the green box marks the object to grasp, the semi-transparent copy inside the blue box shows the object at its destination. Show the scene after the object has been moved to the marked location. Pick up the cloth. Place it on the table."
/data/datasets/DROID/train_v8/final/4501_exterior_image_2_left_pair0.png,/data/datasets/DROID/train_v12/kontext/4501_exterior_image_2_left_pair0.png,"Follow the markers in the image: the green box marks the object to grasp, the semi-transparent copy inside the blue box shows the object at its destination. Show the scene after the object has been moved to the marked location. Pick up the block. Place it in the bowl."
/data/datasets/DROID/train_v8/final/4501_exterior_image_2_left_pair1.png,/data/datasets/DROID/train_v12/kontext/4501_exterior_image_2_left_pair1.png,"Follow the markers in the image: the green box marks the object to grasp, the semi-transparent copy inside the blue box shows the object at its destination. Show the scene after the object has been moved to the marked location. Pick up the block. Place it in the bowl."
/data/datasets/DROID/train_v8/final/84770_exterior_image_2_left_pair0.png,/data/datasets/DROID/train_v12/kontext/84770_exterior_image_2_left_pair0.png,"Follow the markers in the image: the green box marks the object to grasp, the semi-transparent copy inside the blue box shows the object at its destination. Show the scene after the object has been moved to the marked location. Pick up the cube. Place it in the bowl."
/data/datasets/DROID/train_v8/final/84770_exterior_image_2_left_pair1.png,/data/datasets/DROID/train_v12/kontext/84770_exterior_image_2_left_pair1.png,"Follow the markers in the image: the green box marks the object to grasp, the semi-transparent copy inside the blue box shows the object at its destination. Show the scene after the object has been moved to the marked location. Pick up the block. Place it in the bowl."
/data/datasets/DROID/train_v8/final/33157_exterior_image_2_left_pair0.png,/data/datasets/DROID/train_v12/kontext/33157_exterior_image_2_left_pair0.png,"Follow the markers in the image: the green box marks the object to grasp, the semi-transparent copy inside the blue box shows the object at its destination. Show the scene after the object has been moved to the marked location. Pick up the clothing. Place it on the pile clothes."
/data/datasets/DROID/train_v8/final/33157_exterior_image_2_left_pair1.png,/data/datasets/DROID/train_v12/kontext/33157_exterior_image_2_left_pair1.png,"Follow the markers in the image: the green box marks the object to grasp, the semi-transparent copy inside the blue box shows the object at its destination. Show the scene after the object has been moved to the marked location. Pick up the cap. Place it on the pile clothes."
/data/datasets/DROID/train_v8/final/13664_exterior_image_1_left_pair0.png,/data/datasets/DROID/train_v12/kontext/13664_exterior_image_1_left_pair0.png,"Follow the markers in the image: the green box marks the object to grasp, the semi-transparent copy inside the blue box shows the object at its destination. Show the scene after the object has been moved to the marked location. Pick up the object. Place it on the plate."
/data/datasets/DROID/train_v8/final/13664_exterior_image_1_left_pair1.png,/data/datasets/DROID/train_v12/kontext/13664_exterior_image_1_left_pair1.png,"Follow the markers in the image: the green box marks the object to grasp, the semi-transparent copy inside the blue box shows the object at its destination. Show the scene after the object has been moved to the marked location. Pick up the watermelon plushie. Place it on the plate."
/data/datasets/DROID/train_v8/final/42704_exterior_image_1_left_pair0.png,/data/datasets/DROID/train_v12/kontext/42704_exterior_image_1_left_pair0.png,"Follow the markers in the image: the green box marks the object to grasp, the semi-transparent copy inside the blue box shows the object at its destination. Show the scene after the object has been moved to the marked location. Pick up the object. Place it in the bowl."
/data/datasets/DROID/train_v8/final/42704_exterior_image_1_left_pair1.png,/data/datasets/DROID/train_v12/kontext/42704_exterior_image_1_left_pair1.png,"Follow the markers in the image: the green box marks the object to grasp, the semi-transparent copy inside the blue box shows the object at its destination. Show the scene after the object has been moved to the marked location. Pick up the object. Place it in the pot."
/data/datasets/DROID/train_v8/final/26557_exterior_image_1_left_pair1.png,/data/datasets/DROID/train_v12/kontext/26557_exterior_image_1_left_pair1.png,"Follow the markers in the image: the green box marks the object to grasp, the semi-transparent copy inside the blue box shows the object at its destination. Show the scene after the object has been moved to the marked location. Pick up the plush toy. Place it in the box."
/data/datasets/DROID/train_v8/final/24566_exterior_image_1_left_pair1.png,/data/datasets/DROID/train_v12/kontext/24566_exterior_image_1_left_pair1.png,"Follow the markers in the image: the green box marks the object to grasp, the semi-transparent copy inside the blue box shows the object at its destination. Show the scene after the object has been moved to the marked location. Pick up the cube. Place it in the bowl."
/data/datasets/DROID/train_v8/final/8312_exterior_image_1_left_pair0.png,/data/datasets/DROID/train_v12/kontext/8312_exterior_image_1_left_pair0.png,"Follow the markers in the image: the green box marks the object to grasp, the semi-transparent copy inside the blue box shows the object at its destination. Show the scene after the object has been moved to the marked location. Pick up the octopus plush toy. Place it on the desk."
/data/datasets/DROID/train_v8/final/26179_exterior_image_1_left_pair0.png,/data/datasets/DROID/train_v12/kontext/26179_exterior_image_1_left_pair0.png,"Follow the markers in the image: the green box marks the object to grasp, the semi-transparent copy inside the blue box shows the object at its destination. Show the scene after the object has been moved to the marked location. Pick up the cloth. Place it on the tabletop."
/data/datasets/DROID/train_v8/final/91541_exterior_image_1_left_pair0.png,/data/datasets/DROID/train_v12/kontext/91541_exterior_image_1_left_pair0.png,"Follow the markers in the image: the green box marks the object to grasp, the semi-transparent copy inside the blue box shows the object at its destination. Show the scene after the object has been moved to the marked location. Pick up the oven mitt. Place it on the lid pot."
/data/datasets/DROID/train_v8/final/28702_exterior_image_2_left_pair0.png,/data/datasets/DROID/train_v12/kontext/28702_exterior_image_2_left_pair0.png,"Follow the markers in the image: the green box marks the object to grasp, the semi-transparent copy inside the blue box shows the object at its destination. Show the scene after the object has been moved to the marked location. Pick up the clothes. Place it in the box."
/data/datasets/DROID/train_v8/final/63776_exterior_image_2_left_pair0.png,/data/datasets/DROID/train_v12/kontext/63776_exterior_image_2_left_pair0.png,"Follow the markers in the image: the green box marks the object to grasp, the semi-transparent copy inside the blue box shows the object at its destination. Show the scene after the object has been moved to the marked location. Pick up the block. Place it in the bowl."
/data/datasets/DROID/train_v8/final/91969_exterior_image_2_left_pair0.png,/data/datasets/DROID/train_v12/kontext/91969_exterior_image_2_left_pair0.png,"Follow the markers in the image: the green box marks the object to grasp, the semi-transparent copy inside the blue box shows the object at its destination. Show the scene after the object has been moved to the marked location. Pick up the snack. Place it on the box."
/data/datasets/DROID/train_v8/final/73206_exterior_image_2_left_pair0.png,/data/datasets/DROID/train_v12/kontext/73206_exterior_image_2_left_pair0.png,"Follow the markers in the image: the green box marks the object to grasp, the semi-transparent copy inside the blue box shows the object at its destination. Show the scene after the object has been moved to the marked location. Pick up the spoon. Place it in the cup."
/data/datasets/DROID/train_v8/final/6176_exterior_image_1_left_pair0.png,/data/datasets/DROID/train_v12/kontext/6176_exterior_image_1_left_pair0.png,"Follow the markers in the image: the green box marks the object to grasp, the semi-transparent copy inside the blue box shows the object at its destination. Show the scene after the object has been moved to the marked location. Pick up the mat. Place it on the pot lid on countertop."
/data/datasets/DROID/train_v8/final/33355_exterior_image_1_left_pair0.png,/data/datasets/DROID/train_v12/kontext/33355_exterior_image_1_left_pair0.png,"Follow the markers in the image: the green box marks the object to grasp, the semi-transparent copy inside the blue box shows the object at its destination. Show the scene after the object has been moved to the marked location. Pick up the cup inverted. Place it on the table."
/data/datasets/DROID/train_v8/final/45326_exterior_image_2_left_pair0.png,/data/datasets/DROID/train_v12/kontext/45326_exterior_image_2_left_pair0.png,"Follow the markers in the image: the green box marks the object to grasp, the semi-transparent copy inside the blue box shows the object at its destination. Show the scene after the object has been moved to the marked location. Pick up the rope loop. Place it on the table."
/data/datasets/DROID/train_v8/final/20474_exterior_image_2_left_pair0.png,/data/datasets/DROID/train_v12/kontext/20474_exterior_image_2_left_pair0.png,"Follow the markers in the image: the green box marks the object to grasp, the semi-transparent copy inside the blue box shows the object at its destination. Show the scene after the object has been moved to the marked location. Pick up the cloth. Place it on the table."
/data/datasets/DROID/train_v8/final/5668_exterior_image_1_left_pair0.png,/data/datasets/DROID/train_v12/kontext/5668_exterior_image_1_left_pair0.png,"Follow the markers in the image: the green box marks the object to grasp, the semi-transparent copy inside the blue box shows the object at its destination. Show the scene after the object has been moved to the marked location. Pick up the cup. Place it in the cup."
/data/datasets/DROID/train_v8/final/74753_exterior_image_1_left_pair0.png,/data/datasets/DROID/train_v12/kontext/74753_exterior_image_1_left_pair0.png,"Follow the markers in the image: the green box marks the object to grasp, the semi-transparent copy inside the blue box shows the object at its destination. Show the scene after the object has been moved to the marked location. Pick up the block. Place it in the box."
/data/datasets/DROID/train_v8/final/71899_exterior_image_2_left_pair0.png,/data/datasets/DROID/train_v12/kontext/71899_exterior_image_2_left_pair0.png,"Follow the markers in the image: the green box marks the object to grasp, the semi-transparent copy inside the blue box shows the object at its destination. Show the scene after the object has been moved to the marked location. Pick up the cup. Place it in the cup."
/data/datasets/DROID/train_v8/final/28757_exterior_image_2_left_pair0.png,/data/datasets/DROID/train_v12/kontext/28757_exterior_image_2_left_pair0.png,"Follow the markers in the image: the green box marks the object to grasp, the semi-transparent copy inside the blue box shows the object at its destination. Show the scene after the object has been moved to the marked location. Pick up the marker. Place it in the cup."
/data/datasets/DROID/train_v8/final/30050_exterior_image_1_left_pair0.png,/data/datasets/DROID/train_v12/kontext/30050_exterior_image_1_left_pair0.png,"Follow the markers in the image: the green box marks the object to grasp, the semi-transparent copy inside the blue box shows the object at its destination. Show the scene after the object has been moved to the marked location. Pick up the cup. Place it on the cup."
/data/datasets/DROID/train_v8/final/76407_exterior_image_2_left_pair0.png,/data/datasets/DROID/train_v12/kontext/76407_exterior_image_2_left_pair0.png,"Follow the markers in the image: the green box marks the object to grasp, the semi-transparent copy inside the blue box shows the object at its destination. Show the scene after the object has been moved to the marked location. Pick up the fruit. Place it in the bowl."
/data/datasets/DROID/train_v8/final/24798_exterior_image_2_left_pair0.png,/data/datasets/DROID/train_v12/kontext/24798_exterior_image_2_left_pair0.png,"Follow the markers in the image: the green box marks the object to grasp, the semi-transparent copy inside the blue box shows the object at its destination. Show the scene after the object has been moved to the marked location. Pick up the cup. Place it in the cup."
/data/datasets/DROID/train_v8/final/67760_exterior_image_2_left_pair0.png,/data/datasets/DROID/train_v12/kontext/67760_exterior_image_2_left_pair0.png,"Follow the markers in the image: the green box marks the object to grasp, the semi-transparent copy inside the blue box shows the object at its destination. Show the scene after the object has been moved to the marked location. Pick up the tape. Place it on the tape."
/data/datasets/DROID/train_v8/final/45137_exterior_image_1_left_pair0.png,/data/datasets/DROID/train_v12/kontext/45137_exterior_image_1_left_pair0.png,"Follow the markers in the image: the green box marks the object to grasp, the semi-transparent copy inside the blue box shows the object at its destination. Show the scene after the object has been moved to the marked location. Pick up the cup. Place it on the plate."
/data/datasets/DROID/train_v8/final/35967_exterior_image_2_left_pair0.png,/data/datasets/DROID/train_v12/kontext/35967_exterior_image_2_left_pair0.png,"Follow the markers in the image: the green box marks the object to grasp, the semi-transparent copy inside the blue box shows the object at its destination. Show the scene after the object has been moved to the marked location. Pick up the medicine bottle. Place it on the tabletop."
/data/datasets/DROID/train_v8/final/29851_exterior_image_1_left_pair0.png,/data/datasets/DROID/train_v12/kontext/29851_exterior_image_1_left_pair0.png,"Follow the markers in the image: the green box marks the object to grasp, the semi-transparent copy inside the blue box shows the object at its destination. Show the scene after the object has been moved to the marked location. Pick up the fork. Place it on the table."
/data/datasets/DROID/train_v8/final/17157_exterior_image_2_left_pair0.png,/data/datasets/DROID/train_v12/kontext/17157_exterior_image_2_left_pair0.png,"Follow the markers in the image: the green box marks the object to grasp, the semi-transparent copy inside the blue box shows the object at its destination. Show the scene after the object has been moved to the marked location. Pick up the marker. Place it in the cup."
/data/datasets/DROID/train_v8/final/55941_exterior_image_1_left_pair0.png,/data/datasets/DROID/train_v12/kontext/55941_exterior_image_1_left_pair0.png,"Follow the markers in the image: the green box marks the object to grasp, the semi-transparent copy inside the blue box shows the object at its destination. Show the scene after the object has been moved to the marked location. Pick up the cup. Place it in the bowl."
/data/datasets/DROID/train_v8/final/39985_exterior_image_2_left_pair0.png,/data/datasets/DROID/train_v12/kontext/39985_exterior_image_2_left_pair0.png,"Follow the markers in the image: the green box marks the object to grasp, the semi-transparent copy inside the blue box shows the object at its destination. Show the scene after the object has been moved to the marked location. Pick up the cloth. Place it in the box."
/data/datasets/DROID/train_v8/final/34190_exterior_image_1_left_pair0.png,/data/datasets/DROID/train_v12/kontext/34190_exterior_image_1_left_pair0.png,"Follow the markers in the image: the green box marks the object to grasp, the semi-transparent copy inside the blue box shows the object at its destination. Show the scene after the object has been moved to the marked location. Pick up the fork. Place it in the compartment drawer."
/data/datasets/DROID/train_v8/final/59690_exterior_image_1_left_pair0.png,/data/datasets/DROID/train_v12/kontext/59690_exterior_image_1_left_pair0.png,"Follow the markers in the image: the green box marks the object to grasp, the semi-transparent copy inside the blue box shows the object at its destination. Show the scene after the object has been moved to the marked location. Pick up the pineapple toy. Place it on the tabletop."
/data/datasets/DROID/train_v8/final/39322_exterior_image_1_left_pair0.png,/data/datasets/DROID/train_v12/kontext/39322_exterior_image_1_left_pair0.png,"Follow the markers in the image: the green box marks the object to grasp, the semi-transparent copy inside the blue box shows the object at its destination. Show the scene after the object has been moved to the marked location. Pick up the pear plush toy. Place it on the plate."
/data/datasets/DROID/train_v8/final/50474_exterior_image_2_left_pair0.png,/data/datasets/DROID/train_v12/kontext/50474_exterior_image_2_left_pair0.png,"Follow the markers in the image: the green box marks the object to grasp, the semi-transparent copy inside the blue box shows the object at its destination. Show the scene after the object has been moved to the marked location. Pick up the spoon. Place it on the tray."
/data/datasets/DROID/train_v8/final/91058_exterior_image_1_left_pair0.png,/data/datasets/DROID/train_v12/kontext/91058_exterior_image_1_left_pair0.png,"Follow the markers in the image: the green box marks the object to grasp, the semi-transparent copy inside the blue box shows the object at its destination. Show the scene after the object has been moved to the marked location. Pick up the pineapple. Place it in the basket."
/data/datasets/DROID/train_v8/final/64681_exterior_image_2_left_pair0.png,/data/datasets/DROID/train_v12/kontext/64681_exterior_image_2_left_pair0.png,"Follow the markers in the image: the green box marks the object to grasp, the semi-transparent copy inside the blue box shows the object at its destination. Show the scene after the object has been moved to the marked location. Pick up the bottle. Place it in the box."
/data/datasets/DROID/train_v8/final/32207_exterior_image_1_left_pair0.png,/data/datasets/DROID/train_v12/kontext/32207_exterior_image_1_left_pair0.png,"Follow the markers in the image: the green box marks the object to grasp, the semi-transparent copy inside the blue box shows the object at its destination. Show the scene after the object has been moved to the marked location. Pick up the tissue. Place it on the tissue pile."
/data/datasets/DROID/train_v8/final/11224_exterior_image_2_left_pair0.png,/data/datasets/DROID/train_v12/kontext/11224_exterior_image_2_left_pair0.png,"Follow the markers in the image: the green box marks the object to grasp, the semi-transparent copy inside the blue box shows the object at its destination. Show the scene after the object has been moved to the marked location. Pick up the cloth. Place it on the stand."
/data/datasets/DROID/train_v8/final/2194_exterior_image_1_left_pair0.png,/data/datasets/DROID/train_v12/kontext/2194_exterior_image_1_left_pair0.png,"Follow the markers in the image: the green box marks the object to grasp, the semi-transparent copy inside the blue box shows the object at its destination. Show the scene after the object has been moved to the marked location. Pick up the coffee cup. Place it on the cup holder."
/data/datasets/DROID/train_v8/final/25567_exterior_image_1_left_pair0.png,/data/datasets/DROID/train_v12/kontext/25567_exterior_image_1_left_pair0.png,"Follow the markers in the image: the green box marks the object to grasp, the semi-transparent copy inside the blue box shows the object at its destination. Show the scene after the object has been moved to the marked location. Pick up the tongs. Place it on the table."
/data/datasets/DROID/train_v8/final/34537_exterior_image_1_left_pair0.png,/data/datasets/DROID/train_v12/kontext/34537_exterior_image_1_left_pair0.png,"Follow the markers in the image: the green box marks the object to grasp, the semi-transparent copy inside the blue box shows the object at its destination. Show the scene after the object has been moved to the marked location. Pick up the stuffed fruits. Place it in the plate."
/data/datasets/DROID/train_v8/final/66111_exterior_image_1_left_pair0.png,/data/datasets/DROID/train_v12/kontext/66111_exterior_image_1_left_pair0.png,"Follow the markers in the image: the green box marks the object to grasp, the semi-transparent copy inside the blue box shows the object at its destination. Show the scene after the object has been moved to the marked location. Pick up the bottle. Place it on the table."
/data/datasets/DROID/train_v8/final/32879_exterior_image_1_left_pair0.png,/data/datasets/DROID/train_v12/kontext/32879_exterior_image_1_left_pair0.png,"Follow the markers in the image: the green box marks the object to grasp, the semi-transparent copy inside the blue box shows the object at its destination. Show the scene after the object has been moved to the marked location. Pick up the cloth. Place it on the table."
/data/datasets/DROID/train_v8/final/65163_exterior_image_1_left_pair0.png,/data/datasets/DROID/train_v12/kontext/65163_exterior_image_1_left_pair0.png,"Follow the markers in the image: the green box marks the object to grasp, the semi-transparent copy inside the blue box shows the object at its destination. Show the scene after the object has been moved to the marked location. Pick up the pineapple toy. Place it on the plate."
/data/datasets/DROID/train_v8/final/46683_exterior_image_1_left_pair0.png,/data/datasets/DROID/train_v12/kontext/46683_exterior_image_1_left_pair0.png,"Follow the markers in the image: the green box marks the object to grasp, the semi-transparent copy inside the blue box shows the object at its destination. Show the scene after the object has been moved to the marked location. Pick up the shoes. Place it on the table."
/data/datasets/DROID/train_v8/final/1297_exterior_image_1_left_pair0.png,/data/datasets/DROID/train_v12/kontext/1297_exterior_image_1_left_pair0.png,"Follow the markers in the image: the green box marks the object to grasp, the semi-transparent copy inside the blue box shows the object at its destination. Show the scene after the object has been moved to the marked location. Pick up the marker. Place it on the table."
/data/datasets/DROID/train_v8/final/57113_exterior_image_1_left_pair0.png,/data/datasets/DROID/train_v12/kontext/57113_exterior_image_1_left_pair0.png,"Follow the markers in the image: the green box marks the object to grasp, the semi-transparent copy inside the blue box shows the object at its destination. Show the scene after the object has been moved to the marked location. Pick up the cloth. Place it on the table."
/data/datasets/DROID/train_v8/final/31230_exterior_image_1_left_pair0.png,/data/datasets/DROID/train_v12/kontext/31230_exterior_image_1_left_pair0.png,"Follow the markers in the image: the green box marks the object to grasp, the semi-transparent copy inside the blue box shows the object at its destination. Show the scene after the object has been moved to the marked location. Pick up the cloth. Place it on the seat chair."
/data/datasets/DROID/train_v8/final/90536_exterior_image_2_left_pair0.png,/data/datasets/DROID/train_v12/kontext/90536_exterior_image_2_left_pair0.png,"Follow the markers in the image: the green box marks the object to grasp, the semi-transparent copy inside the blue box shows the object at its destination. Show the scene after the object has been moved to the marked location. Pick up the bowl. Place it on the dish rack."
/data/datasets/DROID/train_v8/final/24254_exterior_image_1_left_pair0.png,/data/datasets/DROID/train_v12/kontext/24254_exterior_image_1_left_pair0.png,"Follow the markers in the image: the green box marks the object to grasp, the semi-transparent copy inside the blue box shows the object at its destination. Show the scene after the object has been moved to the marked location. Pick up the cloth. Place it in the bag."
/data/datasets/DROID/train_v8/final/12217_exterior_image_1_left_pair0.png,/data/datasets/DROID/train_v12/kontext/12217_exterior_image_1_left_pair0.png,"Follow the markers in the image: the green box marks the object to grasp, the semi-transparent copy inside the blue box shows the object at its destination. Show the scene after the object has been moved to the marked location. Pick up the box. Place it on the table."
/data/datasets/DROID/train_v8/final/4861_exterior_image_1_left_pair0.png,/data/datasets/DROID/train_v12/kontext/4861_exterior_image_1_left_pair0.png,"Follow the markers in the image: the green box marks the object to grasp, the semi-transparent copy inside the blue box shows the object at its destination. Show the scene after the object has been moved to the marked location. Pick up the cup. Place it in the cup."
/data/datasets/DROID/train_v8/final/3774_exterior_image_1_left_pair0.png,/data/datasets/DROID/train_v12/kontext/3774_exterior_image_1_left_pair0.png,"Follow the markers in the image: the green box marks the object to grasp, the semi-transparent copy inside the blue box shows the object at its destination. Show the scene after the object has been moved to the marked location. Pick up the lid. Place it on the counter."
/data/datasets/DROID/train_v8/final/88145_exterior_image_1_left_pair0.png,/data/datasets/DROID/train_v12/kontext/88145_exterior_image_1_left_pair0.png,"Follow the markers in the image: the green box marks the object to grasp, the semi-transparent copy inside the blue box shows the object at its destination. Show the scene after the object has been moved to the marked location. Pick up the box laundry detergent. Place it on the washing machine."
/data/datasets/DROID/train_v8/final/17559_exterior_image_2_left_pair0.png,/data/datasets/DROID/train_v12/kontext/17559_exterior_image_2_left_pair0.png,"Follow the markers in the image: the green box marks the object to grasp, the semi-transparent copy inside the blue box shows the object at its destination. Show the scene after the object has been moved to the marked location. Pick up the cloth. Place it on the backrest chair."
/data/datasets/DROID/train_v8/final/72414_exterior_image_1_left_pair0.png,/data/datasets/DROID/train_v12/kontext/72414_exterior_image_1_left_pair0.png,"Follow the markers in the image: the green box marks the object to grasp, the semi-transparent copy inside the blue box shows the object at its destination. Show the scene after the object has been moved to the marked location. Pick up the block. Place it on the countertop."
/data/datasets/DROID/train_v8/final/4492_exterior_image_1_left_pair0.png,/data/datasets/DROID/train_v12/kontext/4492_exterior_image_1_left_pair0.png,"Follow the markers in the image: the green box marks the object to grasp, the semi-transparent copy inside the blue box shows the object at its destination. Show the scene after the object has been moved to the marked location. Pick up the bottle. Place it on the tray."
/data/datasets/DROID/train_v8/final/4121_exterior_image_1_left_pair0.png,/data/datasets/DROID/train_v12/kontext/4121_exterior_image_1_left_pair0.png,"Follow the markers in the image: the green box marks the object to grasp, the semi-transparent copy inside the blue box shows the object at its destination. Show the scene after the object has been moved to the marked location. Pick up the spoon. Place it in the mug."
/data/datasets/DROID/train_v8/final/18136_exterior_image_1_left_pair0.png,/data/datasets/DROID/train_v12/kontext/18136_exterior_image_1_left_pair0.png,"Follow the markers in the image: the green box marks the object to grasp, the semi-transparent copy inside the blue box shows the object at its destination. Show the scene after the object has been moved to the marked location. Pick up the shoe. Place it on the rack."
/data/datasets/DROID/train_v8/final/11947_exterior_image_1_left_pair0.png,/data/datasets/DROID/train_v12/kontext/11947_exterior_image_1_left_pair0.png,"Follow the markers in the image: the green box marks the object to grasp, the semi-transparent copy inside the blue box shows the object at its destination. Show the scene after the object has been moved to the marked location. Pick up the object. Place it on the table."
/data/datasets/DROID/train_v8/final/20175_exterior_image_1_left_pair0.png,/data/datasets/DROID/train_v12/kontext/20175_exterior_image_1_left_pair0.png,"Follow the markers in the image: the green box marks the object to grasp, the semi-transparent copy inside the blue box shows the object at its destination. Show the scene after the object has been moved to the marked location. Pick up the container. Place it on the tabletop."
/data/datasets/DROID/train_v8/final/11299_exterior_image_2_left_pair0.png,/data/datasets/DROID/train_v12/kontext/11299_exterior_image_2_left_pair0.png,"Follow the markers in the image: the green box marks the object to grasp, the semi-transparent copy inside the blue box shows the object at its destination. Show the scene after the object has been moved to the marked location. Pick up the cup. Place it on the counter."
/data/datasets/DROID/train_v8/final/14561_exterior_image_1_left_pair0.png,/data/datasets/DROID/train_v12/kontext/14561_exterior_image_1_left_pair0.png,"Follow the markers in the image: the green box marks the object to grasp, the semi-transparent copy inside the blue box shows the object at its destination. Show the scene after the object has been moved to the marked location. Pick up the object. Place it in the sink."
/data/datasets/DROID/train_v8/final/13186_exterior_image_2_left_pair1.png,/data/datasets/DROID/train_v12/kontext/13186_exterior_image_2_left_pair1.png,"Follow the markers in the image: the green box marks the object to grasp, the semi-transparent copy inside the blue box shows the object at its destination. Show the scene after the object has been moved to the marked location. Pick up the paper. Place it in the box."
/data/datasets/DROID/train_v8/final/10854_exterior_image_1_left_pair0.png,/data/datasets/DROID/train_v12/kontext/10854_exterior_image_1_left_pair0.png,"Follow the markers in the image: the green box marks the object to grasp, the semi-transparent copy inside the blue box shows the object at its destination. Show the scene after the object has been moved to the marked location. Pick up the pepper. Place it in the bowl."
/data/datasets/DROID/train_v8/final/12006_exterior_image_1_left_pair0.png,/data/datasets/DROID/train_v12/kontext/12006_exterior_image_1_left_pair0.png,"Follow the markers in the image: the green box marks the object to grasp, the semi-transparent copy inside the blue box shows the object at its destination. Show the scene after the object has been moved to the marked location. Pick up the lid. Place it on the countertop."
/data/datasets/DROID/train_v8/final/13622_exterior_image_2_left_pair0.png,/data/datasets/DROID/train_v12/kontext/13622_exterior_image_2_left_pair0.png,"Follow the markers in the image: the green box marks the object to grasp, the semi-transparent copy inside the blue box shows the object at its destination. Show the scene after the object has been moved to the marked location. Pick up the block. Place it on the blocks."
/data/datasets/DROID/train_v8/final/65787_exterior_image_2_left_pair0.png,/data/datasets/DROID/train_v12/kontext/65787_exterior_image_2_left_pair0.png,"Follow the markers in the image: the green box marks the object to grasp, the semi-transparent copy inside the blue box shows the object at its destination. Show the scene after the object has been moved to the marked location. Pick up the bag. Place it on the table."
/data/datasets/DROID/train_v8/final/11233_exterior_image_1_left_pair0.png,/data/datasets/DROID/train_v12/kontext/11233_exterior_image_1_left_pair0.png,"Follow the markers in the image: the green box marks the object to grasp, the semi-transparent copy inside the blue box shows the object at its destination. Show the scene after the object has been moved to the marked location. Pick up the plush toy. Place it on the table."
/data/datasets/DROID/train_v8/final/15413_exterior_image_1_left_pair0.png,/data/datasets/DROID/train_v12/kontext/15413_exterior_image_1_left_pair0.png,"Follow the markers in the image: the green box marks the object to grasp, the semi-transparent copy inside the blue box shows the object at its destination. Show the scene after the object has been moved to the marked location. Pick up the object. Place it on the countertop."
/data/datasets/DROID/train_v8/final/12063_exterior_image_2_left_pair0.png,/data/datasets/DROID/train_v12/kontext/12063_exterior_image_2_left_pair0.png,"Follow the markers in the image: the green box marks the object to grasp, the semi-transparent copy inside the blue box shows the object at its destination. Show the scene after the object has been moved to the marked location. Pick up the tissue. Place it on the pile of tissue."
/data/datasets/DROID/train_v8/final/13508_exterior_image_2_left_pair0.png,/data/datasets/DROID/train_v12/kontext/13508_exterior_image_2_left_pair0.png,"Follow the markers in the image: the green box marks the object to grasp, the semi-transparent copy inside the blue box shows the object at its destination. Show the scene after the object has been moved to the marked location. Pick up the seal tape. Place it on the table."
/data/datasets/DROID/train_v8/final/17191_exterior_image_1_left_pair0.png,/data/datasets/DROID/train_v12/kontext/17191_exterior_image_1_left_pair0.png,"Follow the markers in the image: the green box marks the object to grasp, the semi-transparent copy inside the blue box shows the object at its destination. Show the scene after the object has been moved to the marked location. Pick up the object. Place it on the table."
/data/datasets/DROID/train_v8/final/41406_exterior_image_1_left_pair0.png,/data/datasets/DROID/train_v12/kontext/41406_exterior_image_1_left_pair0.png,"Follow the markers in the image: the green box marks the object to grasp, the semi-transparent copy inside the blue box shows the object at its destination. Show the scene after the object has been moved to the marked location. Pick up the pot. Place it on the plate stove."
/data/datasets/DROID/train_v8/final/18788_exterior_image_2_left_pair0.png,/data/datasets/DROID/train_v12/kontext/18788_exterior_image_2_left_pair0.png,"Follow the markers in the image: the green box marks the object to grasp, the semi-transparent copy inside the blue box shows the object at its destination. Show the scene after the object has been moved to the marked location. Pick up the plate. Place it on the table."
/data/datasets/DROID/train_v8/final/25126_exterior_image_2_left_pair0.png,/data/datasets/DROID/train_v12/kontext/25126_exterior_image_2_left_pair0.png,"Follow the markers in the image: the green box marks the object to grasp, the semi-transparent copy inside the blue box shows the object at its destination. Show the scene after the object has been moved to the marked location. Pick up the cup. Place it on the table."
/data/datasets/DROID/train_v8/final/48757_exterior_image_2_left_pair0.png,/data/datasets/DROID/train_v12/kontext/48757_exterior_image_2_left_pair0.png,"Follow the markers in the image: the green box marks the object to grasp, the semi-transparent copy inside the blue box shows the object at its destination. Show the scene after the object has been moved to the marked location. Pick up the marker. Place it on the tabletop."
/data/datasets/DROID/train_v8/final/1184_exterior_image_1_left_pair1.png,/data/datasets/DROID/train_v12/kontext/1184_exterior_image_1_left_pair1.png,"Follow the markers in the image: the green box marks the object to grasp, the semi-transparent copy inside the blue box shows the object at its destination. Show the scene after the object has been moved to the marked location. Pick up the toy. Place it on the clothes."
/data/datasets/DROID/train_v8/final/19860_exterior_image_1_left_pair0.png,/data/datasets/DROID/train_v12/kontext/19860_exterior_image_1_left_pair0.png,"Follow the markers in the image: the green box marks the object to grasp, the semi-transparent copy inside the blue box shows the object at its destination. Show the scene after the object has been moved to the marked location. Pick up the Rubik's cube. Place it on the block."
/data/datasets/DROID/train_v8/final/14336_exterior_image_1_left_pair0.png,/data/datasets/DROID/train_v12/kontext/14336_exterior_image_1_left_pair0.png,"Follow the markers in the image: the green box marks the object to grasp, the semi-transparent copy inside the blue box shows the object at its destination. Show the scene after the object has been moved to the marked location. Pick up the lid. Place it in the sink."
/data/datasets/DROID/train_v8/final/11422_exterior_image_2_left_pair0.png,/data/datasets/DROID/train_v12/kontext/11422_exterior_image_2_left_pair0.png,"Follow the markers in the image: the green box marks the object to grasp, the semi-transparent copy inside the blue box shows the object at its destination. Show the scene after the object has been moved to the marked location. Pick up the bowl. Place it on the bowl."
/data/datasets/DROID/train_v8/final/17889_exterior_image_1_left_pair0.png,/data/datasets/DROID/train_v12/kontext/17889_exterior_image_1_left_pair0.png,"Follow the markers in the image: the green box marks the object to grasp, the semi-transparent copy inside the blue box shows the object at its destination. Show the scene after the object has been moved to the marked location. Pick up the stuffed toy. Place it in the sink."
/data/datasets/DROID/train_v8/final/15064_exterior_image_2_left_pair0.png,/data/datasets/DROID/train_v12/kontext/15064_exterior_image_2_left_pair0.png,"Follow the markers in the image: the green box marks the object to grasp, the semi-transparent copy inside the blue box shows the object at its destination. Show the scene after the object has been moved to the marked location. Pick up the bottle. Place it on the block."
/data/datasets/DROID/train_v8/final/11052_exterior_image_2_left_pair0.png,/data/datasets/DROID/train_v12/kontext/11052_exterior_image_2_left_pair0.png,"Follow the markers in the image: the green box marks the object to grasp, the semi-transparent copy inside the blue box shows the object at its destination. Show the scene after the object has been moved to the marked location. Pick up the marker. Place it in the pot."
/data/datasets/DROID/train_v8/final/11799_exterior_image_1_left_pair0.png,/data/datasets/DROID/train_v12/kontext/11799_exterior_image_1_left_pair0.png,"Follow the markers in the image: the green box marks the object to grasp, the semi-transparent copy inside the blue box shows the object at its destination. Show the scene after the object has been moved to the marked location. Pick up the stapler. Place it on the tabletop."
/data/datasets/DROID/train_v8/final/33196_exterior_image_2_left_pair0.png,/data/datasets/DROID/train_v12/kontext/33196_exterior_image_2_left_pair0.png,"Follow the markers in the image: the green box marks the object to grasp, the semi-transparent copy inside the blue box shows the object at its destination. Show the scene after the object has been moved to the marked location. Pick up the book. Place it on the table."
/data/datasets/DROID/train_v8/final/17280_exterior_image_2_left_pair0.png,/data/datasets/DROID/train_v12/kontext/17280_exterior_image_2_left_pair0.png,"Follow the markers in the image: the green box marks the object to grasp, the semi-transparent copy inside the blue box shows the object at its destination. Show the scene after the object has been moved to the marked location. Pick up the straw. Place it in the cup."
/data/datasets/DROID/train_v8/final/19791_exterior_image_1_left_pair0.png,/data/datasets/DROID/train_v12/kontext/19791_exterior_image_1_left_pair0.png,"Follow the markers in the image: the green box marks the object to grasp, the semi-transparent copy inside the blue box shows the object at its destination. Show the scene after the object has been moved to the marked location. Pick up the cup. Place it on the countertop."
/data/datasets/DROID/train_v8/final/17591_exterior_image_2_left_pair0.png,/data/datasets/DROID/train_v12/kontext/17591_exterior_image_2_left_pair0.png,"Follow the markers in the image: the green box marks the object to grasp, the semi-transparent copy inside the blue box shows the object at its destination. Show the scene after the object has been moved to the marked location. Pick up the bottle. Place it in the box."
/data/datasets/DROID/train_v8/final/2519_exterior_image_2_left_pair0.png,/data/datasets/DROID/train_v12/kontext/2519_exterior_image_2_left_pair0.png,"Follow the markers in the image: the green box marks the object to grasp, the semi-transparent copy inside the blue box shows the object at its destination. Show the scene after the object has been moved to the marked location. Pick up the bottle. Place it on the table."
/data/datasets/DROID/train_v8/final/1155_exterior_image_1_left_pair0.png,/data/datasets/DROID/train_v12/kontext/1155_exterior_image_1_left_pair0.png,"Follow the markers in the image: the green box marks the object to grasp, the semi-transparent copy inside the blue box shows the object at its destination. Show the scene after the object has been moved to the marked location. Pick up the notebook. Place it on the Pile of books."
/data/datasets/DROID/train_v8/final/10669_exterior_image_1_left_pair0.png,/data/datasets/DROID/train_v12/kontext/10669_exterior_image_1_left_pair0.png,"Follow the markers in the image: the green box marks the object to grasp, the semi-transparent copy inside the blue box shows the object at its destination. Show the scene after the object has been moved to the marked location. Pick up the ball. Place it on the table."
/data/datasets/DROID/train_v8/final/11472_exterior_image_1_left_pair0.png,/data/datasets/DROID/train_v12/kontext/11472_exterior_image_1_left_pair0.png,"Follow the markers in the image: the green box marks the object to grasp, the semi-transparent copy inside the blue box shows the object at its destination. Show the scene after the object has been moved to the marked location. Pick up the pen. Place it on the countertop."
/data/datasets/DROID/train_v8/final/20018_exterior_image_1_left_pair0.png,/data/datasets/DROID/train_v12/kontext/20018_exterior_image_1_left_pair0.png,"Follow the markers in the image: the green box marks the object to grasp, the semi-transparent copy inside the blue box shows the object at its destination. Show the scene after the object has been moved to the marked location. Pick up the hanger. Place it on the table."
/data/datasets/DROID/train_v8/final/47483_exterior_image_1_left_pair0.png,/data/datasets/DROID/train_v12/kontext/47483_exterior_image_1_left_pair0.png,"Follow the markers in the image: the green box marks the object to grasp, the semi-transparent copy inside the blue box shows the object at its destination. Show the scene after the object has been moved to the marked location. Pick up the cube. Place it on the block."
/data/datasets/DROID/train_v8/final/73787_exterior_image_2_left_pair0.png,/data/datasets/DROID/train_v12/kontext/73787_exterior_image_2_left_pair0.png,"Follow the markers in the image: the green box marks the object to grasp, the semi-transparent copy inside the blue box shows the object at its destination. Show the scene after the object has been moved to the marked location. Pick up the block. Place it on the block."
/data/datasets/DROID/train_v8/final/19305_exterior_image_1_left_pair0.png,/data/datasets/DROID/train_v12/kontext/19305_exterior_image_1_left_pair0.png,"Follow the markers in the image: the green box marks the object to grasp, the semi-transparent copy inside the blue box shows the object at its destination. Show the scene after the object has been moved to the marked location. Pick up the whiteboard eraser. Place it on the shelf."
/data/datasets/DROID/train_v8/final/1254_exterior_image_1_left_pair0.png,/data/datasets/DROID/train_v12/kontext/1254_exterior_image_1_left_pair0.png,"Follow the markers in the image: the green box marks the object to grasp, the semi-transparent copy inside the blue box shows the object at its destination. Show the scene after the object has been moved to the marked location. Pick up the marker. Place it in the cup."
/data/datasets/DROID/train_v8/final/20520_exterior_image_1_left_pair0.png,/data/datasets/DROID/train_v12/kontext/20520_exterior_image_1_left_pair0.png,"Follow the markers in the image: the green box marks the object to grasp, the semi-transparent copy inside the blue box shows the object at its destination. Show the scene after the object has been moved to the marked location. Pick up the marker. Place it in the mug."
/data/datasets/DROID/train_v8/final/19113_exterior_image_1_left_pair0.png,/data/datasets/DROID/train_v12/kontext/19113_exterior_image_1_left_pair0.png,"Follow the markers in the image: the green box marks the object to grasp, the semi-transparent copy inside the blue box shows the object at its destination. Show the scene after the object has been moved to the marked location. Pick up the lid. Place it on the table."
/data/datasets/DROID/train_v8/final/11172_exterior_image_1_left_pair0.png,/data/datasets/DROID/train_v12/kontext/11172_exterior_image_1_left_pair0.png,"Follow the markers in the image: the green box marks the object to grasp, the semi-transparent copy inside the blue box shows the object at its destination. Show the scene after the object has been moved to the marked location. Pick up the cup. Place it on the table."
/data/datasets/DROID/train_v8/final/53353_exterior_image_2_left_pair0.png,/data/datasets/DROID/train_v12/kontext/53353_exterior_image_2_left_pair0.png,"Follow the markers in the image: the green box marks the object to grasp, the semi-transparent copy inside the blue box shows the object at its destination. Show the scene after the object has been moved to the marked location. Pick up the screwdriver. Place it on the table."
/data/datasets/DROID/train_v8/final/12270_exterior_image_1_left_pair0.png,/data/datasets/DROID/train_v12/kontext/12270_exterior_image_1_left_pair0.png,"Follow the markers in the image: the green box marks the object to grasp, the semi-transparent copy inside the blue box shows the object at its destination. Show the scene after the object has been moved to the marked location. Pick up the pen. Place it in the cup."
/data/datasets/DROID/train_v8/final/37190_exterior_image_2_left_pair0.png,/data/datasets/DROID/train_v12/kontext/37190_exterior_image_2_left_pair0.png,"Follow the markers in the image: the green box marks the object to grasp, the semi-transparent copy inside the blue box shows the object at its destination. Show the scene after the object has been moved to the marked location. Pick up the banana plush toy. Place it in the cabinet."
/data/datasets/DROID/train_v8/final/1083_exterior_image_1_left_pair0.png,/data/datasets/DROID/train_v12/kontext/1083_exterior_image_1_left_pair0.png,"Follow the markers in the image: the green box marks the object to grasp, the semi-transparent copy inside the blue box shows the object at its destination. Show the scene after the object has been moved to the marked location. Pick up the carrot plushie. Place it on the pan."
/data/datasets/DROID/train_v8/final/12033_exterior_image_1_left_pair0.png,/data/datasets/DROID/train_v12/kontext/12033_exterior_image_1_left_pair0.png,"Follow the markers in the image: the green box marks the object to grasp, the semi-transparent copy inside the blue box shows the object at its destination. Show the scene after the object has been moved to the marked location. Pick up the bottle. Place it in the container."
/data/datasets/DROID/train_v8/final/27187_exterior_image_1_left_pair0.png,/data/datasets/DROID/train_v12/kontext/27187_exterior_image_1_left_pair0.png,"Follow the markers in the image: the green box marks the object to grasp, the semi-transparent copy inside the blue box shows the object at its destination. Show the scene after the object has been moved to the marked location. Pick up the object. Place it on the table."
/data/datasets/DROID/train_v8/final/27035_exterior_image_1_left_pair0.png,/data/datasets/DROID/train_v12/kontext/27035_exterior_image_1_left_pair0.png,"Follow the markers in the image: the green box marks the object to grasp, the semi-transparent copy inside the blue box shows the object at its destination. Show the scene after the object has been moved to the marked location. Pick up the plush toy. Place it in the pot."
/data/datasets/DROID/train_v8/final/12184_exterior_image_2_left_pair0.png,/data/datasets/DROID/train_v12/kontext/12184_exterior_image_2_left_pair0.png,"Follow the markers in the image: the green box marks the object to grasp, the semi-transparent copy inside the blue box shows the object at its destination. Show the scene after the object has been moved to the marked location. Pick up the pear plush toy. Place it in the box."
/data/datasets/DROID/train_v8/final/10935_exterior_image_1_left_pair0.png,/data/datasets/DROID/train_v12/kontext/10935_exterior_image_1_left_pair0.png,"Follow the markers in the image: the green box marks the object to grasp, the semi-transparent copy inside the blue box shows the object at its destination. Show the scene after the object has been moved to the marked location. Pick up the marker. Place it in the pot."
/data/datasets/DROID/train_v8/final/24826_exterior_image_1_left_pair0.png,/data/datasets/DROID/train_v12/kontext/24826_exterior_image_1_left_pair0.png,"Follow the markers in the image: the green box marks the object to grasp, the semi-transparent copy inside the blue box shows the object at its destination. Show the scene after the object has been moved to the marked location. Pick up the bottle. Place it in the container."
/data/datasets/DROID/train_v8/final/1066_exterior_image_2_left_pair0.png,/data/datasets/DROID/train_v12/kontext/1066_exterior_image_2_left_pair0.png,"Follow the markers in the image: the green box marks the object to grasp, the semi-transparent copy inside the blue box shows the object at its destination. Show the scene after the object has been moved to the marked location. Pick up the marker. Place it on the table."
/data/datasets/DROID/train_v8/final/11247_exterior_image_1_left_pair0.png,/data/datasets/DROID/train_v12/kontext/11247_exterior_image_1_left_pair0.png,"Follow the markers in the image: the green box marks the object to grasp, the semi-transparent copy inside the blue box shows the object at its destination. Show the scene after the object has been moved to the marked location. Pick up the straw. Place it in the cup."
/data/datasets/DROID/train_v8/final/11482_exterior_image_1_left_pair0.png,/data/datasets/DROID/train_v12/kontext/11482_exterior_image_1_left_pair0.png,"Follow the markers in the image: the green box marks the object to grasp, the semi-transparent copy inside the blue box shows the object at its destination. Show the scene after the object has been moved to the marked location. Pick up the seal tape. Place it in the bowl."
/data/datasets/DROID/train_v8/final/16737_exterior_image_1_left_pair0.png,/data/datasets/DROID/train_v12/kontext/16737_exterior_image_1_left_pair0.png,"Follow the markers in the image: the green box marks the object to grasp, the semi-transparent copy inside the blue box shows the object at its destination. Show the scene after the object has been moved to the marked location. Pick up the toy. Place it on the plate."
/data/datasets/DROID/train_v8/final/13221_exterior_image_1_left_pair0.png,/data/datasets/DROID/train_v12/kontext/13221_exterior_image_1_left_pair0.png,"Follow the markers in the image: the green box marks the object to grasp, the semi-transparent copy inside the blue box shows the object at its destination. Show the scene after the object has been moved to the marked location. Pick up the marker. Place it in the cup."
/data/datasets/DROID/train_v8/final/14208_exterior_image_1_left_pair0.png,/data/datasets/DROID/train_v12/kontext/14208_exterior_image_1_left_pair0.png,"Follow the markers in the image: the green box marks the object to grasp, the semi-transparent copy inside the blue box shows the object at its destination. Show the scene after the object has been moved to the marked location. Pick up the marker. Place it in the bowl."
/data/datasets/DROID/train_v8/final/12101_exterior_image_1_left_pair0.png,/data/datasets/DROID/train_v12/kontext/12101_exterior_image_1_left_pair0.png,"Follow the markers in the image: the green box marks the object to grasp, the semi-transparent copy inside the blue box shows the object at its destination. Show the scene after the object has been moved to the marked location. Pick up the object. Place it in the basket."
/data/datasets/DROID/train_v8/final/10879_exterior_image_1_left_pair0.png,/data/datasets/DROID/train_v12/kontext/10879_exterior_image_1_left_pair0.png,"Follow the markers in the image: the green box marks the object to grasp, the semi-transparent copy inside the blue box shows the object at its destination. Show the scene after the object has been moved to the marked location. Pick up the block. Place it on the block."
/data/datasets/DROID/train_v8/final/10984_exterior_image_2_left_pair0.png,/data/datasets/DROID/train_v12/kontext/10984_exterior_image_2_left_pair0.png,"Follow the markers in the image: the green box marks the object to grasp, the semi-transparent copy inside the blue box shows the object at its destination. Show the scene after the object has been moved to the marked location. Pick up the sponge. Place it in the box."
/data/datasets/DROID/train_v8/final/11649_exterior_image_1_left_pair0.png,/data/datasets/DROID/train_v12/kontext/11649_exterior_image_1_left_pair0.png,"Follow the markers in the image: the green box marks the object to grasp, the semi-transparent copy inside the blue box shows the object at its destination. Show the scene after the object has been moved to the marked location. Pick up the clothing. Place it in the box."
/data/datasets/DROID/train_v8/final/15377_exterior_image_1_left_pair0.png,/data/datasets/DROID/train_v12/kontext/15377_exterior_image_1_left_pair0.png,"Follow the markers in the image: the green box marks the object to grasp, the semi-transparent copy inside the blue box shows the object at its destination. Show the scene after the object has been moved to the marked location. Pick up the jersey. Place it on the chair."
/data/datasets/DROID/train_v8/final/11105_exterior_image_1_left_pair0.png,/data/datasets/DROID/train_v12/kontext/11105_exterior_image_1_left_pair0.png,"Follow the markers in the image: the green box marks the object to grasp, the semi-transparent copy inside the blue box shows the object at its destination. Show the scene after the object has been moved to the marked location. Pick up the object. Place it in the plate."
/data/datasets/DROID/train_v8/final/10981_exterior_image_2_left_pair0.png,/data/datasets/DROID/train_v12/kontext/10981_exterior_image_2_left_pair0.png,"Follow the markers in the image: the green box marks the object to grasp, the semi-transparent copy inside the blue box shows the object at its destination. Show the scene after the object has been moved to the marked location. Pick up the bottle. Place it in the container."
/data/datasets/DROID/train_v8/final/12401_exterior_image_1_left_pair0.png,/data/datasets/DROID/train_v12/kontext/12401_exterior_image_1_left_pair0.png,"Follow the markers in the image: the green box marks the object to grasp, the semi-transparent copy inside the blue box shows the object at its destination. Show the scene after the object has been moved to the marked location. Pick up the pineapple plush toy. Place it on the tray."
/data/datasets/DROID/train_v8/final/11538_exterior_image_1_left_pair0.png,/data/datasets/DROID/train_v12/kontext/11538_exterior_image_1_left_pair0.png,"Follow the markers in the image: the green box marks the object to grasp, the semi-transparent copy inside the blue box shows the object at its destination. Show the scene after the object has been moved to the marked location. Pick up the salt shaker. Place it in the pot."
/data/datasets/DROID/train_v8/final/12104_exterior_image_1_left_pair0.png,/data/datasets/DROID/train_v12/kontext/12104_exterior_image_1_left_pair0.png,"Follow the markers in the image: the green box marks the object to grasp, the semi-transparent copy inside the blue box shows the object at its destination. Show the scene after the object has been moved to the marked location. Pick up the triangle block. Place it on the cube."
/data/datasets/DROID/train_v8/final/11298_exterior_image_2_left_pair0.png,/data/datasets/DROID/train_v12/kontext/11298_exterior_image_2_left_pair0.png,"Follow the markers in the image: the green box marks the object to grasp, the semi-transparent copy inside the blue box shows the object at its destination. Show the scene after the object has been moved to the marked location. Pick up the peach. Place it on the bookshelf."
/data/datasets/DROID/train_v8/final/11295_exterior_image_2_left_pair0.png,/data/datasets/DROID/train_v12/kontext/11295_exterior_image_2_left_pair0.png,"Follow the markers in the image: the green box marks the object to grasp, the semi-transparent copy inside the blue box shows the object at its destination. Show the scene after the object has been moved to the marked location. Pick up the egg. Place it on the countertop."
/data/datasets/DROID/train_v8/final/27639_exterior_image_2_left_pair1.png,/data/datasets/DROID/train_v12/kontext/27639_exterior_image_2_left_pair1.png,"Follow the markers in the image: the green box marks the object to grasp, the semi-transparent copy inside the blue box shows the object at its destination. Show the scene after the object has been moved to the marked location. Pick up the block. Place it on the red spot."
/data/datasets/DROID/train_v8/final/11958_exterior_image_1_left_pair0.png,/data/datasets/DROID/train_v12/kontext/11958_exterior_image_1_left_pair0.png,"Follow the markers in the image: the green box marks the object to grasp, the semi-transparent copy inside the blue box shows the object at its destination. Show the scene after the object has been moved to the marked location. Pick up the board eraser. Place it on the stand."
/data/datasets/DROID/train_v8/final/11458_exterior_image_1_left_pair0.png,/data/datasets/DROID/train_v12/kontext/11458_exterior_image_1_left_pair0.png,"Follow the markers in the image: the green box marks the object to grasp, the semi-transparent copy inside the blue box shows the object at its destination. Show the scene after the object has been moved to the marked location. Pick up the shirt. Place it on the desk."
/data/datasets/DROID/train_v8/final/10709_exterior_image_2_left_pair0.png,/data/datasets/DROID/train_v12/kontext/10709_exterior_image_2_left_pair0.png,"Follow the markers in the image: the green box marks the object to grasp, the semi-transparent copy inside the blue box shows the object at its destination. Show the scene after the object has been moved to the marked location. Pick up the bottle. Place it on the countertop."
/data/datasets/DROID/train_v8/final/2206_exterior_image_1_left_pair0.png,/data/datasets/DROID/train_v12/kontext/2206_exterior_image_1_left_pair0.png,"Follow the markers in the image: the green box marks the object to grasp, the semi-transparent copy inside the blue box shows the object at its destination. Show the scene after the object has been moved to the marked location. Pick up the bottle. Place it on the tray."
/data/datasets/DROID/train_v8/final/11553_exterior_image_2_left_pair0.png,/data/datasets/DROID/train_v12/kontext/11553_exterior_image_2_left_pair0.png,"Follow the markers in the image: the green box marks the object to grasp, the semi-transparent copy inside the blue box shows the object at its destination. Show the scene after the object has been moved to the marked location. Pick up the cup. Place it on the table."
/data/datasets/DROID/train_v8/final/14217_exterior_image_1_left_pair0.png,/data/datasets/DROID/train_v12/kontext/14217_exterior_image_1_left_pair0.png,"Follow the markers in the image: the green box marks the object to grasp, the semi-transparent copy inside the blue box shows the object at its destination. Show the scene after the object has been moved to the marked location. Pick up the maize cob. Place it in the bowl."
/data/datasets/DROID/train_v8/final/12407_exterior_image_1_left_pair0.png,/data/datasets/DROID/train_v12/kontext/12407_exterior_image_1_left_pair0.png,"Follow the markers in the image: the green box marks the object to grasp, the semi-transparent copy inside the blue box shows the object at its destination. Show the scene after the object has been moved to the marked location. Pick up the marker. Place it on the table."
/data/datasets/DROID/train_v8/final/12670_exterior_image_2_left_pair0.png,/data/datasets/DROID/train_v12/kontext/12670_exterior_image_2_left_pair0.png,"Follow the markers in the image: the green box marks the object to grasp, the semi-transparent copy inside the blue box shows the object at its destination. Show the scene after the object has been moved to the marked location. Pick up the turtle plush toy. Place it on the counter."
/data/datasets/DROID/train_v8/final/24073_exterior_image_2_left_pair0.png,/data/datasets/DROID/train_v12/kontext/24073_exterior_image_2_left_pair0.png,"Follow the markers in the image: the green box marks the object to grasp, the semi-transparent copy inside the blue box shows the object at its destination. Show the scene after the object has been moved to the marked location. Pick up the bowl. Place it on the table."
/data/datasets/DROID/train_v8/final/23532_exterior_image_2_left_pair0.png,/data/datasets/DROID/train_v12/kontext/23532_exterior_image_2_left_pair0.png,"Follow the markers in the image: the green box marks the object to grasp, the semi-transparent copy inside the blue box shows the object at its destination. Show the scene after the object has been moved to the marked location. Pick up the object. Place it on the table."
/data/datasets/DROID/train_v8/final/4542_exterior_image_2_left_pair0.png,/data/datasets/DROID/train_v12/kontext/4542_exterior_image_2_left_pair0.png,"Follow the markers in the image: the green box marks the object to grasp, the semi-transparent copy inside the blue box shows the object at its destination. Show the scene after the object has been moved to the marked location. Pick up the doll. Place it in the bowl."
/data/datasets/DROID/train_v8/final/11110_exterior_image_2_left_pair0.png,/data/datasets/DROID/train_v12/kontext/11110_exterior_image_2_left_pair0.png,"Follow the markers in the image: the green box marks the object to grasp, the semi-transparent copy inside the blue box shows the object at its destination. Show the scene after the object has been moved to the marked location. Pick up the watermelon toy. Place it in the pot."
/data/datasets/DROID/train_v8/final/39383_exterior_image_2_left_pair0.png,/data/datasets/DROID/train_v12/kontext/39383_exterior_image_2_left_pair0.png,"Follow the markers in the image: the green box marks the object to grasp, the semi-transparent copy inside the blue box shows the object at its destination. Show the scene after the object has been moved to the marked location. Pick up the cup. Place it on the table."
/data/datasets/DROID/train_v8/final/2305_exterior_image_1_left_pair0.png,/data/datasets/DROID/train_v12/kontext/2305_exterior_image_1_left_pair0.png,"Follow the markers in the image: the green box marks the object to grasp, the semi-transparent copy inside the blue box shows the object at its destination. Show the scene after the object has been moved to the marked location. Pick up the object. Place it on the table."
/data/datasets/DROID/train_v8/final/27330_exterior_image_2_left_pair0.png,/data/datasets/DROID/train_v12/kontext/27330_exterior_image_2_left_pair0.png,"Follow the markers in the image: the green box marks the object to grasp, the semi-transparent copy inside the blue box shows the object at its destination. Show the scene after the object has been moved to the marked location. Pick up the sweatshirt. Place it on the table."
/data/datasets/DROID/train_v8/final/19911_exterior_image_1_left_pair0.png,/data/datasets/DROID/train_v12/kontext/19911_exterior_image_1_left_pair0.png,"Follow the markers in the image: the green box marks the object to grasp, the semi-transparent copy inside the blue box shows the object at its destination. Show the scene after the object has been moved to the marked location. Pick up the charger head. Place it in the slot on extension cord."
/data/datasets/DROID/train_v8/final/15536_exterior_image_1_left_pair0.png,/data/datasets/DROID/train_v12/kontext/15536_exterior_image_1_left_pair0.png,"Follow the markers in the image: the green box marks the object to grasp, the semi-transparent copy inside the blue box shows the object at its destination. Show the scene after the object has been moved to the marked location. Pick up the sauce bottle. Place it in the sink."
/data/datasets/DROID/train_v8/final/11650_exterior_image_2_left_pair0.png,/data/datasets/DROID/train_v12/kontext/11650_exterior_image_2_left_pair0.png,"Follow the markers in the image: the green box marks the object to grasp, the semi-transparent copy inside the blue box shows the object at its destination. Show the scene after the object has been moved to the marked location. Pick up the cube. Place it on the rack."
/data/datasets/DROID/train_v8/final/16115_exterior_image_2_left_pair0.png,/data/datasets/DROID/train_v12/kontext/16115_exterior_image_2_left_pair0.png,"Follow the markers in the image: the green box marks the object to grasp, the semi-transparent copy inside the blue box shows the object at its destination. Show the scene after the object has been moved to the marked location. Pick up the cube. Place it on the table."
/data/datasets/DROID/train_v8/final/1365_exterior_image_1_left_pair0.png,/data/datasets/DROID/train_v12/kontext/1365_exterior_image_1_left_pair0.png,"Follow the markers in the image: the green box marks the object to grasp, the semi-transparent copy inside the blue box shows the object at its destination. Show the scene after the object has been moved to the marked location. Pick up the toy. Place it on the table."
/data/datasets/DROID/train_v8/final/17950_exterior_image_1_left_pair0.png,/data/datasets/DROID/train_v12/kontext/17950_exterior_image_1_left_pair0.png,"Follow the markers in the image: the green box marks the object to grasp, the semi-transparent copy inside the blue box shows the object at its destination. Show the scene after the object has been moved to the marked location. Pick up the animal plush toy. Place it on the table."
/data/datasets/DROID/train_v8/final/39819_exterior_image_2_left_pair0.png,/data/datasets/DROID/train_v12/kontext/39819_exterior_image_2_left_pair0.png,"Follow the markers in the image: the green box marks the object to grasp, the semi-transparent copy inside the blue box shows the object at its destination. Show the scene after the object has been moved to the marked location. Pick up the teddy bear. Place it on the table."
/data/datasets/DROID/train_v8/final/12272_exterior_image_2_left_pair0.png,/data/datasets/DROID/train_v12/kontext/12272_exterior_image_2_left_pair0.png,"Follow the markers in the image: the green box marks the object to grasp, the semi-transparent copy inside the blue box shows the object at its destination. Show the scene after the object has been moved to the marked location. Pick up the plush toy. Place it on the table."
/data/datasets/DROID/train_v8/final/23903_exterior_image_1_left_pair0.png,/data/datasets/DROID/train_v12/kontext/23903_exterior_image_1_left_pair0.png,"Follow the markers in the image: the green box marks the object to grasp, the semi-transparent copy inside the blue box shows the object at its destination. Show the scene after the object has been moved to the marked location. Pick up the cup. Place it on the underside table."
/data/datasets/DROID/train_v8/final/15930_exterior_image_2_left_pair0.png,/data/datasets/DROID/train_v12/kontext/15930_exterior_image_2_left_pair0.png,"Follow the markers in the image: the green box marks the object to grasp, the semi-transparent copy inside the blue box shows the object at its destination. Show the scene after the object has been moved to the marked location. Pick up the cup. Place it in the pot."
/data/datasets/DROID/train_v8/final/29567_exterior_image_2_left_pair0.png,/data/datasets/DROID/train_v12/kontext/29567_exterior_image_2_left_pair0.png,"Follow the markers in the image: the green box marks the object to grasp, the semi-transparent copy inside the blue box shows the object at its destination. Show the scene after the object has been moved to the marked location. Pick up the towel. Place it in the object."
/data/datasets/DROID/train_v8/final/18288_exterior_image_1_left_pair0.png,/data/datasets/DROID/train_v12/kontext/18288_exterior_image_1_left_pair0.png,"Follow the markers in the image: the green box marks the object to grasp, the semi-transparent copy inside the blue box shows the object at its destination. Show the scene after the object has been moved to the marked location. Pick up the bowl. Place it in the bowl."
/data/datasets/DROID/train_v8/final/13315_exterior_image_2_left_pair0.png,/data/datasets/DROID/train_v12/kontext/13315_exterior_image_2_left_pair0.png,"Follow the markers in the image: the green box marks the object to grasp, the semi-transparent copy inside the blue box shows the object at its destination. Show the scene after the object has been moved to the marked location. Pick up the packaging bag to shelf. Place it on the shelf."
/data/datasets/DROID/train_v8/final/29492_exterior_image_2_left_pair0.png,/data/datasets/DROID/train_v12/kontext/29492_exterior_image_2_left_pair0.png,"Follow the markers in the image: the green box marks the object to grasp, the semi-transparent copy inside the blue box shows the object at its destination. Show the scene after the object has been moved to the marked location. Pick up the cup. Place it on the water dispenser."
/data/datasets/DROID/train_v8/final/12286_exterior_image_1_left_pair0.png,/data/datasets/DROID/train_v12/kontext/12286_exterior_image_1_left_pair0.png,"Follow the markers in the image: the green box marks the object to grasp, the semi-transparent copy inside the blue box shows the object at its destination. Show the scene after the object has been moved to the marked location. Pick up the square. Place it on the square."
/data/datasets/DROID/train_v8/final/12018_exterior_image_1_left_pair0.png,/data/datasets/DROID/train_v12/kontext/12018_exterior_image_1_left_pair0.png,"Follow the markers in the image: the green box marks the object to grasp, the semi-transparent copy inside the blue box shows the object at its destination. Show the scene after the object has been moved to the marked location. Pick up the blocks. Place it on the cabinet."
/data/datasets/DROID/train_v8/final/20759_exterior_image_2_left_pair0.png,/data/datasets/DROID/train_v12/kontext/20759_exterior_image_2_left_pair0.png,"Follow the markers in the image: the green box marks the object to grasp, the semi-transparent copy inside the blue box shows the object at its destination. Show the scene after the object has been moved to the marked location. Pick up the bowl. Place it on the table."
/data/datasets/DROID/train_v8/final/17546_exterior_image_1_left_pair0.png,/data/datasets/DROID/train_v12/kontext/17546_exterior_image_1_left_pair0.png,"Follow the markers in the image: the green box marks the object to grasp, the semi-transparent copy inside the blue box shows the object at its destination. Show the scene after the object has been moved to the marked location. Pick up the lid. Place it on the pot."
/data/datasets/DROID/train_v8/final/1506_exterior_image_1_left_pair0.png,/data/datasets/DROID/train_v12/kontext/1506_exterior_image_1_left_pair0.png,"Follow the markers in the image: the green box marks the object to grasp, the semi-transparent copy inside the blue box shows the object at its destination. Show the scene after the object has been moved to the marked location. Pick up the tape. Place it in the bowl."
/data/datasets/DROID/train_v8/final/38778_exterior_image_1_left_pair0.png,/data/datasets/DROID/train_v12/kontext/38778_exterior_image_1_left_pair0.png,"Follow the markers in the image: the green box marks the object to grasp, the semi-transparent copy inside the blue box shows the object at its destination. Show the scene after the object has been moved to the marked location. Pick up the mug. Place it on the countertop."
/data/datasets/DROID/train_v8/final/1139_exterior_image_1_left_pair0.png,/data/datasets/DROID/train_v12/kontext/1139_exterior_image_1_left_pair0.png,"Follow the markers in the image: the green box marks the object to grasp, the semi-transparent copy inside the blue box shows the object at its destination. Show the scene after the object has been moved to the marked location. Pick up the plush carrot toy. Place it in the pan."
/data/datasets/DROID/train_v8/final/581_exterior_image_1_left_pair0.png,/data/datasets/DROID/train_v12/kontext/581_exterior_image_1_left_pair0.png,"Follow the markers in the image: the green box marks the object to grasp, the semi-transparent copy inside the blue box shows the object at its destination. Show the scene after the object has been moved to the marked location. Pick up the cup. Place it on the countertop."
/data/datasets/DROID/train_v8/final/16779_exterior_image_1_left_pair0.png,/data/datasets/DROID/train_v12/kontext/16779_exterior_image_1_left_pair0.png,"Follow the markers in the image: the green box marks the object to grasp, the semi-transparent copy inside the blue box shows the object at its destination. Show the scene after the object has been moved to the marked location. Pick up the plush toy. Place it in the bowl."
/data/datasets/DROID/train_v8/final/1066_exterior_image_1_left_pair0.png,/data/datasets/DROID/train_v12/kontext/1066_exterior_image_1_left_pair0.png,"Follow the markers in the image: the green box marks the object to grasp, the semi-transparent copy inside the blue box shows the object at its destination. Show the scene after the object has been moved to the marked location. Pick up the marker. Place it on the table."
/data/datasets/DROID/train_v8/final/13938_exterior_image_1_left_pair0.png,/data/datasets/DROID/train_v12/kontext/13938_exterior_image_1_left_pair0.png,"Follow the markers in the image: the green box marks the object to grasp, the semi-transparent copy inside the blue box shows the object at its destination. Show the scene after the object has been moved to the marked location. Pick up the object. Place it in the pot."
/data/datasets/DROID/train_v8/final/21107_exterior_image_1_left_pair0.png,/data/datasets/DROID/train_v12/kontext/21107_exterior_image_1_left_pair0.png,"Follow the markers in the image: the green box marks the object to grasp, the semi-transparent copy inside the blue box shows the object at its destination. Show the scene after the object has been moved to the marked location. Pick up the bottle. Place it on the counter."
/data/datasets/DROID/train_v8/final/16827_exterior_image_1_left_pair0.png,/data/datasets/DROID/train_v12/kontext/16827_exterior_image_1_left_pair0.png,"Follow the markers in the image: the green box marks the object to grasp, the semi-transparent copy inside the blue box shows the object at its destination. Show the scene after the object has been moved to the marked location. Pick up the screwdriver. Place it on the drawer."
/data/datasets/DROID/train_v8/final/12727_exterior_image_2_left_pair0.png,/data/datasets/DROID/train_v12/kontext/12727_exterior_image_2_left_pair0.png,"Follow the markers in the image: the green box marks the object to grasp, the semi-transparent copy inside the blue box shows the object at its destination. Show the scene after the object has been moved to the marked location. Pick up the masking tape. Place it on the plate."
/data/datasets/DROID/train_v8/final/23050_exterior_image_1_left_pair0.png,/data/datasets/DROID/train_v12/kontext/23050_exterior_image_1_left_pair0.png,"Follow the markers in the image: the green box marks the object to grasp, the semi-transparent copy inside the blue box shows the object at its destination. Show the scene after the object has been moved to the marked location. Pick up the cup. Place it on the side table."
/data/datasets/DROID/train_v8/final/78017_exterior_image_2_left_pair0.png,/data/datasets/DROID/train_v12/kontext/78017_exterior_image_2_left_pair0.png,"Follow the markers in the image: the green box marks the object to grasp, the semi-transparent copy inside the blue box shows the object at its destination. Show the scene after the object has been moved to the marked location. Pick up the pen. Place it in the bowl."
/data/datasets/DROID/train_v8/final/14005_exterior_image_2_left_pair0.png,/data/datasets/DROID/train_v12/kontext/14005_exterior_image_2_left_pair0.png,"Follow the markers in the image: the green box marks the object to grasp, the semi-transparent copy inside the blue box shows the object at its destination. Show the scene after the object has been moved to the marked location. Pick up the toy. Place it in the pot."
/data/datasets/DROID/train_v8/final/3807_exterior_image_1_left_pair0.png,/data/datasets/DROID/train_v12/kontext/3807_exterior_image_1_left_pair0.png,"Follow the markers in the image: the green box marks the object to grasp, the semi-transparent copy inside the blue box shows the object at its destination. Show the scene after the object has been moved to the marked location. Pick up the tape. Place it in the bowl."
/data/datasets/DROID/train_v8/final/1302_exterior_image_1_left_pair0.png,/data/datasets/DROID/train_v12/kontext/1302_exterior_image_1_left_pair0.png,"Follow the markers in the image: the green box marks the object to grasp, the semi-transparent copy inside the blue box shows the object at its destination. Show the scene after the object has been moved to the marked location. Pick up the bottle. Place it on the table."
/data/datasets/DROID/train_v8/final/59382_exterior_image_2_left_pair0.png,/data/datasets/DROID/train_v12/kontext/59382_exterior_image_2_left_pair0.png,"Follow the markers in the image: the green box marks the object to grasp, the semi-transparent copy inside the blue box shows the object at its destination. Show the scene after the object has been moved to the marked location. Pick up the pillow. Place it on the couch."
/data/datasets/DROID/train_v8/final/16926_exterior_image_2_left_pair0.png,/data/datasets/DROID/train_v12/kontext/16926_exterior_image_2_left_pair0.png,"Follow the markers in the image: the green box marks the object to grasp, the semi-transparent copy inside the blue box shows the object at its destination. Show the scene after the object has been moved to the marked location. Pick up the block. Place it on the table."
/data/datasets/DROID/train_v8/final/60500_exterior_image_1_left_pair0.png,/data/datasets/DROID/train_v12/kontext/60500_exterior_image_1_left_pair0.png,"Follow the markers in the image: the green box marks the object to grasp, the semi-transparent copy inside the blue box shows the object at its destination. Show the scene after the object has been moved to the marked location. Pick up the tissue box. Place it on the countertop."
/data/datasets/DROID/train_v8/final/65695_exterior_image_2_left_pair0.png,/data/datasets/DROID/train_v12/kontext/65695_exterior_image_2_left_pair0.png,"Follow the markers in the image: the green box marks the object to grasp, the semi-transparent copy inside the blue box shows the object at its destination. Show the scene after the object has been moved to the marked location. Pick up the mug. Place it in the sink."
/data/datasets/DROID/train_v8/final/72757_exterior_image_1_left_pair0.png,/data/datasets/DROID/train_v12/kontext/72757_exterior_image_1_left_pair0.png,"Follow the markers in the image: the green box marks the object to grasp, the semi-transparent copy inside the blue box shows the object at its destination. Show the scene after the object has been moved to the marked location. Pick up the tube. Place it in the bowl."
/data/datasets/DROID/train_v8/final/23205_exterior_image_1_left_pair0.png,/data/datasets/DROID/train_v12/kontext/23205_exterior_image_1_left_pair0.png,"Follow the markers in the image: the green box marks the object to grasp, the semi-transparent copy inside the blue box shows the object at its destination. Show the scene after the object has been moved to the marked location. Pick up the object. Place it in the box."
/data/datasets/DROID/train_v8/final/29431_exterior_image_1_left_pair0.png,/data/datasets/DROID/train_v12/kontext/29431_exterior_image_1_left_pair0.png,"Follow the markers in the image: the green box marks the object to grasp, the semi-transparent copy inside the blue box shows the object at its destination. Show the scene after the object has been moved to the marked location. Pick up the plush toy. Place it on the cabinet."
/data/datasets/DROID/train_v8/final/14433_exterior_image_2_left_pair0.png,/data/datasets/DROID/train_v12/kontext/14433_exterior_image_2_left_pair0.png,"Follow the markers in the image: the green box marks the object to grasp, the semi-transparent copy inside the blue box shows the object at its destination. Show the scene after the object has been moved to the marked location. Pick up the cloth. Place it on the frame."
/data/datasets/DROID/train_v8/final/13447_exterior_image_2_left_pair0.png,/data/datasets/DROID/train_v12/kontext/13447_exterior_image_2_left_pair0.png,"Follow the markers in the image: the green box marks the object to grasp, the semi-transparent copy inside the blue box shows the object at its destination. Show the scene after the object has been moved to the marked location. Pick up the cloth. Place it on the table."
/data/datasets/DROID/train_v8/final/11784_exterior_image_1_left_pair0.png,/data/datasets/DROID/train_v12/kontext/11784_exterior_image_1_left_pair0.png,"Follow the markers in the image: the green box marks the object to grasp, the semi-transparent copy inside the blue box shows the object at its destination. Show the scene after the object has been moved to the marked location. Pick up the cube. Place it in the bowl."
/data/datasets/DROID/train_v8/final/11413_exterior_image_1_left_pair0.png,/data/datasets/DROID/train_v12/kontext/11413_exterior_image_1_left_pair0.png,"Follow the markers in the image: the green box marks the object to grasp, the semi-transparent copy inside the blue box shows the object at its destination. Show the scene after the object has been moved to the marked location. Pick up the spoon. Place it in the mug."
/data/datasets/DROID/train_v8/final/13397_exterior_image_1_left_pair0.png,/data/datasets/DROID/train_v12/kontext/13397_exterior_image_1_left_pair0.png,"Follow the markers in the image: the green box marks the object to grasp, the semi-transparent copy inside the blue box shows the object at its destination. Show the scene after the object has been moved to the marked location. Pick up the peach plush toy. Place it in the box."
/data/datasets/DROID/train_v8/final/14825_exterior_image_2_left_pair0.png,/data/datasets/DROID/train_v12/kontext/14825_exterior_image_2_left_pair0.png,"Follow the markers in the image: the green box marks the object to grasp, the semi-transparent copy inside the blue box shows the object at its destination. Show the scene after the object has been moved to the marked location. Pick up the marker. Place it in the cup."
/data/datasets/DROID/train_v8/final/1403_exterior_image_1_left_pair0.png,/data/datasets/DROID/train_v12/kontext/1403_exterior_image_1_left_pair0.png,"Follow the markers in the image: the green box marks the object to grasp, the semi-transparent copy inside the blue box shows the object at its destination. Show the scene after the object has been moved to the marked location. Pick up the cup. Place it on the tabletop."
/data/datasets/DROID/train_v8/final/20679_exterior_image_1_left_pair0.png,/data/datasets/DROID/train_v12/kontext/20679_exterior_image_1_left_pair0.png,"Follow the markers in the image: the green box marks the object to grasp, the semi-transparent copy inside the blue box shows the object at its destination. Show the scene after the object has been moved to the marked location. Pick up the sachet. Place it on the countertop."
/data/datasets/DROID/train_v8/final/25377_exterior_image_1_left_pair0.png,/data/datasets/DROID/train_v12/kontext/25377_exterior_image_1_left_pair0.png,"Follow the markers in the image: the green box marks the object to grasp, the semi-transparent copy inside the blue box shows the object at its destination. Show the scene after the object has been moved to the marked location. Pick up the bottle. Place it on the table."
/data/datasets/DROID/train_v8/final/1587_exterior_image_1_left_pair0.png,/data/datasets/DROID/train_v12/kontext/1587_exterior_image_1_left_pair0.png,"Follow the markers in the image: the green box marks the object to grasp, the semi-transparent copy inside the blue box shows the object at its destination. Show the scene after the object has been moved to the marked location. Pick up the pencil. Place it on the table."
/data/datasets/DROID/train_v8/final/11760_exterior_image_2_left_pair0.png,/data/datasets/DROID/train_v12/kontext/11760_exterior_image_2_left_pair0.png,"Follow the markers in the image: the green box marks the object to grasp, the semi-transparent copy inside the blue box shows the object at its destination. Show the scene after the object has been moved to the marked location. Pick up the glue stick. Place it in the mug."
/data/datasets/DROID/train_v8/final/28271_exterior_image_1_left_pair0.png,/data/datasets/DROID/train_v12/kontext/28271_exterior_image_1_left_pair0.png,"Follow the markers in the image: the green box marks the object to grasp, the semi-transparent copy inside the blue box shows the object at its destination. Show the scene after the object has been moved to the marked location. Pick up the pot. Place it on the countertop."
/data/datasets/DROID/train_v8/final/17324_exterior_image_1_left_pair0.png,/data/datasets/DROID/train_v12/kontext/17324_exterior_image_1_left_pair0.png,"Follow the markers in the image: the green box marks the object to grasp, the semi-transparent copy inside the blue box shows the object at its destination. Show the scene after the object has been moved to the marked location. Pick up the marker. Place it in the cup."
/data/datasets/DROID/train_v8/final/26138_exterior_image_1_left_pair0.png,/data/datasets/DROID/train_v12/kontext/26138_exterior_image_1_left_pair0.png,"Follow the markers in the image: the green box marks the object to grasp, the semi-transparent copy inside the blue box shows the object at its destination. Show the scene after the object has been moved to the marked location. Pick up the rope. Place it in the box."
/data/datasets/DROID/train_v8/final/57332_exterior_image_2_left_pair0.png,/data/datasets/DROID/train_v12/kontext/57332_exterior_image_2_left_pair0.png,"Follow the markers in the image: the green box marks the object to grasp, the semi-transparent copy inside the blue box shows the object at its destination. Show the scene after the object has been moved to the marked location. Pick up the cushion. Place it on the armrest sofa."
/data/datasets/DROID/train_v8/final/52627_exterior_image_1_left_pair0.png,/data/datasets/DROID/train_v12/kontext/52627_exterior_image_1_left_pair0.png,"Follow the markers in the image: the green box marks the object to grasp, the semi-transparent copy inside the blue box shows the object at its destination. Show the scene after the object has been moved to the marked location. Pick up the box. Place it on the other box."
/data/datasets/DROID/train_v8/final/2996_exterior_image_1_left_pair0.png,/data/datasets/DROID/train_v12/kontext/2996_exterior_image_1_left_pair0.png,"Follow the markers in the image: the green box marks the object to grasp, the semi-transparent copy inside the blue box shows the object at its destination. Show the scene after the object has been moved to the marked location. Pick up the towel. Place it on the chair."
/data/datasets/DROID/train_v8/final/15189_exterior_image_2_left_pair0.png,/data/datasets/DROID/train_v12/kontext/15189_exterior_image_2_left_pair0.png,"Follow the markers in the image: the green box marks the object to grasp, the semi-transparent copy inside the blue box shows the object at its destination. Show the scene after the object has been moved to the marked location. Pick up the glue stick. Place it in the cup."
/data/datasets/DROID/train_v8/final/19289_exterior_image_1_left_pair0.png,/data/datasets/DROID/train_v12/kontext/19289_exterior_image_1_left_pair0.png,"Follow the markers in the image: the green box marks the object to grasp, the semi-transparent copy inside the blue box shows the object at its destination. Show the scene after the object has been moved to the marked location. Pick up the lid. Place it on the pot."
/data/datasets/DROID/train_v8/final/77484_exterior_image_2_left_pair0.png,/data/datasets/DROID/train_v12/kontext/77484_exterior_image_2_left_pair0.png,"Follow the markers in the image: the green box marks the object to grasp, the semi-transparent copy inside the blue box shows the object at its destination. Show the scene after the object has been moved to the marked location. Pick up the bag. Place it in the box."
/data/datasets/DROID/train_v8/final/10727_exterior_image_1_left_pair0.png,/data/datasets/DROID/train_v12/kontext/10727_exterior_image_1_left_pair0.png,"Follow the markers in the image: the green box marks the object to grasp, the semi-transparent copy inside the blue box shows the object at its destination. Show the scene after the object has been moved to the marked location. Pick up the object. Place it in the cabinet."
/data/datasets/DROID/train_v8/final/35980_exterior_image_2_left_pair0.png,/data/datasets/DROID/train_v12/kontext/35980_exterior_image_2_left_pair0.png,"Follow the markers in the image: the green box marks the object to grasp, the semi-transparent copy inside the blue box shows the object at its destination. Show the scene after the object has been moved to the marked location. Pick up the lid. Place it on the table."
/data/datasets/DROID/train_v8/final/19860_exterior_image_2_left_pair0.png,/data/datasets/DROID/train_v12/kontext/19860_exterior_image_2_left_pair0.png,"Follow the markers in the image: the green box marks the object to grasp, the semi-transparent copy inside the blue box shows the object at its destination. Show the scene after the object has been moved to the marked location. Pick up the Rubik's cube. Place it on the block."
/data/datasets/DROID/train_v8/final/13724_exterior_image_1_left_pair0.png,/data/datasets/DROID/train_v12/kontext/13724_exterior_image_1_left_pair0.png,"Follow the markers in the image: the green box marks the object to grasp, the semi-transparent copy inside the blue box shows the object at its destination. Show the scene after the object has been moved to the marked location. Pick up the pen. Place it in the cup."
/data/datasets/DROID/train_v8/final/35397_exterior_image_1_left_pair0.png,/data/datasets/DROID/train_v12/kontext/35397_exterior_image_1_left_pair0.png,"Follow the markers in the image: the green box marks the object to grasp, the semi-transparent copy inside the blue box shows the object at its destination. Show the scene after the object has been moved to the marked location. Pick up the plush toy. Place it on the table."
/data/datasets/DROID/train_v8/final/74758_exterior_image_2_left_pair0.png,/data/datasets/DROID/train_v12/kontext/74758_exterior_image_2_left_pair0.png,"Follow the markers in the image: the green box marks the object to grasp, the semi-transparent copy inside the blue box shows the object at its destination. Show the scene after the object has been moved to the marked location. Pick up the cube. Place it on the table."
/data/datasets/DROID/train_v8/final/44703_exterior_image_2_left_pair0.png,/data/datasets/DROID/train_v12/kontext/44703_exterior_image_2_left_pair0.png,"Follow the markers in the image: the green box marks the object to grasp, the semi-transparent copy inside the blue box shows the object at its destination. Show the scene after the object has been moved to the marked location. Pick up the plate. Place it on the plate."
/data/datasets/DROID/train_v8/final/13911_exterior_image_1_left_pair0.png,/data/datasets/DROID/train_v12/kontext/13911_exterior_image_1_left_pair0.png,"Follow the markers in the image: the green box marks the object to grasp, the semi-transparent copy inside the blue box shows the object at its destination. Show the scene after the object has been moved to the marked location. Pick up the spoon. Place it in the mug."
/data/datasets/DROID/train_v8/final/16082_exterior_image_1_left_pair0.png,/data/datasets/DROID/train_v12/kontext/16082_exterior_image_1_left_pair0.png,"Follow the markers in the image: the green box marks the object to grasp, the semi-transparent copy inside the blue box shows the object at its destination. Show the scene after the object has been moved to the marked location. Pick up the object. Place it on the table."
/data/datasets/DROID/train_v8/final/46444_exterior_image_1_left_pair0.png,/data/datasets/DROID/train_v12/kontext/46444_exterior_image_1_left_pair0.png,"Follow the markers in the image: the green box marks the object to grasp, the semi-transparent copy inside the blue box shows the object at its destination. Show the scene after the object has been moved to the marked location. Pick up the straw. Place it on the tabletop."
/data/datasets/DROID/train_v8/final/11004_exterior_image_1_left_pair0.png,/data/datasets/DROID/train_v12/kontext/11004_exterior_image_1_left_pair0.png,"Follow the markers in the image: the green box marks the object to grasp, the semi-transparent copy inside the blue box shows the object at its destination. Show the scene after the object has been moved to the marked location. Pick up the glove above table. Place it on the table."
/data/datasets/DROID/train_v8/final/20646_exterior_image_2_left_pair0.png,/data/datasets/DROID/train_v12/kontext/20646_exterior_image_2_left_pair0.png,"Follow the markers in the image: the green box marks the object to grasp, the semi-transparent copy inside the blue box shows the object at its destination. Show the scene after the object has been moved to the marked location. Pick up the sauce bottle. Place it in the cup."
/data/datasets/DROID/train_v8/final/11066_exterior_image_2_left_pair0.png,/data/datasets/DROID/train_v12/kontext/11066_exterior_image_2_left_pair0.png,"Follow the markers in the image: the green box marks the object to grasp, the semi-transparent copy inside the blue box shows the object at its destination. Show the scene after the object has been moved to the marked location. Pick up the marker. Place it in the pot."
/data/datasets/DROID/train_v8/final/10757_exterior_image_2_left_pair0.png,/data/datasets/DROID/train_v12/kontext/10757_exterior_image_2_left_pair0.png,"Follow the markers in the image: the green box marks the object to grasp, the semi-transparent copy inside the blue box shows the object at its destination. Show the scene after the object has been moved to the marked location. Pick up the block. Place it in the bowl."
/data/datasets/DROID/train_v8/final/15964_exterior_image_2_left_pair0.png,/data/datasets/DROID/train_v12/kontext/15964_exterior_image_2_left_pair0.png,"Follow the markers in the image: the green box marks the object to grasp, the semi-transparent copy inside the blue box shows the object at its destination. Show the scene after the object has been moved to the marked location. Pick up the object. Place it in the pot."
/data/datasets/DROID/train_v8/final/12104_exterior_image_2_left_pair0.png,/data/datasets/DROID/train_v12/kontext/12104_exterior_image_2_left_pair0.png,"Follow the markers in the image: the green box marks the object to grasp, the semi-transparent copy inside the blue box shows the object at its destination. Show the scene after the object has been moved to the marked location. Pick up the triangle block. Place it on the cube."
/data/datasets/DROID/train_v8/final/17953_exterior_image_2_left_pair1.png,/data/datasets/DROID/train_v12/kontext/17953_exterior_image_2_left_pair1.png,"Follow the markers in the image: the green box marks the object to grasp, the semi-transparent copy inside the blue box shows the object at its destination. Show the scene after the object has been moved to the marked location. Pick up the clothes. Place it on the box."
/data/datasets/DROID/train_v8/final/13791_exterior_image_2_left_pair0.png,/data/datasets/DROID/train_v12/kontext/13791_exterior_image_2_left_pair0.png,"Follow the markers in the image: the green box marks the object to grasp, the semi-transparent copy inside the blue box shows the object at its destination. Show the scene after the object has been moved to the marked location. Pick up the soldering iron. Place it on the workbench."
/data/datasets/DROID/train_v8/final/20637_exterior_image_2_left_pair0.png,/data/datasets/DROID/train_v12/kontext/20637_exterior_image_2_left_pair0.png,"Follow the markers in the image: the green box marks the object to grasp, the semi-transparent copy inside the blue box shows the object at its destination. Show the scene after the object has been moved to the marked location. Pick up the cloth. Place it on the surface table."
/data/datasets/DROID/train_v8/final/1553_exterior_image_2_left_pair0.png,/data/datasets/DROID/train_v12/kontext/1553_exterior_image_2_left_pair0.png,"Follow the markers in the image: the green box marks the object to grasp, the semi-transparent copy inside the blue box shows the object at its destination. Show the scene after the object has been moved to the marked location. Pick up the bottle. Place it in the bowl."
/data/datasets/DROID/train_v8/final/219_exterior_image_2_left_pair0.png,/data/datasets/DROID/train_v12/kontext/219_exterior_image_2_left_pair0.png,"Follow the markers in the image: the green box marks the object to grasp, the semi-transparent copy inside the blue box shows the object at its destination. Show the scene after the object has been moved to the marked location. Pick up the object. Place it on the cup."
/data/datasets/DROID/train_v8/final/22194_exterior_image_1_left_pair0.png,/data/datasets/DROID/train_v12/kontext/22194_exterior_image_1_left_pair0.png,"Follow the markers in the image: the green box marks the object to grasp, the semi-transparent copy inside the blue box shows the object at its destination. Show the scene after the object has been moved to the marked location. Pick up the marker. Place it in the cup."
/data/datasets/DROID/train_v8/final/11389_exterior_image_1_left_pair0.png,/data/datasets/DROID/train_v12/kontext/11389_exterior_image_1_left_pair0.png,"Follow the markers in the image: the green box marks the object to grasp, the semi-transparent copy inside the blue box shows the object at its destination. Show the scene after the object has been moved to the marked location. Pick up the cup. Place it on the table."
/data/datasets/DROID/train_v8/final/33215_exterior_image_1_left_pair0.png,/data/datasets/DROID/train_v12/kontext/33215_exterior_image_1_left_pair0.png,"Follow the markers in the image: the green box marks the object to grasp, the semi-transparent copy inside the blue box shows the object at its destination. Show the scene after the object has been moved to the marked location. Pick up the hoodie. Place it on the chair."
/data/datasets/DROID/train_v8/final/15706_exterior_image_2_left_pair0.png,/data/datasets/DROID/train_v12/kontext/15706_exterior_image_2_left_pair0.png,"Follow the markers in the image: the green box marks the object to grasp, the semi-transparent copy inside the blue box shows the object at its destination. Show the scene after the object has been moved to the marked location. Pick up the pen. Place it on the table."
/data/datasets/DROID/train_v8/final/20821_exterior_image_1_left_pair0.png,/data/datasets/DROID/train_v12/kontext/20821_exterior_image_1_left_pair0.png,"Follow the markers in the image: the green box marks the object to grasp, the semi-transparent copy inside the blue box shows the object at its destination. Show the scene after the object has been moved to the marked location. Pick up the inner cooking pan. Place it in the sink."
/data/datasets/DROID/train_v8/final/17889_exterior_image_2_left_pair0.png,/data/datasets/DROID/train_v12/kontext/17889_exterior_image_2_left_pair0.png,"Follow the markers in the image: the green box marks the object to grasp, the semi-transparent copy inside the blue box shows the object at its destination. Show the scene after the object has been moved to the marked location. Pick up the stuffed toy. Place it in the sink."
/data/datasets/DROID/train_v8/final/24291_exterior_image_2_left_pair0.png,/data/datasets/DROID/train_v12/kontext/24291_exterior_image_2_left_pair0.png,"Follow the markers in the image: the green box marks the object to grasp, the semi-transparent copy inside the blue box shows the object at its destination. Show the scene after the object has been moved to the marked location. Pick up the tape. Place it in the bowl."
/data/datasets/DROID/train_v8/final/13419_exterior_image_2_left_pair0.png,/data/datasets/DROID/train_v12/kontext/13419_exterior_image_2_left_pair0.png,"Follow the markers in the image: the green box marks the object to grasp, the semi-transparent copy inside the blue box shows the object at its destination. Show the scene after the object has been moved to the marked location. Pick up the rabbit toy. Place it in the drawer."
/data/datasets/DROID/train_v8/final/26832_exterior_image_1_left_pair0.png,/data/datasets/DROID/train_v12/kontext/26832_exterior_image_1_left_pair0.png,"Follow the markers in the image: the green box marks the object to grasp, the semi-transparent copy inside the blue box shows the object at its destination. Show the scene after the object has been moved to the marked location. Pick up the tissue. Place it on the table."
/data/datasets/DROID/train_v8/final/39845_exterior_image_2_left_pair0.png,/data/datasets/DROID/train_v12/kontext/39845_exterior_image_2_left_pair0.png,"Follow the markers in the image: the green box marks the object to grasp, the semi-transparent copy inside the blue box shows the object at its destination. Show the scene after the object has been moved to the marked location. Pick up the packet. Place it on the part countertop."
/data/datasets/DROID/train_v8/final/38458_exterior_image_1_left_pair0.png,/data/datasets/DROID/train_v12/kontext/38458_exterior_image_1_left_pair0.png,"Follow the markers in the image: the green box marks the object to grasp, the semi-transparent copy inside the blue box shows the object at its destination. Show the scene after the object has been moved to the marked location. Pick up the object. Place it in the drawer."
/data/datasets/DROID/train_v8/final/12666_exterior_image_1_left_pair0.png,/data/datasets/DROID/train_v12/kontext/12666_exterior_image_1_left_pair0.png,"Follow the markers in the image: the green box marks the object to grasp, the semi-transparent copy inside the blue box shows the object at its destination. Show the scene after the object has been moved to the marked location. Pick up the cup. Place it on the desktop."
/data/datasets/DROID/train_v8/final/14672_exterior_image_1_left_pair0.png,/data/datasets/DROID/train_v12/kontext/14672_exterior_image_1_left_pair0.png,"Follow the markers in the image: the green box marks the object to grasp, the semi-transparent copy inside the blue box shows the object at its destination. Show the scene after the object has been moved to the marked location. Pick up the marker. Place it on the table."
/data/datasets/DROID/train_v8/final/36495_exterior_image_1_left_pair0.png,/data/datasets/DROID/train_v12/kontext/36495_exterior_image_1_left_pair0.png,"Follow the markers in the image: the green box marks the object to grasp, the semi-transparent copy inside the blue box shows the object at its destination. Show the scene after the object has been moved to the marked location. Pick up the plush toy. Place it on the tray."
/data/datasets/DROID/train_v8/final/1469_exterior_image_1_left_pair0.png,/data/datasets/DROID/train_v12/kontext/1469_exterior_image_1_left_pair0.png,"Follow the markers in the image: the green box marks the object to grasp, the semi-transparent copy inside the blue box shows the object at its destination. Show the scene after the object has been moved to the marked location. Pick up the bowl. Place it in the bowl."
/data/datasets/DROID/train_v8/final/21720_exterior_image_1_left_pair0.png,/data/datasets/DROID/train_v12/kontext/21720_exterior_image_1_left_pair0.png,"Follow the markers in the image: the green box marks the object to grasp, the semi-transparent copy inside the blue box shows the object at its destination. Show the scene after the object has been moved to the marked location. Pick up the apple plush toy. Place it in the basket."
/data/datasets/DROID/train_v8/final/11794_exterior_image_2_left_pair0.png,/data/datasets/DROID/train_v12/kontext/11794_exterior_image_2_left_pair0.png,"Follow the markers in the image: the green box marks the object to grasp, the semi-transparent copy inside the blue box shows the object at its destination. Show the scene after the object has been moved to the marked location. Pick up the object. Place it on the table."
/data/datasets/DROID/train_v8/final/16329_exterior_image_2_left_pair0.png,/data/datasets/DROID/train_v12/kontext/16329_exterior_image_2_left_pair0.png,"Follow the markers in the image: the green box marks the object to grasp, the semi-transparent copy inside the blue box shows the object at its destination. Show the scene after the object has been moved to the marked location. Pick up the lid. Place it on the teapot."
/data/datasets/DROID/train_v8/final/39652_exterior_image_1_left_pair0.png,/data/datasets/DROID/train_v12/kontext/39652_exterior_image_1_left_pair0.png,"Follow the markers in the image: the green box marks the object to grasp, the semi-transparent copy inside the blue box shows the object at its destination. Show the scene after the object has been moved to the marked location. Pick up the toy lid. Place it on the toy pot."
/data/datasets/DROID/train_v8/final/15164_exterior_image_2_left_pair0.png,/data/datasets/DROID/train_v12/kontext/15164_exterior_image_2_left_pair0.png,"Follow the markers in the image: the green box marks the object to grasp, the semi-transparent copy inside the blue box shows the object at its destination. Show the scene after the object has been moved to the marked location. Pick up the bottle by table. Place it on the table."
/data/datasets/DROID/train_v8/final/12101_exterior_image_2_left_pair0.png,/data/datasets/DROID/train_v12/kontext/12101_exterior_image_2_left_pair0.png,"Follow the markers in the image: the green box marks the object to grasp, the semi-transparent copy inside the blue box shows the object at its destination. Show the scene after the object has been moved to the marked location. Pick up the object. Place it in the basket."
/data/datasets/DROID/train_v8/final/10863_exterior_image_1_left_pair0.png,/data/datasets/DROID/train_v12/kontext/10863_exterior_image_1_left_pair0.png,"Follow the markers in the image: the green box marks the object to grasp, the semi-transparent copy inside the blue box shows the object at its destination. Show the scene after the object has been moved to the marked location. Pick up the block. Place it on the blocks."
/data/datasets/DROID/train_v8/final/38994_exterior_image_1_left_pair0.png,/data/datasets/DROID/train_v12/kontext/38994_exterior_image_1_left_pair0.png,"Follow the markers in the image: the green box marks the object to grasp, the semi-transparent copy inside the blue box shows the object at its destination. Show the scene after the object has been moved to the marked location. Pick up the object. Place it in the box."
/data/datasets/DROID/train_v8/final/20488_exterior_image_2_left_pair0.png,/data/datasets/DROID/train_v12/kontext/20488_exterior_image_2_left_pair0.png,"Follow the markers in the image: the green box marks the object to grasp, the semi-transparent copy inside the blue box shows the object at its destination. Show the scene after the object has been moved to the marked location. Pick up the cup. Place it on the laundary machine."
/data/datasets/DROID/train_v8/final/16355_exterior_image_2_left_pair0.png,/data/datasets/DROID/train_v12/kontext/16355_exterior_image_2_left_pair0.png,"Follow the markers in the image: the green box marks the object to grasp, the semi-transparent copy inside the blue box shows the object at its destination. Show the scene after the object has been moved to the marked location. Pick up the clothing. Place it on the couch."
/data/datasets/DROID/train_v8/final/13090_exterior_image_1_left_pair0.png,/data/datasets/DROID/train_v12/kontext/13090_exterior_image_1_left_pair0.png,"Follow the markers in the image: the green box marks the object to grasp, the semi-transparent copy inside the blue box shows the object at its destination. Show the scene after the object has been moved to the marked location. Pick up the bottle. Place it in the box."
/data/datasets/DROID/train_v8/final/19111_exterior_image_2_left_pair0.png,/data/datasets/DROID/train_v12/kontext/19111_exterior_image_2_left_pair0.png,"Follow the markers in the image: the green box marks the object to grasp, the semi-transparent copy inside the blue box shows the object at its destination. Show the scene after the object has been moved to the marked location. Pick up the tulip plush toy. Place it in the bowl."
/data/datasets/DROID/train_v8/final/12075_exterior_image_2_left_pair0.png,/data/datasets/DROID/train_v12/kontext/12075_exterior_image_2_left_pair0.png,"Follow the markers in the image: the green box marks the object to grasp, the semi-transparent copy inside the blue box shows the object at its destination. Show the scene after the object has been moved to the marked location. Pick up the marker. Place it in the cup."
/data/datasets/DROID/train_v8/final/30879_exterior_image_1_left_pair0.png,/data/datasets/DROID/train_v12/kontext/30879_exterior_image_1_left_pair0.png,"Follow the markers in the image: the green box marks the object to grasp, the semi-transparent copy inside the blue box shows the object at its destination. Show the scene after the object has been moved to the marked location. Pick up the lid. Place it on the pot."
/data/datasets/DROID/train_v8/final/13595_exterior_image_1_left_pair0.png,/data/datasets/DROID/train_v12/kontext/13595_exterior_image_1_left_pair0.png,"Follow the markers in the image: the green box marks the object to grasp, the semi-transparent copy inside the blue box shows the object at its destination. Show the scene after the object has been moved to the marked location. Pick up the tool. Place it in the bowl."
/data/datasets/DROID/train_v8/final/80871_exterior_image_1_left_pair0.png,/data/datasets/DROID/train_v12/kontext/80871_exterior_image_1_left_pair0.png,"Follow the markers in the image: the green box marks the object to grasp, the semi-transparent copy inside the blue box shows the object at its destination. Show the scene after the object has been moved to the marked location. Pick up the cup. Place it on the countertop."
/data/datasets/DROID/train_v8/final/11947_exterior_image_2_left_pair0.png,/data/datasets/DROID/train_v12/kontext/11947_exterior_image_2_left_pair0.png,"Follow the markers in the image: the green box marks the object to grasp, the semi-transparent copy inside the blue box shows the object at its destination. Show the scene after the object has been moved to the marked location. Pick up the object. Place it on the table."
/data/datasets/DROID/train_v8/final/29696_exterior_image_1_left_pair0.png,/data/datasets/DROID/train_v12/kontext/29696_exterior_image_1_left_pair0.png,"Follow the markers in the image: the green box marks the object to grasp, the semi-transparent copy inside the blue box shows the object at its destination. Show the scene after the object has been moved to the marked location. Pick up the object. Place it in the drawer."
/data/datasets/DROID/train_v8/final/11892_exterior_image_2_left_pair0.png,/data/datasets/DROID/train_v12/kontext/11892_exterior_image_2_left_pair0.png,"Follow the markers in the image: the green box marks the object to grasp, the semi-transparent copy inside the blue box shows the object at its destination. Show the scene after the object has been moved to the marked location. Pick up the tape. Place it on the container."
/data/datasets/DROID/train_v8/final/12900_exterior_image_2_left_pair0.png,/data/datasets/DROID/train_v12/kontext/12900_exterior_image_2_left_pair0.png,"Follow the markers in the image: the green box marks the object to grasp, the semi-transparent copy inside the blue box shows the object at its destination. Show the scene after the object has been moved to the marked location. Pick up the pen. Place it in the cup."
/data/datasets/DROID/train_v8/final/19470_exterior_image_1_left_pair0.png,/data/datasets/DROID/train_v12/kontext/19470_exterior_image_1_left_pair0.png,"Follow the markers in the image: the green box marks the object to grasp, the semi-transparent copy inside the blue box shows the object at its destination. Show the scene after the object has been moved to the marked location. Pick up the cloth hanging. Place it on the table."
/data/datasets/DROID/train_v8/final/15804_exterior_image_2_left_pair1.png,/data/datasets/DROID/train_v12/kontext/15804_exterior_image_2_left_pair1.png,"Follow the markers in the image: the green box marks the object to grasp, the semi-transparent copy inside the blue box shows the object at its destination. Show the scene after the object has been moved to the marked location. Pick up the fabric. Place it on the table."
/data/datasets/DROID/train_v8/final/41358_exterior_image_2_left_pair0.png,/data/datasets/DROID/train_v12/kontext/41358_exterior_image_2_left_pair0.png,"Follow the markers in the image: the green box marks the object to grasp, the semi-transparent copy inside the blue box shows the object at its destination. Show the scene after the object has been moved to the marked location. Pick up the straw. Place it in the cup."
/data/datasets/DROID/train_v8/final/11876_exterior_image_1_left_pair0.png,/data/datasets/DROID/train_v12/kontext/11876_exterior_image_1_left_pair0.png,"Follow the markers in the image: the green box marks the object to grasp, the semi-transparent copy inside the blue box shows the object at its destination. Show the scene after the object has been moved to the marked location. Pick up the cup. Place it in the cup."
/data/datasets/DROID/train_v8/final/39322_exterior_image_2_left_pair1.png,/data/datasets/DROID/train_v12/kontext/39322_exterior_image_2_left_pair1.png,"Follow the markers in the image: the green box marks the object to grasp, the semi-transparent copy inside the blue box shows the object at its destination. Show the scene after the object has been moved to the marked location. Pick up the plush toy. Place it on the plate."
/data/datasets/DROID/train_v8/final/17935_exterior_image_2_left_pair0.png,/data/datasets/DROID/train_v12/kontext/17935_exterior_image_2_left_pair0.png,"Follow the markers in the image: the green box marks the object to grasp, the semi-transparent copy inside the blue box shows the object at its destination. Show the scene after the object has been moved to the marked location. Pick up the cup. Place it on the table."
/data/datasets/DROID/train_v8/final/27894_exterior_image_1_left_pair0.png,/data/datasets/DROID/train_v12/kontext/27894_exterior_image_1_left_pair0.png,"Follow the markers in the image: the green box marks the object to grasp, the semi-transparent copy inside the blue box shows the object at its destination. Show the scene after the object has been moved to the marked location. Pick up the plush toy. Place it on the dish rack."
/data/datasets/DROID/train_v8/final/14280_exterior_image_2_left_pair0.png,/data/datasets/DROID/train_v12/kontext/14280_exterior_image_2_left_pair0.png,"Follow the markers in the image: the green box marks the object to grasp, the semi-transparent copy inside the blue box shows the object at its destination. Show the scene after the object has been moved to the marked location. Pick up the object. Place it in the bowl."
/data/datasets/DROID/train_v8/final/48349_exterior_image_1_left_pair0.png,/data/datasets/DROID/train_v12/kontext/48349_exterior_image_1_left_pair0.png,"Follow the markers in the image: the green box marks the object to grasp, the semi-transparent copy inside the blue box shows the object at its destination. Show the scene after the object has been moved to the marked location. Pick up the bottle. Place it on the cup."
/data/datasets/DROID/train_v8/final/17460_exterior_image_2_left_pair0.png,/data/datasets/DROID/train_v12/kontext/17460_exterior_image_2_left_pair0.png,"Follow the markers in the image: the green box marks the object to grasp, the semi-transparent copy inside the blue box shows the object at its destination. Show the scene after the object has been moved to the marked location. Pick up the tape. Place it on the desktop."
/data/datasets/DROID/train_v8/final/14373_exterior_image_2_left_pair0.png,/data/datasets/DROID/train_v12/kontext/14373_exterior_image_2_left_pair0.png,"Follow the markers in the image: the green box marks the object to grasp, the semi-transparent copy inside the blue box shows the object at its destination. Show the scene after the object has been moved to the marked location. Pick up the bottle. Place it on the table."
/data/datasets/DROID/train_v8/final/13140_exterior_image_2_left_pair0.png,/data/datasets/DROID/train_v12/kontext/13140_exterior_image_2_left_pair0.png,"Follow the markers in the image: the green box marks the object to grasp, the semi-transparent copy inside the blue box shows the object at its destination. Show the scene after the object has been moved to the marked location. Pick up the block. Place it on the table."
/data/datasets/DROID/train_v8/final/11635_exterior_image_1_left_pair0.png,/data/datasets/DROID/train_v12/kontext/11635_exterior_image_1_left_pair0.png,"Follow the markers in the image: the green box marks the object to grasp, the semi-transparent copy inside the blue box shows the object at its destination. Show the scene after the object has been moved to the marked location. Pick up the cable. Place it in the toolbox."
/data/datasets/DROID/train_v8/final/58705_exterior_image_2_left_pair0.png,/data/datasets/DROID/train_v12/kontext/58705_exterior_image_2_left_pair0.png,"Follow the markers in the image: the green box marks the object to grasp, the semi-transparent copy inside the blue box shows the object at its destination. Show the scene after the object has been moved to the marked location. Pick up the spatula. Place it on the table."
/data/datasets/DROID/train_v8/final/17905_exterior_image_2_left_pair0.png,/data/datasets/DROID/train_v12/kontext/17905_exterior_image_2_left_pair0.png,"Follow the markers in the image: the green box marks the object to grasp, the semi-transparent copy inside the blue box shows the object at its destination. Show the scene after the object has been moved to the marked location. Pick up the cloth pin. Place it on the cloth."
/data/datasets/DROID/train_v8/final/11106_exterior_image_1_left_pair0.png,/data/datasets/DROID/train_v12/kontext/11106_exterior_image_1_left_pair0.png,"Follow the markers in the image: the green box marks the object to grasp, the semi-transparent copy inside the blue box shows the object at its destination. Show the scene after the object has been moved to the marked location. Pick up the block. Place it on the table."
/data/datasets/DROID/train_v8/final/11438_exterior_image_2_left_pair0.png,/data/datasets/DROID/train_v12/kontext/11438_exterior_image_2_left_pair0.png,"Follow the markers in the image: the green box marks the object to grasp, the semi-transparent copy inside the blue box shows the object at its destination. Show the scene after the object has been moved to the marked location. Pick up the pen. Place it on the desktop."
/data/datasets/DROID/train_v8/final/14737_exterior_image_1_left_pair0.png,/data/datasets/DROID/train_v12/kontext/14737_exterior_image_1_left_pair0.png,"Follow the markers in the image: the green box marks the object to grasp, the semi-transparent copy inside the blue box shows the object at its destination. Show the scene after the object has been moved to the marked location. Pick up the cup. Place it on the table."
/data/datasets/DROID/train_v8/final/13285_exterior_image_2_left_pair0.png,/data/datasets/DROID/train_v12/kontext/13285_exterior_image_2_left_pair0.png,"Follow the markers in the image: the green box marks the object to grasp, the semi-transparent copy inside the blue box shows the object at its destination. Show the scene after the object has been moved to the marked location. Pick up the cloth. Place it on the shelf."
/data/datasets/DROID/train_v8/final/6875_exterior_image_1_left_pair0.png,/data/datasets/DROID/train_v12/kontext/6875_exterior_image_1_left_pair0.png,"Follow the markers in the image: the green box marks the object to grasp, the semi-transparent copy inside the blue box shows the object at its destination. Show the scene after the object has been moved to the marked location. Pick up the paper. Place it in the box."
/data/datasets/DROID/train_v8/final/2876_exterior_image_1_left_pair0.png,/data/datasets/DROID/train_v12/kontext/2876_exterior_image_1_left_pair0.png,"Follow the markers in the image: the green box marks the object to grasp, the semi-transparent copy inside the blue box shows the object at its destination. Show the scene after the object has been moved to the marked location. Pick up the block. Place it on the block."
/data/datasets/DROID/train_v8/final/20788_exterior_image_1_left_pair1.png,/data/datasets/DROID/train_v12/kontext/20788_exterior_image_1_left_pair1.png,"Follow the markers in the image: the green box marks the object to grasp, the semi-transparent copy inside the blue box shows the object at its destination. Show the scene after the object has been moved to the marked location. Pick up the basketball. Place it on the masking tape."
/data/datasets/DROID/train_v8/final/15690_exterior_image_2_left_pair1.png,/data/datasets/DROID/train_v12/kontext/15690_exterior_image_2_left_pair1.png,"Follow the markers in the image: the green box marks the object to grasp, the semi-transparent copy inside the blue box shows the object at its destination. Show the scene after the object has been moved to the marked location. Pick up the piece clothing. Place it on the pile of cloth."
/data/datasets/DROID/train_v8/final/65324_exterior_image_2_left_pair0.png,/data/datasets/DROID/train_v12/kontext/65324_exterior_image_2_left_pair0.png,"Follow the markers in the image: the green box marks the object to grasp, the semi-transparent copy inside the blue box shows the object at its destination. Show the scene after the object has been moved to the marked location. Pick up the plate. Place it on the tabletop."
/data/datasets/DROID/train_v8/final/25553_exterior_image_2_left_pair0.png,/data/datasets/DROID/train_v12/kontext/25553_exterior_image_2_left_pair0.png,"Follow the markers in the image: the green box marks the object to grasp, the semi-transparent copy inside the blue box shows the object at its destination. Show the scene after the object has been moved to the marked location. Pick up the pineapple. Place it on the table."
/data/datasets/DROID/train_v8/final/33654_exterior_image_2_left_pair0.png,/data/datasets/DROID/train_v12/kontext/33654_exterior_image_2_left_pair0.png,"Follow the markers in the image: the green box marks the object to grasp, the semi-transparent copy inside the blue box shows the object at its destination. Show the scene after the object has been moved to the marked location. Pick up the towel. Place it in the cutlery holder."
/data/datasets/DROID/train_v8/final/13179_exterior_image_2_left_pair0.png,/data/datasets/DROID/train_v12/kontext/13179_exterior_image_2_left_pair0.png,"Follow the markers in the image: the green box marks the object to grasp, the semi-transparent copy inside the blue box shows the object at its destination. Show the scene after the object has been moved to the marked location. Pick up the bottle. Place it in the cup."
/data/datasets/DROID/train_v8/final/44016_exterior_image_1_left_pair0.png,/data/datasets/DROID/train_v12/kontext/44016_exterior_image_1_left_pair0.png,"Follow the markers in the image: the green box marks the object to grasp, the semi-transparent copy inside the blue box shows the object at its destination. Show the scene after the object has been moved to the marked location. Pick up the banana. Place it on the table."
/data/datasets/DROID/train_v8/final/47023_exterior_image_1_left_pair0.png,/data/datasets/DROID/train_v12/kontext/47023_exterior_image_1_left_pair0.png,"Follow the markers in the image: the green box marks the object to grasp, the semi-transparent copy inside the blue box shows the object at its destination. Show the scene after the object has been moved to the marked location. Pick up the charger head. Place it on the adapter."
/data/datasets/DROID/train_v8/final/34407_exterior_image_1_left_pair0.png,/data/datasets/DROID/train_v12/kontext/34407_exterior_image_1_left_pair0.png,"Follow the markers in the image: the green box marks the object to grasp, the semi-transparent copy inside the blue box shows the object at its destination. Show the scene after the object has been moved to the marked location. Pick up the cloth. Place it in the box."
/data/datasets/DROID/train_v8/final/31549_exterior_image_2_left_pair0.png,/data/datasets/DROID/train_v12/kontext/31549_exterior_image_2_left_pair0.png,"Follow the markers in the image: the green box marks the object to grasp, the semi-transparent copy inside the blue box shows the object at its destination. Show the scene after the object has been moved to the marked location. Pick up the set cloths. Place it on the tray."
/data/datasets/DROID/train_v8/final/20150_exterior_image_1_left_pair1.png,/data/datasets/DROID/train_v12/kontext/20150_exterior_image_1_left_pair1.png,"Follow the markers in the image: the green box marks the object to grasp, the semi-transparent copy inside the blue box shows the object at its destination. Show the scene after the object has been moved to the marked location. Pick up the cup. Place it on the cup."
/data/datasets/DROID/train_v8/final/12349_exterior_image_1_left_pair0.png,/data/datasets/DROID/train_v12/kontext/12349_exterior_image_1_left_pair0.png,"Follow the markers in the image: the green box marks the object to grasp, the semi-transparent copy inside the blue box shows the object at its destination. Show the scene after the object has been moved to the marked location. Pick up the cup by sink. Place it in the sink."
/data/datasets/DROID/train_v8/final/89768_exterior_image_1_left_pair0.png,/data/datasets/DROID/train_v12/kontext/89768_exterior_image_1_left_pair0.png,"Follow the markers in the image: the green box marks the object to grasp, the semi-transparent copy inside the blue box shows the object at its destination. Show the scene after the object has been moved to the marked location. Pick up the block. Place it on the block."
/data/datasets/DROID/train_v8/final/1840_exterior_image_1_left_pair0.png,/data/datasets/DROID/train_v12/kontext/1840_exterior_image_1_left_pair0.png,"Follow the markers in the image: the green box marks the object to grasp, the semi-transparent copy inside the blue box shows the object at its destination. Show the scene after the object has been moved to the marked location. Pick up the egg. Place it on the counter."
/data/datasets/DROID/train_v8/final/40985_exterior_image_1_left_pair0.png,/data/datasets/DROID/train_v12/kontext/40985_exterior_image_1_left_pair0.png,"Follow the markers in the image: the green box marks the object to grasp, the semi-transparent copy inside the blue box shows the object at its destination. Show the scene after the object has been moved to the marked location. Pick up the object. Place it on the table."
/data/datasets/DROID/train_v8/final/16315_exterior_image_2_left_pair0.png,/data/datasets/DROID/train_v12/kontext/16315_exterior_image_2_left_pair0.png,"Follow the markers in the image: the green box marks the object to grasp, the semi-transparent copy inside the blue box shows the object at its destination. Show the scene after the object has been moved to the marked location. Pick up the bottle. Place it in the tray."
/data/datasets/DROID/train_v8/final/15664_exterior_image_1_left_pair0.png,/data/datasets/DROID/train_v12/kontext/15664_exterior_image_1_left_pair0.png,"Follow the markers in the image: the green box marks the object to grasp, the semi-transparent copy inside the blue box shows the object at its destination. Show the scene after the object has been moved to the marked location. Pick up the cup. Place it in the cup."
/data/datasets/DROID/train_v8/final/18099_exterior_image_2_left_pair0.png,/data/datasets/DROID/train_v12/kontext/18099_exterior_image_2_left_pair0.png,"Follow the markers in the image: the green box marks the object to grasp, the semi-transparent copy inside the blue box shows the object at its destination. Show the scene after the object has been moved to the marked location. Pick up the towel. Place it on the cat."
/data/datasets/DROID/train_v8/final/11598_exterior_image_1_left_pair0.png,/data/datasets/DROID/train_v12/kontext/11598_exterior_image_1_left_pair0.png,"Follow the markers in the image: the green box marks the object to grasp, the semi-transparent copy inside the blue box shows the object at its destination. Show the scene after the object has been moved to the marked location. Pick up the marker. Place it in the cup."
/data/datasets/DROID/train_v8/final/62829_exterior_image_2_left_pair0.png,/data/datasets/DROID/train_v12/kontext/62829_exterior_image_2_left_pair0.png,"Follow the markers in the image: the green box marks the object to grasp, the semi-transparent copy inside the blue box shows the object at its destination. Show the scene after the object has been moved to the marked location. Pick up the hanger. Place it on the table."
/data/datasets/DROID/train_v8/final/20166_exterior_image_2_left_pair0.png,/data/datasets/DROID/train_v12/kontext/20166_exterior_image_2_left_pair0.png,"Follow the markers in the image: the green box marks the object to grasp, the semi-transparent copy inside the blue box shows the object at its destination. Show the scene after the object has been moved to the marked location. Pick up the marker. Place it on the table."
/data/datasets/DROID/train_v8/final/1541_exterior_image_2_left_pair0.png,/data/datasets/DROID/train_v12/kontext/1541_exterior_image_2_left_pair0.png,"Follow the markers in the image: the green box marks the object to grasp, the semi-transparent copy inside the blue box shows the object at its destination. Show the scene after the object has been moved to the marked location. Pick up the object. Place it on the pan."
/data/datasets/DROID/train_v8/final/19681_exterior_image_2_left_pair0.png,/data/datasets/DROID/train_v12/kontext/19681_exterior_image_2_left_pair0.png,"Follow the markers in the image: the green box marks the object to grasp, the semi-transparent copy inside the blue box shows the object at its destination. Show the scene after the object has been moved to the marked location. Pick up the toy. Place it in the plate."
/data/datasets/DROID/train_v8/final/29754_exterior_image_1_left_pair0.png,/data/datasets/DROID/train_v12/kontext/29754_exterior_image_1_left_pair0.png,"Follow the markers in the image: the green box marks the object to grasp, the semi-transparent copy inside the blue box shows the object at its destination. Show the scene after the object has been moved to the marked location. Pick up the towel. Place it in the box."
/data/datasets/DROID/train_v8/final/15631_exterior_image_2_left_pair0.png,/data/datasets/DROID/train_v12/kontext/15631_exterior_image_2_left_pair0.png,"Follow the markers in the image: the green box marks the object to grasp, the semi-transparent copy inside the blue box shows the object at its destination. Show the scene after the object has been moved to the marked location. Pick up the object. Place it in the bowl."
/data/datasets/DROID/train_v8/final/16847_exterior_image_1_left_pair0.png,/data/datasets/DROID/train_v12/kontext/16847_exterior_image_1_left_pair0.png,"Follow the markers in the image: the green box marks the object to grasp, the semi-transparent copy inside the blue box shows the object at its destination. Show the scene after the object has been moved to the marked location. Pick up the cup. Place it on the drawer."
/data/datasets/DROID/train_v8/final/18032_exterior_image_2_left_pair0.png,/data/datasets/DROID/train_v12/kontext/18032_exterior_image_2_left_pair0.png,"Follow the markers in the image: the green box marks the object to grasp, the semi-transparent copy inside the blue box shows the object at its destination. Show the scene after the object has been moved to the marked location. Pick up the ball. Place it on the plate."
/data/datasets/DROID/train_v8/final/12837_exterior_image_2_left_pair0.png,/data/datasets/DROID/train_v12/kontext/12837_exterior_image_2_left_pair0.png,"Follow the markers in the image: the green box marks the object to grasp, the semi-transparent copy inside the blue box shows the object at its destination. Show the scene after the object has been moved to the marked location. Pick up the cup. Place it in the bowl."
/data/datasets/DROID/train_v8/final/20300_exterior_image_2_left_pair0.png,/data/datasets/DROID/train_v12/kontext/20300_exterior_image_2_left_pair0.png,"Follow the markers in the image: the green box marks the object to grasp, the semi-transparent copy inside the blue box shows the object at its destination. Show the scene after the object has been moved to the marked location. Pick up the container. Place it on the countertop."
/data/datasets/DROID/train_v8/final/82809_exterior_image_2_left_pair0.png,/data/datasets/DROID/train_v12/kontext/82809_exterior_image_2_left_pair0.png,"Follow the markers in the image: the green box marks the object to grasp, the semi-transparent copy inside the blue box shows the object at its destination. Show the scene after the object has been moved to the marked location. Pick up the pineapple plush toy. Place it in the drawer."
/data/datasets/DROID/train_v8/final/41866_exterior_image_2_left_pair0.png,/data/datasets/DROID/train_v12/kontext/41866_exterior_image_2_left_pair0.png,"Follow the markers in the image: the green box marks the object to grasp, the semi-transparent copy inside the blue box shows the object at its destination. Show the scene after the object has been moved to the marked location. Pick up the plate. Place it on the table."
/data/datasets/DROID/train_v8/final/1098_exterior_image_2_left_pair0.png,/data/datasets/DROID/train_v12/kontext/1098_exterior_image_2_left_pair0.png,"Follow the markers in the image: the green box marks the object to grasp, the semi-transparent copy inside the blue box shows the object at its destination. Show the scene after the object has been moved to the marked location. Pick up the plush toy. Place it in the pot on stove."
/data/datasets/DROID/train_v8/final/1737_exterior_image_2_left_pair0.png,/data/datasets/DROID/train_v12/kontext/1737_exterior_image_2_left_pair0.png,"Follow the markers in the image: the green box marks the object to grasp, the semi-transparent copy inside the blue box shows the object at its destination. Show the scene after the object has been moved to the marked location. Pick up the stick block. Place it on the tower."
/data/datasets/DROID/train_v8/final/26557_exterior_image_2_left_pair1.png,/data/datasets/DROID/train_v12/kontext/26557_exterior_image_2_left_pair1.png,"Follow the markers in the image: the green box marks the object to grasp, the semi-transparent copy inside the blue box shows the object at its destination. Show the scene after the object has been moved to the marked location. Pick up the plush toy. Place it in the box."
/data/datasets/DROID/train_v8/final/3468_exterior_image_2_left_pair0.png,/data/datasets/DROID/train_v12/kontext/3468_exterior_image_2_left_pair0.png,"Follow the markers in the image: the green box marks the object to grasp, the semi-transparent copy inside the blue box shows the object at its destination. Show the scene after the object has been moved to the marked location. Pick up the plate. Place it on the black cloth."
/data/datasets/DROID/train_v8/final/51385_exterior_image_2_left_pair1.png,/data/datasets/DROID/train_v12/kontext/51385_exterior_image_2_left_pair1.png,"Follow the markers in the image: the green box marks the object to grasp, the semi-transparent copy inside the blue box shows the object at its destination. Show the scene after the object has been moved to the marked location. Pick up the cloth. Place it on the tabletop."
/data/datasets/DROID/train_v8/final/33650_exterior_image_2_left_pair1.png,/data/datasets/DROID/train_v12/kontext/33650_exterior_image_2_left_pair1.png,"Follow the markers in the image: the green box marks the object to grasp, the semi-transparent copy inside the blue box shows the object at its destination. Show the scene after the object has been moved to the marked location. Pick up the lid. Place it on the stove."
/data/datasets/DROID/train_v8/final/41426_exterior_image_1_left_pair0.png,/data/datasets/DROID/train_v12/kontext/41426_exterior_image_1_left_pair0.png,"Follow the markers in the image: the green box marks the object to grasp, the semi-transparent copy inside the blue box shows the object at its destination. Show the scene after the object has been moved to the marked location. Pick up the bowl. Place it on the cooker."
/data/datasets/DROID/train_v8/final/14011_exterior_image_2_left_pair0.png,/data/datasets/DROID/train_v12/kontext/14011_exterior_image_2_left_pair0.png,"Follow the markers in the image: the green box marks the object to grasp, the semi-transparent copy inside the blue box shows the object at its destination. Show the scene after the object has been moved to the marked location. Pick up the cylindrical block. Place it in the pot."
/data/datasets/DROID/train_v8/final/53177_exterior_image_1_left_pair0.png,/data/datasets/DROID/train_v12/kontext/53177_exterior_image_1_left_pair0.png,"Follow the markers in the image: the green box marks the object to grasp, the semi-transparent copy inside the blue box shows the object at its destination. Show the scene after the object has been moved to the marked location. Pick up the eraser under whiteboard. Place it under the shelf."
/data/datasets/DROID/train_v8/final/12911_exterior_image_1_left_pair0.png,/data/datasets/DROID/train_v12/kontext/12911_exterior_image_1_left_pair0.png,"Follow the markers in the image: the green box marks the object to grasp, the semi-transparent copy inside the blue box shows the object at its destination. Show the scene after the object has been moved to the marked location. Pick up the object. Place it on the table."
/data/datasets/DROID/train_v8/final/16178_exterior_image_1_left_pair0.png,/data/datasets/DROID/train_v12/kontext/16178_exterior_image_1_left_pair0.png,"Follow the markers in the image: the green box marks the object to grasp, the semi-transparent copy inside the blue box shows the object at its destination. Show the scene after the object has been moved to the marked location. Pick up the ball. Place it in the cup."
/data/datasets/DROID/train_v8/final/11187_exterior_image_2_left_pair0.png,/data/datasets/DROID/train_v12/kontext/11187_exterior_image_2_left_pair0.png,"Follow the markers in the image: the green box marks the object to grasp, the semi-transparent copy inside the blue box shows the object at its destination. Show the scene after the object has been moved to the marked location. Pick up the marker. Place it in the pot."
/data/datasets/DROID/train_v8/final/29564_exterior_image_2_left_pair0.png,/data/datasets/DROID/train_v12/kontext/29564_exterior_image_2_left_pair0.png,"Follow the markers in the image: the green box marks the object to grasp, the semi-transparent copy inside the blue box shows the object at its destination. Show the scene after the object has been moved to the marked location. Pick up the object. Place it on the table."
/data/datasets/DROID/train_v8/final/11261_exterior_image_1_left_pair0.png,/data/datasets/DROID/train_v12/kontext/11261_exterior_image_1_left_pair0.png,"Follow the markers in the image: the green box marks the object to grasp, the semi-transparent copy inside the blue box shows the object at its destination. Show the scene after the object has been moved to the marked location. Pick up the ball. Place it on the table."
/data/datasets/DROID/train_v8/final/11312_exterior_image_1_left_pair0.png,/data/datasets/DROID/train_v12/kontext/11312_exterior_image_1_left_pair0.png,"Follow the markers in the image: the green box marks the object to grasp, the semi-transparent copy inside the blue box shows the object at its destination. Show the scene after the object has been moved to the marked location. Pick up the object. Place it on the table."
/data/datasets/DROID/train_v8/final/50478_exterior_image_2_left_pair0.png,/data/datasets/DROID/train_v12/kontext/50478_exterior_image_2_left_pair0.png,"Follow the markers in the image: the green box marks the object to grasp, the semi-transparent copy inside the blue box shows the object at its destination. Show the scene after the object has been moved to the marked location. Pick up the cup. Place it on the tabletop."
/data/datasets/DROID/train_v8/final/1254_exterior_image_2_left_pair0.png,/data/datasets/DROID/train_v12/kontext/1254_exterior_image_2_left_pair0.png,"Follow the markers in the image: the green box marks the object to grasp, the semi-transparent copy inside the blue box shows the object at its destination. Show the scene after the object has been moved to the marked location. Pick up the marker. Place it in the cup."
/data/datasets/DROID/train_v8/final/34537_exterior_image_2_left_pair1.png,/data/datasets/DROID/train_v12/kontext/34537_exterior_image_2_left_pair1.png,"Follow the markers in the image: the green box marks the object to grasp, the semi-transparent copy inside the blue box shows the object at its destination. Show the scene after the object has been moved to the marked location. Pick up the stuffed fruit. Place it in the plate."
/data/datasets/DROID/train_v8/final/25469_exterior_image_1_left_pair0.png,/data/datasets/DROID/train_v12/kontext/25469_exterior_image_1_left_pair0.png,"Follow the markers in the image: the green box marks the object to grasp, the semi-transparent copy inside the blue box shows the object at its destination. Show the scene after the object has been moved to the marked location. Pick up the bowl side. Place it on the air fryer."
/data/datasets/DROID/train_v8/final/25542_exterior_image_1_left_pair0.png,/data/datasets/DROID/train_v12/kontext/25542_exterior_image_1_left_pair0.png,"Follow the markers in the image: the green box marks the object to grasp, the semi-transparent copy inside the blue box shows the object at its destination. Show the scene after the object has been moved to the marked location. Pick up the banana. Place it on the table."
/data/datasets/DROID/train_v8/final/85798_exterior_image_1_left_pair0.png,/data/datasets/DROID/train_v12/kontext/85798_exterior_image_1_left_pair0.png,"Follow the markers in the image: the green box marks the object to grasp, the semi-transparent copy inside the blue box shows the object at its destination. Show the scene after the object has been moved to the marked location. Pick up the single book. Place it on the stack of books."
/data/datasets/DROID/train_v8/final/10899_exterior_image_2_left_pair0.png,/data/datasets/DROID/train_v12/kontext/10899_exterior_image_2_left_pair0.png,"Follow the markers in the image: the green box marks the object to grasp, the semi-transparent copy inside the blue box shows the object at its destination. Show the scene after the object has been moved to the marked location. Pick up the carrot toy. Place it on the pan."
/data/datasets/DROID/train_v8/final/13540_exterior_image_2_left_pair0.png,/data/datasets/DROID/train_v12/kontext/13540_exterior_image_2_left_pair0.png,"Follow the markers in the image: the green box marks the object to grasp, the semi-transparent copy inside the blue box shows the object at its destination. Show the scene after the object has been moved to the marked location. Pick up the object. Place it in the colourless box."
/data/datasets/DROID/train_v8/final/18240_exterior_image_2_left_pair0.png,/data/datasets/DROID/train_v12/kontext/18240_exterior_image_2_left_pair0.png,"Follow the markers in the image: the green box marks the object to grasp, the semi-transparent copy inside the blue box shows the object at its destination. Show the scene after the object has been moved to the marked location. Pick up the masking tape. Place it on the rack."
/data/datasets/DROID/train_v8/final/11620_exterior_image_1_left_pair1.png,/data/datasets/DROID/train_v12/kontext/11620_exterior_image_1_left_pair1.png,"Follow the markers in the image: the green box marks the object to grasp, the semi-transparent copy inside the blue box shows the object at its destination. Show the scene after the object has been moved to the marked location. Pick up the clothes. Place it on the table."
/data/datasets/DROID/train_v8/final/31679_exterior_image_2_left_pair0.png,/data/datasets/DROID/train_v12/kontext/31679_exterior_image_2_left_pair0.png,"Follow the markers in the image: the green box marks the object to grasp, the semi-transparent copy inside the blue box shows the object at its destination. Show the scene after the object has been moved to the marked location. Pick up the pencil. Place it on the table."
/data/datasets/DROID/train_v8/final/5336_exterior_image_1_left_pair0.png,/data/datasets/DROID/train_v12/kontext/5336_exterior_image_1_left_pair0.png,"Follow the markers in the image: the green box marks the object to grasp, the semi-transparent copy inside the blue box shows the object at its destination. Show the scene after the object has been moved to the marked location. Pick up the object. Place it in the drawer."
/data/datasets/DROID/train_v8/final/28126_exterior_image_2_left_pair0.png,/data/datasets/DROID/train_v12/kontext/28126_exterior_image_2_left_pair0.png,"Follow the markers in the image: the green box marks the object to grasp, the semi-transparent copy inside the blue box shows the object at its destination. Show the scene after the object has been moved to the marked location. Pick up the object. Place it on the plate."
/data/datasets/DROID/train_v8/final/79009_exterior_image_1_left_pair0.png,/data/datasets/DROID/train_v12/kontext/79009_exterior_image_1_left_pair0.png,"Follow the markers in the image: the green box marks the object to grasp, the semi-transparent copy inside the blue box shows the object at its destination. Show the scene after the object has been moved to the marked location. Pick up the watermelon toy. Place it in the basket."
/data/datasets/DROID/train_v8/final/27363_exterior_image_1_left_pair1.png,/data/datasets/DROID/train_v12/kontext/27363_exterior_image_1_left_pair1.png,"Follow the markers in the image: the green box marks the object to grasp, the semi-transparent copy inside the blue box shows the object at its destination. Show the scene after the object has been moved to the marked location. Pick up the bag. Place it on the cloth."
/data/datasets/DROID/train_v8/final/17927_exterior_image_2_left_pair0.png,/data/datasets/DROID/train_v12/kontext/17927_exterior_image_2_left_pair0.png,"Follow the markers in the image: the green box marks the object to grasp, the semi-transparent copy inside the blue box shows the object at its destination. Show the scene after the object has been moved to the marked location. Pick up the pear. Place it in the box."
/data/datasets/DROID/train_v8/final/51669_exterior_image_2_left_pair0.png,/data/datasets/DROID/train_v12/kontext/51669_exterior_image_2_left_pair0.png,"Follow the markers in the image: the green box marks the object to grasp, the semi-transparent copy inside the blue box shows the object at its destination. Show the scene after the object has been moved to the marked location. Pick up the plate. Place it on the table."
/data/datasets/DROID/train_v8/final/35593_exterior_image_2_left_pair0.png,/data/datasets/DROID/train_v12/kontext/35593_exterior_image_2_left_pair0.png,"Follow the markers in the image: the green box marks the object to grasp, the semi-transparent copy inside the blue box shows the object at its destination. Show the scene after the object has been moved to the marked location. Pick up the clip. Place it on the desktop."
/data/datasets/DROID/train_v8/final/20932_exterior_image_2_left_pair0.png,/data/datasets/DROID/train_v12/kontext/20932_exterior_image_2_left_pair0.png,"Follow the markers in the image: the green box marks the object to grasp, the semi-transparent copy inside the blue box shows the object at its destination. Show the scene after the object has been moved to the marked location. Pick up the water bottle. Place it on the countertop."
/data/datasets/DROID/train_v8/final/20316_exterior_image_1_left_pair0.png,/data/datasets/DROID/train_v12/kontext/20316_exterior_image_1_left_pair0.png,"Follow the markers in the image: the green box marks the object to grasp, the semi-transparent copy inside the blue box shows the object at its destination. Show the scene after the object has been moved to the marked location. Pick up the tissue box. Place it on the tissue box."
/data/datasets/DROID/train_v8/final/12237_exterior_image_2_left_pair0.png,/data/datasets/DROID/train_v12/kontext/12237_exterior_image_2_left_pair0.png,"Follow the markers in the image: the green box marks the object to grasp, the semi-transparent copy inside the blue box shows the object at its destination. Show the scene after the object has been moved to the marked location. Pick up the balls. Place it in the box."
/data/datasets/DROID/train_v8/final/28397_exterior_image_1_left_pair0.png,/data/datasets/DROID/train_v12/kontext/28397_exterior_image_1_left_pair0.png,"Follow the markers in the image: the green box marks the object to grasp, the semi-transparent copy inside the blue box shows the object at its destination. Show the scene after the object has been moved to the marked location. Pick up the sweater. Place it on the table."
/data/datasets/DROID/train_v8/final/2193_exterior_image_2_left_pair0.png,/data/datasets/DROID/train_v12/kontext/2193_exterior_image_2_left_pair0.png,"Follow the markers in the image: the green box marks the object to grasp, the semi-transparent copy inside the blue box shows the object at its destination. Show the scene after the object has been moved to the marked location. Pick up the banana plushy. Place it on the tray."
/data/datasets/DROID/train_v8/final/43217_exterior_image_1_left_pair0.png,/data/datasets/DROID/train_v12/kontext/43217_exterior_image_1_left_pair0.png,"Follow the markers in the image: the green box marks the object to grasp, the semi-transparent copy inside the blue box shows the object at its destination. Show the scene after the object has been moved to the marked location. Pick up the bottle. Place it in the container."
/data/datasets/DROID/train_v8/final/1581_exterior_image_1_left_pair0.png,/data/datasets/DROID/train_v12/kontext/1581_exterior_image_1_left_pair0.png,"Follow the markers in the image: the green box marks the object to grasp, the semi-transparent copy inside the blue box shows the object at its destination. Show the scene after the object has been moved to the marked location. Pick up the cable. Place it on the table."
/data/datasets/DROID/train_v8/final/38001_exterior_image_1_left_pair0.png,/data/datasets/DROID/train_v12/kontext/38001_exterior_image_1_left_pair0.png,"Follow the markers in the image: the green box marks the object to grasp, the semi-transparent copy inside the blue box shows the object at its destination. Show the scene after the object has been moved to the marked location. Pick up the pear. Place it in the basket."
/data/datasets/DROID/train_v8/final/121_exterior_image_2_left_pair0.png,/data/datasets/DROID/train_v12/kontext/121_exterior_image_2_left_pair0.png,"Follow the markers in the image: the green box marks the object to grasp, the semi-transparent copy inside the blue box shows the object at its destination. Show the scene after the object has been moved to the marked location. Pick up the doll. Place it on the table."
/data/datasets/DROID/train_v8/final/1253_exterior_image_2_left_pair0.png,/data/datasets/DROID/train_v12/kontext/1253_exterior_image_2_left_pair0.png,"Follow the markers in the image: the green box marks the object to grasp, the semi-transparent copy inside the blue box shows the object at its destination. Show the scene after the object has been moved to the marked location. Pick up the bottle. Place it in the tray."
/data/datasets/DROID/train_v8/final/12182_exterior_image_1_left_pair0.png,/data/datasets/DROID/train_v12/kontext/12182_exterior_image_1_left_pair0.png,"Follow the markers in the image: the green box marks the object to grasp, the semi-transparent copy inside the blue box shows the object at its destination. Show the scene after the object has been moved to the marked location. Pick up the object. Place it on the shelf."
/data/datasets/DROID/train_v8/final/11227_exterior_image_2_left_pair0.png,/data/datasets/DROID/train_v12/kontext/11227_exterior_image_2_left_pair0.png,"Follow the markers in the image: the green box marks the object to grasp, the semi-transparent copy inside the blue box shows the object at its destination. Show the scene after the object has been moved to the marked location. Pick up the cup. Place it in the bowl."
/data/datasets/DROID/train_v8/final/19034_exterior_image_2_left_pair0.png,/data/datasets/DROID/train_v12/kontext/19034_exterior_image_2_left_pair0.png,"Follow the markers in the image: the green box marks the object to grasp, the semi-transparent copy inside the blue box shows the object at its destination. Show the scene after the object has been moved to the marked location. Pick up the watermelon plush toy. Place it in the box."
/data/datasets/DROID/train_v8/final/11127_exterior_image_2_left_pair0.png,/data/datasets/DROID/train_v12/kontext/11127_exterior_image_2_left_pair0.png,"Follow the markers in the image: the green box marks the object to grasp, the semi-transparent copy inside the blue box shows the object at its destination. Show the scene after the object has been moved to the marked location. Pick up the toy. Place it on the table."
/data/datasets/DROID/train_v8/final/19454_exterior_image_1_left_pair0.png,/data/datasets/DROID/train_v12/kontext/19454_exterior_image_1_left_pair0.png,"Follow the markers in the image: the green box marks the object to grasp, the semi-transparent copy inside the blue box shows the object at its destination. Show the scene after the object has been moved to the marked location. Pick up the plush toy. Place it on the cabinet."
/data/datasets/DROID/train_v8/final/15314_exterior_image_2_left_pair0.png,/data/datasets/DROID/train_v12/kontext/15314_exterior_image_2_left_pair0.png,"Follow the markers in the image: the green box marks the object to grasp, the semi-transparent copy inside the blue box shows the object at its destination. Show the scene after the object has been moved to the marked location. Pick up the measuring tape. Place it on the table."
/data/datasets/DROID/train_v8/final/69008_exterior_image_2_left_pair0.png,/data/datasets/DROID/train_v12/kontext/69008_exterior_image_2_left_pair0.png,"Follow the markers in the image: the green box marks the object to grasp, the semi-transparent copy inside the blue box shows the object at its destination. Show the scene after the object has been moved to the marked location. Pick up the toy. Place it on the table."
/data/datasets/DROID/train_v8/final/27722_exterior_image_1_left_pair0.png,/data/datasets/DROID/train_v12/kontext/27722_exterior_image_1_left_pair0.png,"Follow the markers in the image: the green box marks the object to grasp, the semi-transparent copy inside the blue box shows the object at its destination. Show the scene after the object has been moved to the marked location. Pick up the toy. Place it on the shelf cupboard."
/data/datasets/DROID/train_v8/final/12022_exterior_image_1_left_pair0.png,/data/datasets/DROID/train_v12/kontext/12022_exterior_image_1_left_pair0.png,"Follow the markers in the image: the green box marks the object to grasp, the semi-transparent copy inside the blue box shows the object at its destination. Show the scene after the object has been moved to the marked location. Pick up the mouse. Place it on the table."
/data/datasets/DROID/train_v8/final/36405_exterior_image_1_left_pair1.png,/data/datasets/DROID/train_v12/kontext/36405_exterior_image_1_left_pair1.png,"Follow the markers in the image: the green box marks the object to grasp, the semi-transparent copy inside the blue box shows the object at its destination. Show the scene after the object has been moved to the marked location. Pick up the cube. Place it in the bowl."
/data/datasets/DROID/train_v8/final/15751_exterior_image_2_left_pair1.png,/data/datasets/DROID/train_v12/kontext/15751_exterior_image_2_left_pair1.png,"Follow the markers in the image: the green box marks the object to grasp, the semi-transparent copy inside the blue box shows the object at its destination. Show the scene after the object has been moved to the marked location. Pick up the tissue. Place it on the pile of tissues."
/data/datasets/DROID/train_v8/final/1244_exterior_image_1_left_pair0.png,/data/datasets/DROID/train_v12/kontext/1244_exterior_image_1_left_pair0.png,"Follow the markers in the image: the green box marks the object to grasp, the semi-transparent copy inside the blue box shows the object at its destination. Show the scene after the object has been moved to the marked location. Pick up the cloth. Place it on the backrest chair."
/data/datasets/DROID/train_v8/final/25998_exterior_image_1_left_pair0.png,/data/datasets/DROID/train_v12/kontext/25998_exterior_image_1_left_pair0.png,"Follow the markers in the image: the green box marks the object to grasp, the semi-transparent copy inside the blue box shows the object at its destination. Show the scene after the object has been moved to the marked location. Pick up the plate. Place it on the dishwasher rack."
/data/datasets/DROID/train_v8/final/15083_exterior_image_2_left_pair0.png,/data/datasets/DROID/train_v12/kontext/15083_exterior_image_2_left_pair0.png,"Follow the markers in the image: the green box marks the object to grasp, the semi-transparent copy inside the blue box shows the object at its destination. Show the scene after the object has been moved to the marked location. Pick up the bowl. Place it on the table."
/data/datasets/DROID/train_v8/final/23621_exterior_image_2_left_pair0.png,/data/datasets/DROID/train_v12/kontext/23621_exterior_image_2_left_pair0.png,"Follow the markers in the image: the green box marks the object to grasp, the semi-transparent copy inside the blue box shows the object at its destination. Show the scene after the object has been moved to the marked location. Pick up the pen. Place it on the table."
/data/datasets/DROID/train_v8/final/28932_exterior_image_1_left_pair0.png,/data/datasets/DROID/train_v12/kontext/28932_exterior_image_1_left_pair0.png,"Follow the markers in the image: the green box marks the object to grasp, the semi-transparent copy inside the blue box shows the object at its destination. Show the scene after the object has been moved to the marked location. Pick up the plush toy. Place it on the countertop."
/data/datasets/DROID/train_v8/final/11748_exterior_image_2_left_pair0.png,/data/datasets/DROID/train_v12/kontext/11748_exterior_image_2_left_pair0.png,"Follow the markers in the image: the green box marks the object to grasp, the semi-transparent copy inside the blue box shows the object at its destination. Show the scene after the object has been moved to the marked location. Pick up the plate. Place it on the plate on kitchen counter."
/data/datasets/DROID/train_v8/final/40966_exterior_image_1_left_pair0.png,/data/datasets/DROID/train_v12/kontext/40966_exterior_image_1_left_pair0.png,"Follow the markers in the image: the green box marks the object to grasp, the semi-transparent copy inside the blue box shows the object at its destination. Show the scene after the object has been moved to the marked location. Pick up the hanger. Place it on the rod above table."
/data/datasets/DROID/train_v8/final/25123_exterior_image_1_left_pair0.png,/data/datasets/DROID/train_v12/kontext/25123_exterior_image_1_left_pair0.png,"Follow the markers in the image: the green box marks the object to grasp, the semi-transparent copy inside the blue box shows the object at its destination. Show the scene after the object has been moved to the marked location. Pick up the watermelon plushie. Place it in the pot."
/data/datasets/DROID/train_v8/final/11299_exterior_image_1_left_pair0.png,/data/datasets/DROID/train_v12/kontext/11299_exterior_image_1_left_pair0.png,"Follow the markers in the image: the green box marks the object to grasp, the semi-transparent copy inside the blue box shows the object at its destination. Show the scene after the object has been moved to the marked location. Pick up the cup. Place it on the counter."
/data/datasets/DROID/train_v8/final/10957_exterior_image_2_left_pair0.png,/data/datasets/DROID/train_v12/kontext/10957_exterior_image_2_left_pair0.png,"Follow the markers in the image: the green box marks the object to grasp, the semi-transparent copy inside the blue box shows the object at its destination. Show the scene after the object has been moved to the marked location. Pick up the apple. Place it on the towel."
/data/datasets/DROID/train_v8/final/12306_exterior_image_2_left_pair0.png,/data/datasets/DROID/train_v12/kontext/12306_exterior_image_2_left_pair0.png,"Follow the markers in the image: the green box marks the object to grasp, the semi-transparent copy inside the blue box shows the object at its destination. Show the scene after the object has been moved to the marked location. Pick up the object. Place it on the table."
/data/datasets/DROID/train_v8/final/48301_exterior_image_1_left_pair0.png,/data/datasets/DROID/train_v12/kontext/48301_exterior_image_1_left_pair0.png,"Follow the markers in the image: the green box marks the object to grasp, the semi-transparent copy inside the blue box shows the object at its destination. Show the scene after the object has been moved to the marked location. Pick up the board eraser. Place it on the shelf."
/data/datasets/DROID/train_v8/final/12397_exterior_image_2_left_pair0.png,/data/datasets/DROID/train_v12/kontext/12397_exterior_image_2_left_pair0.png,"Follow the markers in the image: the green box marks the object to grasp, the semi-transparent copy inside the blue box shows the object at its destination. Show the scene after the object has been moved to the marked location. Pick up the wrench. Place it in the bowl."
/data/datasets/DROID/train_v8/final/12270_exterior_image_2_left_pair0.png,/data/datasets/DROID/train_v12/kontext/12270_exterior_image_2_left_pair0.png,"Follow the markers in the image: the green box marks the object to grasp, the semi-transparent copy inside the blue box shows the object at its destination. Show the scene after the object has been moved to the marked location. Pick up the pen. Place it in the cup."
/data/datasets/DROID/train_v8/final/1340_exterior_image_2_left_pair1.png,/data/datasets/DROID/train_v12/kontext/1340_exterior_image_2_left_pair1.png,"Follow the markers in the image: the green box marks the object to grasp, the semi-transparent copy inside the blue box shows the object at its destination. Show the scene after the object has been moved to the marked location. Pick up the clothes. Place it on the box."
/data/datasets/DROID/train_v8/final/18005_exterior_image_2_left_pair0.png,/data/datasets/DROID/train_v12/kontext/18005_exterior_image_2_left_pair0.png,"Follow the markers in the image: the green box marks the object to grasp, the semi-transparent copy inside the blue box shows the object at its destination. Show the scene after the object has been moved to the marked location. Pick up the marker. Place it on the desktop."
/data/datasets/DROID/train_v8/final/11642_exterior_image_2_left_pair0.png,/data/datasets/DROID/train_v12/kontext/11642_exterior_image_2_left_pair0.png,"Follow the markers in the image: the green box marks the object to grasp, the semi-transparent copy inside the blue box shows the object at its destination. Show the scene after the object has been moved to the marked location. Pick up the marker. Place it in the cup."
/data/datasets/DROID/train_v8/final/35818_exterior_image_1_left_pair0.png,/data/datasets/DROID/train_v12/kontext/35818_exterior_image_1_left_pair0.png,"Follow the markers in the image: the green box marks the object to grasp, the semi-transparent copy inside the blue box shows the object at its destination. Show the scene after the object has been moved to the marked location. Pick up the bowl. Place it on the table."
/data/datasets/DROID/train_v8/final/16944_exterior_image_1_left_pair0.png,/data/datasets/DROID/train_v12/kontext/16944_exterior_image_1_left_pair0.png,"Follow the markers in the image: the green box marks the object to grasp, the semi-transparent copy inside the blue box shows the object at its destination. Show the scene after the object has been moved to the marked location. Pick up the sponge. Place it in the cabinet."
/data/datasets/DROID/train_v8/final/16090_exterior_image_2_left_pair0.png,/data/datasets/DROID/train_v12/kontext/16090_exterior_image_2_left_pair0.png,"Follow the markers in the image: the green box marks the object to grasp, the semi-transparent copy inside the blue box shows the object at its destination. Show the scene after the object has been moved to the marked location. Pick up the brush. Place it on the desktop."
/data/datasets/DROID/train_v8/final/11265_exterior_image_1_left_pair0.png,/data/datasets/DROID/train_v12/kontext/11265_exterior_image_1_left_pair0.png,"Follow the markers in the image: the green box marks the object to grasp, the semi-transparent copy inside the blue box shows the object at its destination. Show the scene after the object has been moved to the marked location. Pick up the pot. Place it on the table."
/data/datasets/DROID/train_v8/final/48828_exterior_image_2_left_pair0.png,/data/datasets/DROID/train_v12/kontext/48828_exterior_image_2_left_pair0.png,"Follow the markers in the image: the green box marks the object to grasp, the semi-transparent copy inside the blue box shows the object at its destination. Show the scene after the object has been moved to the marked location. Pick up the bottle. Place it on the table."
/data/datasets/DROID/train_v8/final/17191_exterior_image_2_left_pair0.png,/data/datasets/DROID/train_v12/kontext/17191_exterior_image_2_left_pair0.png,"Follow the markers in the image: the green box marks the object to grasp, the semi-transparent copy inside the blue box shows the object at its destination. Show the scene after the object has been moved to the marked location. Pick up the object. Place it on the table."
/data/datasets/DROID/train_v8/final/10877_exterior_image_1_left_pair0.png,/data/datasets/DROID/train_v12/kontext/10877_exterior_image_1_left_pair0.png,"Follow the markers in the image: the green box marks the object to grasp, the semi-transparent copy inside the blue box shows the object at its destination. Show the scene after the object has been moved to the marked location. Pick up the object. Place it on the table."
/data/datasets/DROID/train_v8/final/1279_exterior_image_1_left_pair0.png,/data/datasets/DROID/train_v12/kontext/1279_exterior_image_1_left_pair0.png,"Follow the markers in the image: the green box marks the object to grasp, the semi-transparent copy inside the blue box shows the object at its destination. Show the scene after the object has been moved to the marked location. Pick up the cloth. Place it in the box."
/data/datasets/DROID/train_v8/final/18751_exterior_image_2_left_pair0.png,/data/datasets/DROID/train_v12/kontext/18751_exterior_image_2_left_pair0.png,"Follow the markers in the image: the green box marks the object to grasp, the semi-transparent copy inside the blue box shows the object at its destination. Show the scene after the object has been moved to the marked location. Pick up the object. Place it in the part box."
/data/datasets/DROID/train_v8/final/15779_exterior_image_1_left_pair0.png,/data/datasets/DROID/train_v12/kontext/15779_exterior_image_1_left_pair0.png,"Follow the markers in the image: the green box marks the object to grasp, the semi-transparent copy inside the blue box shows the object at its destination. Show the scene after the object has been moved to the marked location. Pick up the object. Place it on the board."
/data/datasets/DROID/train_v8/final/20595_exterior_image_2_left_pair0.png,/data/datasets/DROID/train_v12/kontext/20595_exterior_image_2_left_pair0.png,"Follow the markers in the image: the green box marks the object to grasp, the semi-transparent copy inside the blue box shows the object at its destination. Show the scene after the object has been moved to the marked location. Pick up the towel. Place it on the table."
/data/datasets/DROID/train_v8/final/21305_exterior_image_1_left_pair0.png,/data/datasets/DROID/train_v12/kontext/21305_exterior_image_1_left_pair0.png,"Follow the markers in the image: the green box marks the object to grasp, the semi-transparent copy inside the blue box shows the object at its destination. Show the scene after the object has been moved to the marked location. Pick up the cup. Place it on the water dispenser."
/data/datasets/DROID/train_v8/final/24951_exterior_image_2_left_pair0.png,/data/datasets/DROID/train_v12/kontext/24951_exterior_image_2_left_pair0.png,"Follow the markers in the image: the green box marks the object to grasp, the semi-transparent copy inside the blue box shows the object at its destination. Show the scene after the object has been moved to the marked location. Pick up the pineapple toy. Place it in the pot."
/data/datasets/DROID/train_v8/final/4955_exterior_image_2_left_pair0.png,/data/datasets/DROID/train_v12/kontext/4955_exterior_image_2_left_pair0.png,"Follow the markers in the image: the green box marks the object to grasp, the semi-transparent copy inside the blue box shows the object at its destination. Show the scene after the object has been moved to the marked location. Pick up the pot lid. Place it in the pot."
/data/datasets/DROID/train_v8/final/69422_exterior_image_1_left_pair1.png,/data/datasets/DROID/train_v12/kontext/69422_exterior_image_1_left_pair1.png,"Follow the markers in the image: the green box marks the object to grasp, the semi-transparent copy inside the blue box shows the object at its destination. Show the scene after the object has been moved to the marked location. Pick up the object. Place it on the table."
/data/datasets/DROID/train_v8/final/12475_exterior_image_2_left_pair0.png,/data/datasets/DROID/train_v12/kontext/12475_exterior_image_2_left_pair0.png,"Follow the markers in the image: the green box marks the object to grasp, the semi-transparent copy inside the blue box shows the object at its destination. Show the scene after the object has been moved to the marked location. Pick up the brush. Place it on the tabletop."
/data/datasets/DROID/train_v8/final/35810_exterior_image_1_left_pair0.png,/data/datasets/DROID/train_v12/kontext/35810_exterior_image_1_left_pair0.png,"Follow the markers in the image: the green box marks the object to grasp, the semi-transparent copy inside the blue box shows the object at its destination. Show the scene after the object has been moved to the marked location. Pick up the plate. Place it on the table."
/data/datasets/DROID/train_v8/final/20673_exterior_image_1_left_pair0.png,/data/datasets/DROID/train_v12/kontext/20673_exterior_image_1_left_pair0.png,"Follow the markers in the image: the green box marks the object to grasp, the semi-transparent copy inside the blue box shows the object at its destination. Show the scene after the object has been moved to the marked location. Pick up the bottle. Place it on the counter."
/data/datasets/DROID/train_v8/final/13664_exterior_image_2_left_pair1.png,/data/datasets/DROID/train_v12/kontext/13664_exterior_image_2_left_pair1.png,"Follow the markers in the image: the green box marks the object to grasp, the semi-transparent copy inside the blue box shows the object at its destination. Show the scene after the object has been moved to the marked location. Pick up the watermelon plushie. Place it on the plate."
/data/datasets/DROID/train_v8/final/14623_exterior_image_1_left_pair1.png,/data/datasets/DROID/train_v12/kontext/14623_exterior_image_1_left_pair1.png,"Follow the markers in the image: the green box marks the object to grasp, the semi-transparent copy inside the blue box shows the object at its destination. Show the scene after the object has been moved to the marked location. Pick up the fabric. Place it on the table."
/data/datasets/DROID/train_v8/final/46627_exterior_image_1_left_pair0.png,/data/datasets/DROID/train_v12/kontext/46627_exterior_image_1_left_pair0.png,"Follow the markers in the image: the green box marks the object to grasp, the semi-transparent copy inside the blue box shows the object at its destination. Show the scene after the object has been moved to the marked location. Pick up the bottle. Place it in the box."
/data/datasets/DROID/train_v8/final/22550_exterior_image_1_left_pair0.png,/data/datasets/DROID/train_v12/kontext/22550_exterior_image_1_left_pair0.png,"Follow the markers in the image: the green box marks the object to grasp, the semi-transparent copy inside the blue box shows the object at its destination. Show the scene after the object has been moved to the marked location. Pick up the marker. Place it in the cup."
/data/datasets/DROID/train_v8/final/37039_exterior_image_1_left_pair0.png,/data/datasets/DROID/train_v12/kontext/37039_exterior_image_1_left_pair0.png,"Follow the markers in the image: the green box marks the object to grasp, the semi-transparent copy inside the blue box shows the object at its destination. Show the scene after the object has been moved to the marked location. Pick up the cup. Place it on the stacked cup."
/data/datasets/DROID/train_v8/final/12711_exterior_image_2_left_pair0.png,/data/datasets/DROID/train_v12/kontext/12711_exterior_image_2_left_pair0.png,"Follow the markers in the image: the green box marks the object to grasp, the semi-transparent copy inside the blue box shows the object at its destination. Show the scene after the object has been moved to the marked location. Pick up the pineapple toy. Place it in the basket."
/data/datasets/DROID/train_v8/final/17674_exterior_image_2_left_pair0.png,/data/datasets/DROID/train_v12/kontext/17674_exterior_image_2_left_pair0.png,"Follow the markers in the image: the green box marks the object to grasp, the semi-transparent copy inside the blue box shows the object at its destination. Show the scene after the object has been moved to the marked location. Pick up the marker. Place it on the table."
/data/datasets/DROID/train_v8/final/15636_exterior_image_2_left_pair0.png,/data/datasets/DROID/train_v12/kontext/15636_exterior_image_2_left_pair0.png,"Follow the markers in the image: the green box marks the object to grasp, the semi-transparent copy inside the blue box shows the object at its destination. Show the scene after the object has been moved to the marked location. Pick up the masking tape. Place it in the bowl."
/data/datasets/DROID/train_v8/final/11390_exterior_image_1_left_pair0.png,/data/datasets/DROID/train_v12/kontext/11390_exterior_image_1_left_pair0.png,"Follow the markers in the image: the green box marks the object to grasp, the semi-transparent copy inside the blue box shows the object at its destination. Show the scene after the object has been moved to the marked location. Pick up the pot. Place it on the table."
/data/datasets/DROID/train_v8/final/16977_exterior_image_1_left_pair0.png,/data/datasets/DROID/train_v12/kontext/16977_exterior_image_1_left_pair0.png,"Follow the markers in the image: the green box marks the object to grasp, the semi-transparent copy inside the blue box shows the object at its destination. Show the scene after the object has been moved to the marked location. Pick up the toy. Place it in the bowl."
/data/datasets/DROID/train_v8/final/17514_exterior_image_2_left_pair0.png,/data/datasets/DROID/train_v12/kontext/17514_exterior_image_2_left_pair0.png,"Follow the markers in the image: the green box marks the object to grasp, the semi-transparent copy inside the blue box shows the object at its destination. Show the scene after the object has been moved to the marked location. Pick up the plushy. Place it on the plate."
/data/datasets/DROID/train_v8/final/48583_exterior_image_2_left_pair0.png,/data/datasets/DROID/train_v12/kontext/48583_exterior_image_2_left_pair0.png,"Follow the markers in the image: the green box marks the object to grasp, the semi-transparent copy inside the blue box shows the object at its destination. Show the scene after the object has been moved to the marked location. Pick up the fork. Place it on the plate."
/data/datasets/DROID/train_v8/final/10739_exterior_image_1_left_pair0.png,/data/datasets/DROID/train_v12/kontext/10739_exterior_image_1_left_pair0.png,"Follow the markers in the image: the green box marks the object to grasp, the semi-transparent copy inside the blue box shows the object at its destination. Show the scene after the object has been moved to the marked location. Pick up the cable. Place it in the tray behind shelf."
/data/datasets/DROID/train_v8/final/15858_exterior_image_2_left_pair0.png,/data/datasets/DROID/train_v12/kontext/15858_exterior_image_2_left_pair0.png,"Follow the markers in the image: the green box marks the object to grasp, the semi-transparent copy inside the blue box shows the object at its destination. Show the scene after the object has been moved to the marked location. Pick up the marker. Place it on the table."
/data/datasets/DROID/train_v8/final/35777_exterior_image_1_left_pair0.png,/data/datasets/DROID/train_v12/kontext/35777_exterior_image_1_left_pair0.png,"Follow the markers in the image: the green box marks the object to grasp, the semi-transparent copy inside the blue box shows the object at its destination. Show the scene after the object has been moved to the marked location. Pick up the plush toy. Place it on the shelf fridge."
/data/datasets/DROID/train_v8/final/12833_exterior_image_1_left_pair0.png,/data/datasets/DROID/train_v12/kontext/12833_exterior_image_1_left_pair0.png,"Follow the markers in the image: the green box marks the object to grasp, the semi-transparent copy inside the blue box shows the object at its destination. Show the scene after the object has been moved to the marked location. Pick up the rectangular block. Place it on the table."
/data/datasets/DROID/train_v8/final/13638_exterior_image_1_left_pair0.png,/data/datasets/DROID/train_v12/kontext/13638_exterior_image_1_left_pair0.png,"Follow the markers in the image: the green box marks the object to grasp, the semi-transparent copy inside the blue box shows the object at its destination. Show the scene after the object has been moved to the marked location. Pick up the object. Place it in the bowl."
/data/datasets/DROID/train_v8/final/22068_exterior_image_1_left_pair0.png,/data/datasets/DROID/train_v12/kontext/22068_exterior_image_1_left_pair0.png,"Follow the markers in the image: the green box marks the object to grasp, the semi-transparent copy inside the blue box shows the object at its destination. Show the scene after the object has been moved to the marked location. Pick up the marker. Place it on the box on table."
/data/datasets/DROID/train_v8/final/45762_exterior_image_2_left_pair0.png,/data/datasets/DROID/train_v12/kontext/45762_exterior_image_2_left_pair0.png,"Follow the markers in the image: the green box marks the object to grasp, the semi-transparent copy inside the blue box shows the object at its destination. Show the scene after the object has been moved to the marked location. Pick up the tube. Place it on the countertop."
/data/datasets/DROID/train_v8/final/20636_exterior_image_1_left_pair0.png,/data/datasets/DROID/train_v12/kontext/20636_exterior_image_1_left_pair0.png,"Follow the markers in the image: the green box marks the object to grasp, the semi-transparent copy inside the blue box shows the object at its destination. Show the scene after the object has been moved to the marked location. Pick up the bag. Place it on the couch."
/data/datasets/DROID/train_v8/final/19237_exterior_image_2_left_pair0.png,/data/datasets/DROID/train_v12/kontext/19237_exterior_image_2_left_pair0.png,"Follow the markers in the image: the green box marks the object to grasp, the semi-transparent copy inside the blue box shows the object at its destination. Show the scene after the object has been moved to the marked location. Pick up the wrapped cloth. Place it in the box."
/data/datasets/DROID/train_v8/final/61324_exterior_image_2_left_pair0.png,/data/datasets/DROID/train_v12/kontext/61324_exterior_image_2_left_pair0.png,"Follow the markers in the image: the green box marks the object to grasp, the semi-transparent copy inside the blue box shows the object at its destination. Show the scene after the object has been moved to the marked location. Pick up the bottle. Place it in the compartment box."
/data/datasets/DROID/train_v8/final/61393_exterior_image_2_left_pair0.png,/data/datasets/DROID/train_v12/kontext/61393_exterior_image_2_left_pair0.png,"Follow the markers in the image: the green box marks the object to grasp, the semi-transparent copy inside the blue box shows the object at its destination. Show the scene after the object has been moved to the marked location. Pick up the spatula. Place it in the pot."
/data/datasets/DROID/train_v8/final/2788_exterior_image_1_left_pair0.png,/data/datasets/DROID/train_v12/kontext/2788_exterior_image_1_left_pair0.png,"Follow the markers in the image: the green box marks the object to grasp, the semi-transparent copy inside the blue box shows the object at its destination. Show the scene after the object has been moved to the marked location. Pick up the shirt. Place it on the chair."
/data/datasets/DROID/train_v8/final/15520_exterior_image_2_left_pair0.png,/data/datasets/DROID/train_v12/kontext/15520_exterior_image_2_left_pair0.png,"Follow the markers in the image: the green box marks the object to grasp, the semi-transparent copy inside the blue box shows the object at its destination. Show the scene after the object has been moved to the marked location. Pick up the tissue. Place it on the table."
/data/datasets/DROID/train_v8/final/23178_exterior_image_1_left_pair0.png,/data/datasets/DROID/train_v12/kontext/23178_exterior_image_1_left_pair0.png,"Follow the markers in the image: the green box marks the object to grasp, the semi-transparent copy inside the blue box shows the object at its destination. Show the scene after the object has been moved to the marked location. Pick up the marker. Place it on the table."
/data/datasets/DROID/train_v8/final/1751_exterior_image_2_left_pair0.png,/data/datasets/DROID/train_v12/kontext/1751_exterior_image_2_left_pair0.png,"Follow the markers in the image: the green box marks the object to grasp, the semi-transparent copy inside the blue box shows the object at its destination. Show the scene after the object has been moved to the marked location. Pick up the glue. Place it in the cup."
/data/datasets/DROID/train_v8/final/11053_exterior_image_1_left_pair0.png,/data/datasets/DROID/train_v12/kontext/11053_exterior_image_1_left_pair0.png,"Follow the markers in the image: the green box marks the object to grasp, the semi-transparent copy inside the blue box shows the object at its destination. Show the scene after the object has been moved to the marked location. Pick up the water bottle cap. Place it on the bottle."
/data/datasets/DROID/train_v8/final/22165_exterior_image_2_left_pair0.png,/data/datasets/DROID/train_v12/kontext/22165_exterior_image_2_left_pair0.png,"Follow the markers in the image: the green box marks the object to grasp, the semi-transparent copy inside the blue box shows the object at its destination. Show the scene after the object has been moved to the marked location. Pick up the checkered shirt. Place it on the box."
/data/datasets/DROID/train_v8/final/12328_exterior_image_2_left_pair0.png,/data/datasets/DROID/train_v12/kontext/12328_exterior_image_2_left_pair0.png,"Follow the markers in the image: the green box marks the object to grasp, the semi-transparent copy inside the blue box shows the object at its destination. Show the scene after the object has been moved to the marked location. Pick up the block. Place it on the block."
/data/datasets/DROID/train_v8/final/17073_exterior_image_1_left_pair0.png,/data/datasets/DROID/train_v12/kontext/17073_exterior_image_1_left_pair0.png,"Follow the markers in the image: the green box marks the object to grasp, the semi-transparent copy inside the blue box shows the object at its destination. Show the scene after the object has been moved to the marked location. Pick up the serviette. Place it on the table."
/data/datasets/DROID/train_v8/final/17288_exterior_image_2_left_pair0.png,/data/datasets/DROID/train_v12/kontext/17288_exterior_image_2_left_pair0.png,"Follow the markers in the image: the green box marks the object to grasp, the semi-transparent copy inside the blue box shows the object at its destination. Show the scene after the object has been moved to the marked location. Pick up the spoon. Place it in the container."
/data/datasets/DROID/train_v8/final/19650_exterior_image_1_left_pair0.png,/data/datasets/DROID/train_v12/kontext/19650_exterior_image_1_left_pair0.png,"Follow the markers in the image: the green box marks the object to grasp, the semi-transparent copy inside the blue box shows the object at its destination. Show the scene after the object has been moved to the marked location. Pick up the tiger plush toy. Place it in the bowl."
/data/datasets/DROID/train_v8/final/12650_exterior_image_2_left_pair0.png,/data/datasets/DROID/train_v12/kontext/12650_exterior_image_2_left_pair0.png,"Follow the markers in the image: the green box marks the object to grasp, the semi-transparent copy inside the blue box shows the object at its destination. Show the scene after the object has been moved to the marked location. Pick up the mug. Place it on the table."
/data/datasets/DROID/train_v8/final/12479_exterior_image_1_left_pair0.png,/data/datasets/DROID/train_v12/kontext/12479_exterior_image_1_left_pair0.png,"Follow the markers in the image: the green box marks the object to grasp, the semi-transparent copy inside the blue box shows the object at its destination. Show the scene after the object has been moved to the marked location. Pick up the watermelon plushie. Place it in the bowl."
/data/datasets/DROID/train_v8/final/11244_exterior_image_1_left_pair0.png,/data/datasets/DROID/train_v12/kontext/11244_exterior_image_1_left_pair0.png,"Follow the markers in the image: the green box marks the object to grasp, the semi-transparent copy inside the blue box shows the object at its destination. Show the scene after the object has been moved to the marked location. Pick up the block. Place it on the table."
/data/datasets/DROID/train_v8/final/12629_exterior_image_1_left_pair0.png,/data/datasets/DROID/train_v12/kontext/12629_exterior_image_1_left_pair0.png,"Follow the markers in the image: the green box marks the object to grasp, the semi-transparent copy inside the blue box shows the object at its destination. Show the scene after the object has been moved to the marked location. Pick up the item. Place it in the cup."
/data/datasets/DROID/train_v8/final/17176_exterior_image_2_left_pair0.png,/data/datasets/DROID/train_v12/kontext/17176_exterior_image_2_left_pair0.png,"Follow the markers in the image: the green box marks the object to grasp, the semi-transparent copy inside the blue box shows the object at its destination. Show the scene after the object has been moved to the marked location. Pick up the blackboard eraser. Place it on the table."
/data/datasets/DROID/train_v8/final/17860_exterior_image_1_left_pair0.png,/data/datasets/DROID/train_v12/kontext/17860_exterior_image_1_left_pair0.png,"Follow the markers in the image: the green box marks the object to grasp, the semi-transparent copy inside the blue box shows the object at its destination. Show the scene after the object has been moved to the marked location. Pick up the cup. Place it on the table."
/data/datasets/DROID/train_v8/final/14852_exterior_image_2_left_pair0.png,/data/datasets/DROID/train_v12/kontext/14852_exterior_image_2_left_pair0.png,"Follow the markers in the image: the green box marks the object to grasp, the semi-transparent copy inside the blue box shows the object at its destination. Show the scene after the object has been moved to the marked location. Pick up the cup. Place it in the sink."
/data/datasets/DROID/train_v8/final/87699_exterior_image_1_left_pair0.png,/data/datasets/DROID/train_v12/kontext/87699_exterior_image_1_left_pair0.png,"Follow the markers in the image: the green box marks the object to grasp, the semi-transparent copy inside the blue box shows the object at its destination. Show the scene after the object has been moved to the marked location. Pick up the books. Place it in the black fabric."
/data/datasets/DROID/train_v8/final/1087_exterior_image_1_left_pair0.png,/data/datasets/DROID/train_v12/kontext/1087_exterior_image_1_left_pair0.png,"Follow the markers in the image: the green box marks the object to grasp, the semi-transparent copy inside the blue box shows the object at its destination. Show the scene after the object has been moved to the marked location. Pick up the plush toy. Place it on the plate."
/data/datasets/DROID/train_v8/final/11611_exterior_image_1_left_pair0.png,/data/datasets/DROID/train_v12/kontext/11611_exterior_image_1_left_pair0.png,"Follow the markers in the image: the green box marks the object to grasp, the semi-transparent copy inside the blue box shows the object at its destination. Show the scene after the object has been moved to the marked location. Pick up the box. Place it on the table."
/data/datasets/DROID/train_v8/final/22937_exterior_image_1_left_pair0.png,/data/datasets/DROID/train_v12/kontext/22937_exterior_image_1_left_pair0.png,"Follow the markers in the image: the green box marks the object to grasp, the semi-transparent copy inside the blue box shows the object at its destination. Show the scene after the object has been moved to the marked location. Pick up the pineapple plushie. Place it on the table."
/data/datasets/DROID/train_v8/final/27639_exterior_image_1_left_pair0.png,/data/datasets/DROID/train_v12/kontext/27639_exterior_image_1_left_pair0.png,"Follow the markers in the image: the green box marks the object to grasp, the semi-transparent copy inside the blue box shows the object at its destination. Show the scene after the object has been moved to the marked location. Pick up the block. Place it on the table."
/data/datasets/DROID/train_v8/final/11020_exterior_image_1_left_pair0.png,/data/datasets/DROID/train_v12/kontext/11020_exterior_image_1_left_pair0.png,"Follow the markers in the image: the green box marks the object to grasp, the semi-transparent copy inside the blue box shows the object at its destination. Show the scene after the object has been moved to the marked location. Pick up the pineapple. Place it on the tray."
/data/datasets/DROID/train_v8/final/13508_exterior_image_1_left_pair0.png,/data/datasets/DROID/train_v12/kontext/13508_exterior_image_1_left_pair0.png,"Follow the markers in the image: the green box marks the object to grasp, the semi-transparent copy inside the blue box shows the object at its destination. Show the scene after the object has been moved to the marked location. Pick up the seal tape. Place it on the table."
/data/datasets/DROID/train_v8/final/33196_exterior_image_1_left_pair0.png,/data/datasets/DROID/train_v12/kontext/33196_exterior_image_1_left_pair0.png,"Follow the markers in the image: the green box marks the object to grasp, the semi-transparent copy inside the blue box shows the object at its destination. Show the scene after the object has been moved to the marked location. Pick up the book. Place it on the table."
/data/datasets/DROID/train_v8/final/10958_exterior_image_1_left_pair0.png,/data/datasets/DROID/train_v12/kontext/10958_exterior_image_1_left_pair0.png,"Follow the markers in the image: the green box marks the object to grasp, the semi-transparent copy inside the blue box shows the object at its destination. Show the scene after the object has been moved to the marked location. Pick up the doll. Place it in the pot."
/data/datasets/DROID/train_v8/final/13089_exterior_image_2_left_pair0.png,/data/datasets/DROID/train_v12/kontext/13089_exterior_image_2_left_pair0.png,"Follow the markers in the image: the green box marks the object to grasp, the semi-transparent copy inside the blue box shows the object at its destination. Show the scene after the object has been moved to the marked location. Pick up the mug. Place it on the table."
/data/datasets/DROID/train_v8/final/12033_exterior_image_2_left_pair0.png,/data/datasets/DROID/train_v12/kontext/12033_exterior_image_2_left_pair0.png,"Follow the markers in the image: the green box marks the object to grasp, the semi-transparent copy inside the blue box shows the object at its destination. Show the scene after the object has been moved to the marked location. Pick up the bottle. Place it in the container."
/data/datasets/DROID/train_v8/final/11794_exterior_image_1_left_pair0.png,/data/datasets/DROID/train_v12/kontext/11794_exterior_image_1_left_pair0.png,"Follow the markers in the image: the green box marks the object to grasp, the semi-transparent copy inside the blue box shows the object at its destination. Show the scene after the object has been moved to the marked location. Pick up the object. Place it on the table."
/data/datasets/DROID/train_v8/final/12075_exterior_image_1_left_pair0.png,/data/datasets/DROID/train_v12/kontext/12075_exterior_image_1_left_pair0.png,"Follow the markers in the image: the green box marks the object to grasp, the semi-transparent copy inside the blue box shows the object at its destination. Show the scene after the object has been moved to the marked location. Pick up the marker. Place it in the cup."
/data/datasets/DROID/train_v8/final/63141_exterior_image_1_left_pair0.png,/data/datasets/DROID/train_v12/kontext/63141_exterior_image_1_left_pair0.png,"Follow the markers in the image: the green box marks the object to grasp, the semi-transparent copy inside the blue box shows the object at its destination. Show the scene after the object has been moved to the marked location. Pick up the plush toy. Place it on the table."
/data/datasets/DROID/train_v8/final/12983_exterior_image_2_left_pair0.png,/data/datasets/DROID/train_v12/kontext/12983_exterior_image_2_left_pair0.png,"Follow the markers in the image: the green box marks the object to grasp, the semi-transparent copy inside the blue box shows the object at its destination. Show the scene after the object has been moved to the marked location. Pick up the bag. Place it on the table."
/data/datasets/DROID/train_v8/final/16361_exterior_image_1_left_pair0.png,/data/datasets/DROID/train_v12/kontext/16361_exterior_image_1_left_pair0.png,"Follow the markers in the image: the green box marks the object to grasp, the semi-transparent copy inside the blue box shows the object at its destination. Show the scene after the object has been moved to the marked location. Pick up the banana. Place it on the table."
/data/datasets/DROID/train_v8/final/17938_exterior_image_2_left_pair0.png,/data/datasets/DROID/train_v12/kontext/17938_exterior_image_2_left_pair0.png,"Follow the markers in the image: the green box marks the object to grasp, the semi-transparent copy inside the blue box shows the object at its destination. Show the scene after the object has been moved to the marked location. Pick up the marker. Place it in the cup."
/data/datasets/DROID/train_v8/final/14336_exterior_image_2_left_pair0.png,/data/datasets/DROID/train_v12/kontext/14336_exterior_image_2_left_pair0.png,"Follow the markers in the image: the green box marks the object to grasp, the semi-transparent copy inside the blue box shows the object at its destination. Show the scene after the object has been moved to the marked location. Pick up the lid. Place it in the sink."
/data/datasets/DROID/train_v8/final/20018_exterior_image_2_left_pair0.png,/data/datasets/DROID/train_v12/kontext/20018_exterior_image_2_left_pair0.png,"Follow the markers in the image: the green box marks the object to grasp, the semi-transparent copy inside the blue box shows the object at its destination. Show the scene after the object has been moved to the marked location. Pick up the hanger. Place it on the table."
/data/datasets/DROID/train_v8/final/10806_exterior_image_1_left_pair0.png,/data/datasets/DROID/train_v12/kontext/10806_exterior_image_1_left_pair0.png,"Follow the markers in the image: the green box marks the object to grasp, the semi-transparent copy inside the blue box shows the object at its destination. Show the scene after the object has been moved to the marked location. Pick up the ball. Place it in the bowl."
/data/datasets/DROID/train_v8/final/29195_exterior_image_1_left_pair0.png,/data/datasets/DROID/train_v12/kontext/29195_exterior_image_1_left_pair0.png,"Follow the markers in the image: the green box marks the object to grasp, the semi-transparent copy inside the blue box shows the object at its destination. Show the scene after the object has been moved to the marked location. Pick up the towel. Place it on the table."
/data/datasets/DROID/train_v8/final/16762_exterior_image_1_left_pair0.png,/data/datasets/DROID/train_v12/kontext/16762_exterior_image_1_left_pair0.png,"Follow the markers in the image: the green box marks the object to grasp, the semi-transparent copy inside the blue box shows the object at its destination. Show the scene after the object has been moved to the marked location. Pick up the cable. Place it on the table."
/data/datasets/DROID/train_v8/final/15377_exterior_image_2_left_pair0.png,/data/datasets/DROID/train_v12/kontext/15377_exterior_image_2_left_pair0.png,"Follow the markers in the image: the green box marks the object to grasp, the semi-transparent copy inside the blue box shows the object at its destination. Show the scene after the object has been moved to the marked location. Pick up the jersey. Place it on the chair."
/data/datasets/DROID/train_v8/final/12650_exterior_image_1_left_pair0.png,/data/datasets/DROID/train_v12/kontext/12650_exterior_image_1_left_pair0.png,"Follow the markers in the image: the green box marks the object to grasp, the semi-transparent copy inside the blue box shows the object at its destination. Show the scene after the object has been moved to the marked location. Pick up the mug. Place it on the table."
/data/datasets/DROID/train_v8/final/15075_exterior_image_2_left_pair0.png,/data/datasets/DROID/train_v12/kontext/15075_exterior_image_2_left_pair0.png,"Follow the markers in the image: the green box marks the object to grasp, the semi-transparent copy inside the blue box shows the object at its destination. Show the scene after the object has been moved to the marked location. Pick up the object. Place it in the drawer."
/data/datasets/DROID/train_v8/final/12198_exterior_image_1_left_pair0.png,/data/datasets/DROID/train_v12/kontext/12198_exterior_image_1_left_pair0.png,"Follow the markers in the image: the green box marks the object to grasp, the semi-transparent copy inside the blue box shows the object at its destination. Show the scene after the object has been moved to the marked location. Pick up the basin. Place it on the table."
/data/datasets/DROID/train_v8/final/10709_exterior_image_1_left_pair0.png,/data/datasets/DROID/train_v12/kontext/10709_exterior_image_1_left_pair0.png,"Follow the markers in the image: the green box marks the object to grasp, the semi-transparent copy inside the blue box shows the object at its destination. Show the scene after the object has been moved to the marked location. Pick up the bottle. Place it on the countertop."
/data/datasets/DROID/train_v8/final/2206_exterior_image_2_left_pair0.png,/data/datasets/DROID/train_v12/kontext/2206_exterior_image_2_left_pair0.png,"Follow the markers in the image: the green box marks the object to grasp, the semi-transparent copy inside the blue box shows the object at its destination. Show the scene after the object has been moved to the marked location. Pick up the bottle. Place it on the tray."
/data/datasets/DROID/train_v8/final/15669_exterior_image_1_left_pair0.png,/data/datasets/DROID/train_v12/kontext/15669_exterior_image_1_left_pair0.png,"Follow the markers in the image: the green box marks the object to grasp, the semi-transparent copy inside the blue box shows the object at its destination. Show the scene after the object has been moved to the marked location. Pick up the tape. Place it on the table."
/data/datasets/DROID/train_v8/final/16737_exterior_image_2_left_pair0.png,/data/datasets/DROID/train_v12/kontext/16737_exterior_image_2_left_pair0.png,"Follow the markers in the image: the green box marks the object to grasp, the semi-transparent copy inside the blue box shows the object at its destination. Show the scene after the object has been moved to the marked location. Pick up the toy. Place it on the plate."
/data/datasets/DROID/train_v8/final/1184_exterior_image_2_left_pair0.png,/data/datasets/DROID/train_v12/kontext/1184_exterior_image_2_left_pair0.png,"Follow the markers in the image: the green box marks the object to grasp, the semi-transparent copy inside the blue box shows the object at its destination. Show the scene after the object has been moved to the marked location. Pick up the rope. Place it on the clothes."
/data/datasets/DROID/train_v8/final/10937_exterior_image_2_left_pair0.png,/data/datasets/DROID/train_v12/kontext/10937_exterior_image_2_left_pair0.png,"Follow the markers in the image: the green box marks the object to grasp, the semi-transparent copy inside the blue box shows the object at its destination. Show the scene after the object has been moved to the marked location. Pick up the cup. Place it on the plate."
/data/datasets/DROID/train_v8/final/18969_exterior_image_2_left_pair0.png,/data/datasets/DROID/train_v12/kontext/18969_exterior_image_2_left_pair0.png,"Follow the markers in the image: the green box marks the object to grasp, the semi-transparent copy inside the blue box shows the object at its destination. Show the scene after the object has been moved to the marked location. Pick up the plush toy. Place it on the countertop."
/data/datasets/DROID/train_v8/final/24826_exterior_image_2_left_pair0.png,/data/datasets/DROID/train_v12/kontext/24826_exterior_image_2_left_pair0.png,"Follow the markers in the image: the green box marks the object to grasp, the semi-transparent copy inside the blue box shows the object at its destination. Show the scene after the object has been moved to the marked location. Pick up the bottle. Place it in the container."
/data/datasets/DROID/train_v8/final/13815_exterior_image_1_left_pair0.png,/data/datasets/DROID/train_v12/kontext/13815_exterior_image_1_left_pair0.png,"Follow the markers in the image: the green box marks the object to grasp, the semi-transparent copy inside the blue box shows the object at its destination. Show the scene after the object has been moved to the marked location. Pick up the doll. Place it in the pot."
/data/datasets/DROID/train_v8/final/16605_exterior_image_1_left_pair0.png,/data/datasets/DROID/train_v12/kontext/16605_exterior_image_1_left_pair0.png,"Follow the markers in the image: the green box marks the object to grasp, the semi-transparent copy inside the blue box shows the object at its destination. Show the scene after the object has been moved to the marked location. Pick up the plush toy. Place it on the stove."
/data/datasets/DROID/train_v8/final/15775_exterior_image_1_left_pair0.png,/data/datasets/DROID/train_v12/kontext/15775_exterior_image_1_left_pair0.png,"Follow the markers in the image: the green box marks the object to grasp, the semi-transparent copy inside the blue box shows the object at its destination. Show the scene after the object has been moved to the marked location. Pick up the tape. Place it on the table."
/data/datasets/DROID/train_v8/final/20787_exterior_image_1_left_pair0.png,/data/datasets/DROID/train_v12/kontext/20787_exterior_image_1_left_pair0.png,"Follow the markers in the image: the green box marks the object to grasp, the semi-transparent copy inside the blue box shows the object at its destination. Show the scene after the object has been moved to the marked location. Pick up the towel. Place it on the chair."
/data/datasets/DROID/train_v8/final/16142_exterior_image_2_left_pair0.png,/data/datasets/DROID/train_v12/kontext/16142_exterior_image_2_left_pair0.png,"Follow the markers in the image: the green box marks the object to grasp, the semi-transparent copy inside the blue box shows the object at its destination. Show the scene after the object has been moved to the marked location. Pick up the rope. Place it on the tabletop."
/data/datasets/DROID/train_v8/final/12401_exterior_image_2_left_pair0.png,/data/datasets/DROID/train_v12/kontext/12401_exterior_image_2_left_pair0.png,"Follow the markers in the image: the green box marks the object to grasp, the semi-transparent copy inside the blue box shows the object at its destination. Show the scene after the object has been moved to the marked location. Pick up the pineapple plush toy. Place it on the tray."
/data/datasets/DROID/train_v8/final/19405_exterior_image_1_left_pair1.png,/data/datasets/DROID/train_v12/kontext/19405_exterior_image_1_left_pair1.png,"Follow the markers in the image: the green box marks the object to grasp, the semi-transparent copy inside the blue box shows the object at its destination. Show the scene after the object has been moved to the marked location. Pick up the object. Place it on the tabletop."
/data/datasets/DROID/train_v8/final/13375_exterior_image_1_left_pair0.png,/data/datasets/DROID/train_v12/kontext/13375_exterior_image_1_left_pair0.png,"Follow the markers in the image: the green box marks the object to grasp, the semi-transparent copy inside the blue box shows the object at its destination. Show the scene after the object has been moved to the marked location. Pick up the lid. Place it on the shelf."
/data/datasets/DROID/train_v8/final/53353_exterior_image_1_left_pair0.png,/data/datasets/DROID/train_v12/kontext/53353_exterior_image_1_left_pair0.png,"Follow the markers in the image: the green box marks the object to grasp, the semi-transparent copy inside the blue box shows the object at its destination. Show the scene after the object has been moved to the marked location. Pick up the screwdriver. Place it on the table."
/data/datasets/DROID/train_v8/final/10935_exterior_image_2_left_pair0.png,/data/datasets/DROID/train_v12/kontext/10935_exterior_image_2_left_pair0.png,"Follow the markers in the image: the green box marks the object to grasp, the semi-transparent copy inside the blue box shows the object at its destination. Show the scene after the object has been moved to the marked location. Pick up the marker. Place it in the pot."
/data/datasets/DROID/train_v8/final/48757_exterior_image_1_left_pair0.png,/data/datasets/DROID/train_v12/kontext/48757_exterior_image_1_left_pair0.png,"Follow the markers in the image: the green box marks the object to grasp, the semi-transparent copy inside the blue box shows the object at its destination. Show the scene after the object has been moved to the marked location. Pick up the marker. Place it on the tabletop."
/data/datasets/DROID/train_v8/final/13797_exterior_image_1_left_pair0.png,/data/datasets/DROID/train_v12/kontext/13797_exterior_image_1_left_pair0.png,"Follow the markers in the image: the green box marks the object to grasp, the semi-transparent copy inside the blue box shows the object at its destination. Show the scene after the object has been moved to the marked location. Pick up the object. Place it on the table."
/data/datasets/DROID/train_v8/final/73787_exterior_image_1_left_pair0.png,/data/datasets/DROID/train_v12/kontext/73787_exterior_image_1_left_pair0.png,"Follow the markers in the image: the green box marks the object to grasp, the semi-transparent copy inside the blue box shows the object at its destination. Show the scene after the object has been moved to the marked location. Pick up the block. Place it on the block."
/data/datasets/DROID/train_v8/final/14561_exterior_image_2_left_pair0.png,/data/datasets/DROID/train_v12/kontext/14561_exterior_image_2_left_pair0.png,"Follow the markers in the image: the green box marks the object to grasp, the semi-transparent copy inside the blue box shows the object at its destination. Show the scene after the object has been moved to the marked location. Pick up the object. Place it in the sink."
/data/datasets/DROID/train_v8/final/32287_exterior_image_1_left_pair0.png,/data/datasets/DROID/train_v12/kontext/32287_exterior_image_1_left_pair0.png,"Follow the markers in the image: the green box marks the object to grasp, the semi-transparent copy inside the blue box shows the object at its destination. Show the scene after the object has been moved to the marked location. Pick up the packaging bag. Place it in the bowl."
/data/datasets/DROID/train_v8/final/10931_exterior_image_1_left_pair0.png,/data/datasets/DROID/train_v12/kontext/10931_exterior_image_1_left_pair0.png,"Follow the markers in the image: the green box marks the object to grasp, the semi-transparent copy inside the blue box shows the object at its destination. Show the scene after the object has been moved to the marked location. Pick up the block. Place it on the block."
/data/datasets/DROID/train_v8/final/18340_exterior_image_1_left_pair0.png,/data/datasets/DROID/train_v12/kontext/18340_exterior_image_1_left_pair0.png,"Follow the markers in the image: the green box marks the object to grasp, the semi-transparent copy inside the blue box shows the object at its destination. Show the scene after the object has been moved to the marked location. Pick up the plush toy. Place it in the pot."
/data/datasets/DROID/train_v8/final/1083_exterior_image_2_left_pair0.png,/data/datasets/DROID/train_v12/kontext/1083_exterior_image_2_left_pair0.png,"Follow the markers in the image: the green box marks the object to grasp, the semi-transparent copy inside the blue box shows the object at its destination. Show the scene after the object has been moved to the marked location. Pick up the carrot plushie. Place it on the pan."
/data/datasets/DROID/train_v8/final/14466_exterior_image_2_left_pair0.png,/data/datasets/DROID/train_v12/kontext/14466_exterior_image_2_left_pair0.png,"Follow the markers in the image: the green box marks the object to grasp, the semi-transparent copy inside the blue box shows the object at its destination. Show the scene after the object has been moved to the marked location. Pick up the hanger that is hanging. Place it on the table."
/data/datasets/DROID/train_v8/final/11298_exterior_image_1_left_pair0.png,/data/datasets/DROID/train_v12/kontext/11298_exterior_image_1_left_pair0.png,"Follow the markers in the image: the green box marks the object to grasp, the semi-transparent copy inside the blue box shows the object at its destination. Show the scene after the object has been moved to the marked location. Pick up the peach. Place it on the bookshelf."
/data/datasets/DROID/train_v8/final/12891_exterior_image_1_left_pair0.png,/data/datasets/DROID/train_v12/kontext/12891_exterior_image_1_left_pair0.png,"Follow the markers in the image: the green box marks the object to grasp, the semi-transparent copy inside the blue box shows the object at its destination. Show the scene after the object has been moved to the marked location. Pick up the tissue. Place it on the tabletop."
/data/datasets/DROID/train_v8/final/19681_exterior_image_1_left_pair0.png,/data/datasets/DROID/train_v12/kontext/19681_exterior_image_1_left_pair0.png,"Follow the markers in the image: the green box marks the object to grasp, the semi-transparent copy inside the blue box shows the object at its destination. Show the scene after the object has been moved to the marked location. Pick up the toy. Place it in the plate."
/data/datasets/DROID/train_v8/final/17495_exterior_image_1_left_pair0.png,/data/datasets/DROID/train_v12/kontext/17495_exterior_image_1_left_pair0.png,"Follow the markers in the image: the green box marks the object to grasp, the semi-transparent copy inside the blue box shows the object at its destination. Show the scene after the object has been moved to the marked location. Pick up the plastic. Place it on the part table."
/data/datasets/DROID/train_v8/final/14211_exterior_image_2_left_pair0.png,/data/datasets/DROID/train_v12/kontext/14211_exterior_image_2_left_pair0.png,"Follow the markers in the image: the green box marks the object to grasp, the semi-transparent copy inside the blue box shows the object at its destination. Show the scene after the object has been moved to the marked location. Pick up the screwdriver. Place it in the drawer."
/data/datasets/DROID/train_v8/final/18691_exterior_image_1_left_pair0.png,/data/datasets/DROID/train_v12/kontext/18691_exterior_image_1_left_pair0.png,"Follow the markers in the image: the green box marks the object to grasp, the semi-transparent copy inside the blue box shows the object at its destination. Show the scene after the object has been moved to the marked location. Pick up the marker. Place it in the cup."
/data/datasets/DROID/train_v8/final/50183_exterior_image_2_left_pair0.png,/data/datasets/DROID/train_v12/kontext/50183_exterior_image_2_left_pair0.png,"Follow the markers in the image: the green box marks the object to grasp, the semi-transparent copy inside the blue box shows the object at its destination. Show the scene after the object has been moved to the marked location. Pick up the pencil. Place it in the cup."
/data/datasets/DROID/train_v8/final/40505_exterior_image_1_left_pair0.png,/data/datasets/DROID/train_v12/kontext/40505_exterior_image_1_left_pair0.png,"Follow the markers in the image: the green box marks the object to grasp, the semi-transparent copy inside the blue box shows the object at its destination. Show the scene after the object has been moved to the marked location. Pick up the paper. Place it on the panel."
/data/datasets/DROID/train_v8/final/11892_exterior_image_1_left_pair0.png,/data/datasets/DROID/train_v12/kontext/11892_exterior_image_1_left_pair0.png,"Follow the markers in the image: the green box marks the object to grasp, the semi-transparent copy inside the blue box shows the object at its destination. Show the scene after the object has been moved to the marked location. Pick up the tape. Place it on the container."
/data/datasets/DROID/train_v8/final/15164_exterior_image_1_left_pair0.png,/data/datasets/DROID/train_v12/kontext/15164_exterior_image_1_left_pair0.png,"Follow the markers in the image: the green box marks the object to grasp, the semi-transparent copy inside the blue box shows the object at its destination. Show the scene after the object has been moved to the marked location. Pick up the bottle by table. Place it on the table."
/data/datasets/DROID/train_v8/final/12284_exterior_image_2_left_pair0.png,/data/datasets/DROID/train_v12/kontext/12284_exterior_image_2_left_pair0.png,"Follow the markers in the image: the green box marks the object to grasp, the semi-transparent copy inside the blue box shows the object at its destination. Show the scene after the object has been moved to the marked location. Pick up the towel. Place it on the table."
/data/datasets/DROID/train_v8/final/19228_exterior_image_2_left_pair0.png,/data/datasets/DROID/train_v12/kontext/19228_exterior_image_2_left_pair0.png,"Follow the markers in the image: the green box marks the object to grasp, the semi-transparent copy inside the blue box shows the object at its destination. Show the scene after the object has been moved to the marked location. Pick up the object. Place it on the tray."
/data/datasets/DROID/train_v8/final/3808_exterior_image_1_left_pair0.png,/data/datasets/DROID/train_v12/kontext/3808_exterior_image_1_left_pair0.png,"Follow the markers in the image: the green box marks the object to grasp, the semi-transparent copy inside the blue box shows the object at its destination. Show the scene after the object has been moved to the marked location. Pick up the marker. Place it on the cloth."
/data/datasets/DROID/train_v8/final/122_exterior_image_1_left_pair0.png,/data/datasets/DROID/train_v12/kontext/122_exterior_image_1_left_pair0.png,"Follow the markers in the image: the green box marks the object to grasp, the semi-transparent copy inside the blue box shows the object at its destination. Show the scene after the object has been moved to the marked location. Pick up the object. Place it in the drawer."
/data/datasets/DROID/train_v8/final/70274_exterior_image_2_left_pair0.png,/data/datasets/DROID/train_v12/kontext/70274_exterior_image_2_left_pair0.png,"Follow the markers in the image: the green box marks the object to grasp, the semi-transparent copy inside the blue box shows the object at its destination. Show the scene after the object has been moved to the marked location. Pick up the marker. Place it in the bowl."
/data/datasets/DROID/train_v8/final/14719_exterior_image_1_left_pair0.png,/data/datasets/DROID/train_v12/kontext/14719_exterior_image_1_left_pair0.png,"Follow the markers in the image: the green box marks the object to grasp, the semi-transparent copy inside the blue box shows the object at its destination. Show the scene after the object has been moved to the marked location. Pick up the plush toy. Place it on the table."
/data/datasets/DROID/train_v8/final/22931_exterior_image_1_left_pair0.png,/data/datasets/DROID/train_v12/kontext/22931_exterior_image_1_left_pair0.png,"Follow the markers in the image: the green box marks the object to grasp, the semi-transparent copy inside the blue box shows the object at its destination. Show the scene after the object has been moved to the marked location. Pick up the watermelon plush toy. Place it on the tray."
/data/datasets/DROID/train_v8/final/59578_exterior_image_2_left_pair0.png,/data/datasets/DROID/train_v12/kontext/59578_exterior_image_2_left_pair0.png,"Follow the markers in the image: the green box marks the object to grasp, the semi-transparent copy inside the blue box shows the object at its destination. Show the scene after the object has been moved to the marked location. Pick up the pan. Place it on the plate on stove."
/data/datasets/DROID/train_v8/final/23834_exterior_image_1_left_pair0.png,/data/datasets/DROID/train_v12/kontext/23834_exterior_image_1_left_pair0.png,"Follow the markers in the image: the green box marks the object to grasp, the semi-transparent copy inside the blue box shows the object at its destination. Show the scene after the object has been moved to the marked location. Pick up the bread plush toy. Place it in the drawer."
/data/datasets/DROID/train_v8/final/16491_exterior_image_2_left_pair0.png,/data/datasets/DROID/train_v12/kontext/16491_exterior_image_2_left_pair0.png,"Follow the markers in the image: the green box marks the object to grasp, the semi-transparent copy inside the blue box shows the object at its destination. Show the scene after the object has been moved to the marked location. Pick up the piece clothing. Place it on the seat."
/data/datasets/DROID/train_v8/final/12738_exterior_image_1_left_pair0.png,/data/datasets/DROID/train_v12/kontext/12738_exterior_image_1_left_pair0.png,"Follow the markers in the image: the green box marks the object to grasp, the semi-transparent copy inside the blue box shows the object at its destination. Show the scene after the object has been moved to the marked location. Pick up the masking tape. Place it on the plate."
/data/datasets/DROID/train_v8/final/5738_exterior_image_1_left_pair0.png,/data/datasets/DROID/train_v12/kontext/5738_exterior_image_1_left_pair0.png,"Follow the markers in the image: the green box marks the object to grasp, the semi-transparent copy inside the blue box shows the object at its destination. Show the scene after the object has been moved to the marked location. Pick up the cloth. Place it on the table."
/data/datasets/DROID/train_v8/final/13747_exterior_image_2_left_pair0.png,/data/datasets/DROID/train_v12/kontext/13747_exterior_image_2_left_pair0.png,"Follow the markers in the image: the green box marks the object to grasp, the semi-transparent copy inside the blue box shows the object at its destination. Show the scene after the object has been moved to the marked location. Pick up the cube. Place it on the block."
/data/datasets/DROID/train_v8/final/12862_exterior_image_1_left_pair0.png,/data/datasets/DROID/train_v12/kontext/12862_exterior_image_1_left_pair0.png,"Follow the markers in the image: the green box marks the object to grasp, the semi-transparent copy inside the blue box shows the object at its destination. Show the scene after the object has been moved to the marked location. Pick up the bowl. Place it on the kitchen countertop."
/data/datasets/DROID/train_v8/final/2788_exterior_image_2_left_pair0.png,/data/datasets/DROID/train_v12/kontext/2788_exterior_image_2_left_pair0.png,"Follow the markers in the image: the green box marks the object to grasp, the semi-transparent copy inside the blue box shows the object at its destination. Show the scene after the object has been moved to the marked location. Pick up the shirt. Place it on the chair."
/data/datasets/DROID/train_v8/final/13087_exterior_image_2_left_pair0.png,/data/datasets/DROID/train_v12/kontext/13087_exterior_image_2_left_pair0.png,"Follow the markers in the image: the green box marks the object to grasp, the semi-transparent copy inside the blue box shows the object at its destination. Show the scene after the object has been moved to the marked location. Pick up the bottle. Place it on the table."
/data/datasets/DROID/train_v8/final/14299_exterior_image_1_left_pair0.png,/data/datasets/DROID/train_v12/kontext/14299_exterior_image_1_left_pair0.png,"Follow the markers in the image: the green box marks the object to grasp, the semi-transparent copy inside the blue box shows the object at its destination. Show the scene after the object has been moved to the marked location. Pick up the object. Place it on the table."
/data/datasets/DROID/train_v8/final/13701_exterior_image_1_left_pair0.png,/data/datasets/DROID/train_v12/kontext/13701_exterior_image_1_left_pair0.png,"Follow the markers in the image: the green box marks the object to grasp, the semi-transparent copy inside the blue box shows the object at its destination. Show the scene after the object has been moved to the marked location. Pick up the fabric. Place it on the backrest seat."
/data/datasets/DROID/train_v8/final/4475_exterior_image_1_left_pair0.png,/data/datasets/DROID/train_v12/kontext/4475_exterior_image_1_left_pair0.png,"Follow the markers in the image: the green box marks the object to grasp, the semi-transparent copy inside the blue box shows the object at its destination. Show the scene after the object has been moved to the marked location. Pick up the pen. Place it in the bowl."
/data/datasets/DROID/train_v8/final/1581_exterior_image_2_left_pair0.png,/data/datasets/DROID/train_v12/kontext/1581_exterior_image_2_left_pair0.png,"Follow the markers in the image: the green box marks the object to grasp, the semi-transparent copy inside the blue box shows the object at its destination. Show the scene after the object has been moved to the marked location. Pick up the cable. Place it on the table."
/data/datasets/DROID/train_v8/final/10957_exterior_image_1_left_pair0.png,/data/datasets/DROID/train_v12/kontext/10957_exterior_image_1_left_pair0.png,"Follow the markers in the image: the green box marks the object to grasp, the semi-transparent copy inside the blue box shows the object at its destination. Show the scene after the object has been moved to the marked location. Pick up the apple. Place it on the towel."
/data/datasets/DROID/train_v8/final/1524_exterior_image_1_left_pair0.png,/data/datasets/DROID/train_v12/kontext/1524_exterior_image_1_left_pair0.png,"Follow the markers in the image: the green box marks the object to grasp, the semi-transparent copy inside the blue box shows the object at its destination. Show the scene after the object has been moved to the marked location. Pick up the tool. Place it on the table."
/data/datasets/DROID/train_v8/final/12711_exterior_image_1_left_pair0.png,/data/datasets/DROID/train_v12/kontext/12711_exterior_image_1_left_pair0.png,"Follow the markers in the image: the green box marks the object to grasp, the semi-transparent copy inside the blue box shows the object at its destination. Show the scene after the object has been moved to the marked location. Pick up the pineapple toy. Place it in the basket."
/data/datasets/DROID/train_v8/final/10856_exterior_image_2_left_pair0.png,/data/datasets/DROID/train_v12/kontext/10856_exterior_image_2_left_pair0.png,"Follow the markers in the image: the green box marks the object to grasp, the semi-transparent copy inside the blue box shows the object at its destination. Show the scene after the object has been moved to the marked location. Pick up the Coca Cola bottle. Place it on the microwave."
/data/datasets/DROID/train_v8/final/51669_exterior_image_1_left_pair0.png,/data/datasets/DROID/train_v12/kontext/51669_exterior_image_1_left_pair0.png,"Follow the markers in the image: the green box marks the object to grasp, the semi-transparent copy inside the blue box shows the object at its destination. Show the scene after the object has been moved to the marked location. Pick up the plate. Place it on the table."
/data/datasets/DROID/train_v8/final/27187_exterior_image_2_left_pair0.png,/data/datasets/DROID/train_v12/kontext/27187_exterior_image_2_left_pair0.png,"Follow the markers in the image: the green box marks the object to grasp, the semi-transparent copy inside the blue box shows the object at its destination. Show the scene after the object has been moved to the marked location. Pick up the object. Place it on the table."
/data/datasets/DROID/train_v8/final/15875_exterior_image_1_left_pair0.png,/data/datasets/DROID/train_v12/kontext/15875_exterior_image_1_left_pair0.png,"Follow the markers in the image: the green box marks the object to grasp, the semi-transparent copy inside the blue box shows the object at its destination. Show the scene after the object has been moved to the marked location. Pick up the cloth. Place it on the bowl."
/data/datasets/DROID/train_v8/final/31770_exterior_image_1_left_pair0.png,/data/datasets/DROID/train_v12/kontext/31770_exterior_image_1_left_pair0.png,"Follow the markers in the image: the green box marks the object to grasp, the semi-transparent copy inside the blue box shows the object at its destination. Show the scene after the object has been moved to the marked location. Pick up the cup. Place it on the table."
/data/datasets/DROID/train_v8/final/11250_exterior_image_2_left_pair0.png,/data/datasets/DROID/train_v12/kontext/11250_exterior_image_2_left_pair0.png,"Follow the markers in the image: the green box marks the object to grasp, the semi-transparent copy inside the blue box shows the object at its destination. Show the scene after the object has been moved to the marked location. Pick up the object. Place it on the table."
/data/datasets/DROID/train_v8/final/36613_exterior_image_1_left_pair0.png,/data/datasets/DROID/train_v12/kontext/36613_exterior_image_1_left_pair0.png,"Follow the markers in the image: the green box marks the object to grasp, the semi-transparent copy inside the blue box shows the object at its destination. Show the scene after the object has been moved to the marked location. Pick up the cushion. Place it on the sofa armrest."
/data/datasets/DROID/train_v8/final/15568_exterior_image_1_left_pair0.png,/data/datasets/DROID/train_v12/kontext/15568_exterior_image_1_left_pair0.png,"Follow the markers in the image: the green box marks the object to grasp, the semi-transparent copy inside the blue box shows the object at its destination. Show the scene after the object has been moved to the marked location. Pick up the bottle. Place it on the shelf."
/data/datasets/DROID/train_v8/final/11151_exterior_image_1_left_pair0.png,/data/datasets/DROID/train_v12/kontext/11151_exterior_image_1_left_pair0.png,"Follow the markers in the image: the green box marks the object to grasp, the semi-transparent copy inside the blue box shows the object at its destination. Show the scene after the object has been moved to the marked location. Pick up the banana. Place it on the table."
/data/datasets/DROID/train_v8/final/14922_exterior_image_2_left_pair0.png,/data/datasets/DROID/train_v12/kontext/14922_exterior_image_2_left_pair0.png,"Follow the markers in the image: the green box marks the object to grasp, the semi-transparent copy inside the blue box shows the object at its destination. Show the scene after the object has been moved to the marked location. Pick up the marker. Place it on the desk."
/data/datasets/DROID/train_v8/final/15458_exterior_image_2_left_pair0.png,/data/datasets/DROID/train_v12/kontext/15458_exterior_image_2_left_pair0.png,"Follow the markers in the image: the green box marks the object to grasp, the semi-transparent copy inside the blue box shows the object at its destination. Show the scene after the object has been moved to the marked location. Pick up the cap. Place it on the spray bottle."
/data/datasets/DROID/train_v8/final/2109_exterior_image_2_left_pair0.png,/data/datasets/DROID/train_v12/kontext/2109_exterior_image_2_left_pair0.png,"Follow the markers in the image: the green box marks the object to grasp, the semi-transparent copy inside the blue box shows the object at its destination. Show the scene after the object has been moved to the marked location. Pick up the marker. Place it on the towel."
/data/datasets/DROID/train_v8/final/14137_exterior_image_1_left_pair0.png,/data/datasets/DROID/train_v12/kontext/14137_exterior_image_1_left_pair0.png,"Follow the markers in the image: the green box marks the object to grasp, the semi-transparent copy inside the blue box shows the object at its destination. Show the scene after the object has been moved to the marked location. Pick up the beetroot plushie. Place it on the cabinet."
/data/datasets/DROID/train_v8/final/65324_exterior_image_1_left_pair0.png,/data/datasets/DROID/train_v12/kontext/65324_exterior_image_1_left_pair0.png,"Follow the markers in the image: the green box marks the object to grasp, the semi-transparent copy inside the blue box shows the object at its destination. Show the scene after the object has been moved to the marked location. Pick up the plate. Place it on the tabletop."
/data/datasets/DROID/train_v8/final/10863_exterior_image_2_left_pair0.png,/data/datasets/DROID/train_v12/kontext/10863_exterior_image_2_left_pair0.png,"Follow the markers in the image: the green box marks the object to grasp, the semi-transparent copy inside the blue box shows the object at its destination. Show the scene after the object has been moved to the marked location. Pick up the block. Place it on the and blocks."
/data/datasets/DROID/train_v8/final/22764_exterior_image_2_left_pair0.png,/data/datasets/DROID/train_v12/kontext/22764_exterior_image_2_left_pair0.png,"Follow the markers in the image: the green box marks the object to grasp, the semi-transparent copy inside the blue box shows the object at its destination. Show the scene after the object has been moved to the marked location. Pick up the object. Place it in the sink."
/data/datasets/DROID/train_v8/final/20591_exterior_image_1_left_pair0.png,/data/datasets/DROID/train_v12/kontext/20591_exterior_image_1_left_pair0.png,"Follow the markers in the image: the green box marks the object to grasp, the semi-transparent copy inside the blue box shows the object at its destination. Show the scene after the object has been moved to the marked location. Pick up the bowl. Place it on the air fryer."
/data/datasets/DROID/train_v8/final/26589_exterior_image_1_left_pair0.png,/data/datasets/DROID/train_v12/kontext/26589_exterior_image_1_left_pair0.png,"Follow the markers in the image: the green box marks the object to grasp, the semi-transparent copy inside the blue box shows the object at its destination. Show the scene after the object has been moved to the marked location. Pick up the rope. Place it on the board."
/data/datasets/DROID/train_v8/final/15109_exterior_image_1_left_pair0.png,/data/datasets/DROID/train_v12/kontext/15109_exterior_image_1_left_pair0.png,"Follow the markers in the image: the green box marks the object to grasp, the semi-transparent copy inside the blue box shows the object at its destination. Show the scene after the object has been moved to the marked location. Pick up the cup. Place it in the cup."
/data/datasets/DROID/train_v8/final/219_exterior_image_1_left_pair0.png,/data/datasets/DROID/train_v12/kontext/219_exterior_image_1_left_pair0.png,"Follow the markers in the image: the green box marks the object to grasp, the semi-transparent copy inside the blue box shows the object at its destination. Show the scene after the object has been moved to the marked location. Pick up the object. Place it on the cup."
/data/datasets/DROID/train_v8/final/19111_exterior_image_1_left_pair0.png,/data/datasets/DROID/train_v12/kontext/19111_exterior_image_1_left_pair0.png,"Follow the markers in the image: the green box marks the object to grasp, the semi-transparent copy inside the blue box shows the object at its destination. Show the scene after the object has been moved to the marked location. Pick up the tulip plush toy. Place it in the bowl."
/data/datasets/DROID/train_v8/final/38795_exterior_image_2_left_pair0.png,/data/datasets/DROID/train_v12/kontext/38795_exterior_image_2_left_pair0.png,"Follow the markers in the image: the green box marks the object to grasp, the semi-transparent copy inside the blue box shows the object at its destination. Show the scene after the object has been moved to the marked location. Pick up the cup. Place it on the cup."
/data/datasets/DROID/train_v8/final/14897_exterior_image_2_left_pair0.png,/data/datasets/DROID/train_v12/kontext/14897_exterior_image_2_left_pair0.png,"Follow the markers in the image: the green box marks the object to grasp, the semi-transparent copy inside the blue box shows the object at its destination. Show the scene after the object has been moved to the marked location. Pick up the grape. Place it in the pot."
/data/datasets/DROID/train_v8/final/16495_exterior_image_2_left_pair0.png,/data/datasets/DROID/train_v12/kontext/16495_exterior_image_2_left_pair0.png,"Follow the markers in the image: the green box marks the object to grasp, the semi-transparent copy inside the blue box shows the object at its destination. Show the scene after the object has been moved to the marked location. Pick up the bottle. Place it in the layer tray."
/data/datasets/DROID/train_v8/final/29276_exterior_image_1_left_pair0.png,/data/datasets/DROID/train_v12/kontext/29276_exterior_image_1_left_pair0.png,"Follow the markers in the image: the green box marks the object to grasp, the semi-transparent copy inside the blue box shows the object at its destination. Show the scene after the object has been moved to the marked location. Pick up the banana plush toy. Place it in the box."
/data/datasets/DROID/train_v8/final/11602_exterior_image_1_left_pair0.png,/data/datasets/DROID/train_v12/kontext/11602_exterior_image_1_left_pair0.png,"Follow the markers in the image: the green box marks the object to grasp, the semi-transparent copy inside the blue box shows the object at its destination. Show the scene after the object has been moved to the marked location. Pick up the carrot. Place it on the pot."
/data/datasets/DROID/train_v8/final/36127_exterior_image_1_left_pair0.png,/data/datasets/DROID/train_v12/kontext/36127_exterior_image_1_left_pair0.png,"Follow the markers in the image: the green box marks the object to grasp, the semi-transparent copy inside the blue box shows the object at its destination. Show the scene after the object has been moved to the marked location. Pick up the drink. Place it on the tabletop."
/data/datasets/DROID/train_v8/final/16944_exterior_image_2_left_pair0.png,/data/datasets/DROID/train_v12/kontext/16944_exterior_image_2_left_pair0.png,"Follow the markers in the image: the green box marks the object to grasp, the semi-transparent copy inside the blue box shows the object at its destination. Show the scene after the object has been moved to the marked location. Pick up the sponge. Place it in the cabinet."
/data/datasets/DROID/train_v8/final/10664_exterior_image_2_left_pair0.png,/data/datasets/DROID/train_v12/kontext/10664_exterior_image_2_left_pair0.png,"Follow the markers in the image: the green box marks the object to grasp, the semi-transparent copy inside the blue box shows the object at its destination. Show the scene after the object has been moved to the marked location. Pick up the pen. Place it on the table."
/data/datasets/DROID/train_v8/final/35777_exterior_image_2_left_pair0.png,/data/datasets/DROID/train_v12/kontext/35777_exterior_image_2_left_pair0.png,"Follow the markers in the image: the green box marks the object to grasp, the semi-transparent copy inside the blue box shows the object at its destination. Show the scene after the object has been moved to the marked location. Pick up the plush toy. Place it on the shelf fridge."
/data/datasets/DROID/train_v8/final/29349_exterior_image_1_left_pair0.png,/data/datasets/DROID/train_v12/kontext/29349_exterior_image_1_left_pair0.png,"Follow the markers in the image: the green box marks the object to grasp, the semi-transparent copy inside the blue box shows the object at its destination. Show the scene after the object has been moved to the marked location. Pick up the banana toy. Place it on the plate."
/data/datasets/DROID/train_v8/final/38372_exterior_image_1_left_pair0.png,/data/datasets/DROID/train_v12/kontext/38372_exterior_image_1_left_pair0.png,"Follow the markers in the image: the green box marks the object to grasp, the semi-transparent copy inside the blue box shows the object at its destination. Show the scene after the object has been moved to the marked location. Pick up the bottle. Place it on the table."
/data/datasets/DROID/train_v8/final/11265_exterior_image_2_left_pair0.png,/data/datasets/DROID/train_v12/kontext/11265_exterior_image_2_left_pair0.png,"Follow the markers in the image: the green box marks the object to grasp, the semi-transparent copy inside the blue box shows the object at its destination. Show the scene after the object has been moved to the marked location. Pick up the pot. Place it on the table."
/data/datasets/DROID/train_v8/final/15706_exterior_image_1_left_pair0.png,/data/datasets/DROID/train_v12/kontext/15706_exterior_image_1_left_pair0.png,"Follow the markers in the image: the green box marks the object to grasp, the semi-transparent copy inside the blue box shows the object at its destination. Show the scene after the object has been moved to the marked location. Pick up the pen. Place it on the table."
/data/datasets/DROID/train_v8/final/16916_exterior_image_2_left_pair0.png,/data/datasets/DROID/train_v12/kontext/16916_exterior_image_2_left_pair0.png,"Follow the markers in the image: the green box marks the object to grasp, the semi-transparent copy inside the blue box shows the object at its destination. Show the scene after the object has been moved to the marked location. Pick up the toy. Place it on the shelf."
/data/datasets/DROID/train_v8/final/14335_exterior_image_1_left_pair0.png,/data/datasets/DROID/train_v12/kontext/14335_exterior_image_1_left_pair0.png,"Follow the markers in the image: the green box marks the object to grasp, the semi-transparent copy inside the blue box shows the object at its destination. Show the scene after the object has been moved to the marked location. Pick up the bottle. Place it on the box."
/data/datasets/DROID/train_v8/final/12272_exterior_image_1_left_pair0.png,/data/datasets/DROID/train_v12/kontext/12272_exterior_image_1_left_pair0.png,"Follow the markers in the image: the green box marks the object to grasp, the semi-transparent copy inside the blue box shows the object at its destination. Show the scene after the object has been moved to the marked location. Pick up the object. Place it on the table."
/data/datasets/DROID/train_v8/final/40517_exterior_image_2_left_pair0.png,/data/datasets/DROID/train_v12/kontext/40517_exterior_image_2_left_pair0.png,"Follow the markers in the image: the green box marks the object to grasp, the semi-transparent copy inside the blue box shows the object at its destination. Show the scene after the object has been moved to the marked location. Pick up the toy. Place it on the table."
/data/datasets/DROID/train_v8/final/21159_exterior_image_1_left_pair0.png,/data/datasets/DROID/train_v12/kontext/21159_exterior_image_1_left_pair0.png,"Follow the markers in the image: the green box marks the object to grasp, the semi-transparent copy inside the blue box shows the object at its destination. Show the scene after the object has been moved to the marked location. Pick up the marker. Place it in the cup."
/data/datasets/DROID/train_v8/final/53403_exterior_image_2_left_pair0.png,/data/datasets/DROID/train_v12/kontext/53403_exterior_image_2_left_pair0.png,"Follow the markers in the image: the green box marks the object to grasp, the semi-transparent copy inside the blue box shows the object at its destination. Show the scene after the object has been moved to the marked location. Pick up the hanger. Place it on the pole."
/data/datasets/DROID/train_v8/final/47006_exterior_image_2_left_pair0.png,/data/datasets/DROID/train_v12/kontext/47006_exterior_image_2_left_pair0.png,"Follow the markers in the image: the green box marks the object to grasp, the semi-transparent copy inside the blue box shows the object at its destination. Show the scene after the object has been moved to the marked location. Pick up the charger. Place it in the slot on extension cord."
/data/datasets/DROID/train_v8/final/21633_exterior_image_2_left_pair0.png,/data/datasets/DROID/train_v12/kontext/21633_exterior_image_2_left_pair0.png,"Follow the markers in the image: the green box marks the object to grasp, the semi-transparent copy inside the blue box shows the object at its destination. Show the scene after the object has been moved to the marked location. Pick up the plush toy. Place it on the countertop."
/data/datasets/DROID/train_v8/final/11227_exterior_image_1_left_pair0.png,/data/datasets/DROID/train_v12/kontext/11227_exterior_image_1_left_pair0.png,"Follow the markers in the image: the green box marks the object to grasp, the semi-transparent copy inside the blue box shows the object at its destination. Show the scene after the object has been moved to the marked location. Pick up the cup. Place it in the bowl."
/data/datasets/DROID/train_v8/final/2323_exterior_image_2_left_pair1.png,/data/datasets/DROID/train_v12/kontext/2323_exterior_image_2_left_pair1.png,"Follow the markers in the image: the green box marks the object to grasp, the semi-transparent copy inside the blue box shows the object at its destination. Show the scene after the object has been moved to the marked location. Pick up the water bottle. Place it on the part counter."
/data/datasets/DROID/train_v8/final/13149_exterior_image_1_left_pair0.png,/data/datasets/DROID/train_v12/kontext/13149_exterior_image_1_left_pair0.png,"Follow the markers in the image: the green box marks the object to grasp, the semi-transparent copy inside the blue box shows the object at its destination. Show the scene after the object has been moved to the marked location. Pick up the cup. Place it in the bowl."
/data/datasets/DROID/train_v8/final/12382_exterior_image_2_left_pair0.png,/data/datasets/DROID/train_v12/kontext/12382_exterior_image_2_left_pair0.png,"Follow the markers in the image: the green box marks the object to grasp, the semi-transparent copy inside the blue box shows the object at its destination. Show the scene after the object has been moved to the marked location. Pick up the object. Place it on the pot."
/data/datasets/DROID/train_v8/final/21756_exterior_image_2_left_pair0.png,/data/datasets/DROID/train_v12/kontext/21756_exterior_image_2_left_pair0.png,"Follow the markers in the image: the green box marks the object to grasp, the semi-transparent copy inside the blue box shows the object at its destination. Show the scene after the object has been moved to the marked location. Pick up the marker. Place it on the towel."
/data/datasets/DROID/train_v8/final/10837_exterior_image_1_left_pair0.png,/data/datasets/DROID/train_v12/kontext/10837_exterior_image_1_left_pair0.png,"Follow the markers in the image: the green box marks the object to grasp, the semi-transparent copy inside the blue box shows the object at its destination. Show the scene after the object has been moved to the marked location. Pick up the ring. Place it on the platform."
/data/datasets/DROID/train_v8/final/82874_exterior_image_1_left_pair0.png,/data/datasets/DROID/train_v12/kontext/82874_exterior_image_1_left_pair0.png,"Follow the markers in the image: the green box marks the object to grasp, the semi-transparent copy inside the blue box shows the object at its destination. Show the scene after the object has been moved to the marked location. Pick up the clothing. Place it on the chair."
/data/datasets/DROID/train_v8/final/60705_exterior_image_1_left_pair0.png,/data/datasets/DROID/train_v12/kontext/60705_exterior_image_1_left_pair0.png,"Follow the markers in the image: the green box marks the object to grasp, the semi-transparent copy inside the blue box shows the object at its destination. Show the scene after the object has been moved to the marked location. Pick up the tablecloth. Place it on the table."
/data/datasets/DROID/train_v8/final/47121_exterior_image_2_left_pair0.png,/data/datasets/DROID/train_v12/kontext/47121_exterior_image_2_left_pair0.png,"Follow the markers in the image: the green box marks the object to grasp, the semi-transparent copy inside the blue box shows the object at its destination. Show the scene after the object has been moved to the marked location. Pick up the marker. Place it on the cloth on table."
/data/datasets/DROID/train_v8/final/25804_exterior_image_2_left_pair0.png,/data/datasets/DROID/train_v12/kontext/25804_exterior_image_2_left_pair0.png,"Follow the markers in the image: the green box marks the object to grasp, the semi-transparent copy inside the blue box shows the object at its destination. Show the scene after the object has been moved to the marked location. Pick up the ring. Place it in the cylinder."
/data/datasets/DROID/train_v8/final/12629_exterior_image_2_left_pair0.png,/data/datasets/DROID/train_v12/kontext/12629_exterior_image_2_left_pair0.png,"Follow the markers in the image: the green box marks the object to grasp, the semi-transparent copy inside the blue box shows the object at its destination. Show the scene after the object has been moved to the marked location. Pick up the item. Place it in the cup."
/data/datasets/DROID/train_v8/final/29492_exterior_image_1_left_pair0.png,/data/datasets/DROID/train_v12/kontext/29492_exterior_image_1_left_pair0.png,"Follow the markers in the image: the green box marks the object to grasp, the semi-transparent copy inside the blue box shows the object at its destination. Show the scene after the object has been moved to the marked location. Pick up the cup. Place it on the water dispenser."
/data/datasets/DROID/train_v8/final/28990_exterior_image_2_left_pair0.png,/data/datasets/DROID/train_v12/kontext/28990_exterior_image_2_left_pair0.png,"Follow the markers in the image: the green box marks the object to grasp, the semi-transparent copy inside the blue box shows the object at its destination. Show the scene after the object has been moved to the marked location. Pick up the tape. Place it in the drawer."
/data/datasets/DROID/train_v8/final/16494_exterior_image_2_left_pair0.png,/data/datasets/DROID/train_v12/kontext/16494_exterior_image_2_left_pair0.png,"Follow the markers in the image: the green box marks the object to grasp, the semi-transparent copy inside the blue box shows the object at its destination. Show the scene after the object has been moved to the marked location. Pick up the rope. Place it on the table."
/data/datasets/DROID/train_v8/final/23867_exterior_image_2_left_pair0.png,/data/datasets/DROID/train_v12/kontext/23867_exterior_image_2_left_pair0.png,"Follow the markers in the image: the green box marks the object to grasp, the semi-transparent copy inside the blue box shows the object at its destination. Show the scene after the object has been moved to the marked location. Pick up the object. Place it on the board."
/data/datasets/DROID/train_v8/final/19540_exterior_image_1_left_pair0.png,/data/datasets/DROID/train_v12/kontext/19540_exterior_image_1_left_pair0.png,"Follow the markers in the image: the green box marks the object to grasp, the semi-transparent copy inside the blue box shows the object at its destination. Show the scene after the object has been moved to the marked location. Pick up the plush toy. Place it in the pot."
/data/datasets/DROID/train_v8/final/11812_exterior_image_2_left_pair0.png,/data/datasets/DROID/train_v12/kontext/11812_exterior_image_2_left_pair0.png,"Follow the markers in the image: the green box marks the object to grasp, the semi-transparent copy inside the blue box shows the object at its destination. Show the scene after the object has been moved to the marked location. Pick up the clothes. Place it on the table."
/data/datasets/DROID/train_v8/final/2825_exterior_image_2_left_pair1.png,/data/datasets/DROID/train_v12/kontext/2825_exterior_image_2_left_pair1.png,"Follow the markers in the image: the green box marks the object to grasp, the semi-transparent copy inside the blue box shows the object at its destination. Show the scene after the object has been moved to the marked location. Pick up the object. Place it in the drawer."
/data/datasets/DROID/train_v8/final/15779_exterior_image_2_left_pair0.png,/data/datasets/DROID/train_v12/kontext/15779_exterior_image_2_left_pair0.png,"Follow the markers in the image: the green box marks the object to grasp, the semi-transparent copy inside the blue box shows the object at its destination. Show the scene after the object has been moved to the marked location. Pick up the object. Place it on the board."
/data/datasets/DROID/train_v8/final/13130_exterior_image_1_left_pair0.png,/data/datasets/DROID/train_v12/kontext/13130_exterior_image_1_left_pair0.png,"Follow the markers in the image: the green box marks the object to grasp, the semi-transparent copy inside the blue box shows the object at its destination. Show the scene after the object has been moved to the marked location. Pick up the object. Place it in the container."
/data/datasets/DROID/train_v8/final/12880_exterior_image_1_left_pair0.png,/data/datasets/DROID/train_v12/kontext/12880_exterior_image_1_left_pair0.png,"Follow the markers in the image: the green box marks the object to grasp, the semi-transparent copy inside the blue box shows the object at its destination. Show the scene after the object has been moved to the marked location. Pick up the spoon. Place it in the mug."
/data/datasets/DROID/train_v8/final/11175_exterior_image_1_left_pair0.png,/data/datasets/DROID/train_v12/kontext/11175_exterior_image_1_left_pair0.png,"Follow the markers in the image: the green box marks the object to grasp, the semi-transparent copy inside the blue box shows the object at its destination. Show the scene after the object has been moved to the marked location. Pick up the cable. Place it in the toolbox."
/data/datasets/DROID/train_v8/final/67927_exterior_image_2_left_pair0.png,/data/datasets/DROID/train_v12/kontext/67927_exterior_image_2_left_pair0.png,"Follow the markers in the image: the green box marks the object to grasp, the semi-transparent copy inside the blue box shows the object at its destination. Show the scene after the object has been moved to the marked location. Pick up the pen. Place it in the board."
/data/datasets/DROID/train_v8/final/20448_exterior_image_1_left_pair0.png,/data/datasets/DROID/train_v12/kontext/20448_exterior_image_1_left_pair0.png,"Follow the markers in the image: the green box marks the object to grasp, the semi-transparent copy inside the blue box shows the object at its destination. Show the scene after the object has been moved to the marked location. Pick up the hoodie. Place it in the box."
/data/datasets/DROID/train_v8/final/13442_exterior_image_1_left_pair0.png,/data/datasets/DROID/train_v12/kontext/13442_exterior_image_1_left_pair0.png,"Follow the markers in the image: the green box marks the object to grasp, the semi-transparent copy inside the blue box shows the object at its destination. Show the scene after the object has been moved to the marked location. Pick up the pen. Place it in the cup."
/data/datasets/DROID/train_v8/final/17514_exterior_image_1_left_pair0.png,/data/datasets/DROID/train_v12/kontext/17514_exterior_image_1_left_pair0.png,"Follow the markers in the image: the green box marks the object to grasp, the semi-transparent copy inside the blue box shows the object at its destination. Show the scene after the object has been moved to the marked location. Pick up the plushy. Place it on the plate."
/data/datasets/DROID/train_v8/final/13798_exterior_image_1_left_pair0.png,/data/datasets/DROID/train_v12/kontext/13798_exterior_image_1_left_pair0.png,"Follow the markers in the image: the green box marks the object to grasp, the semi-transparent copy inside the blue box shows the object at its destination. Show the scene after the object has been moved to the marked location. Pick up the bottle. Place it on the table."
/data/datasets/DROID/train_v8/final/25417_exterior_image_1_left_pair0.png,/data/datasets/DROID/train_v12/kontext/25417_exterior_image_1_left_pair0.png,"Follow the markers in the image: the green box marks the object to grasp, the semi-transparent copy inside the blue box shows the object at its destination. Show the scene after the object has been moved to the marked location. Pick up the tiger plushie. Place it in the bowl."
/data/datasets/DROID/train_v8/final/12022_exterior_image_2_left_pair0.png,/data/datasets/DROID/train_v12/kontext/12022_exterior_image_2_left_pair0.png,"Follow the markers in the image: the green box marks the object to grasp, the semi-transparent copy inside the blue box shows the object at its destination. Show the scene after the object has been moved to the marked location. Pick up the mouse. Place it on the table."
/data/datasets/DROID/train_v8/final/11066_exterior_image_1_left_pair0.png,/data/datasets/DROID/train_v12/kontext/11066_exterior_image_1_left_pair0.png,"Follow the markers in the image: the green box marks the object to grasp, the semi-transparent copy inside the blue box shows the object at its destination. Show the scene after the object has been moved to the marked location. Pick up the marker. Place it in the pot."
/data/datasets/DROID/train_v8/final/6875_exterior_image_2_left_pair0.png,/data/datasets/DROID/train_v12/kontext/6875_exterior_image_2_left_pair0.png,"Follow the markers in the image: the green box marks the object to grasp, the semi-transparent copy inside the blue box shows the object at its destination. Show the scene after the object has been moved to the marked location. Pick up the paper. Place it in the box."
/data/datasets/DROID/train_v8/final/20488_exterior_image_1_left_pair0.png,/data/datasets/DROID/train_v12/kontext/20488_exterior_image_1_left_pair0.png,"Follow the markers in the image: the green box marks the object to grasp, the semi-transparent copy inside the blue box shows the object at its destination. Show the scene after the object has been moved to the marked location. Pick up the cup. Place it on the laundary machine."
/data/datasets/DROID/train_v8/final/38894_exterior_image_1_left_pair0.png,/data/datasets/DROID/train_v12/kontext/38894_exterior_image_1_left_pair0.png,"Follow the markers in the image: the green box marks the object to grasp, the semi-transparent copy inside the blue box shows the object at its destination. Show the scene after the object has been moved to the marked location. Pick up the towel. Place it on the countertop."
/data/datasets/DROID/train_v8/final/14433_exterior_image_1_left_pair0.png,/data/datasets/DROID/train_v12/kontext/14433_exterior_image_1_left_pair0.png,"Follow the markers in the image: the green box marks the object to grasp, the semi-transparent copy inside the blue box shows the object at its destination. Show the scene after the object has been moved to the marked location. Pick up the cloth. Place it on the tripod."
/data/datasets/DROID/train_v8/final/2940_exterior_image_2_left_pair0.png,/data/datasets/DROID/train_v12/kontext/2940_exterior_image_2_left_pair0.png,"Follow the markers in the image: the green box marks the object to grasp, the semi-transparent copy inside the blue box shows the object at its destination. Show the scene after the object has been moved to the marked location. Pick up the watermelon toy. Place it on the oven tray."
/data/datasets/DROID/train_v8/final/15264_exterior_image_1_left_pair0.png,/data/datasets/DROID/train_v12/kontext/15264_exterior_image_1_left_pair0.png,"Follow the markers in the image: the green box marks the object to grasp, the semi-transparent copy inside the blue box shows the object at its destination. Show the scene after the object has been moved to the marked location. Pick up the pen. Place it in the mug."
/data/datasets/DROID/train_v8/final/12590_exterior_image_1_left_pair0.png,/data/datasets/DROID/train_v12/kontext/12590_exterior_image_1_left_pair0.png,"Follow the markers in the image: the green box marks the object to grasp, the semi-transparent copy inside the blue box shows the object at its destination. Show the scene after the object has been moved to the marked location. Pick up the marker. Place it on the table."
/data/datasets/DROID/train_v8/final/33654_exterior_image_1_left_pair0.png,/data/datasets/DROID/train_v12/kontext/33654_exterior_image_1_left_pair0.png,"Follow the markers in the image: the green box marks the object to grasp, the semi-transparent copy inside the blue box shows the object at its destination. Show the scene after the object has been moved to the marked location. Pick up the towel. Place it in the cutlery holder."
/data/datasets/DROID/train_v8/final/31679_exterior_image_1_left_pair0.png,/data/datasets/DROID/train_v12/kontext/31679_exterior_image_1_left_pair0.png,"Follow the markers in the image: the green box marks the object to grasp, the semi-transparent copy inside the blue box shows the object at its destination. Show the scene after the object has been moved to the marked location. Pick up the pencil. Place it on the table."
/data/datasets/DROID/train_v8/final/40239_exterior_image_1_left_pair0.png,/data/datasets/DROID/train_v12/kontext/40239_exterior_image_1_left_pair0.png,"Follow the markers in the image: the green box marks the object to grasp, the semi-transparent copy inside the blue box shows the object at its destination. Show the scene after the object has been moved to the marked location. Pick up the mug. Place it on the table."
/data/datasets/DROID/train_v8/final/17860_exterior_image_2_left_pair0.png,/data/datasets/DROID/train_v12/kontext/17860_exterior_image_2_left_pair0.png,"Follow the markers in the image: the green box marks the object to grasp, the semi-transparent copy inside the blue box shows the object at its destination. Show the scene after the object has been moved to the marked location. Pick up the cup. Place it on the table."
/data/datasets/DROID/train_v8/final/13097_exterior_image_1_left_pair0.png,/data/datasets/DROID/train_v12/kontext/13097_exterior_image_1_left_pair0.png,"Follow the markers in the image: the green box marks the object to grasp, the semi-transparent copy inside the blue box shows the object at its destination. Show the scene after the object has been moved to the marked location. Pick up the corn toy. Place it on the table."
/data/datasets/DROID/train_v8/final/23131_exterior_image_2_left_pair0.png,/data/datasets/DROID/train_v12/kontext/23131_exterior_image_2_left_pair0.png,"Follow the markers in the image: the green box marks the object to grasp, the semi-transparent copy inside the blue box shows the object at its destination. Show the scene after the object has been moved to the marked location. Pick up the clothes. Place it on the chair."
/data/datasets/DROID/train_v8/final/77902_exterior_image_2_left_pair0.png,/data/datasets/DROID/train_v12/kontext/77902_exterior_image_2_left_pair0.png,"Follow the markers in the image: the green box marks the object to grasp, the semi-transparent copy inside the blue box shows the object at its destination. Show the scene after the object has been moved to the marked location. Pick up the fabric. Place it on the tray."
/data/datasets/DROID/train_v8/final/14225_exterior_image_1_left_pair0.png,/data/datasets/DROID/train_v12/kontext/14225_exterior_image_1_left_pair0.png,"Follow the markers in the image: the green box marks the object to grasp, the semi-transparent copy inside the blue box shows the object at its destination. Show the scene after the object has been moved to the marked location. Pick up the object. Place it on the table."
/data/datasets/DROID/train_v8/final/19067_exterior_image_2_left_pair0.png,/data/datasets/DROID/train_v12/kontext/19067_exterior_image_2_left_pair0.png,"Follow the markers in the image: the green box marks the object to grasp, the semi-transparent copy inside the blue box shows the object at its destination. Show the scene after the object has been moved to the marked location. Pick up the stapler. Place it on the corner counter."
/data/datasets/DROID/train_v8/final/43134_exterior_image_2_left_pair0.png,/data/datasets/DROID/train_v12/kontext/43134_exterior_image_2_left_pair0.png,"Follow the markers in the image: the green box marks the object to grasp, the semi-transparent copy inside the blue box shows the object at its destination. Show the scene after the object has been moved to the marked location. Pick up the bowl. Place it on the table."
/data/datasets/DROID/train_v8/final/16362_exterior_image_2_left_pair0.png,/data/datasets/DROID/train_v12/kontext/16362_exterior_image_2_left_pair0.png,"Follow the markers in the image: the green box marks the object to grasp, the semi-transparent copy inside the blue box shows the object at its destination. Show the scene after the object has been moved to the marked location. Pick up the pen. Place it on the table."
/data/datasets/DROID/train_v8/final/12727_exterior_image_1_left_pair0.png,/data/datasets/DROID/train_v12/kontext/12727_exterior_image_1_left_pair0.png,"Follow the markers in the image: the green box marks the object to grasp, the semi-transparent copy inside the blue box shows the object at its destination. Show the scene after the object has been moved to the marked location. Pick up the masking tape. Place it on the plate."
/data/datasets/DROID/train_v8/final/35593_exterior_image_1_left_pair0.png,/data/datasets/DROID/train_v12/kontext/35593_exterior_image_1_left_pair0.png,"Follow the markers in the image: the green box marks the object to grasp, the semi-transparent copy inside the blue box shows the object at its destination. Show the scene after the object has been moved to the marked location. Pick up the clip. Place it on the desktop."
/data/datasets/DROID/train_v8/final/16605_exterior_image_2_left_pair0.png,/data/datasets/DROID/train_v12/kontext/16605_exterior_image_2_left_pair0.png,"Follow the markers in the image: the green box marks the object to grasp, the semi-transparent copy inside the blue box shows the object at its destination. Show the scene after the object has been moved to the marked location. Pick up the plush toy. Place it on the stove."
/data/datasets/DROID/train_v8/final/12253_exterior_image_2_left_pair0.png,/data/datasets/DROID/train_v12/kontext/12253_exterior_image_2_left_pair0.png,"Follow the markers in the image: the green box marks the object to grasp, the semi-transparent copy inside the blue box shows the object at its destination. Show the scene after the object has been moved to the marked location. Pick up the cube. Place it on the cubes."
/data/datasets/DROID/train_v8/final/41866_exterior_image_1_left_pair0.png,/data/datasets/DROID/train_v12/kontext/41866_exterior_image_1_left_pair0.png,"Follow the markers in the image: the green box marks the object to grasp, the semi-transparent copy inside the blue box shows the object at its destination. Show the scene after the object has been moved to the marked location. Pick up the plate. Place it on the table."
/data/datasets/DROID/train_v8/final/22117_exterior_image_2_left_pair0.png,/data/datasets/DROID/train_v12/kontext/22117_exterior_image_2_left_pair0.png,"Follow the markers in the image: the green box marks the object to grasp, the semi-transparent copy inside the blue box shows the object at its destination. Show the scene after the object has been moved to the marked location. Pick up the grey cylinder. Place it in the cup."
/data/datasets/DROID/train_v8/final/23178_exterior_image_2_left_pair0.png,/data/datasets/DROID/train_v12/kontext/23178_exterior_image_2_left_pair0.png,"Follow the markers in the image: the green box marks the object to grasp, the semi-transparent copy inside the blue box shows the object at its destination. Show the scene after the object has been moved to the marked location. Pick up the marker. Place it on the table."
/data/datasets/DROID/train_v8/final/12700_exterior_image_2_left_pair0.png,/data/datasets/DROID/train_v12/kontext/12700_exterior_image_2_left_pair0.png,"Follow the markers in the image: the green box marks the object to grasp, the semi-transparent copy inside the blue box shows the object at its destination. Show the scene after the object has been moved to the marked location. Pick up the towel. Place it in the object."
/data/datasets/DROID/train_v8/final/1941_exterior_image_1_left_pair1.png,/data/datasets/DROID/train_v12/kontext/1941_exterior_image_1_left_pair1.png,"Follow the markers in the image: the green box marks the object to grasp, the semi-transparent copy inside the blue box shows the object at its destination. Show the scene after the object has been moved to the marked location. Pick up the bottle. Place it on the countertop."
/data/datasets/DROID/train_v8/final/21996_exterior_image_1_left_pair0.png,/data/datasets/DROID/train_v12/kontext/21996_exterior_image_1_left_pair0.png,"Follow the markers in the image: the green box marks the object to grasp, the semi-transparent copy inside the blue box shows the object at its destination. Show the scene after the object has been moved to the marked location. Pick up the bottle. Place it on the box."
/data/datasets/DROID/train_v8/final/19470_exterior_image_2_left_pair0.png,/data/datasets/DROID/train_v12/kontext/19470_exterior_image_2_left_pair0.png,"Follow the markers in the image: the green box marks the object to grasp, the semi-transparent copy inside the blue box shows the object at its destination. Show the scene after the object has been moved to the marked location. Pick up the cloth hanging. Place it on the table."
/data/datasets/DROID/train_v8/final/1469_exterior_image_2_left_pair0.png,/data/datasets/DROID/train_v12/kontext/1469_exterior_image_2_left_pair0.png,"Follow the markers in the image: the green box marks the object to grasp, the semi-transparent copy inside the blue box shows the object at its destination. Show the scene after the object has been moved to the marked location. Pick up the bowl. Place it in the bowl."
/data/datasets/DROID/train_v8/final/1139_exterior_image_2_left_pair0.png,/data/datasets/DROID/train_v12/kontext/1139_exterior_image_2_left_pair0.png,"Follow the markers in the image: the green box marks the object to grasp, the semi-transparent copy inside the blue box shows the object at its destination. Show the scene after the object has been moved to the marked location. Pick up the plush carrot toy. Place it in the pan."
/data/datasets/DROID/train_v8/final/15796_exterior_image_2_left_pair0.png,/data/datasets/DROID/train_v12/kontext/15796_exterior_image_2_left_pair0.png,"Follow the markers in the image: the green box marks the object to grasp, the semi-transparent copy inside the blue box shows the object at its destination. Show the scene after the object has been moved to the marked location. Pick up the lid. Place it on the stove."
/data/datasets/DROID/train_v8/final/12181_exterior_image_2_left_pair0.png,/data/datasets/DROID/train_v12/kontext/12181_exterior_image_2_left_pair0.png,"Follow the markers in the image: the green box marks the object to grasp, the semi-transparent copy inside the blue box shows the object at its destination. Show the scene after the object has been moved to the marked location. Pick up the cylindrical block. Place it in the cup."
/data/datasets/DROID/train_v8/final/36432_exterior_image_1_left_pair0.png,/data/datasets/DROID/train_v12/kontext/36432_exterior_image_1_left_pair0.png,"Follow the markers in the image: the green box marks the object to grasp, the semi-transparent copy inside the blue box shows the object at its destination. Show the scene after the object has been moved to the marked location. Pick up the bowl. Place it on the countertop."
/data/datasets/DROID/train_v8/final/16333_exterior_image_1_left_pair0.png,/data/datasets/DROID/train_v12/kontext/16333_exterior_image_1_left_pair0.png,"Follow the markers in the image: the green box marks the object to grasp, the semi-transparent copy inside the blue box shows the object at its destination. Show the scene after the object has been moved to the marked location. Pick up the box. Place it on the table."
/data/datasets/DROID/train_v8/final/43198_exterior_image_2_left_pair0.png,/data/datasets/DROID/train_v12/kontext/43198_exterior_image_2_left_pair0.png,"Follow the markers in the image: the green box marks the object to grasp, the semi-transparent copy inside the blue box shows the object at its destination. Show the scene after the object has been moved to the marked location. Pick up the toy. Place it on the plate."
/data/datasets/DROID/train_v8/final/15353_exterior_image_1_left_pair0.png,/data/datasets/DROID/train_v12/kontext/15353_exterior_image_1_left_pair0.png,"Follow the markers in the image: the green box marks the object to grasp, the semi-transparent copy inside the blue box shows the object at its destination. Show the scene after the object has been moved to the marked location. Pick up the bottle. Place it on the table."
/data/datasets/DROID/train_v8/final/17935_exterior_image_1_left_pair0.png,/data/datasets/DROID/train_v12/kontext/17935_exterior_image_1_left_pair0.png,"Follow the markers in the image: the green box marks the object to grasp, the semi-transparent copy inside the blue box shows the object at its destination. Show the scene after the object has been moved to the marked location. Pick up the container. Place it on the table."
/data/datasets/DROID/train_v8/final/55255_exterior_image_2_left_pair1.png,/data/datasets/DROID/train_v12/kontext/55255_exterior_image_2_left_pair1.png,"Follow the markers in the image: the green box marks the object to grasp, the semi-transparent copy inside the blue box shows the object at its destination. Show the scene after the object has been moved to the marked location. Pick up the cloth. Place it on the table."
/data/datasets/DROID/train_v8/final/14143_exterior_image_1_left_pair0.png,/data/datasets/DROID/train_v12/kontext/14143_exterior_image_1_left_pair0.png,"Follow the markers in the image: the green box marks the object to grasp, the semi-transparent copy inside the blue box shows the object at its destination. Show the scene after the object has been moved to the marked location. Pick up the marker. Place it in the mug."
/data/datasets/DROID/train_v8/final/14836_exterior_image_2_left_pair0.png,/data/datasets/DROID/train_v12/kontext/14836_exterior_image_2_left_pair0.png,"Follow the markers in the image: the green box marks the object to grasp, the semi-transparent copy inside the blue box shows the object at its destination. Show the scene after the object has been moved to the marked location. Pick up the fleece. Place it on the head rest armchair."
/data/datasets/DROID/train_v8/final/1255_exterior_image_1_left_pair0.png,/data/datasets/DROID/train_v12/kontext/1255_exterior_image_1_left_pair0.png,"Follow the markers in the image: the green box marks the object to grasp, the semi-transparent copy inside the blue box shows the object at its destination. Show the scene after the object has been moved to the marked location. Pick up the spray bottle cap. Place it on the spray bottle."
/data/datasets/DROID/train_v8/final/11461_exterior_image_2_left_pair0.png,/data/datasets/DROID/train_v12/kontext/11461_exterior_image_2_left_pair0.png,"Follow the markers in the image: the green box marks the object to grasp, the semi-transparent copy inside the blue box shows the object at its destination. Show the scene after the object has been moved to the marked location. Pick up the toy. Place it in the bowl."
/data/datasets/DROID/train_v8/final/23173_exterior_image_2_left_pair0.png,/data/datasets/DROID/train_v12/kontext/23173_exterior_image_2_left_pair0.png,"Follow the markers in the image: the green box marks the object to grasp, the semi-transparent copy inside the blue box shows the object at its destination. Show the scene after the object has been moved to the marked location. Pick up the bottle. Place it on the ever spring bottle."
/data/datasets/DROID/train_v8/final/2392_exterior_image_1_left_pair0.png,/data/datasets/DROID/train_v12/kontext/2392_exterior_image_1_left_pair0.png,"Follow the markers in the image: the green box marks the object to grasp, the semi-transparent copy inside the blue box shows the object at its destination. Show the scene after the object has been moved to the marked location. Pick up the stapler. Place it on the table."
/data/datasets/DROID/train_v8/final/41426_exterior_image_2_left_pair0.png,/data/datasets/DROID/train_v12/kontext/41426_exterior_image_2_left_pair0.png,"Follow the markers in the image: the green box marks the object to grasp, the semi-transparent copy inside the blue box shows the object at its destination. Show the scene after the object has been moved to the marked location. Pick up the bowl. Place it on the cooker."
/data/datasets/DROID/train_v8/final/33567_exterior_image_1_left_pair0.png,/data/datasets/DROID/train_v12/kontext/33567_exterior_image_1_left_pair0.png,"Follow the markers in the image: the green box marks the object to grasp, the semi-transparent copy inside the blue box shows the object at its destination. Show the scene after the object has been moved to the marked location. Pick up the rope. Place it on the surface."
/data/datasets/DROID/train_v8/final/13269_exterior_image_1_left_pair0.png,/data/datasets/DROID/train_v12/kontext/13269_exterior_image_1_left_pair0.png,"Follow the markers in the image: the green box marks the object to grasp, the semi-transparent copy inside the blue box shows the object at its destination. Show the scene after the object has been moved to the marked location. Pick up the remote. Place it on the cushion."
/data/datasets/DROID/train_v8/final/11618_exterior_image_1_left_pair0.png,/data/datasets/DROID/train_v12/kontext/11618_exterior_image_1_left_pair0.png,"Follow the markers in the image: the green box marks the object to grasp, the semi-transparent copy inside the blue box shows the object at its destination. Show the scene after the object has been moved to the marked location. Pick up the pen. Place it on the table."
/data/datasets/DROID/train_v8/final/12900_exterior_image_1_left_pair0.png,/data/datasets/DROID/train_v12/kontext/12900_exterior_image_1_left_pair0.png,"Follow the markers in the image: the green box marks the object to grasp, the semi-transparent copy inside the blue box shows the object at its destination. Show the scene after the object has been moved to the marked location. Pick up the pen. Place it in the cup."
/data/datasets/DROID/train_v8/final/13315_exterior_image_1_left_pair0.png,/data/datasets/DROID/train_v12/kontext/13315_exterior_image_1_left_pair0.png,"Follow the markers in the image: the green box marks the object to grasp, the semi-transparent copy inside the blue box shows the object at its destination. Show the scene after the object has been moved to the marked location. Pick up the packaging bag to shelf. Place it on the shelf."
/data/datasets/DROID/train_v8/final/10877_exterior_image_2_left_pair0.png,/data/datasets/DROID/train_v12/kontext/10877_exterior_image_2_left_pair0.png,"Follow the markers in the image: the green box marks the object to grasp, the semi-transparent copy inside the blue box shows the object at its destination. Show the scene after the object has been moved to the marked location. Pick up the object. Place it on the table."
/data/datasets/DROID/train_v8/final/72884_exterior_image_2_left_pair0.png,/data/datasets/DROID/train_v12/kontext/72884_exterior_image_2_left_pair0.png,"Follow the markers in the image: the green box marks the object to grasp, the semi-transparent copy inside the blue box shows the object at its destination. Show the scene after the object has been moved to the marked location. Pick up the object. Place it on the table."
/data/datasets/DROID/train_v8/final/16573_exterior_image_1_left_pair0.png,/data/datasets/DROID/train_v12/kontext/16573_exterior_image_1_left_pair0.png,"Follow the markers in the image: the green box marks the object to grasp, the semi-transparent copy inside the blue box shows the object at its destination. Show the scene after the object has been moved to the marked location. Pick up the box. Place it on the countertop."
/data/datasets/DROID/train_v8/final/11987_exterior_image_1_left_pair0.png,/data/datasets/DROID/train_v12/kontext/11987_exterior_image_1_left_pair0.png,"Follow the markers in the image: the green box marks the object to grasp, the semi-transparent copy inside the blue box shows the object at its destination. Show the scene after the object has been moved to the marked location. Pick up the staple remover. Place it on the table."
/data/datasets/DROID/train_v8/final/14825_exterior_image_1_left_pair0.png,/data/datasets/DROID/train_v12/kontext/14825_exterior_image_1_left_pair0.png,"Follow the markers in the image: the green box marks the object to grasp, the semi-transparent copy inside the blue box shows the object at its destination. Show the scene after the object has been moved to the marked location. Pick up the marker. Place it in the cup."
/data/datasets/DROID/train_v8/final/12426_exterior_image_2_left_pair0.png,/data/datasets/DROID/train_v12/kontext/12426_exterior_image_2_left_pair0.png,"Follow the markers in the image: the green box marks the object to grasp, the semi-transparent copy inside the blue box shows the object at its destination. Show the scene after the object has been moved to the marked location. Pick up the corn toy. Place it on the table."
/data/datasets/DROID/train_v8/final/12920_exterior_image_1_left_pair0.png,/data/datasets/DROID/train_v12/kontext/12920_exterior_image_1_left_pair0.png,"Follow the markers in the image: the green box marks the object to grasp, the semi-transparent copy inside the blue box shows the object at its destination. Show the scene after the object has been moved to the marked location. Pick up the bowl. Place it on the counter."
/data/datasets/DROID/train_v8/final/13671_exterior_image_2_left_pair0.png,/data/datasets/DROID/train_v12/kontext/13671_exterior_image_2_left_pair0.png,"Follow the markers in the image: the green box marks the object to grasp, the semi-transparent copy inside the blue box shows the object at its destination. Show the scene after the object has been moved to the marked location. Pick up the wire. Place it on the table."
/data/datasets/DROID/train_v8/final/11598_exterior_image_2_left_pair0.png,/data/datasets/DROID/train_v12/kontext/11598_exterior_image_2_left_pair0.png,"Follow the markers in the image: the green box marks the object to grasp, the semi-transparent copy inside the blue box shows the object at its destination. Show the scene after the object has been moved to the marked location. Pick up the marker. Place it in the cup."
/data/datasets/DROID/train_v8/final/29461_exterior_image_1_left_pair0.png,/data/datasets/DROID/train_v12/kontext/29461_exterior_image_1_left_pair0.png,"Follow the markers in the image: the green box marks the object to grasp, the semi-transparent copy inside the blue box shows the object at its destination. Show the scene after the object has been moved to the marked location. Pick up the toy. Place it in the bowl."
/data/datasets/DROID/train_v8/final/38001_exterior_image_2_left_pair0.png,/data/datasets/DROID/train_v12/kontext/38001_exterior_image_2_left_pair0.png,"Follow the markers in the image: the green box marks the object to grasp, the semi-transparent copy inside the blue box shows the object at its destination. Show the scene after the object has been moved to the marked location. Pick up the pear. Place it in the basket."
/data/datasets/DROID/train_v8/final/10961_exterior_image_1_left_pair0.png,/data/datasets/DROID/train_v12/kontext/10961_exterior_image_1_left_pair0.png,"Follow the markers in the image: the green box marks the object to grasp, the semi-transparent copy inside the blue box shows the object at its destination. Show the scene after the object has been moved to the marked location. Pick up the cloth. Place it on the panel."
/data/datasets/DROID/train_v8/final/26669_exterior_image_2_left_pair0.png,/data/datasets/DROID/train_v12/kontext/26669_exterior_image_2_left_pair0.png,"Follow the markers in the image: the green box marks the object to grasp, the semi-transparent copy inside the blue box shows the object at its destination. Show the scene after the object has been moved to the marked location. Pick up the object. Place it in the pot."
/data/datasets/DROID/train_v8/final/54428_exterior_image_2_left_pair0.png,/data/datasets/DROID/train_v12/kontext/54428_exterior_image_2_left_pair0.png,"Follow the markers in the image: the green box marks the object to grasp, the semi-transparent copy inside the blue box shows the object at its destination. Show the scene after the object has been moved to the marked location. Pick up the paper. Place it in the box."
/data/datasets/DROID/train_v8/final/21064_exterior_image_1_left_pair0.png,/data/datasets/DROID/train_v12/kontext/21064_exterior_image_1_left_pair0.png,"Follow the markers in the image: the green box marks the object to grasp, the semi-transparent copy inside the blue box shows the object at its destination. Show the scene after the object has been moved to the marked location. Pick up the hanger. Place it on the table."
/data/datasets/DROID/train_v8/final/80112_exterior_image_2_left_pair0.png,/data/datasets/DROID/train_v12/kontext/80112_exterior_image_2_left_pair0.png,"Follow the markers in the image: the green box marks the object to grasp, the semi-transparent copy inside the blue box shows the object at its destination. Show the scene after the object has been moved to the marked location. Pick up the whiteboard eraser. Place it on the desktop."
/data/datasets/DROID/train_v8/final/13418_exterior_image_1_left_pair0.png,/data/datasets/DROID/train_v12/kontext/13418_exterior_image_1_left_pair0.png,"Follow the markers in the image: the green box marks the object to grasp, the semi-transparent copy inside the blue box shows the object at its destination. Show the scene after the object has been moved to the marked location. Pick up the square. Place it in the bowl."
/data/datasets/DROID/train_v8/final/23683_exterior_image_1_left_pair0.png,/data/datasets/DROID/train_v12/kontext/23683_exterior_image_1_left_pair0.png,"Follow the markers in the image: the green box marks the object to grasp, the semi-transparent copy inside the blue box shows the object at its destination. Show the scene after the object has been moved to the marked location. Pick up the lid. Place it on the pot."
/data/datasets/DROID/train_v8/final/12939_exterior_image_1_left_pair0.png,/data/datasets/DROID/train_v12/kontext/12939_exterior_image_1_left_pair0.png,"Follow the markers in the image: the green box marks the object to grasp, the semi-transparent copy inside the blue box shows the object at its destination. Show the scene after the object has been moved to the marked location. Pick up the measuring tape. Place it on the table."
/data/datasets/DROID/train_v8/final/11244_exterior_image_2_left_pair0.png,/data/datasets/DROID/train_v12/kontext/11244_exterior_image_2_left_pair0.png,"Follow the markers in the image: the green box marks the object to grasp, the semi-transparent copy inside the blue box shows the object at its destination. Show the scene after the object has been moved to the marked location. Pick up the block. Place it on the table."
/data/datasets/DROID/train_v8/final/20077_exterior_image_1_left_pair0.png,/data/datasets/DROID/train_v12/kontext/20077_exterior_image_1_left_pair0.png,"Follow the markers in the image: the green box marks the object to grasp, the semi-transparent copy inside the blue box shows the object at its destination. Show the scene after the object has been moved to the marked location. Pick up the cup. Place it on the table."
/data/datasets/DROID/train_v8/final/78235_exterior_image_2_left_pair0.png,/data/datasets/DROID/train_v12/kontext/78235_exterior_image_2_left_pair0.png,"Follow the markers in the image: the green box marks the object to grasp, the semi-transparent copy inside the blue box shows the object at its destination. Show the scene after the object has been moved to the marked location. Pick up the pillow. Place it on the arm rest."
/data/datasets/DROID/train_v8/final/10717_exterior_image_1_left_pair0.png,/data/datasets/DROID/train_v12/kontext/10717_exterior_image_1_left_pair0.png,"Follow the markers in the image: the green box marks the object to grasp, the semi-transparent copy inside the blue box shows the object at its destination. Show the scene after the object has been moved to the marked location. Pick up the sauce bottle. Place it in the cup."
/data/datasets/DROID/train_v8/final/11592_exterior_image_2_left_pair0.png,/data/datasets/DROID/train_v12/kontext/11592_exterior_image_2_left_pair0.png,"Follow the markers in the image: the green box marks the object to grasp, the semi-transparent copy inside the blue box shows the object at its destination. Show the scene after the object has been moved to the marked location. Pick up the masking tape. Place it on the plate."
/data/datasets/DROID/train_v8/final/2437_exterior_image_1_left_pair0.png,/data/datasets/DROID/train_v12/kontext/2437_exterior_image_1_left_pair0.png,"Follow the markers in the image: the green box marks the object to grasp, the semi-transparent copy inside the blue box shows the object at its destination. Show the scene after the object has been moved to the marked location. Pick up the plush toy. Place it in the sink."
/data/datasets/DROID/train_v8/final/29564_exterior_image_1_left_pair0.png,/data/datasets/DROID/train_v12/kontext/29564_exterior_image_1_left_pair0.png,"Follow the markers in the image: the green box marks the object to grasp, the semi-transparent copy inside the blue box shows the object at its destination. Show the scene after the object has been moved to the marked location. Pick up the object. Place it on the table."
/data/datasets/DROID/train_v8/final/19557_exterior_image_2_left_pair0.png,/data/datasets/DROID/train_v12/kontext/19557_exterior_image_2_left_pair0.png,"Follow the markers in the image: the green box marks the object to grasp, the semi-transparent copy inside the blue box shows the object at its destination. Show the scene after the object has been moved to the marked location. Pick up the object. Place it in the bowl."
/data/datasets/DROID/train_v8/final/13711_exterior_image_1_left_pair0.png,/data/datasets/DROID/train_v12/kontext/13711_exterior_image_1_left_pair0.png,"Follow the markers in the image: the green box marks the object to grasp, the semi-transparent copy inside the blue box shows the object at its destination. Show the scene after the object has been moved to the marked location. Pick up the object with handle. Place it in the bowl."
/data/datasets/DROID/train_v8/final/14345_exterior_image_2_left_pair0.png,/data/datasets/DROID/train_v12/kontext/14345_exterior_image_2_left_pair0.png,"Follow the markers in the image: the green box marks the object to grasp, the semi-transparent copy inside the blue box shows the object at its destination. Show the scene after the object has been moved to the marked location. Pick up the block. Place it on the table."
/data/datasets/DROID/train_v8/final/40609_exterior_image_2_left_pair0.png,/data/datasets/DROID/train_v12/kontext/40609_exterior_image_2_left_pair0.png,"Follow the markers in the image: the green box marks the object to grasp, the semi-transparent copy inside the blue box shows the object at its destination. Show the scene after the object has been moved to the marked location. Pick up the cup. Place it in the cup."
/data/datasets/DROID/train_v8/final/1208_exterior_image_1_left_pair0.png,/data/datasets/DROID/train_v12/kontext/1208_exterior_image_1_left_pair0.png,"Follow the markers in the image: the green box marks the object to grasp, the semi-transparent copy inside the blue box shows the object at its destination. Show the scene after the object has been moved to the marked location. Pick up the block. Place it on the board."
/data/datasets/DROID/train_v8/final/1635_exterior_image_1_left_pair0.png,/data/datasets/DROID/train_v12/kontext/1635_exterior_image_1_left_pair0.png,"Follow the markers in the image: the green box marks the object to grasp, the semi-transparent copy inside the blue box shows the object at its destination. Show the scene after the object has been moved to the marked location. Pick up the lid. Place it on the stove."
/data/datasets/DROID/train_v8/final/21074_exterior_image_1_left_pair0.png,/data/datasets/DROID/train_v12/kontext/21074_exterior_image_1_left_pair0.png,"Follow the markers in the image: the green box marks the object to grasp, the semi-transparent copy inside the blue box shows the object at its destination. Show the scene after the object has been moved to the marked location. Pick up the block. Place it on the table."
/data/datasets/DROID/train_v8/final/30370_exterior_image_2_left_pair0.png,/data/datasets/DROID/train_v12/kontext/30370_exterior_image_2_left_pair0.png,"Follow the markers in the image: the green box marks the object to grasp, the semi-transparent copy inside the blue box shows the object at its destination. Show the scene after the object has been moved to the marked location. Pick up the book. Place it on the other book."
/data/datasets/DROID/train_v8/final/17811_exterior_image_1_left_pair0.png,/data/datasets/DROID/train_v12/kontext/17811_exterior_image_1_left_pair0.png,"Follow the markers in the image: the green box marks the object to grasp, the semi-transparent copy inside the blue box shows the object at its destination. Show the scene after the object has been moved to the marked location. Pick up the towel. Place it on the rack."
/data/datasets/DROID/train_v8/final/44014_exterior_image_2_left_pair0.png,/data/datasets/DROID/train_v12/kontext/44014_exterior_image_2_left_pair0.png,"Follow the markers in the image: the green box marks the object to grasp, the semi-transparent copy inside the blue box shows the object at its destination. Show the scene after the object has been moved to the marked location. Pick up the umbrella. Place it on the counter."
/data/datasets/DROID/train_v8/final/16264_exterior_image_1_left_pair0.png,/data/datasets/DROID/train_v12/kontext/16264_exterior_image_1_left_pair0.png,"Follow the markers in the image: the green box marks the object to grasp, the semi-transparent copy inside the blue box shows the object at its destination. Show the scene after the object has been moved to the marked location. Pick up the rope. Place it on the table."
/data/datasets/DROID/train_v8/final/19650_exterior_image_2_left_pair0.png,/data/datasets/DROID/train_v12/kontext/19650_exterior_image_2_left_pair0.png,"Follow the markers in the image: the green box marks the object to grasp, the semi-transparent copy inside the blue box shows the object at its destination. Show the scene after the object has been moved to the marked location. Pick up the tiger plush toy. Place it in the bowl."
/data/datasets/DROID/train_v8/final/73763_exterior_image_1_left_pair0.png,/data/datasets/DROID/train_v12/kontext/73763_exterior_image_1_left_pair0.png,"Follow the markers in the image: the green box marks the object to grasp, the semi-transparent copy inside the blue box shows the object at its destination. Show the scene after the object has been moved to the marked location. Pick up the block. Place it on the block."
/data/datasets/DROID/train_v8/final/45890_exterior_image_2_left_pair0.png,/data/datasets/DROID/train_v12/kontext/45890_exterior_image_2_left_pair0.png,"Follow the markers in the image: the green box marks the object to grasp, the semi-transparent copy inside the blue box shows the object at its destination. Show the scene after the object has been moved to the marked location. Pick up the kettle lid. Place it on the kettle."
/data/datasets/DROID/train_v8/final/70715_exterior_image_2_left_pair0.png,/data/datasets/DROID/train_v12/kontext/70715_exterior_image_2_left_pair0.png,"Follow the markers in the image: the green box marks the object to grasp, the semi-transparent copy inside the blue box shows the object at its destination. Show the scene after the object has been moved to the marked location. Pick up the marker. Place it on the table."
/data/datasets/DROID/train_v8/final/69541_exterior_image_1_left_pair1.png,/data/datasets/DROID/train_v12/kontext/69541_exterior_image_1_left_pair1.png,"Follow the markers in the image: the green box marks the object to grasp, the semi-transparent copy inside the blue box shows the object at its destination. Show the scene after the object has been moved to the marked location. Pick up the sharpie. Place it in the cup."
/data/datasets/DROID/train_v8/final/18397_exterior_image_1_left_pair0.png,/data/datasets/DROID/train_v12/kontext/18397_exterior_image_1_left_pair0.png,"Follow the markers in the image: the green box marks the object to grasp, the semi-transparent copy inside the blue box shows the object at its destination. Show the scene after the object has been moved to the marked location. Pick up the cup. Place it in the bowl."
/data/datasets/DROID/train_v8/final/36321_exterior_image_1_left_pair0.png,/data/datasets/DROID/train_v12/kontext/36321_exterior_image_1_left_pair0.png,"Follow the markers in the image: the green box marks the object to grasp, the semi-transparent copy inside the blue box shows the object at its destination. Show the scene after the object has been moved to the marked location. Pick up the marker. Place it in the box."
/data/datasets/DROID/train_v8/final/21031_exterior_image_2_left_pair0.png,/data/datasets/DROID/train_v12/kontext/21031_exterior_image_2_left_pair0.png,"Follow the markers in the image: the green box marks the object to grasp, the semi-transparent copy inside the blue box shows the object at its destination. Show the scene after the object has been moved to the marked location. Pick up the brush. Place it in the bottle."
/data/datasets/DROID/train_v8/final/79662_exterior_image_2_left_pair1.png,/data/datasets/DROID/train_v12/kontext/79662_exterior_image_2_left_pair1.png,"Follow the markers in the image: the green box marks the object to grasp, the semi-transparent copy inside the blue box shows the object at its destination. Show the scene after the object has been moved to the marked location. Pick up the building block. Place it in the bowl."
/data/datasets/DROID/train_v8/final/50419_exterior_image_2_left_pair0.png,/data/datasets/DROID/train_v12/kontext/50419_exterior_image_2_left_pair0.png,"Follow the markers in the image: the green box marks the object to grasp, the semi-transparent copy inside the blue box shows the object at its destination. Show the scene after the object has been moved to the marked location. Pick up the brush. Place it in the cup."
/data/datasets/DROID/train_v8/final/9675_exterior_image_2_left_pair0.png,/data/datasets/DROID/train_v12/kontext/9675_exterior_image_2_left_pair0.png,"Follow the markers in the image: the green box marks the object to grasp, the semi-transparent copy inside the blue box shows the object at its destination. Show the scene after the object has been moved to the marked location. Pick up the screwdriver. Place it in the drawer."
/data/datasets/DROID/train_v8/final/78108_exterior_image_2_left_pair0.png,/data/datasets/DROID/train_v12/kontext/78108_exterior_image_2_left_pair0.png,"Follow the markers in the image: the green box marks the object to grasp, the semi-transparent copy inside the blue box shows the object at its destination. Show the scene after the object has been moved to the marked location. Pick up the screwdriver. Place it in the drawer."
/data/datasets/DROID/train_v8/final/76407_exterior_image_1_left_pair1.png,/data/datasets/DROID/train_v12/kontext/76407_exterior_image_1_left_pair1.png,"Follow the markers in the image: the green box marks the object to grasp, the semi-transparent copy inside the blue box shows the object at its destination. Show the scene after the object has been moved to the marked location. Pick up the fruit. Place it in the bowl."
/data/datasets/DROID/train_v8/final/26354_exterior_image_1_left_pair0.png,/data/datasets/DROID/train_v12/kontext/26354_exterior_image_1_left_pair0.png,"Follow the markers in the image: the green box marks the object to grasp, the semi-transparent copy inside the blue box shows the object at its destination. Show the scene after the object has been moved to the marked location. Pick up the toy. Place it in the pot."
/data/datasets/DROID/train_v8/final/74295_exterior_image_2_left_pair0.png,/data/datasets/DROID/train_v12/kontext/74295_exterior_image_2_left_pair0.png,"Follow the markers in the image: the green box marks the object to grasp, the semi-transparent copy inside the blue box shows the object at its destination. Show the scene after the object has been moved to the marked location. Pick up the object. Place it on the table."
/data/datasets/DROID/train_v8/final/82849_exterior_image_2_left_pair0.png,/data/datasets/DROID/train_v12/kontext/82849_exterior_image_2_left_pair0.png,"Follow the markers in the image: the green box marks the object to grasp, the semi-transparent copy inside the blue box shows the object at its destination. Show the scene after the object has been moved to the marked location. Pick up the short-sleeve shirt. Place it on the seat couch."
/data/datasets/DROID/train_v8/final/20457_exterior_image_2_left_pair0.png,/data/datasets/DROID/train_v12/kontext/20457_exterior_image_2_left_pair0.png,"Follow the markers in the image: the green box marks the object to grasp, the semi-transparent copy inside the blue box shows the object at its destination. Show the scene after the object has been moved to the marked location. Pick up the pot. Place it on the stove."
/data/datasets/DROID/train_v8/final/24964_exterior_image_1_left_pair0.png,/data/datasets/DROID/train_v12/kontext/24964_exterior_image_1_left_pair0.png,"Follow the markers in the image: the green box marks the object to grasp, the semi-transparent copy inside the blue box shows the object at its destination. Show the scene after the object has been moved to the marked location. Pick up the block and put it. Place it in the bowl."
/data/datasets/DROID/train_v8/final/74412_exterior_image_2_left_pair0.png,/data/datasets/DROID/train_v12/kontext/74412_exterior_image_2_left_pair0.png,"Follow the markers in the image: the green box marks the object to grasp, the semi-transparent copy inside the blue box shows the object at its destination. Show the scene after the object has been moved to the marked location. Pick up the dish. Place it on the stovetop."
/data/datasets/DROID/train_v8/final/72757_exterior_image_2_left_pair0.png,/data/datasets/DROID/train_v12/kontext/72757_exterior_image_2_left_pair0.png,"Follow the markers in the image: the green box marks the object to grasp, the semi-transparent copy inside the blue box shows the object at its destination. Show the scene after the object has been moved to the marked location. Pick up the tube. Place it in the bowl."
/data/datasets/DROID/train_v8/final/76581_exterior_image_2_left_pair0.png,/data/datasets/DROID/train_v12/kontext/76581_exterior_image_2_left_pair0.png,"Follow the markers in the image: the green box marks the object to grasp, the semi-transparent copy inside the blue box shows the object at its destination. Show the scene after the object has been moved to the marked location. Pick up the lid. Place it on the pan."
/data/datasets/DROID/train_v8/final/73272_exterior_image_2_left_pair1.png,/data/datasets/DROID/train_v12/kontext/73272_exterior_image_2_left_pair1.png,"Follow the markers in the image: the green box marks the object to grasp, the semi-transparent copy inside the blue box shows the object at its destination. Show the scene after the object has been moved to the marked location. Pick up the fabric. Place it on the box."
/data/datasets/DROID/train_v8/final/52960_exterior_image_1_left_pair0.png,/data/datasets/DROID/train_v12/kontext/52960_exterior_image_1_left_pair0.png,"Follow the markers in the image: the green box marks the object to grasp, the semi-transparent copy inside the blue box shows the object at its destination. Show the scene after the object has been moved to the marked location. Pick up the lid above microwave. Place it on the bowl."
/data/datasets/DROID/train_v8/final/91535_exterior_image_1_left_pair0.png,/data/datasets/DROID/train_v12/kontext/91535_exterior_image_1_left_pair0.png,"Follow the markers in the image: the green box marks the object to grasp, the semi-transparent copy inside the blue box shows the object at its destination. Show the scene after the object has been moved to the marked location. Pick up the bottle. Place it on the container."
/data/datasets/DROID/train_v8/final/27722_exterior_image_2_left_pair0.png,/data/datasets/DROID/train_v12/kontext/27722_exterior_image_2_left_pair0.png,"Follow the markers in the image: the green box marks the object to grasp, the semi-transparent copy inside the blue box shows the object at its destination. Show the scene after the object has been moved to the marked location. Pick up the toy. Place it on the shelf cupboard."
/data/datasets/DROID/train_v8/final/41769_exterior_image_1_left_pair1.png,/data/datasets/DROID/train_v12/kontext/41769_exterior_image_1_left_pair1.png,"Follow the markers in the image: the green box marks the object to grasp, the semi-transparent copy inside the blue box shows the object at its destination. Show the scene after the object has been moved to the marked location. Pick up the toy fruits. Place it in the bag."
/data/datasets/DROID/train_v8/final/90580_exterior_image_2_left_pair0.png,/data/datasets/DROID/train_v12/kontext/90580_exterior_image_2_left_pair0.png,"Follow the markers in the image: the green box marks the object to grasp, the semi-transparent copy inside the blue box shows the object at its destination. Show the scene after the object has been moved to the marked location. Pick up the lid. Place it on the teapot."
/data/datasets/DROID/train_v8/final/48923_exterior_image_2_left_pair0.png,/data/datasets/DROID/train_v12/kontext/48923_exterior_image_2_left_pair0.png,"Follow the markers in the image: the green box marks the object to grasp, the semi-transparent copy inside the blue box shows the object at its destination. Show the scene after the object has been moved to the marked location. Pick up the towel by table. Place it on the stove."
/data/datasets/DROID/train_v8/final/18397_exterior_image_2_left_pair0.png,/data/datasets/DROID/train_v12/kontext/18397_exterior_image_2_left_pair0.png,"Follow the markers in the image: the green box marks the object to grasp, the semi-transparent copy inside the blue box shows the object at its destination. Show the scene after the object has been moved to the marked location. Pick up the cup. Place it in the bowl."
/data/datasets/DROID/train_v8/final/9632_exterior_image_1_left_pair0.png,/data/datasets/DROID/train_v12/kontext/9632_exterior_image_1_left_pair0.png,"Follow the markers in the image: the green box marks the object to grasp, the semi-transparent copy inside the blue box shows the object at its destination. Show the scene after the object has been moved to the marked location. Pick up the lid above towel. Place it on the pot."
/data/datasets/DROID/train_v8/final/23174_exterior_image_1_left_pair0.png,/data/datasets/DROID/train_v12/kontext/23174_exterior_image_1_left_pair0.png,"Follow the markers in the image: the green box marks the object to grasp, the semi-transparent copy inside the blue box shows the object at its destination. Show the scene after the object has been moved to the marked location. Pick up the marker. Place it in the mug."
/data/datasets/DROID/train_v8/final/75599_exterior_image_1_left_pair0.png,/data/datasets/DROID/train_v12/kontext/75599_exterior_image_1_left_pair0.png,"Follow the markers in the image: the green box marks the object to grasp, the semi-transparent copy inside the blue box shows the object at its destination. Show the scene after the object has been moved to the marked location. Pick up the screwdriver. Place it in the drawer."
/data/datasets/DROID/train_v8/final/61221_exterior_image_2_left_pair0.png,/data/datasets/DROID/train_v12/kontext/61221_exterior_image_2_left_pair0.png,"Follow the markers in the image: the green box marks the object to grasp, the semi-transparent copy inside the blue box shows the object at its destination. Show the scene after the object has been moved to the marked location. Pick up the egg. Place it on the workbench."
/data/datasets/DROID/train_v8/final/65469_exterior_image_2_left_pair0.png,/data/datasets/DROID/train_v12/kontext/65469_exterior_image_2_left_pair0.png,"Follow the markers in the image: the green box marks the object to grasp, the semi-transparent copy inside the blue box shows the object at its destination. Show the scene after the object has been moved to the marked location. Pick up the charger plug. Place it on the adapter."
/data/datasets/DROID/train_v8/final/24964_exterior_image_2_left_pair0.png,/data/datasets/DROID/train_v12/kontext/24964_exterior_image_2_left_pair0.png,"Follow the markers in the image: the green box marks the object to grasp, the semi-transparent copy inside the blue box shows the object at its destination. Show the scene after the object has been moved to the marked location. Pick up the block and put it. Place it in the bowl."
/data/datasets/DROID/train_v8/final/43055_exterior_image_2_left_pair0.png,/data/datasets/DROID/train_v12/kontext/43055_exterior_image_2_left_pair0.png,"Follow the markers in the image: the green box marks the object to grasp, the semi-transparent copy inside the blue box shows the object at its destination. Show the scene after the object has been moved to the marked location. Pick up the tool. Place it in the bowl."
/data/datasets/DROID/train_v8/final/80032_exterior_image_2_left_pair0.png,/data/datasets/DROID/train_v12/kontext/80032_exterior_image_2_left_pair0.png,"Follow the markers in the image: the green box marks the object to grasp, the semi-transparent copy inside the blue box shows the object at its destination. Show the scene after the object has been moved to the marked location. Pick up the ring. Place it on the table."
/data/datasets/DROID/train_v8/final/33074_exterior_image_1_left_pair0.png,/data/datasets/DROID/train_v12/kontext/33074_exterior_image_1_left_pair0.png,"Follow the markers in the image: the green box marks the object to grasp, the semi-transparent copy inside the blue box shows the object at its destination. Show the scene after the object has been moved to the marked location. Pick up the grape. Place it in the basin."
/data/datasets/DROID/train_v8/final/24935_exterior_image_2_left_pair0.png,/data/datasets/DROID/train_v12/kontext/24935_exterior_image_2_left_pair0.png,"Follow the markers in the image: the green box marks the object to grasp, the semi-transparent copy inside the blue box shows the object at its destination. Show the scene after the object has been moved to the marked location. Pick up the pot. Place it on the stove."
/data/datasets/DROID/train_v8/final/79505_exterior_image_2_left_pair0.png,/data/datasets/DROID/train_v12/kontext/79505_exterior_image_2_left_pair0.png,"Follow the markers in the image: the green box marks the object to grasp, the semi-transparent copy inside the blue box shows the object at its destination. Show the scene after the object has been moved to the marked location. Pick up the striped cloth. Place it in the container."
/data/datasets/DROID/train_v8/final/32849_exterior_image_2_left_pair0.png,/data/datasets/DROID/train_v12/kontext/32849_exterior_image_2_left_pair0.png,"Follow the markers in the image: the green box marks the object to grasp, the semi-transparent copy inside the blue box shows the object at its destination. Show the scene after the object has been moved to the marked location. Pick up the toy. Place it on the table."
/data/datasets/DROID/train_v8/final/69887_exterior_image_1_left_pair1.png,/data/datasets/DROID/train_v12/kontext/69887_exterior_image_1_left_pair1.png,"Follow the markers in the image: the green box marks the object to grasp, the semi-transparent copy inside the blue box shows the object at its destination. Show the scene after the object has been moved to the marked location. Pick up the object. Place it on the table."
/data/datasets/DROID/train_v8/final/38319_exterior_image_2_left_pair0.png,/data/datasets/DROID/train_v12/kontext/38319_exterior_image_2_left_pair0.png,"Follow the markers in the image: the green box marks the object to grasp, the semi-transparent copy inside the blue box shows the object at its destination. Show the scene after the object has been moved to the marked location. Pick up the hand towel. Place it in the basket."
/data/datasets/DROID/train_v8/final/74412_exterior_image_1_left_pair0.png,/data/datasets/DROID/train_v12/kontext/74412_exterior_image_1_left_pair0.png,"Follow the markers in the image: the green box marks the object to grasp, the semi-transparent copy inside the blue box shows the object at its destination. Show the scene after the object has been moved to the marked location. Pick up the bowl. Place it on the stovetop."
/data/datasets/DROID/train_v8/final/52674_exterior_image_2_left_pair0.png,/data/datasets/DROID/train_v12/kontext/52674_exterior_image_2_left_pair0.png,"Follow the markers in the image: the green box marks the object to grasp, the semi-transparent copy inside the blue box shows the object at its destination. Show the scene after the object has been moved to the marked location. Pick up the jersey. Place it in the box."
/data/datasets/DROID/train_v8/final/7054_exterior_image_1_left_pair1.png,/data/datasets/DROID/train_v12/kontext/7054_exterior_image_1_left_pair1.png,"Follow the markers in the image: the green box marks the object to grasp, the semi-transparent copy inside the blue box shows the object at its destination. Show the scene after the object has been moved to the marked location. Pick up the cloth. Place it on the pile of clothes."
/data/datasets/DROID/train_v8/final/7335_exterior_image_1_left_pair1.png,/data/datasets/DROID/train_v12/kontext/7335_exterior_image_1_left_pair1.png,"Follow the markers in the image: the green box marks the object to grasp, the semi-transparent copy inside the blue box shows the object at its destination. Show the scene after the object has been moved to the marked location. Pick up the object. Place it in the drawer."
/data/datasets/DROID/train_v8/final/3307_exterior_image_2_left_pair0.png,/data/datasets/DROID/train_v12/kontext/3307_exterior_image_2_left_pair0.png,"Follow the markers in the image: the green box marks the object to grasp, the semi-transparent copy inside the blue box shows the object at its destination. Show the scene after the object has been moved to the marked location. Pick up the stick. Place it on the table."
/data/datasets/DROID/train_v8/final/27035_exterior_image_2_left_pair0.png,/data/datasets/DROID/train_v12/kontext/27035_exterior_image_2_left_pair0.png,"Follow the markers in the image: the green box marks the object to grasp, the semi-transparent copy inside the blue box shows the object at its destination. Show the scene after the object has been moved to the marked location. Pick up the plush toy. Place it in the pot."
/data/datasets/DROID/train_v8/final/23173_exterior_image_1_left_pair0.png,/data/datasets/DROID/train_v12/kontext/23173_exterior_image_1_left_pair0.png,"Follow the markers in the image: the green box marks the object to grasp, the semi-transparent copy inside the blue box shows the object at its destination. Show the scene after the object has been moved to the marked location. Pick up the bottle. Place it on the ever spring bottle."
/data/datasets/DROID/train_v8/final/24417_exterior_image_1_left_pair0.png,/data/datasets/DROID/train_v12/kontext/24417_exterior_image_1_left_pair0.png,"Follow the markers in the image: the green box marks the object to grasp, the semi-transparent copy inside the blue box shows the object at its destination. Show the scene after the object has been moved to the marked location. Pick up the toy. Place it on the table."
/data/datasets/DROID/train_v8/final/62847_exterior_image_2_left_pair1.png,/data/datasets/DROID/train_v12/kontext/62847_exterior_image_2_left_pair1.png,"Follow the markers in the image: the green box marks the object to grasp, the semi-transparent copy inside the blue box shows the object at its destination. Show the scene after the object has been moved to the marked location. Pick up the item. Place it in the bowl."
/data/datasets/DROID/train_v8/final/20454_exterior_image_1_left_pair0.png,/data/datasets/DROID/train_v12/kontext/20454_exterior_image_1_left_pair0.png,"Follow the markers in the image: the green box marks the object to grasp, the semi-transparent copy inside the blue box shows the object at its destination. Show the scene after the object has been moved to the marked location. Pick up the cooker's lid. Place it on the table."
/data/datasets/DROID/train_v8/final/90580_exterior_image_1_left_pair0.png,/data/datasets/DROID/train_v12/kontext/90580_exterior_image_1_left_pair0.png,"Follow the markers in the image: the green box marks the object to grasp, the semi-transparent copy inside the blue box shows the object at its destination. Show the scene after the object has been moved to the marked location. Pick up the lid next to teapot. Place it on the teapot."
/data/datasets/DROID/train_v8/final/21572_exterior_image_1_left_pair0.png,/data/datasets/DROID/train_v12/kontext/21572_exterior_image_1_left_pair0.png,"Follow the markers in the image: the green box marks the object to grasp, the semi-transparent copy inside the blue box shows the object at its destination. Show the scene after the object has been moved to the marked location. Pick up the plush toy. Place it in the sink."
/data/datasets/DROID/train_v8/final/83872_exterior_image_2_left_pair1.png,/data/datasets/DROID/train_v12/kontext/83872_exterior_image_2_left_pair1.png,"Follow the markers in the image: the green box marks the object to grasp, the semi-transparent copy inside the blue box shows the object at its destination. Show the scene after the object has been moved to the marked location. Pick up the short. Place it on the blanket."
/data/datasets/DROID/train_v8/final/77194_exterior_image_1_left_pair0.png,/data/datasets/DROID/train_v12/kontext/77194_exterior_image_1_left_pair0.png,"Follow the markers in the image: the green box marks the object to grasp, the semi-transparent copy inside the blue box shows the object at its destination. Show the scene after the object has been moved to the marked location. Pick up the lid above dishwasher. Place it on the rack dishwasher."
/data/datasets/DROID/train_v8/final/57227_exterior_image_2_left_pair0.png,/data/datasets/DROID/train_v12/kontext/57227_exterior_image_2_left_pair0.png,"Follow the markers in the image: the green box marks the object to grasp, the semi-transparent copy inside the blue box shows the object at its destination. Show the scene after the object has been moved to the marked location. Pick up the square. Place it in the bowl."
/data/datasets/DROID/train_v8/final/9675_exterior_image_1_left_pair0.png,/data/datasets/DROID/train_v12/kontext/9675_exterior_image_1_left_pair0.png,"Follow the markers in the image: the green box marks the object to grasp, the semi-transparent copy inside the blue box shows the object at its destination. Show the scene after the object has been moved to the marked location. Pick up the screwdriver. Place it in the drawer."
/data/datasets/DROID/train_v8/final/36572_exterior_image_1_left_pair0.png,/data/datasets/DROID/train_v12/kontext/36572_exterior_image_1_left_pair0.png,"Follow the markers in the image: the green box marks the object to grasp, the semi-transparent copy inside the blue box shows the object at its destination. Show the scene after the object has been moved to the marked location. Pick up the screwdriver. Place it in the drawer."
/data/datasets/DROID/train_v8/final/45459_exterior_image_1_left_pair0.png,/data/datasets/DROID/train_v12/kontext/45459_exterior_image_1_left_pair0.png,"Follow the markers in the image: the green box marks the object to grasp, the semi-transparent copy inside the blue box shows the object at its destination. Show the scene after the object has been moved to the marked location. Pick up the cup. Place it on the table."
/data/datasets/DROID/train_v8/final/70188_exterior_image_1_left_pair0.png,/data/datasets/DROID/train_v12/kontext/70188_exterior_image_1_left_pair0.png,"Follow the markers in the image: the green box marks the object to grasp, the semi-transparent copy inside the blue box shows the object at its destination. Show the scene after the object has been moved to the marked location. Pick up the charging adapter. Place it on the socket."
/data/datasets/DROID/train_v8/final/23174_exterior_image_2_left_pair0.png,/data/datasets/DROID/train_v12/kontext/23174_exterior_image_2_left_pair0.png,"Follow the markers in the image: the green box marks the object to grasp, the semi-transparent copy inside the blue box shows the object at its destination. Show the scene after the object has been moved to the marked location. Pick up the marker. Place it in the mug."
/data/datasets/DROID/train_v8/final/5385_exterior_image_1_left_pair0.png,/data/datasets/DROID/train_v12/kontext/5385_exterior_image_1_left_pair0.png,"Follow the markers in the image: the green box marks the object to grasp, the semi-transparent copy inside the blue box shows the object at its destination. Show the scene after the object has been moved to the marked location. Pick up the dropper. Place it in the bowl."
/data/datasets/DROID/train_v8/final/35746_exterior_image_1_left_pair0.png,/data/datasets/DROID/train_v12/kontext/35746_exterior_image_1_left_pair0.png,"Follow the markers in the image: the green box marks the object to grasp, the semi-transparent copy inside the blue box shows the object at its destination. Show the scene after the object has been moved to the marked location. Pick up the rectangular. Place it on the table."
/data/datasets/DROID/train_v8/final/17959_exterior_image_1_left_pair0.png,/data/datasets/DROID/train_v12/kontext/17959_exterior_image_1_left_pair0.png,"Follow the markers in the image: the green box marks the object to grasp, the semi-transparent copy inside the blue box shows the object at its destination. Show the scene after the object has been moved to the marked location. Pick up the ring. Place it on the table."
/data/datasets/DROID/train_v8/final/32849_exterior_image_1_left_pair0.png,/data/datasets/DROID/train_v12/kontext/32849_exterior_image_1_left_pair0.png,"Follow the markers in the image: the green box marks the object to grasp, the semi-transparent copy inside the blue box shows the object at its destination. Show the scene after the object has been moved to the marked location. Pick up the toy. Place it on the table."
/data/datasets/DROID/train_v8/final/75643_exterior_image_2_left_pair0.png,/data/datasets/DROID/train_v12/kontext/75643_exterior_image_2_left_pair0.png,"Follow the markers in the image: the green box marks the object to grasp, the semi-transparent copy inside the blue box shows the object at its destination. Show the scene after the object has been moved to the marked location. Pick up the clothing. Place it in the box."
/data/datasets/DROID/train_v8/final/86163_exterior_image_1_left_pair0.png,/data/datasets/DROID/train_v12/kontext/86163_exterior_image_1_left_pair0.png,"Follow the markers in the image: the green box marks the object to grasp, the semi-transparent copy inside the blue box shows the object at its destination. Show the scene after the object has been moved to the marked location. Pick up the cloth. Place it on the box."
/data/datasets/DROID/train_v8/final/14936_exterior_image_2_left_pair1.png,/data/datasets/DROID/train_v12/kontext/14936_exterior_image_2_left_pair1.png,"Follow the markers in the image: the green box marks the object to grasp, the semi-transparent copy inside the blue box shows the object at its destination. Show the scene after the object has been moved to the marked location. Pick up the clothes. Place it on the table."
/data/datasets/DROID/train_v8/final/69725_exterior_image_2_left_pair0.png,/data/datasets/DROID/train_v12/kontext/69725_exterior_image_2_left_pair0.png,"Follow the markers in the image: the green box marks the object to grasp, the semi-transparent copy inside the blue box shows the object at its destination. Show the scene after the object has been moved to the marked location. Pick up the topmost plate. Place it in the dishwasher."
/data/datasets/DROID/train_v8/final/89978_exterior_image_1_left_pair2.png,/data/datasets/DROID/train_v12/kontext/89978_exterior_image_1_left_pair2.png,"Follow the markers in the image: the green box marks the object to grasp, the semi-transparent copy inside the blue box shows the object at its destination. Show the scene after the object has been moved to the marked location. Pick up the bottle water. Place it on the table."
/data/datasets/DROID/train_v8/final/85397_exterior_image_1_left_pair0.png,/data/datasets/DROID/train_v12/kontext/85397_exterior_image_1_left_pair0.png,"Follow the markers in the image: the green box marks the object to grasp, the semi-transparent copy inside the blue box shows the object at its destination. Show the scene after the object has been moved to the marked location. Pick up the book. Place it on the backrest sofa."
/data/datasets/DROID/train_v8/final/24417_exterior_image_2_left_pair0.png,/data/datasets/DROID/train_v12/kontext/24417_exterior_image_2_left_pair0.png,"Follow the markers in the image: the green box marks the object to grasp, the semi-transparent copy inside the blue box shows the object at its destination. Show the scene after the object has been moved to the marked location. Pick up the toy. Place it on the table."
/data/datasets/DROID/train_v8/final/51513_exterior_image_1_left_pair0.png,/data/datasets/DROID/train_v12/kontext/51513_exterior_image_1_left_pair0.png,"Follow the markers in the image: the green box marks the object to grasp, the semi-transparent copy inside the blue box shows the object at its destination. Show the scene after the object has been moved to the marked location. Pick up the lid. Place it on the pot."
/data/datasets/DROID/train_v8/final/7642_exterior_image_2_left_pair0.png,/data/datasets/DROID/train_v12/kontext/7642_exterior_image_2_left_pair0.png,"Follow the markers in the image: the green box marks the object to grasp, the semi-transparent copy inside the blue box shows the object at its destination. Show the scene after the object has been moved to the marked location. Pick up the string. Place it on the object."
/data/datasets/DROID/train_v8/final/25469_exterior_image_2_left_pair0.png,/data/datasets/DROID/train_v12/kontext/25469_exterior_image_2_left_pair0.png,"Follow the markers in the image: the green box marks the object to grasp, the semi-transparent copy inside the blue box shows the object at its destination. Show the scene after the object has been moved to the marked location. Pick up the bowl side. Place it on the air fryer."
/data/datasets/DROID/train_v8/final/69840_exterior_image_1_left_pair0.png,/data/datasets/DROID/train_v12/kontext/69840_exterior_image_1_left_pair0.png,"Follow the markers in the image: the green box marks the object to grasp, the semi-transparent copy inside the blue box shows the object at its destination. Show the scene after the object has been moved to the marked location. Pick up the cable. Place it on the table."
/data/datasets/DROID/train_v8/final/65508_exterior_image_2_left_pair0.png,/data/datasets/DROID/train_v12/kontext/65508_exterior_image_2_left_pair0.png,"Follow the markers in the image: the green box marks the object to grasp, the semi-transparent copy inside the blue box shows the object at its destination. Show the scene after the object has been moved to the marked location. Pick up the bottle by microwave. Place it on the microwave."
/data/datasets/DROID/train_v8/final/91535_exterior_image_2_left_pair0.png,/data/datasets/DROID/train_v12/kontext/91535_exterior_image_2_left_pair0.png,"Follow the markers in the image: the green box marks the object to grasp, the semi-transparent copy inside the blue box shows the object at its destination. Show the scene after the object has been moved to the marked location. Pick up the bottle. Place it on the container."
/data/datasets/DROID/train_v8/final/3168_exterior_image_2_left_pair0.png,/data/datasets/DROID/train_v12/kontext/3168_exterior_image_2_left_pair0.png,"Follow the markers in the image: the green box marks the object to grasp, the semi-transparent copy inside the blue box shows the object at its destination. Show the scene after the object has been moved to the marked location. Pick up the screwdriver. Place it in the drawer."
/data/datasets/DROID/train_v8/final/28856_exterior_image_1_left_pair0.png,/data/datasets/DROID/train_v12/kontext/28856_exterior_image_1_left_pair0.png,"Follow the markers in the image: the green box marks the object to grasp, the semi-transparent copy inside the blue box shows the object at its destination. Show the scene after the object has been moved to the marked location. Pick up the screwdriver. Place it in the drawer."
/data/datasets/DROID/train_v8/final/83872_exterior_image_1_left_pair1.png,/data/datasets/DROID/train_v12/kontext/83872_exterior_image_1_left_pair1.png,"Follow the markers in the image: the green box marks the object to grasp, the semi-transparent copy inside the blue box shows the object at its destination. Show the scene after the object has been moved to the marked location. Pick up the short. Place it on the blanket."
/data/datasets/DROID/train_v8/final/6995_exterior_image_2_left_pair0.png,/data/datasets/DROID/train_v12/kontext/6995_exterior_image_2_left_pair0.png,"Follow the markers in the image: the green box marks the object to grasp, the semi-transparent copy inside the blue box shows the object at its destination. Show the scene after the object has been moved to the marked location. Pick up the Lego. Place it in the drawer."
/data/datasets/DROID/train_v8/final/26205_exterior_image_2_left_pair0.png,/data/datasets/DROID/train_v12/kontext/26205_exterior_image_2_left_pair0.png,"Follow the markers in the image: the green box marks the object to grasp, the semi-transparent copy inside the blue box shows the object at its destination. Show the scene after the object has been moved to the marked location. Pick up the box. Place it on the cabinet."
/data/datasets/DROID/train_v8/final/5385_exterior_image_2_left_pair0.png,/data/datasets/DROID/train_v12/kontext/5385_exterior_image_2_left_pair0.png,"Follow the markers in the image: the green box marks the object to grasp, the semi-transparent copy inside the blue box shows the object at its destination. Show the scene after the object has been moved to the marked location. Pick up the tool. Place it in the bowl."
/data/datasets/DROID/train_v8/final/87626_exterior_image_2_left_pair0.png,/data/datasets/DROID/train_v12/kontext/87626_exterior_image_2_left_pair0.png,"Follow the markers in the image: the green box marks the object to grasp, the semi-transparent copy inside the blue box shows the object at its destination. Show the scene after the object has been moved to the marked location. Pick up the spoon. Place it in the bowl."
/data/datasets/DROID/train_v8/final/64040_exterior_image_2_left_pair0.png,/data/datasets/DROID/train_v12/kontext/64040_exterior_image_2_left_pair0.png,"Follow the markers in the image: the green box marks the object to grasp, the semi-transparent copy inside the blue box shows the object at its destination. Show the scene after the object has been moved to the marked location. Pick up the circular ring. Place it on the tabletop."
/data/datasets/DROID/train_v8/final/90414_exterior_image_2_left_pair0.png,/data/datasets/DROID/train_v12/kontext/90414_exterior_image_2_left_pair0.png,"Follow the markers in the image: the green box marks the object to grasp, the semi-transparent copy inside the blue box shows the object at its destination. Show the scene after the object has been moved to the marked location. Pick up the object. Place it on the table."
/data/datasets/DROID/train_v8/final/45459_exterior_image_2_left_pair0.png,/data/datasets/DROID/train_v12/kontext/45459_exterior_image_2_left_pair0.png,"Follow the markers in the image: the green box marks the object to grasp, the semi-transparent copy inside the blue box shows the object at its destination. Show the scene after the object has been moved to the marked location. Pick up the cup. Place it on the table."
/data/datasets/DROID/train_v8/final/25502_exterior_image_1_left_pair0.png,/data/datasets/DROID/train_v12/kontext/25502_exterior_image_1_left_pair0.png,"Follow the markers in the image: the green box marks the object to grasp, the semi-transparent copy inside the blue box shows the object at its destination. Show the scene after the object has been moved to the marked location. Pick up the piece clothing. Place it in the basket."
/data/datasets/DROID/train_v8/final/36240_exterior_image_2_left_pair0.png,/data/datasets/DROID/train_v12/kontext/36240_exterior_image_2_left_pair0.png,"Follow the markers in the image: the green box marks the object to grasp, the semi-transparent copy inside the blue box shows the object at its destination. Show the scene after the object has been moved to the marked location. Pick up the pen. Place it in the cup."
/data/datasets/DROID/train_v8/final/15900_exterior_image_2_left_pair0.png,/data/datasets/DROID/train_v12/kontext/15900_exterior_image_2_left_pair0.png,"Follow the markers in the image: the green box marks the object to grasp, the semi-transparent copy inside the blue box shows the object at its destination. Show the scene after the object has been moved to the marked location. Pick up the butter knife. Place it in the drawer."
/data/datasets/DROID/train_v8/final/60549_exterior_image_2_left_pair0.png,/data/datasets/DROID/train_v12/kontext/60549_exterior_image_2_left_pair0.png,"Follow the markers in the image: the green box marks the object to grasp, the semi-transparent copy inside the blue box shows the object at its destination. Show the scene after the object has been moved to the marked location. Pick up the cushion. Place it in the cabinet."
/data/datasets/DROID/train_v8/final/1641_exterior_image_2_left_pair0.png,/data/datasets/DROID/train_v12/kontext/1641_exterior_image_2_left_pair0.png,"Follow the markers in the image: the green box marks the object to grasp, the semi-transparent copy inside the blue box shows the object at its destination. Show the scene after the object has been moved to the marked location. Pick up the cup. Place it on the table."
/data/datasets/DROID/train_v8/final/65574_exterior_image_1_left_pair0.png,/data/datasets/DROID/train_v12/kontext/65574_exterior_image_1_left_pair0.png,"Follow the markers in the image: the green box marks the object to grasp, the semi-transparent copy inside the blue box shows the object at its destination. Show the scene after the object has been moved to the marked location. Pick up the lid. Place it on the kettle."
/data/datasets/DROID/train_v8/final/45785_exterior_image_2_left_pair0.png,/data/datasets/DROID/train_v12/kontext/45785_exterior_image_2_left_pair0.png,"Follow the markers in the image: the green box marks the object to grasp, the semi-transparent copy inside the blue box shows the object at its destination. Show the scene after the object has been moved to the marked location. Pick up the object. Place it on the sofa."
/data/datasets/DROID/train_v8/final/37320_exterior_image_2_left_pair1.png,/data/datasets/DROID/train_v12/kontext/37320_exterior_image_2_left_pair1.png,"Follow the markers in the image: the green box marks the object to grasp, the semi-transparent copy inside the blue box shows the object at its destination. Show the scene after the object has been moved to the marked location. Pick up the hat. Place it on the bed."
/data/datasets/DROID/train_v8/final/85518_exterior_image_2_left_pair0.png,/data/datasets/DROID/train_v12/kontext/85518_exterior_image_2_left_pair0.png,"Follow the markers in the image: the green box marks the object to grasp, the semi-transparent copy inside the blue box shows the object at its destination. Show the scene after the object has been moved to the marked location. Pick up the fabric. Place it on the table."
/data/datasets/DROID/train_v8/final/68321_exterior_image_1_left_pair0.png,/data/datasets/DROID/train_v12/kontext/68321_exterior_image_1_left_pair0.png,"Follow the markers in the image: the green box marks the object to grasp, the semi-transparent copy inside the blue box shows the object at its destination. Show the scene after the object has been moved to the marked location. Pick up the plug. Place it on the table."
/data/datasets/DROID/train_v8/final/86769_exterior_image_2_left_pair0.png,/data/datasets/DROID/train_v12/kontext/86769_exterior_image_2_left_pair0.png,"Follow the markers in the image: the green box marks the object to grasp, the semi-transparent copy inside the blue box shows the object at its destination. Show the scene after the object has been moved to the marked location. Pick up the wood board. Place it on the table."
/data/datasets/DROID/train_v8/final/45762_exterior_image_1_left_pair0.png,/data/datasets/DROID/train_v12/kontext/45762_exterior_image_1_left_pair0.png,"Follow the markers in the image: the green box marks the object to grasp, the semi-transparent copy inside the blue box shows the object at its destination. Show the scene after the object has been moved to the marked location. Pick up the tube. Place it on the countertop."
/data/datasets/DROID/train_v8/final/25502_exterior_image_2_left_pair0.png,/data/datasets/DROID/train_v12/kontext/25502_exterior_image_2_left_pair0.png,"Follow the markers in the image: the green box marks the object to grasp, the semi-transparent copy inside the blue box shows the object at its destination. Show the scene after the object has been moved to the marked location. Pick up the piece clothing. Place it in the basket."
/data/datasets/DROID/train_v8/final/40259_exterior_image_2_left_pair0.png,/data/datasets/DROID/train_v12/kontext/40259_exterior_image_2_left_pair0.png,"Follow the markers in the image: the green box marks the object to grasp, the semi-transparent copy inside the blue box shows the object at its destination. Show the scene after the object has been moved to the marked location. Pick up the towel. Place it on the rope."
/data/datasets/DROID/train_v8/final/4012_exterior_image_2_left_pair0.png,/data/datasets/DROID/train_v12/kontext/4012_exterior_image_2_left_pair0.png,"Follow the markers in the image: the green box marks the object to grasp, the semi-transparent copy inside the blue box shows the object at its destination. Show the scene after the object has been moved to the marked location. Pick up the rope. Place it on the object."
/data/datasets/DROID/train_v8/final/78108_exterior_image_1_left_pair0.png,/data/datasets/DROID/train_v12/kontext/78108_exterior_image_1_left_pair0.png,"Follow the markers in the image: the green box marks the object to grasp, the semi-transparent copy inside the blue box shows the object at its destination. Show the scene after the object has been moved to the marked location. Pick up the screwdriver. Place it in the drawer."
/data/datasets/DROID/train_v8/final/11611_exterior_image_2_left_pair0.png,/data/datasets/DROID/train_v12/kontext/11611_exterior_image_2_left_pair0.png,"Follow the markers in the image: the green box marks the object to grasp, the semi-transparent copy inside the blue box shows the object at its destination. Show the scene after the object has been moved to the marked location. Pick up the box. Place it on the table."
/data/datasets/DROID/train_v8/final/3827_exterior_image_1_left_pair0.png,/data/datasets/DROID/train_v12/kontext/3827_exterior_image_1_left_pair0.png,"Follow the markers in the image: the green box marks the object to grasp, the semi-transparent copy inside the blue box shows the object at its destination. Show the scene after the object has been moved to the marked location. Pick up the lid above pot. Place it on the cloth."
/data/datasets/DROID/train_v8/final/47484_exterior_image_2_left_pair0.png,/data/datasets/DROID/train_v12/kontext/47484_exterior_image_2_left_pair0.png,"Follow the markers in the image: the green box marks the object to grasp, the semi-transparent copy inside the blue box shows the object at its destination. Show the scene after the object has been moved to the marked location. Pick up the gift bag. Place it on the display shelf."
/data/datasets/DROID/train_v8/final/15684_exterior_image_2_left_pair0.png,/data/datasets/DROID/train_v12/kontext/15684_exterior_image_2_left_pair0.png,"Follow the markers in the image: the green box marks the object to grasp, the semi-transparent copy inside the blue box shows the object at its destination. Show the scene after the object has been moved to the marked location. Pick up the sharpie. Place it on the book."
/data/datasets/DROID/train_v8/final/41506_exterior_image_1_left_pair0.png,/data/datasets/DROID/train_v12/kontext/41506_exterior_image_1_left_pair0.png,"Follow the markers in the image: the green box marks the object to grasp, the semi-transparent copy inside the blue box shows the object at its destination. Show the scene after the object has been moved to the marked location. Pick up the sock. Place it on the backrest chair."
/data/datasets/DROID/train_v8/final/67018_exterior_image_1_left_pair0.png,/data/datasets/DROID/train_v12/kontext/67018_exterior_image_1_left_pair0.png,"Follow the markers in the image: the green box marks the object to grasp, the semi-transparent copy inside the blue box shows the object at its destination. Show the scene after the object has been moved to the marked location. Pick up the edge rope. Place it in the box."
/data/datasets/DROID/train_v8/final/25209_exterior_image_2_left_pair0.png,/data/datasets/DROID/train_v12/kontext/25209_exterior_image_2_left_pair0.png,"Follow the markers in the image: the green box marks the object to grasp, the semi-transparent copy inside the blue box shows the object at its destination. Show the scene after the object has been moved to the marked location. Pick up the helmet. Place it on the seat sofa."
/data/datasets/DROID/train_v8/final/2337_exterior_image_2_left_pair0.png,/data/datasets/DROID/train_v12/kontext/2337_exterior_image_2_left_pair0.png,"Follow the markers in the image: the green box marks the object to grasp, the semi-transparent copy inside the blue box shows the object at its destination. Show the scene after the object has been moved to the marked location. Pick up the pillar. Place it on the table."
/data/datasets/DROID/train_v8/final/30939_exterior_image_1_left_pair0.png,/data/datasets/DROID/train_v12/kontext/30939_exterior_image_1_left_pair0.png,"Follow the markers in the image: the green box marks the object to grasp, the semi-transparent copy inside the blue box shows the object at its destination. Show the scene after the object has been moved to the marked location. Pick up the rope. Place it on the board."
/data/datasets/DROID/train_v8/final/80780_exterior_image_1_left_pair0.png,/data/datasets/DROID/train_v12/kontext/80780_exterior_image_1_left_pair0.png,"Follow the markers in the image: the green box marks the object to grasp, the semi-transparent copy inside the blue box shows the object at its destination. Show the scene after the object has been moved to the marked location. Pick up the bottle. Place it on the towel."
/data/datasets/DROID/train_v8/final/4318_exterior_image_1_left_pair0.png,/data/datasets/DROID/train_v12/kontext/4318_exterior_image_1_left_pair0.png,"Follow the markers in the image: the green box marks the object to grasp, the semi-transparent copy inside the blue box shows the object at its destination. Show the scene after the object has been moved to the marked location. Pick up the bag. Place it on the bag."
/data/datasets/DROID/train_v8/final/84304_exterior_image_2_left_pair0.png,/data/datasets/DROID/train_v12/kontext/84304_exterior_image_2_left_pair0.png,"Follow the markers in the image: the green box marks the object to grasp, the semi-transparent copy inside the blue box shows the object at its destination. Show the scene after the object has been moved to the marked location. Pick up the towel. Place it in the bag."
/data/datasets/DROID/train_v8/final/45190_exterior_image_2_left_pair0.png,/data/datasets/DROID/train_v12/kontext/45190_exterior_image_2_left_pair0.png,"Follow the markers in the image: the green box marks the object to grasp, the semi-transparent copy inside the blue box shows the object at its destination. Show the scene after the object has been moved to the marked location. Pick up the marker. Place it in the coffee cup."
/data/datasets/DROID/train_v8/final/5479_exterior_image_1_left_pair0.png,/data/datasets/DROID/train_v12/kontext/5479_exterior_image_1_left_pair0.png,"Follow the markers in the image: the green box marks the object to grasp, the semi-transparent copy inside the blue box shows the object at its destination. Show the scene after the object has been moved to the marked location. Pick up the spoon. Place it on the countertop."
/data/datasets/DROID/train_v8/final/73806_exterior_image_2_left_pair0.png,/data/datasets/DROID/train_v12/kontext/73806_exterior_image_2_left_pair0.png,"Follow the markers in the image: the green box marks the object to grasp, the semi-transparent copy inside the blue box shows the object at its destination. Show the scene after the object has been moved to the marked location. Pick up the tube. Place it in the bag."
/data/datasets/DROID/train_v8/final/78044_exterior_image_1_left_pair0.png,/data/datasets/DROID/train_v12/kontext/78044_exterior_image_1_left_pair0.png,"Follow the markers in the image: the green box marks the object to grasp, the semi-transparent copy inside the blue box shows the object at its destination. Show the scene after the object has been moved to the marked location. Pick up the lid. Place it on the pan on stove."
/data/datasets/DROID/train_v8/final/27665_exterior_image_2_left_pair0.png,/data/datasets/DROID/train_v12/kontext/27665_exterior_image_2_left_pair0.png,"Follow the markers in the image: the green box marks the object to grasp, the semi-transparent copy inside the blue box shows the object at its destination. Show the scene after the object has been moved to the marked location. Pick up the toy. Place it on the table."
/data/datasets/DROID/train_v8/final/87770_exterior_image_1_left_pair0.png,/data/datasets/DROID/train_v12/kontext/87770_exterior_image_1_left_pair0.png,"Follow the markers in the image: the green box marks the object to grasp, the semi-transparent copy inside the blue box shows the object at its destination. Show the scene after the object has been moved to the marked location. Pick up the lid. Place it on the towel."
/data/datasets/DROID/train_v8/final/25209_exterior_image_1_left_pair0.png,/data/datasets/DROID/train_v12/kontext/25209_exterior_image_1_left_pair0.png,"Follow the markers in the image: the green box marks the object to grasp, the semi-transparent copy inside the blue box shows the object at its destination. Show the scene after the object has been moved to the marked location. Pick up the helmet. Place it on the seat sofa."
/data/datasets/DROID/train_v8/final/78044_exterior_image_2_left_pair0.png,/data/datasets/DROID/train_v12/kontext/78044_exterior_image_2_left_pair0.png,"Follow the markers in the image: the green box marks the object to grasp, the semi-transparent copy inside the blue box shows the object at its destination. Show the scene after the object has been moved to the marked location. Pick up the lid. Place it on the pan on stove."
/data/datasets/DROID/train_v8/final/47484_exterior_image_1_left_pair1.png,/data/datasets/DROID/train_v12/kontext/47484_exterior_image_1_left_pair1.png,"Follow the markers in the image: the green box marks the object to grasp, the semi-transparent copy inside the blue box shows the object at its destination. Show the scene after the object has been moved to the marked location. Pick up the gift bag. Place it on the display shelf."
/data/datasets/DROID/train_v8/final/58806_exterior_image_2_left_pair0.png,/data/datasets/DROID/train_v12/kontext/58806_exterior_image_2_left_pair0.png,"Follow the markers in the image: the green box marks the object to grasp, the semi-transparent copy inside the blue box shows the object at its destination. Show the scene after the object has been moved to the marked location. Pick up the towel. Place it on the countertop."
/data/datasets/DROID/train_v8/final/24664_exterior_image_1_left_pair0.png,/data/datasets/DROID/train_v12/kontext/24664_exterior_image_1_left_pair0.png,"Follow the markers in the image: the green box marks the object to grasp, the semi-transparent copy inside the blue box shows the object at its destination. Show the scene after the object has been moved to the marked location. Pick up the pot lid. Place it on the pot."
/data/datasets/DROID/train_v8/final/31057_exterior_image_1_left_pair1.png,/data/datasets/DROID/train_v12/kontext/31057_exterior_image_1_left_pair1.png,"Follow the markers in the image: the green box marks the object to grasp, the semi-transparent copy inside the blue box shows the object at its destination. Show the scene after the object has been moved to the marked location. Pick up the bag. Place it on the hook."
/data/datasets/DROID/train_v8/final/46431_exterior_image_2_left_pair0.png,/data/datasets/DROID/train_v12/kontext/46431_exterior_image_2_left_pair0.png,"Follow the markers in the image: the green box marks the object to grasp, the semi-transparent copy inside the blue box shows the object at its destination. Show the scene after the object has been moved to the marked location. Pick up the can. Place it in the cabinet."
/data/datasets/DROID/train_v8/final/18367_exterior_image_2_left_pair1.png,/data/datasets/DROID/train_v12/kontext/18367_exterior_image_2_left_pair1.png,"Follow the markers in the image: the green box marks the object to grasp, the semi-transparent copy inside the blue box shows the object at its destination. Show the scene after the object has been moved to the marked location. Pick up the bag. Place it on the hook."
/data/datasets/DROID/train_v8/final/22582_exterior_image_2_left_pair0.png,/data/datasets/DROID/train_v12/kontext/22582_exterior_image_2_left_pair0.png,"Follow the markers in the image: the green box marks the object to grasp, the semi-transparent copy inside the blue box shows the object at its destination. Show the scene after the object has been moved to the marked location. Pick up the pen holder upside down. Place it on the table."
/data/datasets/DROID/oracle_verifier/63998_exterior_image_1_left_step1_target.png,/data/datasets/DROID/train_v12/kontext/63998_exterior_image_1_left_step1_target.png,"Follow the markers in the image: the green box marks the object to grasp, the semi-transparent copy inside the blue box shows the object at its destination. Show the scene after the object has been moved to the marked location. Pick up the marker. Place it on the mug."
/data/datasets/DROID/oracle_verifier/49208_exterior_image_2_left_step1_target.png,/data/datasets/DROID/train_v12/kontext/49208_exterior_image_2_left_step1_target.png,"Follow the markers in the image: the green box marks the object to grasp, the semi-transparent copy inside the blue box shows the object at its destination. Show the scene after the object has been moved to the marked location. Pick up the cup. Place it on the tray."
/data/datasets/DROID/oracle_verifier/17997_exterior_image_2_left_step1_target.png,/data/datasets/DROID/train_v12/kontext/17997_exterior_image_2_left_step1_target.png,"Follow the markers in the image: the green box marks the object to grasp, the semi-transparent copy inside the blue box shows the object at its destination. Show the scene after the object has been moved to the marked location. Pick up the garlic. Place it on the counter."
/data/datasets/DROID/oracle_verifier/1571_exterior_image_2_left_step1_target.png,/data/datasets/DROID/train_v12/kontext/1571_exterior_image_2_left_step1_target.png,"Follow the markers in the image: the green box marks the object to grasp, the semi-transparent copy inside the blue box shows the object at its destination. Show the scene after the object has been moved to the marked location. Pick up the toy. Place it on the table."
/data/datasets/DROID/oracle_verifier/74889_exterior_image_2_left_step1_target.png,/data/datasets/DROID/train_v12/kontext/74889_exterior_image_2_left_step1_target.png,"Follow the markers in the image: the green box marks the object to grasp, the semi-transparent copy inside the blue box shows the object at its destination. Show the scene after the object has been moved to the marked location. Pick up the object. Place it in the box."
/data/datasets/DROID/oracle_verifier/45894_exterior_image_1_left_step1_target.png,/data/datasets/DROID/train_v12/kontext/45894_exterior_image_1_left_step1_target.png,"Follow the markers in the image: the green box marks the object to grasp, the semi-transparent copy inside the blue box shows the object at its destination. Show the scene after the object has been moved to the marked location. Pick up the can. Place it on the plate."
/data/datasets/DROID/oracle_verifier/38660_exterior_image_1_left_step1_target.png,/data/datasets/DROID/train_v12/kontext/38660_exterior_image_1_left_step1_target.png,"Follow the markers in the image: the green box marks the object to grasp, the semi-transparent copy inside the blue box shows the object at its destination. Show the scene after the object has been moved to the marked location. Pick up the ring. Place it on the rod."
/data/datasets/DROID/oracle_verifier/76994_exterior_image_1_left_step1_target.png,/data/datasets/DROID/train_v12/kontext/76994_exterior_image_1_left_step1_target.png,"Follow the markers in the image: the green box marks the object to grasp, the semi-transparent copy inside the blue box shows the object at its destination. Show the scene after the object has been moved to the marked location. Pick up the cylinder. Place it on the table."
/data/datasets/DROID/oracle_verifier/89504_exterior_image_1_left_step1_target.png,/data/datasets/DROID/train_v12/kontext/89504_exterior_image_1_left_step1_target.png,"Follow the markers in the image: the green box marks the object to grasp, the semi-transparent copy inside the blue box shows the object at its destination. Show the scene after the object has been moved to the marked location. Pick up the bottle. Place it on the mat."
/data/datasets/DROID/oracle_verifier/15716_exterior_image_1_left_step1_target.png,/data/datasets/DROID/train_v12/kontext/15716_exterior_image_1_left_step1_target.png,"Follow the markers in the image: the green box marks the object to grasp, the semi-transparent copy inside the blue box shows the object at its destination. Show the scene after the object has been moved to the marked location. Pick up the block. Place it on the desktop."
/data/datasets/DROID/oracle_verifier/34891_exterior_image_2_left_step1_target.png,/data/datasets/DROID/train_v12/kontext/34891_exterior_image_2_left_step1_target.png,"Follow the markers in the image: the green box marks the object to grasp, the semi-transparent copy inside the blue box shows the object at its destination. Show the scene after the object has been moved to the marked location. Pick up the can. Place it on the plate."
/data/datasets/DROID/oracle_verifier/12685_exterior_image_2_left_step1_target.png,/data/datasets/DROID/train_v12/kontext/12685_exterior_image_2_left_step1_target.png,"Follow the markers in the image: the green box marks the object to grasp, the semi-transparent copy inside the blue box shows the object at its destination. Show the scene after the object has been moved to the marked location. Pick up the object. Place it in the plate."
/data/datasets/DROID/oracle_verifier/19929_exterior_image_2_left_step1_target.png,/data/datasets/DROID/train_v12/kontext/19929_exterior_image_2_left_step1_target.png,"Follow the markers in the image: the green box marks the object to grasp, the semi-transparent copy inside the blue box shows the object at its destination. Show the scene after the object has been moved to the marked location. Pick up the cup. Place it on the table."
/data/datasets/DROID/oracle_verifier/56862_exterior_image_1_left_step2_target.png,/data/datasets/DROID/train_v12/kontext/56862_exterior_image_1_left_step2_target.png,"Follow the markers in the image: the green box marks the object to grasp, the semi-transparent copy inside the blue box shows the object at its destination. Show the scene after the object has been moved to the marked location. Pick up the packaging bag. Place it in the box."
/data/datasets/DROID/oracle_verifier/54738_exterior_image_2_left_step1_target.png,/data/datasets/DROID/train_v12/kontext/54738_exterior_image_2_left_step1_target.png,"Follow the markers in the image: the green box marks the object to grasp, the semi-transparent copy inside the blue box shows the object at its destination. Show the scene after the object has been moved to the marked location. Pick up the block. Place it in the bowl."
/data/datasets/DROID/oracle_verifier/41626_exterior_image_1_left_step1_target.png,/data/datasets/DROID/train_v12/kontext/41626_exterior_image_1_left_step1_target.png,"Follow the markers in the image: the green box marks the object to grasp, the semi-transparent copy inside the blue box shows the object at its destination. Show the scene after the object has been moved to the marked location. Pick up the object. Place it on the surface."
/data/datasets/DROID/oracle_verifier/381_exterior_image_2_left_step1_target.png,/data/datasets/DROID/train_v12/kontext/381_exterior_image_2_left_step1_target.png,"Follow the markers in the image: the green box marks the object to grasp, the semi-transparent copy inside the blue box shows the object at its destination. Show the scene after the object has been moved to the marked location. Pick up the plush toy. Place it on the plate."
/data/datasets/DROID/oracle_verifier/27347_exterior_image_2_left_step1_target.png,/data/datasets/DROID/train_v12/kontext/27347_exterior_image_2_left_step1_target.png,"Follow the markers in the image: the green box marks the object to grasp, the semi-transparent copy inside the blue box shows the object at its destination. Show the scene after the object has been moved to the marked location. Pick up the piece. Place it on the tabletop."
/data/datasets/DROID/oracle_verifier/33247_exterior_image_2_left_step1_target.png,/data/datasets/DROID/train_v12/kontext/33247_exterior_image_2_left_step1_target.png,"Follow the markers in the image: the green box marks the object to grasp, the semi-transparent copy inside the blue box shows the object at its destination. Show the scene after the object has been moved to the marked location. Pick up the jug. Place it on the tray."
/data/datasets/DROID/oracle_verifier/4885_exterior_image_1_left_step1_target.png,/data/datasets/DROID/train_v12/kontext/4885_exterior_image_1_left_step1_target.png,"Follow the markers in the image: the green box marks the object to grasp, the semi-transparent copy inside the blue box shows the object at its destination. Show the scene after the object has been moved to the marked location. Pick up the towel. Place it on the countertop."
/data/datasets/DROID/oracle_verifier/42718_exterior_image_1_left_step1_target.png,/data/datasets/DROID/train_v12/kontext/42718_exterior_image_1_left_step1_target.png,"Follow the markers in the image: the green box marks the object to grasp, the semi-transparent copy inside the blue box shows the object at its destination. Show the scene after the object has been moved to the marked location. Pick up the lid. Place it on the pot."
/data/datasets/DROID/oracle_verifier/36995_exterior_image_2_left_step1_target.png,/data/datasets/DROID/train_v12/kontext/36995_exterior_image_2_left_step1_target.png,"Follow the markers in the image: the green box marks the object to grasp, the semi-transparent copy inside the blue box shows the object at its destination. Show the scene after the object has been moved to the marked location. Pick up the object. Place it in the bag."
/data/datasets/DROID/oracle_verifier/3929_exterior_image_1_left_step1_target.png,/data/datasets/DROID/train_v12/kontext/3929_exterior_image_1_left_step1_target.png,"Follow the markers in the image: the green box marks the object to grasp, the semi-transparent copy inside the blue box shows the object at its destination. Show the scene after the object has been moved to the marked location. Pick up the bowl. Place it on the table."
/data/datasets/DROID/oracle_verifier/6724_exterior_image_1_left_step1_target.png,/data/datasets/DROID/train_v12/kontext/6724_exterior_image_1_left_step1_target.png,"Follow the markers in the image: the green box marks the object to grasp, the semi-transparent copy inside the blue box shows the object at its destination. Show the scene after the object has been moved to the marked location. Pick up the marker. Place it in the cup."
/data/datasets/DROID/oracle_verifier/58574_exterior_image_1_left_step1_target.png,/data/datasets/DROID/train_v12/kontext/58574_exterior_image_1_left_step1_target.png,"Follow the markers in the image: the green box marks the object to grasp, the semi-transparent copy inside the blue box shows the object at its destination. Show the scene after the object has been moved to the marked location. Pick up the cup. Place it on the countertop."
/data/datasets/DROID/oracle_verifier/29403_exterior_image_1_left_step1_target.png,/data/datasets/DROID/train_v12/kontext/29403_exterior_image_1_left_step1_target.png,"Follow the markers in the image: the green box marks the object to grasp, the semi-transparent copy inside the blue box shows the object at its destination. Show the scene after the object has been moved to the marked location. Pick up the object. Place it on the table."
/data/datasets/DROID/oracle_verifier/7113_exterior_image_2_left_step1_target.png,/data/datasets/DROID/train_v12/kontext/7113_exterior_image_2_left_step1_target.png,"Follow the markers in the image: the green box marks the object to grasp, the semi-transparent copy inside the blue box shows the object at its destination. Show the scene after the object has been moved to the marked location. Pick up the object. Place it on the table."
/data/datasets/DROID/oracle_verifier/86847_exterior_image_1_left_step1_target.png,/data/datasets/DROID/train_v12/kontext/86847_exterior_image_1_left_step1_target.png,"Follow the markers in the image: the green box marks the object to grasp, the semi-transparent copy inside the blue box shows the object at its destination. Show the scene after the object has been moved to the marked location. Pick up the towel. Place it on the table."
/data/datasets/DROID/oracle_verifier/77556_exterior_image_1_left_step1_target.png,/data/datasets/DROID/train_v12/kontext/77556_exterior_image_1_left_step1_target.png,"Follow the markers in the image: the green box marks the object to grasp, the semi-transparent copy inside the blue box shows the object at its destination. Show the scene after the object has been moved to the marked location. Pick up the plate. Place it on the table."
/data/datasets/DROID/oracle_verifier/7637_exterior_image_2_left_step1_target.png,/data/datasets/DROID/train_v12/kontext/7637_exterior_image_2_left_step1_target.png,"Follow the markers in the image: the green box marks the object to grasp, the semi-transparent copy inside the blue box shows the object at its destination. Show the scene after the object has been moved to the marked location. Pick up the item. Place it on the plate."
/data/datasets/DROID/oracle_verifier/71175_exterior_image_1_left_step1_target.png,/data/datasets/DROID/train_v12/kontext/71175_exterior_image_1_left_step1_target.png,"Follow the markers in the image: the green box marks the object to grasp, the semi-transparent copy inside the blue box shows the object at its destination. Show the scene after the object has been moved to the marked location. Pick up the block. Place it on the block."
/data/datasets/DROID/oracle_verifier/77875_exterior_image_1_left_step1_target.png,/data/datasets/DROID/train_v12/kontext/77875_exterior_image_1_left_step1_target.png,"Follow the markers in the image: the green box marks the object to grasp, the semi-transparent copy inside the blue box shows the object at its destination. Show the scene after the object has been moved to the marked location. Pick up the watermelon plush toy. Place it in the pot."
/data/datasets/DROID/oracle_verifier/82757_exterior_image_2_left_step1_target.png,/data/datasets/DROID/train_v12/kontext/82757_exterior_image_2_left_step1_target.png,"Follow the markers in the image: the green box marks the object to grasp, the semi-transparent copy inside the blue box shows the object at its destination. Show the scene after the object has been moved to the marked location. Pick up the pen. Place it on the cup."
/data/datasets/DROID/oracle_verifier/77034_exterior_image_2_left_step1_target.png,/data/datasets/DROID/train_v12/kontext/77034_exterior_image_2_left_step1_target.png,"Follow the markers in the image: the green box marks the object to grasp, the semi-transparent copy inside the blue box shows the object at its destination. Show the scene after the object has been moved to the marked location. Pick up the clothes hanger. Place it on the clothes rack."
/data/datasets/DROID/oracle_verifier/86393_exterior_image_1_left_step1_target.png,/data/datasets/DROID/train_v12/kontext/86393_exterior_image_1_left_step1_target.png,"Follow the markers in the image: the green box marks the object to grasp, the semi-transparent copy inside the blue box shows the object at its destination. Show the scene after the object has been moved to the marked location. Pick up the lid. Place it on the tabletop."
/data/datasets/DROID/oracle_verifier/79241_exterior_image_2_left_step1_target.png,/data/datasets/DROID/train_v12/kontext/79241_exterior_image_2_left_step1_target.png,"Follow the markers in the image: the green box marks the object to grasp, the semi-transparent copy inside the blue box shows the object at its destination. Show the scene after the object has been moved to the marked location. Pick up the cup. Place it on the table."
/data/datasets/DROID/oracle_verifier/71472_exterior_image_1_left_step1_target.png,/data/datasets/DROID/train_v12/kontext/71472_exterior_image_1_left_step1_target.png,"Follow the markers in the image: the green box marks the object to grasp, the semi-transparent copy inside the blue box shows the object at its destination. Show the scene after the object has been moved to the marked location. Pick up the bottle. Place it on the table."
/data/datasets/DROID/oracle_verifier/11924_exterior_image_2_left_step1_target.png,/data/datasets/DROID/train_v12/kontext/11924_exterior_image_2_left_step1_target.png,"Follow the markers in the image: the green box marks the object to grasp, the semi-transparent copy inside the blue box shows the object at its destination. Show the scene after the object has been moved to the marked location. Pick up the lid. Place it on the pot."
/data/datasets/DROID/oracle_verifier/91552_exterior_image_2_left_step1_target.png,/data/datasets/DROID/train_v12/kontext/91552_exterior_image_2_left_step1_target.png,"Follow the markers in the image: the green box marks the object to grasp, the semi-transparent copy inside the blue box shows the object at its destination. Show the scene after the object has been moved to the marked location. Pick up the block. Place it on the table."
/data/datasets/DROID/oracle_verifier/48393_exterior_image_1_left_step1_target.png,/data/datasets/DROID/train_v12/kontext/48393_exterior_image_1_left_step1_target.png,"Follow the markers in the image: the green box marks the object to grasp, the semi-transparent copy inside the blue box shows the object at its destination. Show the scene after the object has been moved to the marked location. Pick up the bottle. Place it on the box."
/data/datasets/DROID/oracle_verifier/21213_exterior_image_2_left_step1_target.png,/data/datasets/DROID/train_v12/kontext/21213_exterior_image_2_left_step1_target.png,"Follow the markers in the image: the green box marks the object to grasp, the semi-transparent copy inside the blue box shows the object at its destination. Show the scene after the object has been moved to the marked location. Pick up the bag. Place it in the box."
/data/datasets/DROID/oracle_verifier/72723_exterior_image_1_left_step1_target.png,/data/datasets/DROID/train_v12/kontext/72723_exterior_image_1_left_step1_target.png,"Follow the markers in the image: the green box marks the object to grasp, the semi-transparent copy inside the blue box shows the object at its destination. Show the scene after the object has been moved to the marked location. Pick up the bottle. Place it on the desktop."
/data/datasets/DROID/oracle_verifier/52305_exterior_image_2_left_step1_target.png,/data/datasets/DROID/train_v12/kontext/52305_exterior_image_2_left_step1_target.png,"Follow the markers in the image: the green box marks the object to grasp, the semi-transparent copy inside the blue box shows the object at its destination. Show the scene after the object has been moved to the marked location. Pick up the object. Place it in the bowl."
/data/datasets/DROID/oracle_verifier/16307_exterior_image_2_left_step1_target.png,/data/datasets/DROID/train_v12/kontext/16307_exterior_image_2_left_step1_target.png,"Follow the markers in the image: the green box marks the object to grasp, the semi-transparent copy inside the blue box shows the object at its destination. Show the scene after the object has been moved to the marked location. Pick up the water bottle. Place it on the table."
/data/datasets/DROID/oracle_verifier/64587_exterior_image_2_left_step1_target.png,/data/datasets/DROID/train_v12/kontext/64587_exterior_image_2_left_step1_target.png,"Follow the markers in the image: the green box marks the object to grasp, the semi-transparent copy inside the blue box shows the object at its destination. Show the scene after the object has been moved to the marked location. Pick up the square. Place it on the table."
/data/datasets/DROID/oracle_verifier/33288_exterior_image_1_left_step1_target.png,/data/datasets/DROID/train_v12/kontext/33288_exterior_image_1_left_step1_target.png,"Follow the markers in the image: the green box marks the object to grasp, the semi-transparent copy inside the blue box shows the object at its destination. Show the scene after the object has been moved to the marked location. Pick up the fork. Place it on the plate."
/data/datasets/DROID/oracle_verifier/81026_exterior_image_2_left_step1_target.png,/data/datasets/DROID/train_v12/kontext/81026_exterior_image_2_left_step1_target.png,"Follow the markers in the image: the green box marks the object to grasp, the semi-transparent copy inside the blue box shows the object at its destination. Show the scene after the object has been moved to the marked location. Pick up the lid. Place it on the table."
/data/datasets/DROID/oracle_verifier/50793_exterior_image_2_left_step1_target.png,/data/datasets/DROID/train_v12/kontext/50793_exterior_image_2_left_step1_target.png,"Follow the markers in the image: the green box marks the object to grasp, the semi-transparent copy inside the blue box shows the object at its destination. Show the scene after the object has been moved to the marked location. Pick up the cap. Place it on the table."
/data/datasets/DROID/oracle_verifier/73268_exterior_image_1_left_step1_target.png,/data/datasets/DROID/train_v12/kontext/73268_exterior_image_1_left_step1_target.png,"Follow the markers in the image: the green box marks the object to grasp, the semi-transparent copy inside the blue box shows the object at its destination. Show the scene after the object has been moved to the marked location. Pick up the lid. Place it on the bottle."
/data/datasets/DROID/oracle_verifier/79497_exterior_image_1_left_step1_target.png,/data/datasets/DROID/train_v12/kontext/79497_exterior_image_1_left_step1_target.png,"Follow the markers in the image: the green box marks the object to grasp, the semi-transparent copy inside the blue box shows the object at its destination. Show the scene after the object has been moved to the marked location. Pick up the marker. Place it in the cup."
/data/datasets/DROID/oracle_verifier/45191_exterior_image_2_left_step1_target.png,/data/datasets/DROID/train_v12/kontext/45191_exterior_image_2_left_step1_target.png,"Follow the markers in the image: the green box marks the object to grasp, the semi-transparent copy inside the blue box shows the object at its destination. Show the scene after the object has been moved to the marked location. Pick up the bowl. Place it on the stove."
/data/datasets/DROID/oracle_verifier/54666_exterior_image_1_left_step1_target.png,/data/datasets/DROID/train_v12/kontext/54666_exterior_image_1_left_step1_target.png,"Follow the markers in the image: the green box marks the object to grasp, the semi-transparent copy inside the blue box shows the object at its destination. Show the scene after the object has been moved to the marked location. Pick up the cloth. Place it in the box."
/data/datasets/DROID/oracle_verifier/75834_exterior_image_1_left_step1_target.png,/data/datasets/DROID/train_v12/kontext/75834_exterior_image_1_left_step1_target.png,"Follow the markers in the image: the green box marks the object to grasp, the semi-transparent copy inside the blue box shows the object at its destination. Show the scene after the object has been moved to the marked location. Pick up the box. Place it on the table."
/data/datasets/DROID/oracle_verifier/42230_exterior_image_1_left_step1_target.png,/data/datasets/DROID/train_v12/kontext/42230_exterior_image_1_left_step1_target.png,"Follow the markers in the image: the green box marks the object to grasp, the semi-transparent copy inside the blue box shows the object at its destination. Show the scene after the object has been moved to the marked location. Pick up the mug. Place it on the side table."
/data/datasets/DROID/oracle_verifier/49084_exterior_image_2_left_step1_target.png,/data/datasets/DROID/train_v12/kontext/49084_exterior_image_2_left_step1_target.png,"Follow the markers in the image: the green box marks the object to grasp, the semi-transparent copy inside the blue box shows the object at its destination. Show the scene after the object has been moved to the marked location. Pick up the spoon. Place it in the cutlery holder."
/data/datasets/DROID/oracle_verifier/33597_exterior_image_2_left_step1_target.png,/data/datasets/DROID/train_v12/kontext/33597_exterior_image_2_left_step1_target.png,"Follow the markers in the image: the green box marks the object to grasp, the semi-transparent copy inside the blue box shows the object at its destination. Show the scene after the object has been moved to the marked location. Pick up the object. Place it in the bowl."
/data/datasets/DROID/oracle_verifier/30302_exterior_image_1_left_step1_target.png,/data/datasets/DROID/train_v12/kontext/30302_exterior_image_1_left_step1_target.png,"Follow the markers in the image: the green box marks the object to grasp, the semi-transparent copy inside the blue box shows the object at its destination. Show the scene after the object has been moved to the marked location. Pick up the block. Place it on the table."
/data/datasets/DROID/oracle_verifier/18176_exterior_image_1_left_step1_target.png,/data/datasets/DROID/train_v12/kontext/18176_exterior_image_1_left_step1_target.png,"Follow the markers in the image: the green box marks the object to grasp, the semi-transparent copy inside the blue box shows the object at its destination. Show the scene after the object has been moved to the marked location. Pick up the spoon. Place it in the bowl."
/data/datasets/DROID/oracle_verifier/44952_exterior_image_2_left_step1_target.png,/data/datasets/DROID/train_v12/kontext/44952_exterior_image_2_left_step1_target.png,"Follow the markers in the image: the green box marks the object to grasp, the semi-transparent copy inside the blue box shows the object at its destination. Show the scene after the object has been moved to the marked location. Pick up the plum plush toy. Place it on the countertop."
/data/datasets/DROID/oracle_verifier/37895_exterior_image_1_left_step1_target.png,/data/datasets/DROID/train_v12/kontext/37895_exterior_image_1_left_step1_target.png,"Follow the markers in the image: the green box marks the object to grasp, the semi-transparent copy inside the blue box shows the object at its destination. Show the scene after the object has been moved to the marked location. Pick up the cup. Place it on the table."
/data/datasets/DROID/oracle_verifier/86838_exterior_image_2_left_step1_target.png,/data/datasets/DROID/train_v12/kontext/86838_exterior_image_2_left_step1_target.png,"Follow the markers in the image: the green box marks the object to grasp, the semi-transparent copy inside the blue box shows the object at its destination. Show the scene after the object has been moved to the marked location. Pick up the colourless bowl. Place it on the table."
/data/datasets/DROID/oracle_verifier/58630_exterior_image_1_left_step3_target.png,/data/datasets/DROID/train_v12/kontext/58630_exterior_image_1_left_step3_target.png,"Follow the markers in the image: the green box marks the object to grasp, the semi-transparent copy inside the blue box shows the object at its destination. Show the scene after the object has been moved to the marked location. Pick up the plush toy. Place it in the bag."
/data/datasets/DROID/oracle_verifier/70480_exterior_image_1_left_step1_target.png,/data/datasets/DROID/train_v12/kontext/70480_exterior_image_1_left_step1_target.png,"Follow the markers in the image: the green box marks the object to grasp, the semi-transparent copy inside the blue box shows the object at its destination. Show the scene after the object has been moved to the marked location. Pick up the bag of balls. Place it in the box."
/data/datasets/DROID/oracle_verifier/7092_exterior_image_2_left_step1_target.png,/data/datasets/DROID/train_v12/kontext/7092_exterior_image_2_left_step1_target.png,"Follow the markers in the image: the green box marks the object to grasp, the semi-transparent copy inside the blue box shows the object at its destination. Show the scene after the object has been moved to the marked location. Pick up the tape. Place it on the table."
/data/datasets/DROID/oracle_verifier/91113_exterior_image_2_left_step1_target.png,/data/datasets/DROID/train_v12/kontext/91113_exterior_image_2_left_step1_target.png,"Follow the markers in the image: the green box marks the object to grasp, the semi-transparent copy inside the blue box shows the object at its destination. Show the scene after the object has been moved to the marked location. Pick up the bottle. Place it on the table."
/data/datasets/DROID/oracle_verifier/66577_exterior_image_1_left_step1_target.png,/data/datasets/DROID/train_v12/kontext/66577_exterior_image_1_left_step1_target.png,"Follow the markers in the image: the green box marks the object to grasp, the semi-transparent copy inside the blue box shows the object at its destination. Show the scene after the object has been moved to the marked location. Pick up the towel. Place it on the towel."
/data/datasets/DROID/oracle_verifier/7807_exterior_image_2_left_step1_target.png,/data/datasets/DROID/train_v12/kontext/7807_exterior_image_2_left_step1_target.png,"Follow the markers in the image: the green box marks the object to grasp, the semi-transparent copy inside the blue box shows the object at its destination. Show the scene after the object has been moved to the marked location. Pick up the object. Place it on the table."
/data/datasets/DROID/oracle_verifier/5314_exterior_image_2_left_step1_target.png,/data/datasets/DROID/train_v12/kontext/5314_exterior_image_2_left_step1_target.png,"Follow the markers in the image: the green box marks the object to grasp, the semi-transparent copy inside the blue box shows the object at its destination. Show the scene after the object has been moved to the marked location. Pick up the pen. Place it in the bowl."
/data/datasets/DROID/oracle_verifier/10061_exterior_image_2_left_step1_target.png,/data/datasets/DROID/train_v12/kontext/10061_exterior_image_2_left_step1_target.png,"Follow the markers in the image: the green box marks the object to grasp, the semi-transparent copy inside the blue box shows the object at its destination. Show the scene after the object has been moved to the marked location. Pick up the lid. Place it on the pot."
/data/datasets/DROID/oracle_verifier/4011_exterior_image_1_left_step1_target.png,/data/datasets/DROID/train_v12/kontext/4011_exterior_image_1_left_step1_target.png,"Follow the markers in the image: the green box marks the object to grasp, the semi-transparent copy inside the blue box shows the object at its destination. Show the scene after the object has been moved to the marked location. Pick up the toy. Place it in the sink."
/data/datasets/DROID/oracle_verifier/51608_exterior_image_1_left_step1_target.png,/data/datasets/DROID/train_v12/kontext/51608_exterior_image_1_left_step1_target.png,"Follow the markers in the image: the green box marks the object to grasp, the semi-transparent copy inside the blue box shows the object at its destination. Show the scene after the object has been moved to the marked location. Pick up the object. Place it on the table."
/data/datasets/DROID/oracle_verifier/33052_exterior_image_1_left_step2_target.png,/data/datasets/DROID/train_v12/kontext/33052_exterior_image_1_left_step2_target.png,"Follow the markers in the image: the green box marks the object to grasp, the semi-transparent copy inside the blue box shows the object at its destination. Show the scene after the object has been moved to the marked location. Pick up the ring. Place it in the cup."
/data/datasets/DROID/oracle_verifier/45547_exterior_image_2_left_step1_target.png,/data/datasets/DROID/train_v12/kontext/45547_exterior_image_2_left_step1_target.png,"Follow the markers in the image: the green box marks the object to grasp, the semi-transparent copy inside the blue box shows the object at its destination. Show the scene after the object has been moved to the marked location. Pick up the toy. Place it in the bowl."
/data/datasets/DROID/oracle_verifier/ep_012857_CLVR_13759f6e_2023-05-20-17h-21m-49s_right_step1_target.png,/data/datasets/DROID/train_v12/kontext/ep_012857_CLVR_13759f6e_2023-05-20-17h-21m-49s_right_step1_target.png,"Follow the markers in the image: the green box marks the object to grasp, the semi-transparent copy inside the blue box shows the object at its destination. Show the scene after the object has been moved to the marked location. Pick up the glue stick. Place it in the mug."
/data/datasets/DROID/oracle_verifier/ep_042768_TRI_52ca9b6a_2023-10-25-10h-26m-07s_left_step1_target.png,/data/datasets/DROID/train_v12/kontext/ep_042768_TRI_52ca9b6a_2023-10-25-10h-26m-07s_left_step1_target.png,"Follow the markers in the image: the green box marks the object to grasp, the semi-transparent copy inside the blue box shows the object at its destination. Show the scene after the object has been moved to the marked location. Pick up the pot. Place it on the counter."
