image,kontext_images,prompt
/data/datasets/DROID/train_v4/final/30314_exterior_image_2_left_pair0.png,/data/datasets/DROID/train_v5a/kontext/30314_exterior_image_2_left_pair0.png,"Follow the markers in the image: the green box marks the object to grasp, the blue dot marks where to place it. Show the scene after the object has been moved to the marked location. Pick up the light green cup from the countertop. Place the light green cup inside the light green bowl."
/data/datasets/DROID/train_v4/final/30314_exterior_image_2_left_pair1.png,/data/datasets/DROID/train_v5a/kontext/30314_exterior_image_2_left_pair1.png,"Follow the markers in the image: the green box marks the object to grasp, the blue dot marks where to place it. Show the scene after the object has been moved to the marked location. Pick up a knife from the countertop. Place the knife in the light green cup."
/data/datasets/DROID/train_v4/final/11300_exterior_image_1_left_pair0.png,/data/datasets/DROID/train_v5a/kontext/11300_exterior_image_1_left_pair0.png,"Follow the markers in the image: the green box marks the object to grasp, the blue dot marks where to place it. Show the scene after the object has been moved to the marked location. Pick up the cup from the counter. Place the cup on the table."
/data/datasets/DROID/train_v4/final/11300_exterior_image_1_left_pair1.png,/data/datasets/DROID/train_v5a/kontext/11300_exterior_image_1_left_pair1.png,"Follow the markers in the image: the green box marks the object to grasp, the blue dot marks where to place it. Show the scene after the object has been moved to the marked location. Pick up the bowl from the counter. Place the bowl on the table."
/data/datasets/DROID/train_v4/final/90405_exterior_image_1_left_pair0.png,/data/datasets/DROID/train_v5a/kontext/90405_exterior_image_1_left_pair0.png,"Follow the markers in the image: the green box marks the object to grasp, the blue dot marks where to place it. Show the scene after the object has been moved to the marked location. Pick up the orange block on the blue table. Place the orange block in the black bowl."
/data/datasets/DROID/train_v4/final/90405_exterior_image_1_left_pair1.png,/data/datasets/DROID/train_v5a/kontext/90405_exterior_image_1_left_pair1.png,"Follow the markers in the image: the green box marks the object to grasp, the blue dot marks where to place it. Show the scene after the object has been moved to the marked location. Pick up the green block on the blue table. Place the green block in the black bowl."
/data/datasets/DROID/train_v4/final/41090_exterior_image_2_left_pair0.png,/data/datasets/DROID/train_v5a/kontext/41090_exterior_image_2_left_pair0.png,"Follow the markers in the image: the green box marks the object to grasp, the blue dot marks where to place it. Show the scene after the object has been moved to the marked location. Pick up the cup on the table. Place the cup on top of the cup."
/data/datasets/DROID/train_v4/final/41090_exterior_image_2_left_pair1.png,/data/datasets/DROID/train_v5a/kontext/41090_exterior_image_2_left_pair1.png,"Follow the markers in the image: the green box marks the object to grasp, the blue dot marks where to place it. Show the scene after the object has been moved to the marked location. Pick up the cup from the table. Place the cup on top of the cup."
/data/datasets/DROID/train_v4/final/69850_exterior_image_1_left_pair0.png,/data/datasets/DROID/train_v5a/kontext/69850_exterior_image_1_left_pair0.png,"Follow the markers in the image: the green box marks the object to grasp, the blue dot marks where to place it. Show the scene after the object has been moved to the marked location. Remove glue stick from the mug. Place glue stick on the desktop."
/data/datasets/DROID/train_v4/final/69850_exterior_image_1_left_pair1.png,/data/datasets/DROID/train_v5a/kontext/69850_exterior_image_1_left_pair1.png,"Follow the markers in the image: the green box marks the object to grasp, the blue dot marks where to place it. Show the scene after the object has been moved to the marked location. Pick up glue stick from the desktop. Place glue stick into the mug."
/data/datasets/DROID/train_v4/final/41083_exterior_image_1_left_pair0.png,/data/datasets/DROID/train_v5a/kontext/41083_exterior_image_1_left_pair0.png,"Follow the markers in the image: the green box marks the object to grasp, the blue dot marks where to place it. Show the scene after the object has been moved to the marked location. Pick up the cylinder on the table. Place the cylinder on top of the other cylinders."
/data/datasets/DROID/train_v4/final/41083_exterior_image_1_left_pair1.png,/data/datasets/DROID/train_v5a/kontext/41083_exterior_image_1_left_pair1.png,"Follow the markers in the image: the green box marks the object to grasp, the blue dot marks where to place it. Show the scene after the object has been moved to the marked location. Pick up the K-cup on the table. Place the K-cup on the cylinder."
/data/datasets/DROID/train_v4/final/67395_exterior_image_1_left_pair0.png,/data/datasets/DROID/train_v5a/kontext/67395_exterior_image_1_left_pair0.png,"Follow the markers in the image: the green box marks the object to grasp, the blue dot marks where to place it. Show the scene after the object has been moved to the marked location. Pick up the marker from the cup. Place the marker on the table."
/data/datasets/DROID/train_v4/final/67395_exterior_image_1_left_pair1.png,/data/datasets/DROID/train_v5a/kontext/67395_exterior_image_1_left_pair1.png,"Follow the markers in the image: the green box marks the object to grasp, the blue dot marks where to place it. Show the scene after the object has been moved to the marked location. Pick up the marker from the table. Place the marker back in the cup."
/data/datasets/DROID/train_v4/final/26552_exterior_image_2_left_pair0.png,/data/datasets/DROID/train_v5a/kontext/26552_exterior_image_2_left_pair0.png,"Follow the markers in the image: the green box marks the object to grasp, the blue dot marks where to place it. Show the scene after the object has been moved to the marked location. Pick up the clothes and towels from the box. Place the clothes and towels on the tabletop."
/data/datasets/DROID/train_v4/final/26552_exterior_image_2_left_pair1.png,/data/datasets/DROID/train_v5a/kontext/26552_exterior_image_2_left_pair1.png,"Follow the markers in the image: the green box marks the object to grasp, the blue dot marks where to place it. Show the scene after the object has been moved to the marked location. Pick up the clothes and towels from the bowl. Place the clothes and towels on the tabletop."
/data/datasets/DROID/train_v4/final/27881_exterior_image_1_left_pair0.png,/data/datasets/DROID/train_v5a/kontext/27881_exterior_image_1_left_pair0.png,"Follow the markers in the image: the green box marks the object to grasp, the blue dot marks where to place it. Show the scene after the object has been moved to the marked location. Pick up the large black measuring cup from the pot. Place the black measuring cup on the countertop."
/data/datasets/DROID/train_v4/final/27881_exterior_image_1_left_pair1.png,/data/datasets/DROID/train_v5a/kontext/27881_exterior_image_1_left_pair1.png,"Follow the markers in the image: the green box marks the object to grasp, the blue dot marks where to place it. Show the scene after the object has been moved to the marked location. Pick up the small measuring cup on the right from the countertop. Place the small measuring cup on the large measuring cup."
/data/datasets/DROID/train_v4/final/26544_exterior_image_2_left_pair0.png,/data/datasets/DROID/train_v5a/kontext/26544_exterior_image_2_left_pair0.png,"Follow the markers in the image: the green box marks the object to grasp, the blue dot marks where to place it. Show the scene after the object has been moved to the marked location. Pick up the towel on the table. Place the towel on the black stand."
/data/datasets/DROID/train_v4/final/50728_exterior_image_2_left_pair0.png,/data/datasets/DROID/train_v5a/kontext/50728_exterior_image_2_left_pair0.png,"Follow the markers in the image: the green box marks the object to grasp, the blue dot marks where to place it. Show the scene after the object has been moved to the marked location. Pick up the green block from the table. Place the green block in the black bowl."
/data/datasets/DROID/train_v4/final/50728_exterior_image_2_left_pair1.png,/data/datasets/DROID/train_v5a/kontext/50728_exterior_image_2_left_pair1.png,"Follow the markers in the image: the green box marks the object to grasp, the blue dot marks where to place it. Show the scene after the object has been moved to the marked location. Pick up the green block from the table. Place the green block in the black bowl."
/data/datasets/DROID/train_v4/final/82177_exterior_image_2_left_pair0.png,/data/datasets/DROID/train_v5a/kontext/82177_exterior_image_2_left_pair0.png,"Follow the markers in the image: the green box marks the object to grasp, the blue dot marks where to place it. Show the scene after the object has been moved to the marked location. Pick up the plate on the table. Place the plate on the table."
/data/datasets/DROID/train_v4/final/82177_exterior_image_2_left_pair1.png,/data/datasets/DROID/train_v5a/kontext/82177_exterior_image_2_left_pair1.png,"Follow the markers in the image: the green box marks the object to grasp, the blue dot marks where to place it. Show the scene after the object has been moved to the marked location. Pick up the lid from the top of the bottle. Place the lid on the table."
/data/datasets/DROID/train_v4/final/49584_exterior_image_1_left_pair0.png,/data/datasets/DROID/train_v5a/kontext/49584_exterior_image_1_left_pair0.png,"Follow the markers in the image: the green box marks the object to grasp, the blue dot marks where to place it. Show the scene after the object has been moved to the marked location. Pick up the towel from the table. Place the towel on the tripod."
/data/datasets/DROID/train_v4/final/49584_exterior_image_1_left_pair1.png,/data/datasets/DROID/train_v5a/kontext/49584_exterior_image_1_left_pair1.png,"Follow the markers in the image: the green box marks the object to grasp, the blue dot marks where to place it. Show the scene after the object has been moved to the marked location. Pick up the towel from the tripod. Place the towel on the table."
/data/datasets/DROID/train_v4/final/78588_exterior_image_1_left_pair0.png,/data/datasets/DROID/train_v5a/kontext/78588_exterior_image_1_left_pair0.png,"Follow the markers in the image: the green box marks the object to grasp, the blue dot marks where to place it. Show the scene after the object has been moved to the marked location. Pick up the coffee cup from the coffee machine. Place the coffee cup on the tabletop."
/data/datasets/DROID/train_v4/final/78588_exterior_image_1_left_pair1.png,/data/datasets/DROID/train_v5a/kontext/78588_exterior_image_1_left_pair1.png,"Follow the markers in the image: the green box marks the object to grasp, the blue dot marks where to place it. Show the scene after the object has been moved to the marked location. Pick up the coffee pod from the tabletop. Place the coffee pod in the slot of the coffee machine."
/data/datasets/DROID/train_v4/final/66202_exterior_image_1_left_pair0.png,/data/datasets/DROID/train_v5a/kontext/66202_exterior_image_1_left_pair0.png,"Follow the markers in the image: the green box marks the object to grasp, the blue dot marks where to place it. Show the scene after the object has been moved to the marked location. Pick up the orange towel on the table. Place the orange towel on the seat of the chair."
/data/datasets/DROID/train_v4/final/66202_exterior_image_1_left_pair1.png,/data/datasets/DROID/train_v5a/kontext/66202_exterior_image_1_left_pair1.png,"Follow the markers in the image: the green box marks the object to grasp, the blue dot marks where to place it. Show the scene after the object has been moved to the marked location. Pick up the orange fabric on the table. Place the orange fabric on the seat of the chair."
/data/datasets/DROID/train_v4/final/10525_exterior_image_2_left_pair0.png,/data/datasets/DROID/train_v5a/kontext/10525_exterior_image_2_left_pair0.png,"Follow the markers in the image: the green box marks the object to grasp, the blue dot marks where to place it. Show the scene after the object has been moved to the marked location. Pick up the yellow cup on the table. Place the yellow cup in the orange cup."
/data/datasets/DROID/train_v4/final/10525_exterior_image_2_left_pair1.png,/data/datasets/DROID/train_v5a/kontext/10525_exterior_image_2_left_pair1.png,"Follow the markers in the image: the green box marks the object to grasp, the blue dot marks where to place it. Show the scene after the object has been moved to the marked location. Pick up the orange cup on the table. Place the orange cup in the orange cup."
/data/datasets/DROID/train_v4/final/47841_exterior_image_2_left_pair0.png,/data/datasets/DROID/train_v5a/kontext/47841_exterior_image_2_left_pair0.png,"Follow the markers in the image: the green box marks the object to grasp, the blue dot marks where to place it. Show the scene after the object has been moved to the marked location. Pick up the pen from the light blue cup. Place the pen on the table."
/data/datasets/DROID/train_v4/final/47841_exterior_image_2_left_pair1.png,/data/datasets/DROID/train_v5a/kontext/47841_exterior_image_2_left_pair1.png,"Follow the markers in the image: the green box marks the object to grasp, the blue dot marks where to place it. Show the scene after the object has been moved to the marked location. Pick up the pen from the table. Place the pen back in the light blue cup."
/data/datasets/DROID/train_v4/final/83729_exterior_image_1_left_pair0.png,/data/datasets/DROID/train_v5a/kontext/83729_exterior_image_1_left_pair0.png,"Follow the markers in the image: the green box marks the object to grasp, the blue dot marks where to place it. Show the scene after the object has been moved to the marked location. Pick up the water bottle on the counter. Place the water bottle in the box."
/data/datasets/DROID/train_v4/final/83729_exterior_image_1_left_pair1.png,/data/datasets/DROID/train_v5a/kontext/83729_exterior_image_1_left_pair1.png,"Follow the markers in the image: the green box marks the object to grasp, the blue dot marks where to place it. Show the scene after the object has been moved to the marked location. Pick up the second water bottle on the counter. Place the second water bottle in the box."
/data/datasets/DROID/train_v4/final/38712_exterior_image_2_left_pair0.png,/data/datasets/DROID/train_v5a/kontext/38712_exterior_image_2_left_pair0.png,"Follow the markers in the image: the green box marks the object to grasp, the blue dot marks where to place it. Show the scene after the object has been moved to the marked location. Pick up the cup on the table. Place the cup into the cup."
/data/datasets/DROID/train_v4/final/38712_exterior_image_2_left_pair1.png,/data/datasets/DROID/train_v5a/kontext/38712_exterior_image_2_left_pair1.png,"Follow the markers in the image: the green box marks the object to grasp, the blue dot marks where to place it. Show the scene after the object has been moved to the marked location. Pick up the stacked cups on the tabletop. Place the stacked cups into the cup."
/data/datasets/DROID/train_v4/final/63977_exterior_image_1_left_pair0.png,/data/datasets/DROID/train_v5a/kontext/63977_exterior_image_1_left_pair0.png,"Follow the markers in the image: the green box marks the object to grasp, the blue dot marks where to place it. Show the scene after the object has been moved to the marked location. Pick up the green block on the table. Place the green block in the black bowl."
/data/datasets/DROID/train_v4/final/63977_exterior_image_1_left_pair1.png,/data/datasets/DROID/train_v5a/kontext/63977_exterior_image_1_left_pair1.png,"Follow the markers in the image: the green box marks the object to grasp, the blue dot marks where to place it. Show the scene after the object has been moved to the marked location. Pick up the brown block on the table. Place the brown block in the black bowl."
/data/datasets/DROID/train_v4/final/85419_exterior_image_1_left_pair0.png,/data/datasets/DROID/train_v5a/kontext/85419_exterior_image_1_left_pair0.png,"Follow the markers in the image: the green box marks the object to grasp, the blue dot marks where to place it. Show the scene after the object has been moved to the marked location. Pick up the cup on the table. Place the cup into the yellow cup."
/data/datasets/DROID/train_v4/final/85419_exterior_image_1_left_pair1.png,/data/datasets/DROID/train_v5a/kontext/85419_exterior_image_1_left_pair1.png,"Follow the markers in the image: the green box marks the object to grasp, the blue dot marks where to place it. Show the scene after the object has been moved to the marked location. Pick up the stack of cups on the table. Place the stack of cups into the blue cup."
/data/datasets/DROID/train_v4/final/57328_exterior_image_1_left_pair0.png,/data/datasets/DROID/train_v5a/kontext/57328_exterior_image_1_left_pair0.png,"Follow the markers in the image: the green box marks the object to grasp, the blue dot marks where to place it. Show the scene after the object has been moved to the marked location. Pick up the first empty bottle on the upper counter. Place the first empty bottle on the top of the lower counter."
/data/datasets/DROID/train_v4/final/57328_exterior_image_1_left_pair1.png,/data/datasets/DROID/train_v5a/kontext/57328_exterior_image_1_left_pair1.png,"Follow the markers in the image: the green box marks the object to grasp, the blue dot marks where to place it. Show the scene after the object has been moved to the marked location. Pick up the second empty bottle on the upper counter. Place the second empty bottle on the top of the lower counter."
/data/datasets/DROID/train_v4/final/62933_exterior_image_1_left_pair0.png,/data/datasets/DROID/train_v5a/kontext/62933_exterior_image_1_left_pair0.png,"Follow the markers in the image: the green box marks the object to grasp, the blue dot marks where to place it. Show the scene after the object has been moved to the marked location. Pick up the object in the box. Place the object in the plastic box."
/data/datasets/DROID/train_v4/final/62933_exterior_image_1_left_pair1.png,/data/datasets/DROID/train_v5a/kontext/62933_exterior_image_1_left_pair1.png,"Follow the markers in the image: the green box marks the object to grasp, the blue dot marks where to place it. Show the scene after the object has been moved to the marked location. Pick up the black object in the box. Place the black object in the plastic box."
/data/datasets/DROID/train_v4/final/36405_exterior_image_2_left_pair0.png,/data/datasets/DROID/train_v5a/kontext/36405_exterior_image_2_left_pair0.png,"Follow the markers in the image: the green box marks the object to grasp, the blue dot marks where to place it. Show the scene after the object has been moved to the marked location. Pick up the green cube on the blue table. Place the green cube in the black bowl."
/data/datasets/DROID/train_v4/final/36405_exterior_image_2_left_pair1.png,/data/datasets/DROID/train_v5a/kontext/36405_exterior_image_2_left_pair1.png,"Follow the markers in the image: the green box marks the object to grasp, the blue dot marks where to place it. Show the scene after the object has been moved to the marked location. Pick up the orange cube on the blue table. Place the orange cube in the black bowl."
/data/datasets/DROID/train_v4/final/51357_exterior_image_1_left_pair0.png,/data/datasets/DROID/train_v5a/kontext/51357_exterior_image_1_left_pair0.png,"Follow the markers in the image: the green box marks the object to grasp, the blue dot marks where to place it. Show the scene after the object has been moved to the marked location. Pick up the white clothes from the box. Place the white clothes on the table."
/data/datasets/DROID/train_v4/final/51357_exterior_image_1_left_pair1.png,/data/datasets/DROID/train_v5a/kontext/51357_exterior_image_1_left_pair1.png,"Follow the markers in the image: the green box marks the object to grasp, the blue dot marks where to place it. Show the scene after the object has been moved to the marked location. Pick up the clothes from the box. Place the clothes on the table."
/data/datasets/DROID/train_v4/final/51873_exterior_image_2_left_pair0.png,/data/datasets/DROID/train_v5a/kontext/51873_exterior_image_2_left_pair0.png,"Follow the markers in the image: the green box marks the object to grasp, the blue dot marks where to place it. Show the scene after the object has been moved to the marked location. Pick up the white plate on the table. Place the white plate on the towel."
/data/datasets/DROID/train_v4/final/51873_exterior_image_2_left_pair1.png,/data/datasets/DROID/train_v5a/kontext/51873_exterior_image_2_left_pair1.png,"Follow the markers in the image: the green box marks the object to grasp, the blue dot marks where to place it. Show the scene after the object has been moved to the marked location. Pick up the green ball on the table. Place the green ball on the paper plate."
/data/datasets/DROID/train_v4/final/3159_exterior_image_2_left_pair0.png,/data/datasets/DROID/train_v5a/kontext/3159_exterior_image_2_left_pair0.png,"Follow the markers in the image: the green box marks the object to grasp, the blue dot marks where to place it. Show the scene after the object has been moved to the marked location. Pick up the item on the table. Place the item on the right sofa."
/data/datasets/DROID/train_v4/final/3159_exterior_image_2_left_pair1.png,/data/datasets/DROID/train_v5a/kontext/3159_exterior_image_2_left_pair1.png,"Follow the markers in the image: the green box marks the object to grasp, the blue dot marks where to place it. Show the scene after the object has been moved to the marked location. Pick up the item on the right side of the sofa. Place the item on the sofa's armrest."
/data/datasets/DROID/train_v4/final/41035_exterior_image_2_left_pair0.png,/data/datasets/DROID/train_v5a/kontext/41035_exterior_image_2_left_pair0.png,"Follow the markers in the image: the green box marks the object to grasp, the blue dot marks where to place it. Show the scene after the object has been moved to the marked location. Pick up the green block on the table. Place the green block in the black bowl."
/data/datasets/DROID/train_v4/final/41035_exterior_image_2_left_pair1.png,/data/datasets/DROID/train_v5a/kontext/41035_exterior_image_2_left_pair1.png,"Follow the markers in the image: the green box marks the object to grasp, the blue dot marks where to place it. Show the scene after the object has been moved to the marked location. Pick up the small piece on the table. Place the small piece in the black bowl."
/data/datasets/DROID/train_v4/final/15123_exterior_image_1_left_pair0.png,/data/datasets/DROID/train_v5a/kontext/15123_exterior_image_1_left_pair0.png,"Follow the markers in the image: the green box marks the object to grasp, the blue dot marks where to place it. Show the scene after the object has been moved to the marked location. Pick up the paper glue from the cup. Place the paper glue on the table."
/data/datasets/DROID/train_v4/final/15123_exterior_image_1_left_pair1.png,/data/datasets/DROID/train_v5a/kontext/15123_exterior_image_1_left_pair1.png,"Follow the markers in the image: the green box marks the object to grasp, the blue dot marks where to place it. Show the scene after the object has been moved to the marked location. Pick up the paper glue from the table. Place the paper glue back in the cup."
/data/datasets/DROID/train_v4/final/49515_exterior_image_2_left_pair0.png,/data/datasets/DROID/train_v5a/kontext/49515_exterior_image_2_left_pair0.png,"Follow the markers in the image: the green box marks the object to grasp, the blue dot marks where to place it. Show the scene after the object has been moved to the marked location. Pick up the t-shirt from the chair. Place the t-shirt on the box."
/data/datasets/DROID/train_v4/final/49515_exterior_image_2_left_pair1.png,/data/datasets/DROID/train_v5a/kontext/49515_exterior_image_2_left_pair1.png,"Follow the markers in the image: the green box marks the object to grasp, the blue dot marks where to place it. Show the scene after the object has been moved to the marked location. Pick up the clothing from the chair back. Place the clothing on the box."
/data/datasets/DROID/train_v4/final/62282_exterior_image_1_left_pair0.png,/data/datasets/DROID/train_v5a/kontext/62282_exterior_image_1_left_pair0.png,"Follow the markers in the image: the green box marks the object to grasp, the blue dot marks where to place it. Show the scene after the object has been moved to the marked location. Pick up the blue cup on the table. Place the blue cup into the cup beside it."
/data/datasets/DROID/train_v4/final/62282_exterior_image_1_left_pair1.png,/data/datasets/DROID/train_v5a/kontext/62282_exterior_image_1_left_pair1.png,"Follow the markers in the image: the green box marks the object to grasp, the blue dot marks where to place it. Show the scene after the object has been moved to the marked location. Pick up the stack of cups on the table. Place the stack of cups into the yellow cup."
/data/datasets/DROID/train_v4/final/48292_exterior_image_2_left_pair0.png,/data/datasets/DROID/train_v5a/kontext/48292_exterior_image_2_left_pair0.png,"Follow the markers in the image: the green box marks the object to grasp, the blue dot marks where to place it. Show the scene after the object has been moved to the marked location. Pick up the bottle of spices from the countertop. Place the bottle of spices on the countertop."
/data/datasets/DROID/train_v4/final/48292_exterior_image_2_left_pair1.png,/data/datasets/DROID/train_v5a/kontext/48292_exterior_image_2_left_pair1.png,"Follow the markers in the image: the green box marks the object to grasp, the blue dot marks where to place it. Show the scene after the object has been moved to the marked location. Pick up the lid from the pot. Place the lid on the table."
/data/datasets/DROID/train_v4/final/8152_exterior_image_2_left_pair0.png,/data/datasets/DROID/train_v5a/kontext/8152_exterior_image_2_left_pair0.png,"Follow the markers in the image: the green box marks the object to grasp, the blue dot marks where to place it. Show the scene after the object has been moved to the marked location. Pick up the clothes from the box. Place the clothes on the table."
/data/datasets/DROID/train_v4/final/8152_exterior_image_2_left_pair1.png,/data/datasets/DROID/train_v5a/kontext/8152_exterior_image_2_left_pair1.png,"Follow the markers in the image: the green box marks the object to grasp, the blue dot marks where to place it. Show the scene after the object has been moved to the marked location. Pick up the clothes from the box. Place the clothes on the table."
/data/datasets/DROID/train_v4/final/54282_exterior_image_2_left_pair0.png,/data/datasets/DROID/train_v5a/kontext/54282_exterior_image_2_left_pair0.png,"Follow the markers in the image: the green box marks the object to grasp, the blue dot marks where to place it. Show the scene after the object has been moved to the marked location. Pick up the spoon from the countertop. Place the spoon on the bottle."
/data/datasets/DROID/train_v4/final/54282_exterior_image_2_left_pair1.png,/data/datasets/DROID/train_v5a/kontext/54282_exterior_image_2_left_pair1.png,"Follow the markers in the image: the green box marks the object to grasp, the blue dot marks where to place it. Show the scene after the object has been moved to the marked location. Pick up the pot from the stove. Place the pot on the front plate."
/data/datasets/DROID/train_v4/final/53737_exterior_image_1_left_pair0.png,/data/datasets/DROID/train_v5a/kontext/53737_exterior_image_1_left_pair0.png,"Follow the markers in the image: the green box marks the object to grasp, the blue dot marks where to place it. Show the scene after the object has been moved to the marked location. Pick up the gray bowl on the table. Place the gray bowl on top of the black bowl."
/data/datasets/DROID/train_v4/final/53737_exterior_image_1_left_pair1.png,/data/datasets/DROID/train_v5a/kontext/53737_exterior_image_1_left_pair1.png,"Follow the markers in the image: the green box marks the object to grasp, the blue dot marks where to place it. Show the scene after the object has been moved to the marked location. Pick up the bowl on the table. Place the bowl on top of the gray bowl."
/data/datasets/DROID/train_v4/final/77426_exterior_image_2_left_pair0.png,/data/datasets/DROID/train_v5a/kontext/77426_exterior_image_2_left_pair0.png,"Follow the markers in the image: the green box marks the object to grasp, the blue dot marks where to place it. Show the scene after the object has been moved to the marked location. Pick up the brown box from the desktop. Place the brown box to the right of the original position."
/data/datasets/DROID/train_v4/final/77426_exterior_image_2_left_pair1.png,/data/datasets/DROID/train_v5a/kontext/77426_exterior_image_2_left_pair1.png,"Follow the markers in the image: the green box marks the object to grasp, the blue dot marks where to place it. Show the scene after the object has been moved to the marked location. Pick up the hair tie from the bag. Place the hair tie on the desktop."
/data/datasets/DROID/train_v4/final/83908_exterior_image_1_left_pair0.png,/data/datasets/DROID/train_v5a/kontext/83908_exterior_image_1_left_pair0.png,"Follow the markers in the image: the green box marks the object to grasp, the blue dot marks where to place it. Show the scene after the object has been moved to the marked location. Pick up the lid on the countertop. Place the lid on the bowl."
/data/datasets/DROID/train_v4/final/83908_exterior_image_1_left_pair1.png,/data/datasets/DROID/train_v5a/kontext/83908_exterior_image_1_left_pair1.png,"Follow the markers in the image: the green box marks the object to grasp, the blue dot marks where to place it. Show the scene after the object has been moved to the marked location. Pick up the lid from the bowl. Place the lid on the countertop."
/data/datasets/DROID/train_v4/final/2970_exterior_image_1_left_pair0.png,/data/datasets/DROID/train_v5a/kontext/2970_exterior_image_1_left_pair0.png,"Follow the markers in the image: the green box marks the object to grasp, the blue dot marks where to place it. Show the scene after the object has been moved to the marked location. Pick up the green block from the table. Place the green block in the bowl."
/data/datasets/DROID/train_v4/final/2970_exterior_image_1_left_pair1.png,/data/datasets/DROID/train_v5a/kontext/2970_exterior_image_1_left_pair1.png,"Follow the markers in the image: the green box marks the object to grasp, the blue dot marks where to place it. Show the scene after the object has been moved to the marked location. Pick up the green block from the table. Place the green block in the bowl."
/data/datasets/DROID/train_v4/final/22238_exterior_image_2_left_pair0.png,/data/datasets/DROID/train_v5a/kontext/22238_exterior_image_2_left_pair0.png,"Follow the markers in the image: the green box marks the object to grasp, the blue dot marks where to place it. Show the scene after the object has been moved to the marked location. Pick up the block on the table. Place the block in the bowl."
/data/datasets/DROID/train_v4/final/22238_exterior_image_2_left_pair1.png,/data/datasets/DROID/train_v5a/kontext/22238_exterior_image_2_left_pair1.png,"Follow the markers in the image: the green box marks the object to grasp, the blue dot marks where to place it. Show the scene after the object has been moved to the marked location. Pick up the block on the table. Place the block in the bowl."
/data/datasets/DROID/train_v4/final/61636_exterior_image_2_left_pair0.png,/data/datasets/DROID/train_v5a/kontext/61636_exterior_image_2_left_pair0.png,"Follow the markers in the image: the green box marks the object to grasp, the blue dot marks where to place it. Show the scene after the object has been moved to the marked location. Pick up the cloth from the shelf. Place the cloth in the middle of the table."
/data/datasets/DROID/train_v4/final/61171_exterior_image_1_left_pair0.png,/data/datasets/DROID/train_v5a/kontext/61171_exterior_image_1_left_pair0.png,"Follow the markers in the image: the green box marks the object to grasp, the blue dot marks where to place it. Show the scene after the object has been moved to the marked location. Pick up the green block on the table. Place the green block in the bowl."
/data/datasets/DROID/train_v4/final/61171_exterior_image_1_left_pair1.png,/data/datasets/DROID/train_v5a/kontext/61171_exterior_image_1_left_pair1.png,"Follow the markers in the image: the green box marks the object to grasp, the blue dot marks where to place it. Show the scene after the object has been moved to the marked location. Pick up the blue block on the table. Place the blue block in the bowl."
/data/datasets/DROID/train_v4/final/84770_exterior_image_1_left_pair0.png,/data/datasets/DROID/train_v5a/kontext/84770_exterior_image_1_left_pair0.png,"Follow the markers in the image: the green box marks the object to grasp, the blue dot marks where to place it. Show the scene after the object has been moved to the marked location. Pick up the blue cube from the tabletop. Place the blue cube in the bowl."
/data/datasets/DROID/train_v4/final/84770_exterior_image_1_left_pair1.png,/data/datasets/DROID/train_v5a/kontext/84770_exterior_image_1_left_pair1.png,"Follow the markers in the image: the green box marks the object to grasp, the blue dot marks where to place it. Show the scene after the object has been moved to the marked location. Pick up the green block from the table. Place the green block in the bowl."
/data/datasets/DROID/train_v4/final/89821_exterior_image_2_left_pair0.png,/data/datasets/DROID/train_v5a/kontext/89821_exterior_image_2_left_pair0.png,"Follow the markers in the image: the green box marks the object to grasp, the blue dot marks where to place it. Show the scene after the object has been moved to the marked location. Pick up the blue cup on the table. Place the blue cup on the deep blue cup."
/data/datasets/DROID/train_v4/final/89821_exterior_image_2_left_pair1.png,/data/datasets/DROID/train_v5a/kontext/89821_exterior_image_2_left_pair1.png,"Follow the markers in the image: the green box marks the object to grasp, the blue dot marks where to place it. Show the scene after the object has been moved to the marked location. Pick up the yellow cup on the table. Place the yellow cup on the blue cup."
/data/datasets/DROID/train_v4/final/84009_exterior_image_2_left_pair0.png,/data/datasets/DROID/train_v5a/kontext/84009_exterior_image_2_left_pair0.png,"Follow the markers in the image: the green box marks the object to grasp, the blue dot marks where to place it. Show the scene after the object has been moved to the marked location. Pick up the cup on the left side of the table. Place the cup on the middle cup."
/data/datasets/DROID/train_v4/final/84009_exterior_image_2_left_pair1.png,/data/datasets/DROID/train_v5a/kontext/84009_exterior_image_2_left_pair1.png,"Follow the markers in the image: the green box marks the object to grasp, the blue dot marks where to place it. Show the scene after the object has been moved to the marked location. Pick up the green cup on the right side of the table. Place the green cup on the middle cup."
/data/datasets/DROID/train_v4/final/67395_exterior_image_2_left_pair0.png,/data/datasets/DROID/train_v5a/kontext/67395_exterior_image_2_left_pair0.png,"Follow the markers in the image: the green box marks the object to grasp, the blue dot marks where to place it. Show the scene after the object has been moved to the marked location. Pick up the marker from the cup. Place the marker on the table."
/data/datasets/DROID/train_v4/final/67395_exterior_image_2_left_pair1.png,/data/datasets/DROID/train_v5a/kontext/67395_exterior_image_2_left_pair1.png,"Follow the markers in the image: the green box marks the object to grasp, the blue dot marks where to place it. Show the scene after the object has been moved to the marked location. Pick up the marker from the table. Place the marker back in the cup."
/data/datasets/DROID/train_v4/final/89163_exterior_image_2_left_pair0.png,/data/datasets/DROID/train_v5a/kontext/89163_exterior_image_2_left_pair0.png,"Follow the markers in the image: the green box marks the object to grasp, the blue dot marks where to place it. Show the scene after the object has been moved to the marked location. Pick up the book from the bed. Place the book on the bed."
/data/datasets/DROID/train_v4/final/89163_exterior_image_2_left_pair1.png,/data/datasets/DROID/train_v5a/kontext/89163_exterior_image_2_left_pair1.png,"Follow the markers in the image: the green box marks the object to grasp, the blue dot marks where to place it. Show the scene after the object has been moved to the marked location. Pick up the book from the bed. Place the book on the nightstand."
/data/datasets/DROID/train_v4/final/35764_exterior_image_2_left_pair0.png,/data/datasets/DROID/train_v5a/kontext/35764_exterior_image_2_left_pair0.png,"Follow the markers in the image: the green box marks the object to grasp, the blue dot marks where to place it. Show the scene after the object has been moved to the marked location. Pick up the first plastic cup on the table. Place the first plastic cup on top of the second plastic cup."
/data/datasets/DROID/train_v4/final/35764_exterior_image_2_left_pair1.png,/data/datasets/DROID/train_v5a/kontext/35764_exterior_image_2_left_pair1.png,"Follow the markers in the image: the green box marks the object to grasp, the blue dot marks where to place it. Show the scene after the object has been moved to the marked location. Pick up the second plastic cup on the table. Place the second plastic cup on top of the third plastic cup."
/data/datasets/DROID/train_v4/final/55906_exterior_image_1_left_pair0.png,/data/datasets/DROID/train_v5a/kontext/55906_exterior_image_1_left_pair0.png,"Follow the markers in the image: the green box marks the object to grasp, the blue dot marks where to place it. Show the scene after the object has been moved to the marked location. Pick up the rope from the table. Place the rope in the blue box."
/data/datasets/DROID/train_v4/final/55906_exterior_image_1_left_pair1.png,/data/datasets/DROID/train_v5a/kontext/55906_exterior_image_1_left_pair1.png,"Follow the markers in the image: the green box marks the object to grasp, the blue dot marks where to place it. Show the scene after the object has been moved to the marked location. Pick up the rope from the corner of the blue box. Place the rope inside the box."
/data/datasets/DROID/train_v4/final/82839_exterior_image_1_left_pair0.png,/data/datasets/DROID/train_v5a/kontext/82839_exterior_image_1_left_pair0.png,"Follow the markers in the image: the green box marks the object to grasp, the blue dot marks where to place it. Show the scene after the object has been moved to the marked location. Pick up the orange clothes on the left side of the chair. Place the orange clothes on the box."
/data/datasets/DROID/train_v4/final/82839_exterior_image_1_left_pair1.png,/data/datasets/DROID/train_v5a/kontext/82839_exterior_image_1_left_pair1.png,"Follow the markers in the image: the green box marks the object to grasp, the blue dot marks where to place it. Show the scene after the object has been moved to the marked location. Pick up the green towel on top of the purple clothes. Place the green towel on the box."
/data/datasets/DROID/train_v4/final/78588_exterior_image_2_left_pair0.png,/data/datasets/DROID/train_v5a/kontext/78588_exterior_image_2_left_pair0.png,"Follow the markers in the image: the green box marks the object to grasp, the blue dot marks where to place it. Show the scene after the object has been moved to the marked location. Pick up the coffee cup from the coffee machine. Place the coffee cup on the tabletop."
/data/datasets/DROID/train_v4/final/59418_exterior_image_1_left_pair0.png,/data/datasets/DROID/train_v5a/kontext/59418_exterior_image_1_left_pair0.png,"Follow the markers in the image: the green box marks the object to grasp, the blue dot marks where to place it. Show the scene after the object has been moved to the marked location. Pick up the shoes on the shelf. Place the shoes in the target position on the shelf."
/data/datasets/DROID/train_v4/final/59418_exterior_image_1_left_pair1.png,/data/datasets/DROID/train_v5a/kontext/59418_exterior_image_1_left_pair1.png,"Follow the markers in the image: the green box marks the object to grasp, the blue dot marks where to place it. Show the scene after the object has been moved to the marked location. Pick up another shoe on the shelf. Place the shoe next to another shoe."
/data/datasets/DROID/train_v4/final/69960_exterior_image_2_left_pair0.png,/data/datasets/DROID/train_v5a/kontext/69960_exterior_image_2_left_pair0.png,"Follow the markers in the image: the green box marks the object to grasp, the blue dot marks where to place it. Show the scene after the object has been moved to the marked location. Pick up the bottle on the table. Place the bottle inside the top cabinet."
/data/datasets/DROID/train_v4/final/52636_exterior_image_1_left_pair0.png,/data/datasets/DROID/train_v5a/kontext/52636_exterior_image_1_left_pair0.png,"Follow the markers in the image: the green box marks the object to grasp, the blue dot marks where to place it. Show the scene after the object has been moved to the marked location. Pick up the white plate on the table. Place the plate at the back of the table."
/data/datasets/DROID/train_v4/final/52636_exterior_image_1_left_pair1.png,/data/datasets/DROID/train_v5a/kontext/52636_exterior_image_1_left_pair1.png,"Follow the markers in the image: the green box marks the object to grasp, the blue dot marks where to place it. Show the scene after the object has been moved to the marked location. Pick up the silver spoon from the blue tray. Place the silver spoon behind the white plate."
/data/datasets/DROID/train_v4/final/90744_exterior_image_1_left_pair0.png,/data/datasets/DROID/train_v5a/kontext/90744_exterior_image_1_left_pair0.png,"Follow the markers in the image: the green box marks the object to grasp, the blue dot marks where to place it. Show the scene after the object has been moved to the marked location. Pick up the glue stick from the cup. Place the glue stick on the table."
/data/datasets/DROID/train_v4/final/90744_exterior_image_1_left_pair1.png,/data/datasets/DROID/train_v5a/kontext/90744_exterior_image_1_left_pair1.png,"Follow the markers in the image: the green box marks the object to grasp, the blue dot marks where to place it. Show the scene after the object has been moved to the marked location. Pick up the glue stick from the table. Place the glue stick in the cup."
/data/datasets/DROID/train_v4/final/35705_exterior_image_2_left_pair0.png,/data/datasets/DROID/train_v5a/kontext/35705_exterior_image_2_left_pair0.png,"Follow the markers in the image: the green box marks the object to grasp, the blue dot marks where to place it. Show the scene after the object has been moved to the marked location. Pick up the green cup on the table. Place the green cup on the bowl."
/data/datasets/DROID/train_v4/final/35705_exterior_image_2_left_pair1.png,/data/datasets/DROID/train_v5a/kontext/35705_exterior_image_2_left_pair1.png,"Follow the markers in the image: the green box marks the object to grasp, the blue dot marks where to place it. Show the scene after the object has been moved to the marked location. Pick up the cup on the countertop. Place the cup on the green cup."
/data/datasets/DROID/train_v4/final/69902_exterior_image_1_left_pair0.png,/data/datasets/DROID/train_v5a/kontext/69902_exterior_image_1_left_pair0.png,"Follow the markers in the image: the green box marks the object to grasp, the blue dot marks where to place it. Show the scene after the object has been moved to the marked location. Pick up the cup on the table. Place the cup on the cup."
/data/datasets/DROID/train_v4/final/69902_exterior_image_1_left_pair1.png,/data/datasets/DROID/train_v5a/kontext/69902_exterior_image_1_left_pair1.png,"Follow the markers in the image: the green box marks the object to grasp, the blue dot marks where to place it. Show the scene after the object has been moved to the marked location. Pick up the cup on the table. Place the cup on the cup."
/data/datasets/DROID/train_v4/final/74651_exterior_image_2_left_pair0.png,/data/datasets/DROID/train_v5a/kontext/74651_exterior_image_2_left_pair0.png,"Follow the markers in the image: the green box marks the object to grasp, the blue dot marks where to place it. Show the scene after the object has been moved to the marked location. Pick up the first cup on the table. Place the first cup in the second cup."
/data/datasets/DROID/train_v4/final/74651_exterior_image_2_left_pair1.png,/data/datasets/DROID/train_v5a/kontext/74651_exterior_image_2_left_pair1.png,"Follow the markers in the image: the green box marks the object to grasp, the blue dot marks where to place it. Show the scene after the object has been moved to the marked location. Pick up the second cup on the table. Place the second cup in the third cup."
/data/datasets/DROID/train_v4/final/74651_exterior_image_2_left_pair2.png,/data/datasets/DROID/train_v5a/kontext/74651_exterior_image_2_left_pair2.png,"Follow the markers in the image: the green box marks the object to grasp, the blue dot marks where to place it. Show the scene after the object has been moved to the marked location. Pick up the third cup on the table. Place the third cup in the fourth cup."
/data/datasets/DROID/train_v4/final/65411_exterior_image_1_left_pair0.png,/data/datasets/DROID/train_v5a/kontext/65411_exterior_image_1_left_pair0.png,"Follow the markers in the image: the green box marks the object to grasp, the blue dot marks where to place it. Show the scene after the object has been moved to the marked location. Pick up the orange block on the desk. Place the orange block at the front edge of the desk."
/data/datasets/DROID/train_v4/final/65411_exterior_image_1_left_pair1.png,/data/datasets/DROID/train_v5a/kontext/65411_exterior_image_1_left_pair1.png,"Follow the markers in the image: the green box marks the object to grasp, the blue dot marks where to place it. Show the scene after the object has been moved to the marked location. Pick up the orange block on the desk. Place the orange block at the front edge of the desk."
/data/datasets/DROID/train_v4/final/7977_exterior_image_2_left_pair0.png,/data/datasets/DROID/train_v5a/kontext/7977_exterior_image_2_left_pair0.png,"Follow the markers in the image: the green box marks the object to grasp, the blue dot marks where to place it. Show the scene after the object has been moved to the marked location. Pick up the clear cup on the left side of the table. Place the clear cup on top of the stacked other clear cups."
/data/datasets/DROID/train_v4/final/7977_exterior_image_2_left_pair1.png,/data/datasets/DROID/train_v5a/kontext/7977_exterior_image_2_left_pair1.png,"Follow the markers in the image: the green box marks the object to grasp, the blue dot marks where to place it. Show the scene after the object has been moved to the marked location. Pick up the clear cup on the table. Place the cup on the right side of the table."
/data/datasets/DROID/train_v4/final/477_exterior_image_2_left_pair0.png,/data/datasets/DROID/train_v5a/kontext/477_exterior_image_2_left_pair0.png,"Follow the markers in the image: the green box marks the object to grasp, the blue dot marks where to place it. Show the scene after the object has been moved to the marked location. Pick up the object on the desk. Place the object in the green cup."
/data/datasets/DROID/train_v4/final/477_exterior_image_2_left_pair1.png,/data/datasets/DROID/train_v5a/kontext/477_exterior_image_2_left_pair1.png,"Follow the markers in the image: the green box marks the object to grasp, the blue dot marks where to place it. Show the scene after the object has been moved to the marked location. Pick up the object in the cup. Place the object on the desk."
/data/datasets/DROID/train_v4/final/17559_exterior_image_1_left_pair0.png,/data/datasets/DROID/train_v5a/kontext/17559_exterior_image_1_left_pair0.png,"Follow the markers in the image: the green box marks the object to grasp, the blue dot marks where to place it. Show the scene after the object has been moved to the marked location. Pick up the orange cloth from the box. Place the orange cloth on the backrest of the chair."
/data/datasets/DROID/train_v4/final/17559_exterior_image_1_left_pair1.png,/data/datasets/DROID/train_v5a/kontext/17559_exterior_image_1_left_pair1.png,"Follow the markers in the image: the green box marks the object to grasp, the blue dot marks where to place it. Show the scene after the object has been moved to the marked location. Pick up the black cloth from the backrest of the chair. Place the black cloth in the box."
/data/datasets/DROID/train_v4/final/14565_exterior_image_2_left_pair0.png,/data/datasets/DROID/train_v5a/kontext/14565_exterior_image_2_left_pair0.png,"Follow the markers in the image: the green box marks the object to grasp, the blue dot marks where to place it. Show the scene after the object has been moved to the marked location. Pick up the slippers from the rack. Place the slippers on the top of the rack."
/data/datasets/DROID/train_v4/final/14565_exterior_image_2_left_pair1.png,/data/datasets/DROID/train_v5a/kontext/14565_exterior_image_2_left_pair1.png,"Follow the markers in the image: the green box marks the object to grasp, the blue dot marks where to place it. Show the scene after the object has been moved to the marked location. Pick up the shoes from the rack. Place the shoes on the top of the rack."
/data/datasets/DROID/train_v4/final/15123_exterior_image_2_left_pair0.png,/data/datasets/DROID/train_v5a/kontext/15123_exterior_image_2_left_pair0.png,"Follow the markers in the image: the green box marks the object to grasp, the blue dot marks where to place it. Show the scene after the object has been moved to the marked location. Pick up the paper glue from the cup. Place the paper glue on the table."
/data/datasets/DROID/train_v4/final/15123_exterior_image_2_left_pair1.png,/data/datasets/DROID/train_v5a/kontext/15123_exterior_image_2_left_pair1.png,"Follow the markers in the image: the green box marks the object to grasp, the blue dot marks where to place it. Show the scene after the object has been moved to the marked location. Pick up the paper glue from the table. Place the paper glue back in the cup."
/data/datasets/DROID/train_v4/final/71070_exterior_image_2_left_pair0.png,/data/datasets/DROID/train_v5a/kontext/71070_exterior_image_2_left_pair0.png,"Follow the markers in the image: the green box marks the object to grasp, the blue dot marks where to place it. Show the scene after the object has been moved to the marked location. Pick up the scissors from the table. Place the scissors inside the mug."
/data/datasets/DROID/train_v4/final/71070_exterior_image_2_left_pair1.png,/data/datasets/DROID/train_v5a/kontext/71070_exterior_image_2_left_pair1.png,"Follow the markers in the image: the green box marks the object to grasp, the blue dot marks where to place it. Show the scene after the object has been moved to the marked location. Pick up the scissors from the mug. Place the scissors on the tabletop."
/data/datasets/DROID/train_v4/final/81112_exterior_image_1_left_pair0.png,/data/datasets/DROID/train_v5a/kontext/81112_exterior_image_1_left_pair0.png,"Follow the markers in the image: the green box marks the object to grasp, the blue dot marks where to place it. Show the scene after the object has been moved to the marked location. Pick up the cup on the table. Place the cup on the cup."
/data/datasets/DROID/train_v4/final/81112_exterior_image_1_left_pair1.png,/data/datasets/DROID/train_v5a/kontext/81112_exterior_image_1_left_pair1.png,"Follow the markers in the image: the green box marks the object to grasp, the blue dot marks where to place it. Show the scene after the object has been moved to the marked location. Pick up the cup on the table. Place the cup on the cup."
/data/datasets/DROID/train_v4/final/53838_exterior_image_2_left_pair0.png,/data/datasets/DROID/train_v5a/kontext/53838_exterior_image_2_left_pair0.png,"Follow the markers in the image: the green box marks the object to grasp, the blue dot marks where to place it. Show the scene after the object has been moved to the marked location. Pick up the glue stick from the desk. Place the glue stick in the mug."
/data/datasets/DROID/train_v4/final/53838_exterior_image_2_left_pair1.png,/data/datasets/DROID/train_v5a/kontext/53838_exterior_image_2_left_pair1.png,"Follow the markers in the image: the green box marks the object to grasp, the blue dot marks where to place it. Show the scene after the object has been moved to the marked location. Pick up the glue stick from the mug. Place the glue stick on the desk."
/data/datasets/DROID/train_v4/final/53838_exterior_image_2_left_pair2.png,/data/datasets/DROID/train_v5a/kontext/53838_exterior_image_2_left_pair2.png,"Follow the markers in the image: the green box marks the object to grasp, the blue dot marks where to place it. Show the scene after the object has been moved to the marked location. Pick up the glue stick from the table. Place the glue stick in the cup."
/data/datasets/DROID/train_v4/final/39268_exterior_image_1_left_pair0.png,/data/datasets/DROID/train_v5a/kontext/39268_exterior_image_1_left_pair0.png,"Follow the markers in the image: the green box marks the object to grasp, the blue dot marks where to place it. Show the scene after the object has been moved to the marked location. Pick up the pen from the yellow cup. Place the pen on the table."
/data/datasets/DROID/train_v4/final/39268_exterior_image_1_left_pair1.png,/data/datasets/DROID/train_v5a/kontext/39268_exterior_image_1_left_pair1.png,"Follow the markers in the image: the green box marks the object to grasp, the blue dot marks where to place it. Show the scene after the object has been moved to the marked location. Pick up the pen from the table. Place the pen in the yellow cup."
/data/datasets/DROID/train_v4/final/11582_exterior_image_2_left_pair0.png,/data/datasets/DROID/train_v5a/kontext/11582_exterior_image_2_left_pair0.png,"Follow the markers in the image: the green box marks the object to grasp, the blue dot marks where to place it. Show the scene after the object has been moved to the marked location. Pick up the white paper on the right side of the table. Place the white paper on the right side into the waste bin on the right."
/data/datasets/DROID/train_v4/final/11582_exterior_image_2_left_pair1.png,/data/datasets/DROID/train_v5a/kontext/11582_exterior_image_2_left_pair1.png,"Follow the markers in the image: the green box marks the object to grasp, the blue dot marks where to place it. Show the scene after the object has been moved to the marked location. Pick up the white paper on the left side of the table. Place the white paper on the left side into the waste bin on the right."
/data/datasets/DROID/train_v4/final/41090_exterior_image_1_left_pair0.png,/data/datasets/DROID/train_v5a/kontext/41090_exterior_image_1_left_pair0.png,"Follow the markers in the image: the green box marks the object to grasp, the blue dot marks where to place it. Show the scene after the object has been moved to the marked location. Pick up the cup on the table. Place the cup on top of the cup."
/data/datasets/DROID/train_v4/final/41090_exterior_image_1_left_pair1.png,/data/datasets/DROID/train_v5a/kontext/41090_exterior_image_1_left_pair1.png,"Follow the markers in the image: the green box marks the object to grasp, the blue dot marks where to place it. Show the scene after the object has been moved to the marked location. Pick up the cup from the table. Place the cup on top of the cup."
/data/datasets/DROID/train_v4/final/13269_exterior_image_2_left_pair0.png,/data/datasets/DROID/train_v5a/kontext/13269_exterior_image_2_left_pair0.png,"Follow the markers in the image: the green box marks the object to grasp, the blue dot marks where to place it. Show the scene after the object has been moved to the marked location. Pick up the grey remote from the black remote. Place the black remote on the blue cushion."
/data/datasets/DROID/train_v4/final/13269_exterior_image_2_left_pair1.png,/data/datasets/DROID/train_v5a/kontext/13269_exterior_image_2_left_pair1.png,"Follow the markers in the image: the green box marks the object to grasp, the blue dot marks where to place it. Show the scene after the object has been moved to the marked location. Pick up the black remote from the blue cushion. Place the black remote on the black remote."
/data/datasets/DROID/train_v4/final/26867_exterior_image_2_left_pair0.png,/data/datasets/DROID/train_v5a/kontext/26867_exterior_image_2_left_pair0.png,"Follow the markers in the image: the green box marks the object to grasp, the blue dot marks where to place it. Show the scene after the object has been moved to the marked location. Pick up the pineapple toy from the basket. Place the pineapple toy on the table."
/data/datasets/DROID/train_v4/final/26867_exterior_image_2_left_pair1.png,/data/datasets/DROID/train_v5a/kontext/26867_exterior_image_2_left_pair1.png,"Follow the markers in the image: the green box marks the object to grasp, the blue dot marks where to place it. Show the scene after the object has been moved to the marked location. Pick up the watermelon toy from the black box. Place the watermelon toy on the table."
/data/datasets/DROID/train_v4/final/91480_exterior_image_2_left_pair0.png,/data/datasets/DROID/train_v5a/kontext/91480_exterior_image_2_left_pair0.png,"Follow the markers in the image: the green box marks the object to grasp, the blue dot marks where to place it. Show the scene after the object has been moved to the marked location. Pick up the lid from the pot. Place the lid on the table."
/data/datasets/DROID/train_v4/final/91480_exterior_image_2_left_pair1.png,/data/datasets/DROID/train_v5a/kontext/91480_exterior_image_2_left_pair1.png,"Follow the markers in the image: the green box marks the object to grasp, the blue dot marks where to place it. Show the scene after the object has been moved to the marked location. Pick up the wooden spoon from the countertop. Place the wooden spoon in the pot."
/data/datasets/DROID/train_v4/final/69538_exterior_image_1_left_pair0.png,/data/datasets/DROID/train_v5a/kontext/69538_exterior_image_1_left_pair0.png,"Follow the markers in the image: the green box marks the object to grasp, the blue dot marks where to place it. Show the scene after the object has been moved to the marked location. Pick up the t-shirt from the chair. Place the t-shirt on top of the brown box."
/data/datasets/DROID/train_v4/final/69538_exterior_image_1_left_pair1.png,/data/datasets/DROID/train_v5a/kontext/69538_exterior_image_1_left_pair1.png,"Follow the markers in the image: the green box marks the object to grasp, the blue dot marks where to place it. Show the scene after the object has been moved to the marked location. Pick up the purple clothing from the table. Place the purple clothing on top of the brown box."
/data/datasets/DROID/train_v4/final/20474_exterior_image_1_left_pair0.png,/data/datasets/DROID/train_v5a/kontext/20474_exterior_image_1_left_pair0.png,"Follow the markers in the image: the green box marks the object to grasp, the blue dot marks where to place it. Show the scene after the object has been moved to the marked location. Pick up the cloth on the table. Place the cloth on the table."
/data/datasets/DROID/train_v4/final/20474_exterior_image_1_left_pair1.png,/data/datasets/DROID/train_v5a/kontext/20474_exterior_image_1_left_pair1.png,"Follow the markers in the image: the green box marks the object to grasp, the blue dot marks where to place it. Show the scene after the object has been moved to the marked location. Pick up the cloth on the table. Place the cloth on the shelf."
/data/datasets/DROID/train_v4/final/47026_exterior_image_1_left_pair0.png,/data/datasets/DROID/train_v5a/kontext/47026_exterior_image_1_left_pair0.png,"Follow the markers in the image: the green box marks the object to grasp, the blue dot marks where to place it. Show the scene after the object has been moved to the marked location. Pick up the cup on the table. Place the cup in the front."
/data/datasets/DROID/train_v4/final/47026_exterior_image_1_left_pair1.png,/data/datasets/DROID/train_v5a/kontext/47026_exterior_image_1_left_pair1.png,"Follow the markers in the image: the green box marks the object to grasp, the blue dot marks where to place it. Show the scene after the object has been moved to the marked location. Pick up the cup on the table. Place the cup in the front."
/data/datasets/DROID/train_v4/final/6675_exterior_image_1_left_pair0.png,/data/datasets/DROID/train_v5a/kontext/6675_exterior_image_1_left_pair0.png,"Follow the markers in the image: the green box marks the object to grasp, the blue dot marks where to place it. Show the scene after the object has been moved to the marked location. Pick up the yellow cup on the table. Place the yellow cup on top of the blue cup."
/data/datasets/DROID/train_v4/final/6675_exterior_image_1_left_pair1.png,/data/datasets/DROID/train_v5a/kontext/6675_exterior_image_1_left_pair1.png,"Follow the markers in the image: the green box marks the object to grasp, the blue dot marks where to place it. Show the scene after the object has been moved to the marked location. Pick up the blue cup on the table. Place the blue cup on top of the yellow cup."
/data/datasets/DROID/train_v4/final/8096_exterior_image_1_left_pair0.png,/data/datasets/DROID/train_v5a/kontext/8096_exterior_image_1_left_pair0.png,"Follow the markers in the image: the green box marks the object to grasp, the blue dot marks where to place it. Show the scene after the object has been moved to the marked location. Pick up the clothes on the back of the chair. Place the clothes in the storage basket."
/data/datasets/DROID/train_v4/final/8096_exterior_image_1_left_pair1.png,/data/datasets/DROID/train_v5a/kontext/8096_exterior_image_1_left_pair1.png,"Follow the markers in the image: the green box marks the object to grasp, the blue dot marks where to place it. Show the scene after the object has been moved to the marked location. Pick up the towel from the storage basket. Place the towel on the back of the chair."
/data/datasets/DROID/train_v4/final/14565_exterior_image_1_left_pair0.png,/data/datasets/DROID/train_v5a/kontext/14565_exterior_image_1_left_pair0.png,"Follow the markers in the image: the green box marks the object to grasp, the blue dot marks where to place it. Show the scene after the object has been moved to the marked location. Pick up the slippers from the rack. Place the slippers on the top of the rack."
/data/datasets/DROID/train_v4/final/14565_exterior_image_1_left_pair1.png,/data/datasets/DROID/train_v5a/kontext/14565_exterior_image_1_left_pair1.png,"Follow the markers in the image: the green box marks the object to grasp, the blue dot marks where to place it. Show the scene after the object has been moved to the marked location. Pick up the shoes from the rack. Place the shoes on the top of the rack."
/data/datasets/DROID/train_v4/final/50196_exterior_image_1_left_pair0.png,/data/datasets/DROID/train_v5a/kontext/50196_exterior_image_1_left_pair0.png,"Follow the markers in the image: the green box marks the object to grasp, the blue dot marks where to place it. Show the scene after the object has been moved to the marked location. Pick up the towel from the washing machine countertop. Place the towel in the washing machine."
/data/datasets/DROID/train_v4/final/50196_exterior_image_1_left_pair1.png,/data/datasets/DROID/train_v5a/kontext/50196_exterior_image_1_left_pair1.png,"Follow the markers in the image: the green box marks the object to grasp, the blue dot marks where to place it. Show the scene after the object has been moved to the marked location. Pick up the white towel from the washing machine countertop. Place the white towel in the washing machine."
/data/datasets/DROID/train_v4/final/37174_exterior_image_1_left_pair0.png,/data/datasets/DROID/train_v5a/kontext/37174_exterior_image_1_left_pair0.png,"Follow the markers in the image: the green box marks the object to grasp, the blue dot marks where to place it. Show the scene after the object has been moved to the marked location. Pick up the rope on the table. Place the rope into the box."
/data/datasets/DROID/train_v4/final/37174_exterior_image_1_left_pair1.png,/data/datasets/DROID/train_v5a/kontext/37174_exterior_image_1_left_pair1.png,"Follow the markers in the image: the green box marks the object to grasp, the blue dot marks where to place it. Show the scene after the object has been moved to the marked location. Pick up another rope on the table. Place another rope into the box."
/data/datasets/DROID/train_v4/final/57227_exterior_image_1_left_pair0.png,/data/datasets/DROID/train_v5a/kontext/57227_exterior_image_1_left_pair0.png,"Follow the markers in the image: the green box marks the object to grasp, the blue dot marks where to place it. Show the scene after the object has been moved to the marked location. Pick up the blue square from the table. Place the blue square in the bowl."
/data/datasets/DROID/train_v4/final/57227_exterior_image_1_left_pair1.png,/data/datasets/DROID/train_v5a/kontext/57227_exterior_image_1_left_pair1.png,"Follow the markers in the image: the green box marks the object to grasp, the blue dot marks where to place it. Show the scene after the object has been moved to the marked location. Pick up the green square from the table. Place the green square in the bowl."
/data/datasets/DROID/train_v4/final/28757_exterior_image_1_left_pair0.png,/data/datasets/DROID/train_v5a/kontext/28757_exterior_image_1_left_pair0.png,"Follow the markers in the image: the green box marks the object to grasp, the blue dot marks where to place it. Show the scene after the object has been moved to the marked location. Pick up the marker on the table. Place the marker in the cup."
/data/datasets/DROID/train_v4/final/28757_exterior_image_1_left_pair1.png,/data/datasets/DROID/train_v5a/kontext/28757_exterior_image_1_left_pair1.png,"Follow the markers in the image: the green box marks the object to grasp, the blue dot marks where to place it. Show the scene after the object has been moved to the marked location. Pick up the marker from the cup. Place the marker on the table."
/data/datasets/DROID/train_v4/final/83245_exterior_image_2_left_pair0.png,/data/datasets/DROID/train_v5a/kontext/83245_exterior_image_2_left_pair0.png,"Follow the markers in the image: the green box marks the object to grasp, the blue dot marks where to place it. Show the scene after the object has been moved to the marked location. Pick up the orange block from the table. Place the orange block in the bowl."
/data/datasets/DROID/train_v4/final/83245_exterior_image_2_left_pair1.png,/data/datasets/DROID/train_v5a/kontext/83245_exterior_image_2_left_pair1.png,"Follow the markers in the image: the green box marks the object to grasp, the blue dot marks where to place it. Show the scene after the object has been moved to the marked location. Pick up the green block from the table. Place the green block in the bowl."
/data/datasets/DROID/train_v4/final/14102_exterior_image_2_left_pair0.png,/data/datasets/DROID/train_v5a/kontext/14102_exterior_image_2_left_pair0.png,"Follow the markers in the image: the green box marks the object to grasp, the blue dot marks where to place it. Show the scene after the object has been moved to the marked location. Pick up the bottle in the small box. Place the bottle in the big box."
/data/datasets/DROID/train_v4/final/14102_exterior_image_2_left_pair1.png,/data/datasets/DROID/train_v5a/kontext/14102_exterior_image_2_left_pair1.png,"Follow the markers in the image: the green box marks the object to grasp, the blue dot marks where to place it. Show the scene after the object has been moved to the marked location. Pick up the big box on the table. Place the big box on the table."
/data/datasets/DROID/train_v4/final/47857_exterior_image_1_left_pair0.png,/data/datasets/DROID/train_v5a/kontext/47857_exterior_image_1_left_pair0.png,"Follow the markers in the image: the green box marks the object to grasp, the blue dot marks where to place it. Show the scene after the object has been moved to the marked location. Pick up the box on the right side of the table. Place the box on the left side of the table."
/data/datasets/DROID/train_v4/final/47857_exterior_image_1_left_pair1.png,/data/datasets/DROID/train_v5a/kontext/47857_exterior_image_1_left_pair1.png,"Follow the markers in the image: the green box marks the object to grasp, the blue dot marks where to place it. Show the scene after the object has been moved to the marked location. Pick up the round orange object from the transparent box. Place the round orange object in the box."
/data/datasets/DROID/train_v4/final/6697_exterior_image_1_left_pair0.png,/data/datasets/DROID/train_v5a/kontext/6697_exterior_image_1_left_pair0.png,"Follow the markers in the image: the green box marks the object to grasp, the blue dot marks where to place it. Show the scene after the object has been moved to the marked location. Pick up the stainless steel bowl from the stove. Place the stainless steel bowl on the stove."
/data/datasets/DROID/train_v4/final/6697_exterior_image_1_left_pair1.png,/data/datasets/DROID/train_v5a/kontext/6697_exterior_image_1_left_pair1.png,"Follow the markers in the image: the green box marks the object to grasp, the blue dot marks where to place it. Show the scene after the object has been moved to the marked location. Pick up the black pot lid from the stove. Place the black pot lid below the stove."
/data/datasets/DROID/train_v4/final/28681_exterior_image_1_left_pair0.png,/data/datasets/DROID/train_v5a/kontext/28681_exterior_image_1_left_pair0.png,"Follow the markers in the image: the green box marks the object to grasp, the blue dot marks where to place it. Show the scene after the object has been moved to the marked location. Remove the tape from the wooden stand. Place the tape on the table."
/data/datasets/DROID/train_v4/final/28681_exterior_image_1_left_pair1.png,/data/datasets/DROID/train_v5a/kontext/28681_exterior_image_1_left_pair1.png,"Follow the markers in the image: the green box marks the object to grasp, the blue dot marks where to place it. Show the scene after the object has been moved to the marked location. Pick up where's the clip on the table. Place the clip on the wooden stand."
/data/datasets/DROID/train_v4/final/85483_exterior_image_1_left_pair0.png,/data/datasets/DROID/train_v5a/kontext/85483_exterior_image_1_left_pair0.png,"Follow the markers in the image: the green box marks the object to grasp, the blue dot marks where to place it. Show the scene after the object has been moved to the marked location. Pick up the bottle on the right on the table. Place the bottle on the right on the top counter."
/data/datasets/DROID/train_v4/final/85483_exterior_image_1_left_pair1.png,/data/datasets/DROID/train_v5a/kontext/85483_exterior_image_1_left_pair1.png,"Follow the markers in the image: the green box marks the object to grasp, the blue dot marks where to place it. Show the scene after the object has been moved to the marked location. Pick up the bottle on the left on the table. Place the bottle on the left on the top counter."
/data/datasets/DROID/train_v4/final/5911_exterior_image_2_left_pair0.png,/data/datasets/DROID/train_v5a/kontext/5911_exterior_image_2_left_pair0.png,"Follow the markers in the image: the green box marks the object to grasp, the blue dot marks where to place it. Show the scene after the object has been moved to the marked location. Pick up the black pillow on the right side of the couch. Place the black pillow on the left side of the couch."
/data/datasets/DROID/train_v4/final/5911_exterior_image_2_left_pair1.png,/data/datasets/DROID/train_v5a/kontext/5911_exterior_image_2_left_pair1.png,"Follow the markers in the image: the green box marks the object to grasp, the blue dot marks where to place it. Show the scene after the object has been moved to the marked location. Pick up the pillow on the right side of the couch. Place the pillow on the left side of the couch."
/data/datasets/DROID/train_v4/final/77844_exterior_image_1_left_pair0.png,/data/datasets/DROID/train_v5a/kontext/77844_exterior_image_1_left_pair0.png,"Follow the markers in the image: the green box marks the object to grasp, the blue dot marks where to place it. Show the scene after the object has been moved to the marked location. Pick up the cup on the table. Place the cup on the plate."
/data/datasets/DROID/train_v4/final/77844_exterior_image_1_left_pair1.png,/data/datasets/DROID/train_v5a/kontext/77844_exterior_image_1_left_pair1.png,"Follow the markers in the image: the green box marks the object to grasp, the blue dot marks where to place it. Show the scene after the object has been moved to the marked location. Pick up the cube from the cup. Place the cube on the countertop."
/data/datasets/DROID/train_v4/final/79399_exterior_image_1_left_pair0.png,/data/datasets/DROID/train_v5a/kontext/79399_exterior_image_1_left_pair0.png,"Follow the markers in the image: the green box marks the object to grasp, the blue dot marks where to place it. Show the scene after the object has been moved to the marked location. Pick up the pear plush toy from the table. Place the pear plush toy in the drawer."
/data/datasets/DROID/train_v4/final/79399_exterior_image_1_left_pair1.png,/data/datasets/DROID/train_v5a/kontext/79399_exterior_image_1_left_pair1.png,"Follow the markers in the image: the green box marks the object to grasp, the blue dot marks where to place it. Show the scene after the object has been moved to the marked location. Pick up the watermelon plush toy from the table. Place the watermelon plush toy on the table."
/data/datasets/DROID/train_v4/final/5013_exterior_image_1_left_pair0.png,/data/datasets/DROID/train_v5a/kontext/5013_exterior_image_1_left_pair0.png,"Follow the markers in the image: the green box marks the object to grasp, the blue dot marks where to place it. Show the scene after the object has been moved to the marked location. Pick up the silver fork on the table. Place the silver fork in the open drawer."
/data/datasets/DROID/train_v4/final/5013_exterior_image_1_left_pair1.png,/data/datasets/DROID/train_v5a/kontext/5013_exterior_image_1_left_pair1.png,"Follow the markers in the image: the green box marks the object to grasp, the blue dot marks where to place it. Show the scene after the object has been moved to the marked location. Pick up the silver knife on the table. Place the silver knife in the open drawer."
/data/datasets/DROID/train_v4/final/37958_exterior_image_2_left_pair0.png,/data/datasets/DROID/train_v5a/kontext/37958_exterior_image_2_left_pair0.png,"Follow the markers in the image: the green box marks the object to grasp, the blue dot marks where to place it. Show the scene after the object has been moved to the marked location. Pick up the grey blanket from one corner. Place the grey blanket on the seat of the sofa."
/data/datasets/DROID/train_v4/final/8096_exterior_image_2_left_pair0.png,/data/datasets/DROID/train_v5a/kontext/8096_exterior_image_2_left_pair0.png,"Follow the markers in the image: the green box marks the object to grasp, the blue dot marks where to place it. Show the scene after the object has been moved to the marked location. Pick up the clothes on the back of the chair. Place the clothes in the storage basket."
/data/datasets/DROID/train_v4/final/8096_exterior_image_2_left_pair1.png,/data/datasets/DROID/train_v5a/kontext/8096_exterior_image_2_left_pair1.png,"Follow the markers in the image: the green box marks the object to grasp, the blue dot marks where to place it. Show the scene after the object has been moved to the marked location. Pick up the towel from the storage basket. Place the towel on the back of the chair."
/data/datasets/DROID/train_v4/final/80402_exterior_image_2_left_pair0.png,/data/datasets/DROID/train_v5a/kontext/80402_exterior_image_2_left_pair0.png,"Follow the markers in the image: the green box marks the object to grasp, the blue dot marks where to place it. Show the scene after the object has been moved to the marked location. Pick up the first bottle on the table. Place the first bottle on the counter."
/data/datasets/DROID/train_v4/final/80402_exterior_image_2_left_pair1.png,/data/datasets/DROID/train_v5a/kontext/80402_exterior_image_2_left_pair1.png,"Follow the markers in the image: the green box marks the object to grasp, the blue dot marks where to place it. Show the scene after the object has been moved to the marked location. Pick up the second bottle on the table. Place the second bottle on the counter."
/data/datasets/DROID/train_v4/final/77844_exterior_image_2_left_pair0.png,/data/datasets/DROID/train_v5a/kontext/77844_exterior_image_2_left_pair0.png,"Follow the markers in the image: the green box marks the object to grasp, the blue dot marks where to place it. Show the scene after the object has been moved to the marked location. Pick up the cup on the table. Place the cup on the plate."
/data/datasets/DROID/train_v4/final/77844_exterior_image_2_left_pair1.png,/data/datasets/DROID/train_v5a/kontext/77844_exterior_image_2_left_pair1.png,"Follow the markers in the image: the green box marks the object to grasp, the blue dot marks where to place it. Show the scene after the object has been moved to the marked location. Pick up the cube from the cup. Place the cube on the countertop."
/data/datasets/DROID/train_v4/final/40519_exterior_image_2_left_pair0.png,/data/datasets/DROID/train_v5a/kontext/40519_exterior_image_2_left_pair0.png,"Follow the markers in the image: the green box marks the object to grasp, the blue dot marks where to place it. Show the scene after the object has been moved to the marked location. Pick up the pink octopus plush toy on the table. Place the pink octopus plush toy on the white container."
/data/datasets/DROID/train_v4/final/40519_exterior_image_2_left_pair1.png,/data/datasets/DROID/train_v5a/kontext/40519_exterior_image_2_left_pair1.png,"Follow the markers in the image: the green box marks the object to grasp, the blue dot marks where to place it. Show the scene after the object has been moved to the marked location. Pick up the white computer mouse on the table. Place the mouse on the table."
/data/datasets/DROID/train_v4/final/4815_exterior_image_2_left_pair0.png,/data/datasets/DROID/train_v5a/kontext/4815_exterior_image_2_left_pair0.png,"Follow the markers in the image: the green box marks the object to grasp, the blue dot marks where to place it. Show the scene after the object has been moved to the marked location. Pick up the towel from the white storage bin. Place the towel on the table."
/data/datasets/DROID/train_v4/final/4815_exterior_image_2_left_pair1.png,/data/datasets/DROID/train_v5a/kontext/4815_exterior_image_2_left_pair1.png,"Follow the markers in the image: the green box marks the object to grasp, the blue dot marks where to place it. Show the scene after the object has been moved to the marked location. Pick up the t-shirt from the white storage bin. Place the t-shirt on the table."
/data/datasets/DROID/train_v4/final/40933_exterior_image_1_left_pair0.png,/data/datasets/DROID/train_v5a/kontext/40933_exterior_image_1_left_pair0.png,"Follow the markers in the image: the green box marks the object to grasp, the blue dot marks where to place it. Show the scene after the object has been moved to the marked location. Pick up the first bottle on the table. Place the first bottle on the tray."
/data/datasets/DROID/train_v4/final/40933_exterior_image_1_left_pair1.png,/data/datasets/DROID/train_v5a/kontext/40933_exterior_image_1_left_pair1.png,"Follow the markers in the image: the green box marks the object to grasp, the blue dot marks where to place it. Show the scene after the object has been moved to the marked location. Pick up the second bottle on the table. Place the second bottle on the tray."
/data/datasets/DROID/train_v4/final/35128_exterior_image_1_left_pair0.png,/data/datasets/DROID/train_v5a/kontext/35128_exterior_image_1_left_pair0.png,"Follow the markers in the image: the green box marks the object to grasp, the blue dot marks where to place it. Show the scene after the object has been moved to the marked location. Pick up the cup on the table. Place the cup on the cup."
/data/datasets/DROID/train_v4/final/35128_exterior_image_1_left_pair1.png,/data/datasets/DROID/train_v5a/kontext/35128_exterior_image_1_left_pair1.png,"Follow the markers in the image: the green box marks the object to grasp, the blue dot marks where to place it. Show the scene after the object has been moved to the marked location. Pick up the cup on the table. Place the cup on the cup."
/data/datasets/DROID/train_v4/final/17625_exterior_image_2_left_pair0.png,/data/datasets/DROID/train_v5a/kontext/17625_exterior_image_2_left_pair0.png,"Follow the markers in the image: the green box marks the object to grasp, the blue dot marks where to place it. Show the scene after the object has been moved to the marked location. Pick up the brown cup on the table. Place the brown cup on top of the dark blue cup."
/data/datasets/DROID/train_v4/final/17625_exterior_image_2_left_pair1.png,/data/datasets/DROID/train_v5a/kontext/17625_exterior_image_2_left_pair1.png,"Follow the markers in the image: the green box marks the object to grasp, the blue dot marks where to place it. Show the scene after the object has been moved to the marked location. Pick up the cup on the table. Place the cup above the yellow cup."
/data/datasets/DROID/train_v4/final/2891_exterior_image_2_left_pair0.png,/data/datasets/DROID/train_v5a/kontext/2891_exterior_image_2_left_pair0.png,"Follow the markers in the image: the green box marks the object to grasp, the blue dot marks where to place it. Show the scene after the object has been moved to the marked location. Pick up the sneaker from the top shelf. Place the sneaker on top of the cabinet."
/data/datasets/DROID/train_v4/final/2891_exterior_image_2_left_pair1.png,/data/datasets/DROID/train_v5a/kontext/2891_exterior_image_2_left_pair1.png,"Follow the markers in the image: the green box marks the object to grasp, the blue dot marks where to place it. Show the scene after the object has been moved to the marked location. Pick up the book from the desktop. Place the book on top of the cabinet."
/data/datasets/DROID/train_v4/final/3159_exterior_image_1_left_pair0.png,/data/datasets/DROID/train_v5a/kontext/3159_exterior_image_1_left_pair0.png,"Follow the markers in the image: the green box marks the object to grasp, the blue dot marks where to place it. Show the scene after the object has been moved to the marked location. Pick up the item on the table. Place the item on the right sofa."
/data/datasets/DROID/train_v4/final/3159_exterior_image_1_left_pair1.png,/data/datasets/DROID/train_v5a/kontext/3159_exterior_image_1_left_pair1.png,"Follow the markers in the image: the green box marks the object to grasp, the blue dot marks where to place it. Show the scene after the object has been moved to the marked location. Pick up the item on the right side of the sofa. Place the item on the sofa's armrest."
/data/datasets/DROID/train_v4/final/26651_exterior_image_2_left_pair0.png,/data/datasets/DROID/train_v5a/kontext/26651_exterior_image_2_left_pair0.png,"Follow the markers in the image: the green box marks the object to grasp, the blue dot marks where to place it. Show the scene after the object has been moved to the marked location. Pick up the bottle on the table. Place the bottle on the right of the original position."
/data/datasets/DROID/train_v4/final/26651_exterior_image_2_left_pair1.png,/data/datasets/DROID/train_v5a/kontext/26651_exterior_image_2_left_pair1.png,"Follow the markers in the image: the green box marks the object to grasp, the blue dot marks where to place it. Show the scene after the object has been moved to the marked location. Pick up the black bottle on the table. Place the black bottle on the left of the original position."
/data/datasets/DROID/train_v4/final/53967_exterior_image_1_left_pair0.png,/data/datasets/DROID/train_v5a/kontext/53967_exterior_image_1_left_pair0.png,"Follow the markers in the image: the green box marks the object to grasp, the blue dot marks where to place it. Show the scene after the object has been moved to the marked location. Pick up the object on the desk. Place the object into the bag."
/data/datasets/DROID/train_v4/final/53967_exterior_image_1_left_pair1.png,/data/datasets/DROID/train_v5a/kontext/53967_exterior_image_1_left_pair1.png,"Follow the markers in the image: the green box marks the object to grasp, the blue dot marks where to place it. Show the scene after the object has been moved to the marked location. Pick up the cloth on the table. Place the cloth into the bag."
/data/datasets/DROID/train_v4/final/12991_exterior_image_1_left_pair0.png,/data/datasets/DROID/train_v5a/kontext/12991_exterior_image_1_left_pair0.png,"Follow the markers in the image: the green box marks the object to grasp, the blue dot marks where to place it. Show the scene after the object has been moved to the marked location. Pick up the pot from the stove. Place the pot on the counter."
/data/datasets/DROID/train_v4/final/12991_exterior_image_1_left_pair1.png,/data/datasets/DROID/train_v5a/kontext/12991_exterior_image_1_left_pair1.png,"Follow the markers in the image: the green box marks the object to grasp, the blue dot marks where to place it. Show the scene after the object has been moved to the marked location. Pick up the pot on the counter. Place the pot down."
/data/datasets/DROID/train_v4/final/12991_exterior_image_1_left_pair2.png,/data/datasets/DROID/train_v5a/kontext/12991_exterior_image_1_left_pair2.png,"Follow the markers in the image: the green box marks the object to grasp, the blue dot marks where to place it. Show the scene after the object has been moved to the marked location. Pick up the pot on the counter. Place the pot on the counter."
/data/datasets/DROID/train_v4/final/77166_exterior_image_2_left_pair0.png,/data/datasets/DROID/train_v5a/kontext/77166_exterior_image_2_left_pair0.png,"Follow the markers in the image: the green box marks the object to grasp, the blue dot marks where to place it. Show the scene after the object has been moved to the marked location. Pick up the bottle from the pot. Place the bottle on the stove."
/data/datasets/DROID/train_v4/final/77166_exterior_image_2_left_pair1.png,/data/datasets/DROID/train_v5a/kontext/77166_exterior_image_2_left_pair1.png,"Follow the markers in the image: the green box marks the object to grasp, the blue dot marks where to place it. Show the scene after the object has been moved to the marked location. Pick up another bottle from the pot. Place the bottle on the stove."
/data/datasets/DROID/train_v4/final/23817_exterior_image_1_left_pair0.png,/data/datasets/DROID/train_v5a/kontext/23817_exterior_image_1_left_pair0.png,"Follow the markers in the image: the green box marks the object to grasp, the blue dot marks where to place it. Show the scene after the object has been moved to the marked location. Pick up the clothes from the plastic container. Place the clothes on the table."
/data/datasets/DROID/train_v4/final/23817_exterior_image_1_left_pair1.png,/data/datasets/DROID/train_v5a/kontext/23817_exterior_image_1_left_pair1.png,"Follow the markers in the image: the green box marks the object to grasp, the blue dot marks where to place it. Show the scene after the object has been moved to the marked location. Pick up the clothes from the plastic container. Place the clothes on the table."
/data/datasets/DROID/train_v4/final/77463_exterior_image_2_left_pair0.png,/data/datasets/DROID/train_v5a/kontext/77463_exterior_image_2_left_pair0.png,"Follow the markers in the image: the green box marks the object to grasp, the blue dot marks where to place it. Show the scene after the object has been moved to the marked location. Pick up the small glass bottle on the table. Place the small glass bottle in the grey box."
/data/datasets/DROID/train_v4/final/77463_exterior_image_2_left_pair1.png,/data/datasets/DROID/train_v5a/kontext/77463_exterior_image_2_left_pair1.png,"Follow the markers in the image: the green box marks the object to grasp, the blue dot marks where to place it. Show the scene after the object has been moved to the marked location. Pick up the grey box on the table. Place the grey box on the black box."
/data/datasets/DROID/train_v4/final/24630_exterior_image_1_left_pair0.png,/data/datasets/DROID/train_v5a/kontext/24630_exterior_image_1_left_pair0.png,"Follow the markers in the image: the green box marks the object to grasp, the blue dot marks where to place it. Show the scene after the object has been moved to the marked location. Pick up the blue can on top of the blue box. Place the can in the bin."
/data/datasets/DROID/train_v4/final/24630_exterior_image_1_left_pair1.png,/data/datasets/DROID/train_v5a/kontext/24630_exterior_image_1_left_pair1.png,"Follow the markers in the image: the green box marks the object to grasp, the blue dot marks where to place it. Show the scene after the object has been moved to the marked location. Pick up the white paper on top of the box. Place the white paper in the bin."
/data/datasets/DROID/train_v4/final/49278_exterior_image_2_left_pair0.png,/data/datasets/DROID/train_v5a/kontext/49278_exterior_image_2_left_pair0.png,"Follow the markers in the image: the green box marks the object to grasp, the blue dot marks where to place it. Show the scene after the object has been moved to the marked location. Pick up the yellow cup on the table. Place the yellow cup on the blue cup."
/data/datasets/DROID/train_v4/final/49278_exterior_image_2_left_pair1.png,/data/datasets/DROID/train_v5a/kontext/49278_exterior_image_2_left_pair1.png,"Follow the markers in the image: the green box marks the object to grasp, the blue dot marks where to place it. Show the scene after the object has been moved to the marked location. Pick up the blue cup with the yellow cup. Place the blue cup with the yellow cup into the cyan cup."
/data/datasets/DROID/train_v4/final/78196_exterior_image_1_left_pair0.png,/data/datasets/DROID/train_v5a/kontext/78196_exterior_image_1_left_pair0.png,"Follow the markers in the image: the green box marks the object to grasp, the blue dot marks where to place it. Show the scene after the object has been moved to the marked location. Pick up the marker from the cup. Place the marker on the table."
/data/datasets/DROID/train_v4/final/78196_exterior_image_1_left_pair1.png,/data/datasets/DROID/train_v5a/kontext/78196_exterior_image_1_left_pair1.png,"Follow the markers in the image: the green box marks the object to grasp, the blue dot marks where to place it. Show the scene after the object has been moved to the marked location. Pick up the marker from the table. Place the marker back in the cup."
/data/datasets/DROID/train_v4/final/70638_exterior_image_1_left_pair0.png,/data/datasets/DROID/train_v5a/kontext/70638_exterior_image_1_left_pair0.png,"Follow the markers in the image: the green box marks the object to grasp, the blue dot marks where to place it. Show the scene after the object has been moved to the marked location. Pick up the clothes from the white box. Place the clothes on the table."
/data/datasets/DROID/train_v4/final/70638_exterior_image_1_left_pair1.png,/data/datasets/DROID/train_v5a/kontext/70638_exterior_image_1_left_pair1.png,"Follow the markers in the image: the green box marks the object to grasp, the blue dot marks where to place it. Show the scene after the object has been moved to the marked location. Pick up the clothes from the white box. Place the clothes on the table."
/data/datasets/DROID/train_v4/final/10380_exterior_image_2_left_pair0.png,/data/datasets/DROID/train_v5a/kontext/10380_exterior_image_2_left_pair0.png,"Follow the markers in the image: the green box marks the object to grasp, the blue dot marks where to place it. Show the scene after the object has been moved to the marked location. Pick up the marker from the cup. Place the marker on the table."
/data/datasets/DROID/train_v4/final/10380_exterior_image_2_left_pair1.png,/data/datasets/DROID/train_v5a/kontext/10380_exterior_image_2_left_pair1.png,"Follow the markers in the image: the green box marks the object to grasp, the blue dot marks where to place it. Show the scene after the object has been moved to the marked location. Pick up the marker from the table. Place the marker back in the cup."
/data/datasets/DROID/train_v4/final/28490_exterior_image_2_left_pair0.png,/data/datasets/DROID/train_v5a/kontext/28490_exterior_image_2_left_pair0.png,"Follow the markers in the image: the green box marks the object to grasp, the blue dot marks where to place it. Show the scene after the object has been moved to the marked location. Pick up the lid from the pot on the stove. Place the lid on the countertop."
/data/datasets/DROID/train_v4/final/28490_exterior_image_2_left_pair1.png,/data/datasets/DROID/train_v5a/kontext/28490_exterior_image_2_left_pair1.png,"Follow the markers in the image: the green box marks the object to grasp, the blue dot marks where to place it. Show the scene after the object has been moved to the marked location. Pick up the green towel from the lid. Place the green towel inside the pot."
/data/datasets/DROID/train_v4/final/28490_exterior_image_2_left_pair2.png,/data/datasets/DROID/train_v5a/kontext/28490_exterior_image_2_left_pair2.png,"Follow the markers in the image: the green box marks the object to grasp, the blue dot marks where to place it. Show the scene after the object has been moved to the marked location. Pick up the towel from the pot. Place the towel in the pot."
/data/datasets/DROID/train_v4/final/17832_exterior_image_2_left_pair0.png,/data/datasets/DROID/train_v5a/kontext/17832_exterior_image_2_left_pair0.png,"Follow the markers in the image: the green box marks the object to grasp, the blue dot marks where to place it. Show the scene after the object has been moved to the marked location. Pick up the pen from the cup. Place the pen on the table."
/data/datasets/DROID/train_v4/final/17832_exterior_image_2_left_pair1.png,/data/datasets/DROID/train_v5a/kontext/17832_exterior_image_2_left_pair1.png,"Follow the markers in the image: the green box marks the object to grasp, the blue dot marks where to place it. Show the scene after the object has been moved to the marked location. Pick up the pen from the table. Place the pen in the cup."
/data/datasets/DROID/train_v4/final/72299_exterior_image_1_left_pair0.png,/data/datasets/DROID/train_v5a/kontext/72299_exterior_image_1_left_pair0.png,"Follow the markers in the image: the green box marks the object to grasp, the blue dot marks where to place it. Show the scene after the object has been moved to the marked location. Pick up the coffee cup from the countertop. Place the coffee cup in the sink."
/data/datasets/DROID/train_v4/final/72299_exterior_image_1_left_pair1.png,/data/datasets/DROID/train_v5a/kontext/72299_exterior_image_1_left_pair1.png,"Follow the markers in the image: the green box marks the object to grasp, the blue dot marks where to place it. Show the scene after the object has been moved to the marked location. Pick up the bowl from the countertop. Place the bowl in the sink."
/data/datasets/DROID/train_v4/final/91541_exterior_image_2_left_pair0.png,/data/datasets/DROID/train_v5a/kontext/91541_exterior_image_2_left_pair0.png,"Follow the markers in the image: the green box marks the object to grasp, the blue dot marks where to place it. Show the scene after the object has been moved to the marked location. Pick up the oven mitt from the countertop. Place the oven mitt on the lid of the pot."
/data/datasets/DROID/train_v4/final/91541_exterior_image_2_left_pair1.png,/data/datasets/DROID/train_v5a/kontext/91541_exterior_image_2_left_pair1.png,"Follow the markers in the image: the green box marks the object to grasp, the blue dot marks where to place it. Show the scene after the object has been moved to the marked location. Pick up the oven mitt and the lid from the pot. Place the oven mitt and the lid on the countertop."
/data/datasets/DROID/train_v4/final/73272_exterior_image_1_left_pair0.png,/data/datasets/DROID/train_v5a/kontext/73272_exterior_image_1_left_pair0.png,"Follow the markers in the image: the green box marks the object to grasp, the blue dot marks where to place it. Show the scene after the object has been moved to the marked location. Pick up the brown fabric from the gray rack. Place the brown fabric above the box."
/data/datasets/DROID/train_v4/final/73272_exterior_image_1_left_pair1.png,/data/datasets/DROID/train_v5a/kontext/73272_exterior_image_1_left_pair1.png,"Follow the markers in the image: the green box marks the object to grasp, the blue dot marks where to place it. Show the scene after the object has been moved to the marked location. Pick up the purple fabric from the gray rack. Place the purple fabric on the box."
/data/datasets/DROID/train_v4/final/87646_exterior_image_2_left_pair0.png,/data/datasets/DROID/train_v5a/kontext/87646_exterior_image_2_left_pair0.png,"Follow the markers in the image: the green box marks the object to grasp, the blue dot marks where to place it. Show the scene after the object has been moved to the marked location. Pick up the black box on the table. Place the black box on the left side of the table."
/data/datasets/DROID/train_v4/final/87646_exterior_image_2_left_pair1.png,/data/datasets/DROID/train_v5a/kontext/87646_exterior_image_2_left_pair1.png,"Follow the markers in the image: the green box marks the object to grasp, the blue dot marks where to place it. Show the scene after the object has been moved to the marked location. Pick up the plush toy on the table. Place the plush toy on the left side of the table."
/data/datasets/DROID/train_v4/final/77002_exterior_image_2_left_pair0.png,/data/datasets/DROID/train_v5a/kontext/77002_exterior_image_2_left_pair0.png,"Follow the markers in the image: the green box marks the object to grasp, the blue dot marks where to place it. Show the scene after the object has been moved to the marked location. Pick up the green block from the table. Place the green block into the black bowl."
/data/datasets/DROID/train_v4/final/77002_exterior_image_2_left_pair1.png,/data/datasets/DROID/train_v5a/kontext/77002_exterior_image_2_left_pair1.png,"Follow the markers in the image: the green box marks the object to grasp, the blue dot marks where to place it. Show the scene after the object has been moved to the marked location. Pick up the small block from the table. Place the small block into the black bowl."
/data/datasets/DROID/train_v4/final/20749_exterior_image_2_left_pair0.png,/data/datasets/DROID/train_v5a/kontext/20749_exterior_image_2_left_pair0.png,"Follow the markers in the image: the green box marks the object to grasp, the blue dot marks where to place it. Show the scene after the object has been moved to the marked location. Pick up the light blue cup on the table. Place the light blue cup in the blue cup."
/data/datasets/DROID/train_v4/final/20749_exterior_image_2_left_pair1.png,/data/datasets/DROID/train_v5a/kontext/20749_exterior_image_2_left_pair1.png,"Follow the markers in the image: the green box marks the object to grasp, the blue dot marks where to place it. Show the scene after the object has been moved to the marked location. Pick up the blue cup on the table. Place the blue cup on top of the light blue cup."
/data/datasets/DROID/train_v4/final/73968_exterior_image_1_left_pair0.png,/data/datasets/DROID/train_v5a/kontext/73968_exterior_image_1_left_pair0.png,"Follow the markers in the image: the green box marks the object to grasp, the blue dot marks where to place it. Show the scene after the object has been moved to the marked location. Pick up the bowl on the right. Place the bowl on the left under the bowl on the right."
/data/datasets/DROID/train_v4/final/73968_exterior_image_1_left_pair1.png,/data/datasets/DROID/train_v5a/kontext/73968_exterior_image_1_left_pair1.png,"Follow the markers in the image: the green box marks the object to grasp, the blue dot marks where to place it. Show the scene after the object has been moved to the marked location. Pick up the bowl on the left. Place the bowl back to the original position."
/data/datasets/DROID/train_v4/final/53838_exterior_image_1_left_pair0.png,/data/datasets/DROID/train_v5a/kontext/53838_exterior_image_1_left_pair0.png,"Follow the markers in the image: the green box marks the object to grasp, the blue dot marks where to place it. Show the scene after the object has been moved to the marked location. Pick up the glue stick from the desk. Place the glue stick in the mug."
/data/datasets/DROID/train_v4/final/53838_exterior_image_1_left_pair1.png,/data/datasets/DROID/train_v5a/kontext/53838_exterior_image_1_left_pair1.png,"Follow the markers in the image: the green box marks the object to grasp, the blue dot marks where to place it. Show the scene after the object has been moved to the marked location. Pick up the glue stick from the mug. Place the glue stick on the desk."
/data/datasets/DROID/train_v4/final/53838_exterior_image_1_left_pair2.png,/data/datasets/DROID/train_v5a/kontext/53838_exterior_image_1_left_pair2.png,"Follow the markers in the image: the green box marks the object to grasp, the blue dot marks where to place it. Show the scene after the object has been moved to the marked location. Pick up the glue stick from the table. Place the glue stick in the cup."
/data/datasets/DROID/train_v4/final/85713_exterior_image_2_left_pair0.png,/data/datasets/DROID/train_v5a/kontext/85713_exterior_image_2_left_pair0.png,"Follow the markers in the image: the green box marks the object to grasp, the blue dot marks where to place it. Show the scene after the object has been moved to the marked location. Pick up the marker from the table. Place the marker in the yellow mug."
/data/datasets/DROID/train_v4/final/85713_exterior_image_2_left_pair1.png,/data/datasets/DROID/train_v5a/kontext/85713_exterior_image_2_left_pair1.png,"Follow the markers in the image: the green box marks the object to grasp, the blue dot marks where to place it. Show the scene after the object has been moved to the marked location. Pick up the marker from the yellow mug. Place the marker on the table."
/data/datasets/DROID/train_v4/final/6675_exterior_image_2_left_pair0.png,/data/datasets/DROID/train_v5a/kontext/6675_exterior_image_2_left_pair0.png,"Follow the markers in the image: the green box marks the object to grasp, the blue dot marks where to place it. Show the scene after the object has been moved to the marked location. Pick up the yellow cup on the table. Place the yellow cup on top of the blue cup."
/data/datasets/DROID/train_v4/final/6675_exterior_image_2_left_pair1.png,/data/datasets/DROID/train_v5a/kontext/6675_exterior_image_2_left_pair1.png,"Follow the markers in the image: the green box marks the object to grasp, the blue dot marks where to place it. Show the scene after the object has been moved to the marked location. Pick up the blue cup on the table. Place the blue cup on top of the yellow cup."
/data/datasets/DROID/train_v4/final/36669_exterior_image_1_left_pair0.png,/data/datasets/DROID/train_v5a/kontext/36669_exterior_image_1_left_pair0.png,"Follow the markers in the image: the green box marks the object to grasp, the blue dot marks where to place it. Show the scene after the object has been moved to the marked location. Pick up the blue item from the box. Place the blue item in the tray."
/data/datasets/DROID/train_v4/final/36669_exterior_image_1_left_pair1.png,/data/datasets/DROID/train_v5a/kontext/36669_exterior_image_1_left_pair1.png,"Follow the markers in the image: the green box marks the object to grasp, the blue dot marks where to place it. Show the scene after the object has been moved to the marked location. Pick up the tray from the table. Place the tray on top of the transparent box."
/data/datasets/DROID/train_v4/final/49584_exterior_image_2_left_pair0.png,/data/datasets/DROID/train_v5a/kontext/49584_exterior_image_2_left_pair0.png,"Follow the markers in the image: the green box marks the object to grasp, the blue dot marks where to place it. Show the scene after the object has been moved to the marked location. Pick up the towel from the table. Place the towel on the tripod."
/data/datasets/DROID/train_v4/final/49584_exterior_image_2_left_pair1.png,/data/datasets/DROID/train_v5a/kontext/49584_exterior_image_2_left_pair1.png,"Follow the markers in the image: the green box marks the object to grasp, the blue dot marks where to place it. Show the scene after the object has been moved to the marked location. Pick up the towel from the tripod. Place the towel on the table."
/data/datasets/DROID/train_v4/final/41703_exterior_image_1_left_pair0.png,/data/datasets/DROID/train_v5a/kontext/41703_exterior_image_1_left_pair0.png,"Follow the markers in the image: the green box marks the object to grasp, the blue dot marks where to place it. Show the scene after the object has been moved to the marked location. Pick up the marker on the table. Place the marker in the cup."
/data/datasets/DROID/train_v4/final/41703_exterior_image_1_left_pair1.png,/data/datasets/DROID/train_v5a/kontext/41703_exterior_image_1_left_pair1.png,"Follow the markers in the image: the green box marks the object to grasp, the blue dot marks where to place it. Show the scene after the object has been moved to the marked location. Pick up the marker from the cup. Place the marker on the table."
/data/datasets/DROID/train_v4/final/35967_exterior_image_1_left_pair0.png,/data/datasets/DROID/train_v5a/kontext/35967_exterior_image_1_left_pair0.png,"Follow the markers in the image: the green box marks the object to grasp, the blue dot marks where to place it. Show the scene after the object has been moved to the marked location. Pick up the medicine bottle on the table. Place the medicine bottle on the tabletop."
/data/datasets/DROID/train_v4/final/35967_exterior_image_1_left_pair1.png,/data/datasets/DROID/train_v5a/kontext/35967_exterior_image_1_left_pair1.png,"Follow the markers in the image: the green box marks the object to grasp, the blue dot marks where to place it. Show the scene after the object has been moved to the marked location. Pick up the medicine bottle on the tabletop. Place the medicine bottle on the counter."
/data/datasets/DROID/train_v4/final/22142_exterior_image_1_left_pair0.png,/data/datasets/DROID/train_v5a/kontext/22142_exterior_image_1_left_pair0.png,"Follow the markers in the image: the green box marks the object to grasp, the blue dot marks where to place it. Show the scene after the object has been moved to the marked location. Pick up the clothes from the backrest of the chair. Place the clothes on the box."
/data/datasets/DROID/train_v4/final/22142_exterior_image_1_left_pair1.png,/data/datasets/DROID/train_v5a/kontext/22142_exterior_image_1_left_pair1.png,"Follow the markers in the image: the green box marks the object to grasp, the blue dot marks where to place it. Show the scene after the object has been moved to the marked location. Pick up the clothes from the backrest of the chair. Place the clothes on the box."
/data/datasets/DROID/train_v4/final/42437_exterior_image_1_left_pair0.png,/data/datasets/DROID/train_v5a/kontext/42437_exterior_image_1_left_pair0.png,"Follow the markers in the image: the green box marks the object to grasp, the blue dot marks where to place it. Show the scene after the object has been moved to the marked location. Pick up the crayon from the right side of the paper. Place the crayon on the left side of the paper."
/data/datasets/DROID/train_v4/final/42437_exterior_image_1_left_pair1.png,/data/datasets/DROID/train_v5a/kontext/42437_exterior_image_1_left_pair1.png,"Follow the markers in the image: the green box marks the object to grasp, the blue dot marks where to place it. Show the scene after the object has been moved to the marked location. Pick up the second crayon from the right side of the paper. Place the crayon on the left side of the paper."
/data/datasets/DROID/train_v4/final/25526_exterior_image_2_left_pair0.png,/data/datasets/DROID/train_v5a/kontext/25526_exterior_image_2_left_pair0.png,"Follow the markers in the image: the green box marks the object to grasp, the blue dot marks where to place it. Show the scene after the object has been moved to the marked location. Pick up the right cup on the table. Place the right cup in the middle cup."
/data/datasets/DROID/train_v4/final/25526_exterior_image_2_left_pair1.png,/data/datasets/DROID/train_v5a/kontext/25526_exterior_image_2_left_pair1.png,"Follow the markers in the image: the green box marks the object to grasp, the blue dot marks where to place it. Show the scene after the object has been moved to the marked location. Pick up the middle cup on the table. Place the middle cup in the left cup."
/data/datasets/DROID/train_v4/final/63923_exterior_image_1_left_pair1.png,/data/datasets/DROID/train_v5a/kontext/63923_exterior_image_1_left_pair1.png,"Follow the markers in the image: the green box marks the object to grasp, the blue dot marks where to place it. Show the scene after the object has been moved to the marked location. Pick up the cloth from the stand. Place the cloth back on the table."
/data/datasets/DROID/train_v4/final/4501_exterior_image_2_left_pair0.png,/data/datasets/DROID/train_v5a/kontext/4501_exterior_image_2_left_pair0.png,"Follow the markers in the image: the green box marks the object to grasp, the blue dot marks where to place it. Show the scene after the object has been moved to the marked location. Pick up the green block on the blue table. Place the green block in the black bowl."
/data/datasets/DROID/train_v4/final/4501_exterior_image_2_left_pair1.png,/data/datasets/DROID/train_v5a/kontext/4501_exterior_image_2_left_pair1.png,"Follow the markers in the image: the green box marks the object to grasp, the blue dot marks where to place it. Show the scene after the object has been moved to the marked location. Pick up the green block on the blue table. Place the green block in the black bowl."
/data/datasets/DROID/train_v4/final/84770_exterior_image_2_left_pair0.png,/data/datasets/DROID/train_v5a/kontext/84770_exterior_image_2_left_pair0.png,"Follow the markers in the image: the green box marks the object to grasp, the blue dot marks where to place it. Show the scene after the object has been moved to the marked location. Pick up the blue cube from the tabletop. Place the blue cube in the bowl."
/data/datasets/DROID/train_v4/final/84770_exterior_image_2_left_pair1.png,/data/datasets/DROID/train_v5a/kontext/84770_exterior_image_2_left_pair1.png,"Follow the markers in the image: the green box marks the object to grasp, the blue dot marks where to place it. Show the scene after the object has been moved to the marked location. Pick up the green block from the table. Place the green block in the bowl."
/data/datasets/DROID/train_v4/final/33157_exterior_image_2_left_pair0.png,/data/datasets/DROID/train_v5a/kontext/33157_exterior_image_2_left_pair0.png,"Follow the markers in the image: the green box marks the object to grasp, the blue dot marks where to place it. Show the scene after the object has been moved to the marked location. Pick up the white clothing from the bed. Place the white clothing on the pile of clothes."
/data/datasets/DROID/train_v4/final/33157_exterior_image_2_left_pair1.png,/data/datasets/DROID/train_v5a/kontext/33157_exterior_image_2_left_pair1.png,"Follow the markers in the image: the green box marks the object to grasp, the blue dot marks where to place it. Show the scene after the object has been moved to the marked location. Pick up the cap from the bed. Place the cap on the pile of clothes."
/data/datasets/DROID/train_v4/final/13664_exterior_image_1_left_pair0.png,/data/datasets/DROID/train_v5a/kontext/13664_exterior_image_1_left_pair0.png,"Follow the markers in the image: the green box marks the object to grasp, the blue dot marks where to place it. Show the scene after the object has been moved to the marked location. Pick up the brown object from the right blue basket. Place the brown object on the gray plate."
/data/datasets/DROID/train_v4/final/13664_exterior_image_1_left_pair1.png,/data/datasets/DROID/train_v5a/kontext/13664_exterior_image_1_left_pair1.png,"Follow the markers in the image: the green box marks the object to grasp, the blue dot marks where to place it. Show the scene after the object has been moved to the marked location. Pick up the watermelon plushie from the gray plate. Place the watermelon plushie on the black plate."
/data/datasets/DROID/train_v4/final/42704_exterior_image_1_left_pair0.png,/data/datasets/DROID/train_v5a/kontext/42704_exterior_image_1_left_pair0.png,"Follow the markers in the image: the green box marks the object to grasp, the blue dot marks where to place it. Show the scene after the object has been moved to the marked location. Pick up the orange object in the black pot. Place the orange object in the green bowl."
/data/datasets/DROID/train_v4/final/42704_exterior_image_1_left_pair1.png,/data/datasets/DROID/train_v5a/kontext/42704_exterior_image_1_left_pair1.png,"Follow the markers in the image: the green box marks the object to grasp, the blue dot marks where to place it. Show the scene after the object has been moved to the marked location. Pick up the orange object in the black pot. Place the orange object in the black pot."
/data/datasets/DROID/train_v4/final/26557_exterior_image_1_left_pair0.png,/data/datasets/DROID/train_v5a/kontext/26557_exterior_image_1_left_pair0.png,"Follow the markers in the image: the green box marks the object to grasp, the blue dot marks where to place it. Show the scene after the object has been moved to the marked location. Pick up the purple plush toy from the table. Place the purple plush toy in the box."
/data/datasets/DROID/train_v4/final/26557_exterior_image_1_left_pair1.png,/data/datasets/DROID/train_v5a/kontext/26557_exterior_image_1_left_pair1.png,"Follow the markers in the image: the green box marks the object to grasp, the blue dot marks where to place it. Show the scene after the object has been moved to the marked location. Pick up the purple plush toy from the table. Place the purple plush toy in the box."
/data/datasets/DROID/train_v4/final/24566_exterior_image_1_left_pair0.png,/data/datasets/DROID/train_v5a/kontext/24566_exterior_image_1_left_pair0.png,"Follow the markers in the image: the green box marks the object to grasp, the blue dot marks where to place it. Show the scene after the object has been moved to the marked location. Pick up the green cube on the table. Place the green cube in the bowl."
/data/datasets/DROID/train_v4/final/24566_exterior_image_1_left_pair1.png,/data/datasets/DROID/train_v5a/kontext/24566_exterior_image_1_left_pair1.png,"Follow the markers in the image: the green box marks the object to grasp, the blue dot marks where to place it. Show the scene after the object has been moved to the marked location. Pick up the cube on the table. Place the cube in the bowl."
/data/datasets/DROID/train_v4/final/22975_exterior_image_1_left_pair0.png,/data/datasets/DROID/train_v5a/kontext/22975_exterior_image_1_left_pair0.png,"Follow the markers in the image: the green box marks the object to grasp, the blue dot marks where to place it. Show the scene after the object has been moved to the marked location. Pick up the green cloth from the table. Place the green cloth in the box."
/data/datasets/DROID/train_v4/final/22975_exterior_image_1_left_pair1.png,/data/datasets/DROID/train_v5a/kontext/22975_exterior_image_1_left_pair1.png,"Follow the markers in the image: the green box marks the object to grasp, the blue dot marks where to place it. Show the scene after the object has been moved to the marked location. Pick up the pink cloth from the table. Place the pink cloth in the box."
/data/datasets/DROID/train_v4/final/8312_exterior_image_1_left_pair1.png,/data/datasets/DROID/train_v5a/kontext/8312_exterior_image_1_left_pair1.png,"Follow the markers in the image: the green box marks the object to grasp, the blue dot marks where to place it. Show the scene after the object has been moved to the marked location. Pick up the tissue box on the left side of the desk. Place the tissue box on the right side of the desk."
/data/datasets/DROID/train_v4/final/26179_exterior_image_1_left_pair0.png,/data/datasets/DROID/train_v5a/kontext/26179_exterior_image_1_left_pair0.png,"Follow the markers in the image: the green box marks the object to grasp, the blue dot marks where to place it. Show the scene after the object has been moved to the marked location. Pick up the cloth on the table. Place the cloth on the tabletop."
/data/datasets/DROID/train_v4/final/26179_exterior_image_1_left_pair1.png,/data/datasets/DROID/train_v5a/kontext/26179_exterior_image_1_left_pair1.png,"Follow the markers in the image: the green box marks the object to grasp, the blue dot marks where to place it. Show the scene after the object has been moved to the marked location. Pick up the cloth from the tabletop. Place the cloth on the rack."
/data/datasets/DROID/train_v4/final/91541_exterior_image_1_left_pair0.png,/data/datasets/DROID/train_v5a/kontext/91541_exterior_image_1_left_pair0.png,"Follow the markers in the image: the green box marks the object to grasp, the blue dot marks where to place it. Show the scene after the object has been moved to the marked location. Pick up the oven mitt from the countertop. Place the oven mitt on the lid of the pot."
/data/datasets/DROID/train_v4/final/91541_exterior_image_1_left_pair1.png,/data/datasets/DROID/train_v5a/kontext/91541_exterior_image_1_left_pair1.png,"Follow the markers in the image: the green box marks the object to grasp, the blue dot marks where to place it. Show the scene after the object has been moved to the marked location. Pick up the oven mitt and the lid from the pot. Place the oven mitt and the lid on the countertop."
/data/datasets/DROID/train_v4/final/19909_exterior_image_2_left_pair0.png,/data/datasets/DROID/train_v5a/kontext/19909_exterior_image_2_left_pair0.png,"Follow the markers in the image: the green box marks the object to grasp, the blue dot marks where to place it. Show the scene after the object has been moved to the marked location. Pick up the book from the couch. Place the book in the box."
/data/datasets/DROID/train_v4/final/19909_exterior_image_2_left_pair1.png,/data/datasets/DROID/train_v5a/kontext/19909_exterior_image_2_left_pair1.png,"Follow the markers in the image: the green box marks the object to grasp, the blue dot marks where to place it. Show the scene after the object has been moved to the marked location. Pick up the hoodie from the couch. Place the hoodie in the box."
/data/datasets/DROID/train_v4/final/28702_exterior_image_2_left_pair0.png,/data/datasets/DROID/train_v5a/kontext/28702_exterior_image_2_left_pair0.png,"Follow the markers in the image: the green box marks the object to grasp, the blue dot marks where to place it. Show the scene after the object has been moved to the marked location. Pick up the clothes from the left side of the chair's backrest. Place the clothes into the box."
/data/datasets/DROID/train_v4/final/63776_exterior_image_2_left_pair0.png,/data/datasets/DROID/train_v5a/kontext/63776_exterior_image_2_left_pair0.png,"Follow the markers in the image: the green box marks the object to grasp, the blue dot marks where to place it. Show the scene after the object has been moved to the marked location. Pick up the green block from the table. Place the green block in the black bowl."
/data/datasets/DROID/train_v4/final/63776_exterior_image_2_left_pair1.png,/data/datasets/DROID/train_v5a/kontext/63776_exterior_image_2_left_pair1.png,"Follow the markers in the image: the green box marks the object to grasp, the blue dot marks where to place it. Show the scene after the object has been moved to the marked location. Pick up the green block from the table. Place the green block in the black bowl."
/data/datasets/DROID/train_v4/final/74651_exterior_image_1_left_pair0.png,/data/datasets/DROID/train_v5a/kontext/74651_exterior_image_1_left_pair0.png,"Follow the markers in the image: the green box marks the object to grasp, the blue dot marks where to place it. Show the scene after the object has been moved to the marked location. Pick up the first cup on the table. Place the first cup in the second cup."
/data/datasets/DROID/train_v4/final/74651_exterior_image_1_left_pair1.png,/data/datasets/DROID/train_v5a/kontext/74651_exterior_image_1_left_pair1.png,"Follow the markers in the image: the green box marks the object to grasp, the blue dot marks where to place it. Show the scene after the object has been moved to the marked location. Pick up the second cup on the table. Place the second cup in the third cup."
/data/datasets/DROID/train_v4/final/74651_exterior_image_1_left_pair2.png,/data/datasets/DROID/train_v5a/kontext/74651_exterior_image_1_left_pair2.png,"Follow the markers in the image: the green box marks the object to grasp, the blue dot marks where to place it. Show the scene after the object has been moved to the marked location. Pick up the third cup on the table. Place the third cup in the fourth cup."
/data/datasets/DROID/train_v4/final/91969_exterior_image_2_left_pair0.png,/data/datasets/DROID/train_v5a/kontext/91969_exterior_image_2_left_pair0.png,"Follow the markers in the image: the green box marks the object to grasp, the blue dot marks where to place it. Show the scene after the object has been moved to the marked location. Pick up the small bag on the right from the table. Place the small bag on the box."
/data/datasets/DROID/train_v4/final/91969_exterior_image_2_left_pair1.png,/data/datasets/DROID/train_v5a/kontext/91969_exterior_image_2_left_pair1.png,"Follow the markers in the image: the green box marks the object to grasp, the blue dot marks where to place it. Show the scene after the object has been moved to the marked location. Pick up the small bag on the left from the table. Place the small bag on the box."
/data/datasets/DROID/train_v4/final/73206_exterior_image_2_left_pair0.png,/data/datasets/DROID/train_v5a/kontext/73206_exterior_image_2_left_pair0.png,"Follow the markers in the image: the green box marks the object to grasp, the blue dot marks where to place it. Show the scene after the object has been moved to the marked location. Pick up the spoon on the table. Place the spoon in the cup."
/data/datasets/DROID/train_v4/final/73206_exterior_image_2_left_pair1.png,/data/datasets/DROID/train_v5a/kontext/73206_exterior_image_2_left_pair1.png,"Follow the markers in the image: the green box marks the object to grasp, the blue dot marks where to place it. Show the scene after the object has been moved to the marked location. Pick up the spoon in the cup. Place the spoon on the table."
/data/datasets/DROID/train_v4/final/6176_exterior_image_1_left_pair0.png,/data/datasets/DROID/train_v5a/kontext/6176_exterior_image_1_left_pair0.png,"Follow the markers in the image: the green box marks the object to grasp, the blue dot marks where to place it. Show the scene after the object has been moved to the marked location. Pick up the white mat from the countertop. Place the white mat on the pot lid on the countertop."
/data/datasets/DROID/train_v4/final/6176_exterior_image_1_left_pair1.png,/data/datasets/DROID/train_v5a/kontext/6176_exterior_image_1_left_pair1.png,"Follow the markers in the image: the green box marks the object to grasp, the blue dot marks where to place it. Show the scene after the object has been moved to the marked location. Pick up the white mat and the pot lid from the table. Place the white mat and the pot lid on the pot."
/data/datasets/DROID/train_v4/final/33355_exterior_image_1_left_pair0.png,/data/datasets/DROID/train_v5a/kontext/33355_exterior_image_1_left_pair0.png,"Follow the markers in the image: the green box marks the object to grasp, the blue dot marks where to place it. Show the scene after the object has been moved to the marked location. Pick up the cup inverted on the table. Place the paper cup horizontally above the table."
/data/datasets/DROID/train_v4/final/33355_exterior_image_1_left_pair1.png,/data/datasets/DROID/train_v5a/kontext/33355_exterior_image_1_left_pair1.png,"Follow the markers in the image: the green box marks the object to grasp, the blue dot marks where to place it. Show the scene after the object has been moved to the marked location. Pick up the cup above the table. Place the paper cup upright to the left side of the table."
/data/datasets/DROID/train_v4/final/45326_exterior_image_2_left_pair0.png,/data/datasets/DROID/train_v5a/kontext/45326_exterior_image_2_left_pair0.png,"Follow the markers in the image: the green box marks the object to grasp, the blue dot marks where to place it. Show the scene after the object has been moved to the marked location. Pick up the brown rope loop on the table. Place the brown rope loop on the right side of the table."
/data/datasets/DROID/train_v4/final/45326_exterior_image_2_left_pair1.png,/data/datasets/DROID/train_v5a/kontext/45326_exterior_image_2_left_pair1.png,"Follow the markers in the image: the green box marks the object to grasp, the blue dot marks where to place it. Show the scene after the object has been moved to the marked location. Pick up the rope loop on the table. Place the rope loop in the bag."
/data/datasets/DROID/train_v4/final/87261_exterior_image_2_left_pair0.png,/data/datasets/DROID/train_v5a/kontext/87261_exterior_image_2_left_pair0.png,"Follow the markers in the image: the green box marks the object to grasp, the blue dot marks where to place it. Show the scene after the object has been moved to the marked location. Pick up the first bottle from the box. Place the first bottle on the table."
/data/datasets/DROID/train_v4/final/87261_exterior_image_2_left_pair1.png,/data/datasets/DROID/train_v5a/kontext/87261_exterior_image_2_left_pair1.png,"Follow the markers in the image: the green box marks the object to grasp, the blue dot marks where to place it. Show the scene after the object has been moved to the marked location. Pick up the second bottle from the table. Place the second bottle on the table."
/data/datasets/DROID/train_v4/final/20474_exterior_image_2_left_pair0.png,/data/datasets/DROID/train_v5a/kontext/20474_exterior_image_2_left_pair0.png,"Follow the markers in the image: the green box marks the object to grasp, the blue dot marks where to place it. Show the scene after the object has been moved to the marked location. Pick up the cloth on the table. Place the cloth on the table."
/data/datasets/DROID/train_v4/final/20474_exterior_image_2_left_pair1.png,/data/datasets/DROID/train_v5a/kontext/20474_exterior_image_2_left_pair1.png,"Follow the markers in the image: the green box marks the object to grasp, the blue dot marks where to place it. Show the scene after the object has been moved to the marked location. Pick up the cloth on the table. Place the cloth on the shelf."
/data/datasets/DROID/train_v4/final/5668_exterior_image_1_left_pair0.png,/data/datasets/DROID/train_v5a/kontext/5668_exterior_image_1_left_pair0.png,"Follow the markers in the image: the green box marks the object to grasp, the blue dot marks where to place it. Show the scene after the object has been moved to the marked location. Pick up the yellow cup on the table. Place the yellow cup in the orange cup."
/data/datasets/DROID/train_v4/final/5668_exterior_image_1_left_pair1.png,/data/datasets/DROID/train_v5a/kontext/5668_exterior_image_1_left_pair1.png,"Follow the markers in the image: the green box marks the object to grasp, the blue dot marks where to place it. Show the scene after the object has been moved to the marked location. Pick up the orange cup that has the yellow cup inside. Place the orange cup in the blue cup."
/data/datasets/DROID/train_v4/final/74753_exterior_image_1_left_pair0.png,/data/datasets/DROID/train_v5a/kontext/74753_exterior_image_1_left_pair0.png,"Follow the markers in the image: the green box marks the object to grasp, the blue dot marks where to place it. Show the scene after the object has been moved to the marked location. Pick up the first block from the storage box. Place the first block in the wooden box."
/data/datasets/DROID/train_v4/final/74753_exterior_image_1_left_pair1.png,/data/datasets/DROID/train_v5a/kontext/74753_exterior_image_1_left_pair1.png,"Follow the markers in the image: the green box marks the object to grasp, the blue dot marks where to place it. Show the scene after the object has been moved to the marked location. Pick up the second block from the storage box. Place the second block in the wooden box."
/data/datasets/DROID/train_v4/final/10380_exterior_image_1_left_pair0.png,/data/datasets/DROID/train_v5a/kontext/10380_exterior_image_1_left_pair0.png,"Follow the markers in the image: the green box marks the object to grasp, the blue dot marks where to place it. Show the scene after the object has been moved to the marked location. Pick up the marker from the cup. Place the marker on the table."
/data/datasets/DROID/train_v4/final/10380_exterior_image_1_left_pair1.png,/data/datasets/DROID/train_v5a/kontext/10380_exterior_image_1_left_pair1.png,"Follow the markers in the image: the green box marks the object to grasp, the blue dot marks where to place it. Show the scene after the object has been moved to the marked location. Pick up the marker from the table. Place the marker back in the cup."
/data/datasets/DROID/train_v4/final/71899_exterior_image_2_left_pair0.png,/data/datasets/DROID/train_v5a/kontext/71899_exterior_image_2_left_pair0.png,"Follow the markers in the image: the green box marks the object to grasp, the blue dot marks where to place it. Show the scene after the object has been moved to the marked location. Pick up the clear cup on the right side of the table. Place the clear cup in the middle of the table."
/data/datasets/DROID/train_v4/final/71899_exterior_image_2_left_pair1.png,/data/datasets/DROID/train_v5a/kontext/71899_exterior_image_2_left_pair1.png,"Follow the markers in the image: the green box marks the object to grasp, the blue dot marks where to place it. Show the scene after the object has been moved to the marked location. Pick up the clear cup on the left side of the table. Place the clear cup in the middle of the table."
/data/datasets/DROID/train_v4/final/28757_exterior_image_2_left_pair0.png,/data/datasets/DROID/train_v5a/kontext/28757_exterior_image_2_left_pair0.png,"Follow the markers in the image: the green box marks the object to grasp, the blue dot marks where to place it. Show the scene after the object has been moved to the marked location. Pick up the marker on the table. Place the marker in the cup."
/data/datasets/DROID/train_v4/final/28757_exterior_image_2_left_pair1.png,/data/datasets/DROID/train_v5a/kontext/28757_exterior_image_2_left_pair1.png,"Follow the markers in the image: the green box marks the object to grasp, the blue dot marks where to place it. Show the scene after the object has been moved to the marked location. Pick up the marker from the cup. Place the marker on the table."
/data/datasets/DROID/train_v4/final/30050_exterior_image_1_left_pair0.png,/data/datasets/DROID/train_v5a/kontext/30050_exterior_image_1_left_pair0.png,"Follow the markers in the image: the green box marks the object to grasp, the blue dot marks where to place it. Show the scene after the object has been moved to the marked location. Pick up the cup on the table. Place the cup on the cup."
/data/datasets/DROID/train_v4/final/30050_exterior_image_1_left_pair1.png,/data/datasets/DROID/train_v5a/kontext/30050_exterior_image_1_left_pair1.png,"Follow the markers in the image: the green box marks the object to grasp, the blue dot marks where to place it. Show the scene after the object has been moved to the marked location. Pick up the cup on the table. Place the cup on the cup."
/data/datasets/DROID/train_v4/final/76407_exterior_image_2_left_pair0.png,/data/datasets/DROID/train_v5a/kontext/76407_exterior_image_2_left_pair0.png,"Follow the markers in the image: the green box marks the object to grasp, the blue dot marks where to place it. Show the scene after the object has been moved to the marked location. Pick up the fruit on the table. Place the fruit in the bowl."
/data/datasets/DROID/train_v4/final/76407_exterior_image_2_left_pair1.png,/data/datasets/DROID/train_v5a/kontext/76407_exterior_image_2_left_pair1.png,"Follow the markers in the image: the green box marks the object to grasp, the blue dot marks where to place it. Show the scene after the object has been moved to the marked location. Pick up the second fruit on the table. Place the second fruit in the bowl."
/data/datasets/DROID/train_v4/final/24798_exterior_image_2_left_pair0.png,/data/datasets/DROID/train_v5a/kontext/24798_exterior_image_2_left_pair0.png,"Follow the markers in the image: the green box marks the object to grasp, the blue dot marks where to place it. Show the scene after the object has been moved to the marked location. Pick up the orange cup on the table. Place the orange cup inside the blue cup."
/data/datasets/DROID/train_v4/final/24798_exterior_image_2_left_pair1.png,/data/datasets/DROID/train_v5a/kontext/24798_exterior_image_2_left_pair1.png,"Follow the markers in the image: the green box marks the object to grasp, the blue dot marks where to place it. Show the scene after the object has been moved to the marked location. Pick up the orange cup on the table. Place the orange cup inside the orange cup."
/data/datasets/DROID/train_v4/final/62282_exterior_image_2_left_pair0.png,/data/datasets/DROID/train_v5a/kontext/62282_exterior_image_2_left_pair0.png,"Follow the markers in the image: the green box marks the object to grasp, the blue dot marks where to place it. Show the scene after the object has been moved to the marked location. Pick up the blue cup on the table. Place the blue cup into the cup beside it."
/data/datasets/DROID/train_v4/final/62282_exterior_image_2_left_pair1.png,/data/datasets/DROID/train_v5a/kontext/62282_exterior_image_2_left_pair1.png,"Follow the markers in the image: the green box marks the object to grasp, the blue dot marks where to place it. Show the scene after the object has been moved to the marked location. Pick up the stack of cups on the table. Place the stack of cups into the yellow cup."
/data/datasets/DROID/train_v4/final/48480_exterior_image_1_left_pair0.png,/data/datasets/DROID/train_v5a/kontext/48480_exterior_image_1_left_pair0.png,"Follow the markers in the image: the green box marks the object to grasp, the blue dot marks where to place it. Show the scene after the object has been moved to the marked location. Pick up the blue cup on the table. Place the blue cup on top of the yellow cup."
/data/datasets/DROID/train_v4/final/48480_exterior_image_1_left_pair1.png,/data/datasets/DROID/train_v5a/kontext/48480_exterior_image_1_left_pair1.png,"Follow the markers in the image: the green box marks the object to grasp, the blue dot marks where to place it. Show the scene after the object has been moved to the marked location. Pick up the yellow cup with the blue cup on top. Place the yellow cup with the blue cup on the dark blue cup."
/data/datasets/DROID/train_v4/final/67760_exterior_image_2_left_pair0.png,/data/datasets/DROID/train_v5a/kontext/67760_exterior_image_2_left_pair0.png,"Follow the markers in the image: the green box marks the object to grasp, the blue dot marks where to place it. Show the scene after the object has been moved to the marked location. Pick up the tape from the shelf. Place the tape on the tabletop."
/data/datasets/DROID/train_v4/final/67760_exterior_image_2_left_pair1.png,/data/datasets/DROID/train_v5a/kontext/67760_exterior_image_2_left_pair1.png,"Follow the markers in the image: the green box marks the object to grasp, the blue dot marks where to place it. Show the scene after the object has been moved to the marked location. Pick up the tape from the tabletop. Place the tape on the shelf."
/data/datasets/DROID/train_v4/final/44682_exterior_image_2_left_pair0.png,/data/datasets/DROID/train_v5a/kontext/44682_exterior_image_2_left_pair0.png,"Follow the markers in the image: the green box marks the object to grasp, the blue dot marks where to place it. Show the scene after the object has been moved to the marked location. Pick up the green block on the table. Place the green block in the bowl."
/data/datasets/DROID/train_v4/final/44682_exterior_image_2_left_pair1.png,/data/datasets/DROID/train_v5a/kontext/44682_exterior_image_2_left_pair1.png,"Follow the markers in the image: the green box marks the object to grasp, the blue dot marks where to place it. Show the scene after the object has been moved to the marked location. Pick up the block on the table. Place the block in the bowl."
/data/datasets/DROID/train_v4/final/45137_exterior_image_1_left_pair0.png,/data/datasets/DROID/train_v5a/kontext/45137_exterior_image_1_left_pair0.png,"Follow the markers in the image: the green box marks the object to grasp, the blue dot marks where to place it. Show the scene after the object has been moved to the marked location. Pick up the cup from the table. Place the cup on the plate."
/data/datasets/DROID/train_v4/final/45137_exterior_image_1_left_pair1.png,/data/datasets/DROID/train_v5a/kontext/45137_exterior_image_1_left_pair1.png,"Follow the markers in the image: the green box marks the object to grasp, the blue dot marks where to place it. Show the scene after the object has been moved to the marked location. Pick up the white object from the table. Place the white object in the cup."
/data/datasets/DROID/train_v4/final/84477_exterior_image_1_left_pair0.png,/data/datasets/DROID/train_v5a/kontext/84477_exterior_image_1_left_pair0.png,"Follow the markers in the image: the green box marks the object to grasp, the blue dot marks where to place it. Show the scene after the object has been moved to the marked location. Pick up the first cup from the table. Place the first cup inside the second cup."
/data/datasets/DROID/train_v4/final/84477_exterior_image_1_left_pair1.png,/data/datasets/DROID/train_v5a/kontext/84477_exterior_image_1_left_pair1.png,"Follow the markers in the image: the green box marks the object to grasp, the blue dot marks where to place it. Show the scene after the object has been moved to the marked location. Pick up the first and second cups from the table. Place the first and second cups inside the third cup."
/data/datasets/DROID/train_v4/final/35967_exterior_image_2_left_pair0.png,/data/datasets/DROID/train_v5a/kontext/35967_exterior_image_2_left_pair0.png,"Follow the markers in the image: the green box marks the object to grasp, the blue dot marks where to place it. Show the scene after the object has been moved to the marked location. Pick up the medicine bottle on the table. Place the medicine bottle on the tabletop."
/data/datasets/DROID/train_v4/final/35967_exterior_image_2_left_pair1.png,/data/datasets/DROID/train_v5a/kontext/35967_exterior_image_2_left_pair1.png,"Follow the markers in the image: the green box marks the object to grasp, the blue dot marks where to place it. Show the scene after the object has been moved to the marked location. Pick up the medicine bottle on the tabletop. Place the medicine bottle on the counter."
/data/datasets/DROID/train_v4/final/29851_exterior_image_1_left_pair0.png,/data/datasets/DROID/train_v5a/kontext/29851_exterior_image_1_left_pair0.png,"Follow the markers in the image: the green box marks the object to grasp, the blue dot marks where to place it. Show the scene after the object has been moved to the marked location. Pick up the black fork from the tray. Place the black fork on the right side of the plate."
/data/datasets/DROID/train_v4/final/29851_exterior_image_1_left_pair1.png,/data/datasets/DROID/train_v5a/kontext/29851_exterior_image_1_left_pair1.png,"Follow the markers in the image: the green box marks the object to grasp, the blue dot marks where to place it. Show the scene after the object has been moved to the marked location. Pick up the white fork from the tray. Place the white fork on the left side of the plate."
/data/datasets/DROID/train_v4/final/87853_exterior_image_2_left_pair0.png,/data/datasets/DROID/train_v5a/kontext/87853_exterior_image_2_left_pair0.png,"Follow the markers in the image: the green box marks the object to grasp, the blue dot marks where to place it. Show the scene after the object has been moved to the marked location. Pick up the first plush toy from the box. Place the first plush toy on the table."
/data/datasets/DROID/train_v4/final/87853_exterior_image_2_left_pair1.png,/data/datasets/DROID/train_v5a/kontext/87853_exterior_image_2_left_pair1.png,"Follow the markers in the image: the green box marks the object to grasp, the blue dot marks where to place it. Show the scene after the object has been moved to the marked location. Pick up the second plush toy from the box. Place the second plush toy on the table."
/data/datasets/DROID/train_v4/final/84477_exterior_image_2_left_pair0.png,/data/datasets/DROID/train_v5a/kontext/84477_exterior_image_2_left_pair0.png,"Follow the markers in the image: the green box marks the object to grasp, the blue dot marks where to place it. Show the scene after the object has been moved to the marked location. Pick up the first cup from the table. Place the first cup inside the second cup."
/data/datasets/DROID/train_v4/final/84477_exterior_image_2_left_pair1.png,/data/datasets/DROID/train_v5a/kontext/84477_exterior_image_2_left_pair1.png,"Follow the markers in the image: the green box marks the object to grasp, the blue dot marks where to place it. Show the scene after the object has been moved to the marked location. Pick up the first and second cups from the table. Place the first and second cups inside the third cup."
/data/datasets/DROID/train_v4/final/17157_exterior_image_2_left_pair0.png,/data/datasets/DROID/train_v5a/kontext/17157_exterior_image_2_left_pair0.png,"Follow the markers in the image: the green box marks the object to grasp, the blue dot marks where to place it. Show the scene after the object has been moved to the marked location. Pick up the marker from the table. Place the marker into the cup."
/data/datasets/DROID/train_v4/final/17157_exterior_image_2_left_pair1.png,/data/datasets/DROID/train_v5a/kontext/17157_exterior_image_2_left_pair1.png,"Follow the markers in the image: the green box marks the object to grasp, the blue dot marks where to place it. Show the scene after the object has been moved to the marked location. Pick up the cup from the table. Place the cup back on the table."
/data/datasets/DROID/train_v4/final/69419_exterior_image_2_left_pair0.png,/data/datasets/DROID/train_v5a/kontext/69419_exterior_image_2_left_pair0.png,"Follow the markers in the image: the green box marks the object to grasp, the blue dot marks where to place it. Show the scene after the object has been moved to the marked location. Pick up the cup on the table. Place the cup inside the cup."
/data/datasets/DROID/train_v4/final/69419_exterior_image_2_left_pair1.png,/data/datasets/DROID/train_v5a/kontext/69419_exterior_image_2_left_pair1.png,"Follow the markers in the image: the green box marks the object to grasp, the blue dot marks where to place it. Show the scene after the object has been moved to the marked location. Pick up the cup and the cup. Place the cup and the cup into the cup."
/data/datasets/DROID/train_v4/final/55941_exterior_image_1_left_pair0.png,/data/datasets/DROID/train_v5a/kontext/55941_exterior_image_1_left_pair0.png,"Follow the markers in the image: the green box marks the object to grasp, the blue dot marks where to place it. Show the scene after the object has been moved to the marked location. Pick up the yellow cup on the table. Place the yellow cup inside the bowl."
/data/datasets/DROID/train_v4/final/55941_exterior_image_1_left_pair1.png,/data/datasets/DROID/train_v5a/kontext/55941_exterior_image_1_left_pair1.png,"Follow the markers in the image: the green box marks the object to grasp, the blue dot marks where to place it. Show the scene after the object has been moved to the marked location. Pick up the spoon on the table. Place the spoon inside the bowl."
/data/datasets/DROID/train_v4/final/39985_exterior_image_2_left_pair0.png,/data/datasets/DROID/train_v5a/kontext/39985_exterior_image_2_left_pair0.png,"Follow the markers in the image: the green box marks the object to grasp, the blue dot marks where to place it. Show the scene after the object has been moved to the marked location. Pick up the black object on the grey chair. Place the black object in the white box."
/data/datasets/DROID/train_v4/final/39985_exterior_image_2_left_pair1.png,/data/datasets/DROID/train_v5a/kontext/39985_exterior_image_2_left_pair1.png,"Follow the markers in the image: the green box marks the object to grasp, the blue dot marks where to place it. Show the scene after the object has been moved to the marked location. Pick up the white object on the grey chair. Place the white object in the white box."
/data/datasets/DROID/train_v4/final/6489_exterior_image_1_left_pair0.png,/data/datasets/DROID/train_v5a/kontext/6489_exterior_image_1_left_pair0.png,"Follow the markers in the image: the green box marks the object to grasp, the blue dot marks where to place it. Show the scene after the object has been moved to the marked location. Pick up the first cup from the table. Place the first cup on the second cup."
/data/datasets/DROID/train_v4/final/6489_exterior_image_1_left_pair1.png,/data/datasets/DROID/train_v5a/kontext/6489_exterior_image_1_left_pair1.png,"Follow the markers in the image: the green box marks the object to grasp, the blue dot marks where to place it. Show the scene after the object has been moved to the marked location. Pick up the first and second cups. Place the first and second cups on the third cup."
/data/datasets/DROID/train_v4/final/55146_exterior_image_1_left_pair0.png,/data/datasets/DROID/train_v5a/kontext/55146_exterior_image_1_left_pair0.png,"Follow the markers in the image: the green box marks the object to grasp, the blue dot marks where to place it. Show the scene after the object has been moved to the marked location. Pick up the object on the left side of the food box. Place the object on the right side of the food box."
/data/datasets/DROID/train_v4/final/55146_exterior_image_1_left_pair1.png,/data/datasets/DROID/train_v5a/kontext/55146_exterior_image_1_left_pair1.png,"Follow the markers in the image: the green box marks the object to grasp, the blue dot marks where to place it. Show the scene after the object has been moved to the marked location. Pick up the bag on the right side of the food box. Place the bag on the desktop."
/data/datasets/DROID/train_v4/final/29580_exterior_image_2_left_pair0.png,/data/datasets/DROID/train_v5a/kontext/29580_exterior_image_2_left_pair0.png,"Follow the markers in the image: the green box marks the object to grasp, the blue dot marks where to place it. Show the scene after the object has been moved to the marked location. Pick up the first cup on the table. Place the first cup on top of the other cups."
/data/datasets/DROID/train_v4/final/29580_exterior_image_2_left_pair1.png,/data/datasets/DROID/train_v5a/kontext/29580_exterior_image_2_left_pair1.png,"Follow the markers in the image: the green box marks the object to grasp, the blue dot marks where to place it. Show the scene after the object has been moved to the marked location. Pick up the cup stack on the table. Place the cup stack on top of the second cup."
/data/datasets/DROID/train_v4/final/83729_exterior_image_2_left_pair0.png,/data/datasets/DROID/train_v5a/kontext/83729_exterior_image_2_left_pair0.png,"Follow the markers in the image: the green box marks the object to grasp, the blue dot marks where to place it. Show the scene after the object has been moved to the marked location. Pick up the water bottle on the counter. Place the water bottle in the box."
/data/datasets/DROID/train_v4/final/83729_exterior_image_2_left_pair1.png,/data/datasets/DROID/train_v5a/kontext/83729_exterior_image_2_left_pair1.png,"Follow the markers in the image: the green box marks the object to grasp, the blue dot marks where to place it. Show the scene after the object has been moved to the marked location. Pick up the second water bottle on the counter. Place the second water bottle in the box."
/data/datasets/DROID/train_v4/final/1244_exterior_image_2_left_pair0.png,/data/datasets/DROID/train_v5a/kontext/1244_exterior_image_2_left_pair0.png,"Follow the markers in the image: the green box marks the object to grasp, the blue dot marks where to place it. Show the scene after the object has been moved to the marked location. Pick up the cloth on the chair. Place the cloth on the backrest of the chair."
/data/datasets/DROID/train_v4/final/1244_exterior_image_2_left_pair1.png,/data/datasets/DROID/train_v5a/kontext/1244_exterior_image_2_left_pair1.png,"Follow the markers in the image: the green box marks the object to grasp, the blue dot marks where to place it. Show the scene after the object has been moved to the marked location. Pick up the cloth on the chair. Put the cloth on the backrest of the chair."
/data/datasets/DROID/train_v4/final/34190_exterior_image_1_left_pair0.png,/data/datasets/DROID/train_v5a/kontext/34190_exterior_image_1_left_pair0.png,"Follow the markers in the image: the green box marks the object to grasp, the blue dot marks where to place it. Show the scene after the object has been moved to the marked location. Pick up the fork on the table. Place the fork in the right compartment of the drawer."
/data/datasets/DROID/train_v4/final/34190_exterior_image_1_left_pair1.png,/data/datasets/DROID/train_v5a/kontext/34190_exterior_image_1_left_pair1.png,"Follow the markers in the image: the green box marks the object to grasp, the blue dot marks where to place it. Show the scene after the object has been moved to the marked location. Pick up the knife on the table. Place the knife in the right compartment of the drawer."
/data/datasets/DROID/train_v4/final/59690_exterior_image_1_left_pair0.png,/data/datasets/DROID/train_v5a/kontext/59690_exterior_image_1_left_pair0.png,"Follow the markers in the image: the green box marks the object to grasp, the blue dot marks where to place it. Show the scene after the object has been moved to the marked location. Pick up the pineapple toy from the box. Place the brown pineapple toy on the tabletop."
/data/datasets/DROID/train_v4/final/59690_exterior_image_1_left_pair1.png,/data/datasets/DROID/train_v5a/kontext/59690_exterior_image_1_left_pair1.png,"Follow the markers in the image: the green box marks the object to grasp, the blue dot marks where to place it. Show the scene after the object has been moved to the marked location. Pick up the purple object from the box. Place the purple object on the tabletop."
/data/datasets/DROID/train_v4/final/6478_exterior_image_1_left_pair0.png,/data/datasets/DROID/train_v5a/kontext/6478_exterior_image_1_left_pair0.png,"Follow the markers in the image: the green box marks the object to grasp, the blue dot marks where to place it. Show the scene after the object has been moved to the marked location. Pick up the silver fork from the table. Place the silver fork on the white plate."
/data/datasets/DROID/train_v4/final/6478_exterior_image_1_left_pair1.png,/data/datasets/DROID/train_v5a/kontext/6478_exterior_image_1_left_pair1.png,"Follow the markers in the image: the green box marks the object to grasp, the blue dot marks where to place it. Show the scene after the object has been moved to the marked location. Pick up the white fork from the table. Place the white fork on the white plate."
/data/datasets/DROID/train_v4/final/39322_exterior_image_1_left_pair0.png,/data/datasets/DROID/train_v5a/kontext/39322_exterior_image_1_left_pair0.png,"Follow the markers in the image: the green box marks the object to grasp, the blue dot marks where to place it. Show the scene after the object has been moved to the marked location. Pick up the pear plush toy from the cup. Place the pear plush toy on the plate."
/data/datasets/DROID/train_v4/final/39322_exterior_image_1_left_pair1.png,/data/datasets/DROID/train_v5a/kontext/39322_exterior_image_1_left_pair1.png,"Follow the markers in the image: the green box marks the object to grasp, the blue dot marks where to place it. Show the scene after the object has been moved to the marked location. Pick up the orange plush toy from the basket. Place the orange plush toy on the plate."
/data/datasets/DROID/train_v4/final/50474_exterior_image_2_left_pair0.png,/data/datasets/DROID/train_v5a/kontext/50474_exterior_image_2_left_pair0.png,"Follow the markers in the image: the green box marks the object to grasp, the blue dot marks where to place it. Show the scene after the object has been moved to the marked location. Pick up the spoon from the shelf. Place the spoon on the countertop."
/data/datasets/DROID/train_v4/final/50474_exterior_image_2_left_pair1.png,/data/datasets/DROID/train_v5a/kontext/50474_exterior_image_2_left_pair1.png,"Follow the markers in the image: the green box marks the object to grasp, the blue dot marks where to place it. Show the scene after the object has been moved to the marked location. Pick up the bowl from the shelf. Place the bowl on the top of the countertop."
/data/datasets/DROID/train_v4/final/30566_exterior_image_1_left_pair0.png,/data/datasets/DROID/train_v5a/kontext/30566_exterior_image_1_left_pair0.png,"Follow the markers in the image: the green box marks the object to grasp, the blue dot marks where to place it. Show the scene after the object has been moved to the marked location. Pick up the spatula from the pot. Place the spatula on the countertop."
/data/datasets/DROID/train_v4/final/30566_exterior_image_1_left_pair1.png,/data/datasets/DROID/train_v5a/kontext/30566_exterior_image_1_left_pair1.png,"Follow the markers in the image: the green box marks the object to grasp, the blue dot marks where to place it. Show the scene after the object has been moved to the marked location. Pick up the lid from the countertop. Place the lid on the pot."
/data/datasets/DROID/train_v4/final/91058_exterior_image_1_left_pair0.png,/data/datasets/DROID/train_v5a/kontext/91058_exterior_image_1_left_pair0.png,"Follow the markers in the image: the green box marks the object to grasp, the blue dot marks where to place it. Show the scene after the object has been moved to the marked location. Pick up the pineapple from the pot. Place the pineapple in the basket."
/data/datasets/DROID/train_v4/final/91058_exterior_image_1_left_pair1.png,/data/datasets/DROID/train_v5a/kontext/91058_exterior_image_1_left_pair1.png,"Follow the markers in the image: the green box marks the object to grasp, the blue dot marks where to place it. Show the scene after the object has been moved to the marked location. Pick up the pineapple from the basket. Place the pineapple back in the pot."
/data/datasets/DROID/train_v4/final/64681_exterior_image_2_left_pair0.png,/data/datasets/DROID/train_v5a/kontext/64681_exterior_image_2_left_pair0.png,"Follow the markers in the image: the green box marks the object to grasp, the blue dot marks where to place it. Show the scene after the object has been moved to the marked location. Pick up the bottle on the cloth. Place the bottle in the box."
/data/datasets/DROID/train_v4/final/64681_exterior_image_2_left_pair1.png,/data/datasets/DROID/train_v5a/kontext/64681_exterior_image_2_left_pair1.png,"Follow the markers in the image: the green box marks the object to grasp, the blue dot marks where to place it. Show the scene after the object has been moved to the marked location. Pick up the box from the table. Place the box on the cloth."
/data/datasets/DROID/train_v4/final/32207_exterior_image_1_left_pair0.png,/data/datasets/DROID/train_v5a/kontext/32207_exterior_image_1_left_pair0.png,"Follow the markers in the image: the green box marks the object to grasp, the blue dot marks where to place it. Show the scene after the object has been moved to the marked location. Pick up the first tissue from the tissue box. Place the first tissue on the tissue pile."
/data/datasets/DROID/train_v4/final/32207_exterior_image_1_left_pair1.png,/data/datasets/DROID/train_v5a/kontext/32207_exterior_image_1_left_pair1.png,"Follow the markers in the image: the green box marks the object to grasp, the blue dot marks where to place it. Show the scene after the object has been moved to the marked location. Pick up the second tissue from the tissue box. Place the second tissue on the tissue pile."
/data/datasets/DROID/train_v4/final/11224_exterior_image_2_left_pair0.png,/data/datasets/DROID/train_v5a/kontext/11224_exterior_image_2_left_pair0.png,"Follow the markers in the image: the green box marks the object to grasp, the blue dot marks where to place it. Show the scene after the object has been moved to the marked location. Pick up the white cloth from the black table. Place the white cloth on the black stand."
/data/datasets/DROID/train_v4/final/11224_exterior_image_2_left_pair1.png,/data/datasets/DROID/train_v5a/kontext/11224_exterior_image_2_left_pair1.png,"Follow the markers in the image: the green box marks the object to grasp, the blue dot marks where to place it. Show the scene after the object has been moved to the marked location. Pick up the cloth from the table. Place the cloth on the stand."
/data/datasets/DROID/train_v4/final/2194_exterior_image_1_left_pair0.png,/data/datasets/DROID/train_v5a/kontext/2194_exterior_image_1_left_pair0.png,"Follow the markers in the image: the green box marks the object to grasp, the blue dot marks where to place it. Show the scene after the object has been moved to the marked location. Pick up the first coffee cup on the table. Place the first coffee cup on the cup holder."
/data/datasets/DROID/train_v4/final/2194_exterior_image_1_left_pair1.png,/data/datasets/DROID/train_v5a/kontext/2194_exterior_image_1_left_pair1.png,"Follow the markers in the image: the green box marks the object to grasp, the blue dot marks where to place it. Show the scene after the object has been moved to the marked location. Pick up the second coffee cup on the table. Place the second coffee cup on the cup holder."
/data/datasets/DROID/train_v4/final/25567_exterior_image_1_left_pair0.png,/data/datasets/DROID/train_v5a/kontext/25567_exterior_image_1_left_pair0.png,"Follow the markers in the image: the green box marks the object to grasp, the blue dot marks where to place it. Show the scene after the object has been moved to the marked location. Pick up the black clip from the mug. Place the black clip on the table."
/data/datasets/DROID/train_v4/final/25567_exterior_image_1_left_pair1.png,/data/datasets/DROID/train_v5a/kontext/25567_exterior_image_1_left_pair1.png,"Follow the markers in the image: the green box marks the object to grasp, the blue dot marks where to place it. Show the scene after the object has been moved to the marked location. Pick up the black rack from the desktop. Place the black rack to the left of its original position."
/data/datasets/DROID/train_v4/final/35048_exterior_image_2_left_pair0.png,/data/datasets/DROID/train_v5a/kontext/35048_exterior_image_2_left_pair0.png,"Follow the markers in the image: the green box marks the object to grasp, the blue dot marks where to place it. Show the scene after the object has been moved to the marked location. Pick up the orange cloth on the table. Place the orange cloth on the back of the chair."
/data/datasets/DROID/train_v4/final/35048_exterior_image_2_left_pair1.png,/data/datasets/DROID/train_v5a/kontext/35048_exterior_image_2_left_pair1.png,"Follow the markers in the image: the green box marks the object to grasp, the blue dot marks where to place it. Show the scene after the object has been moved to the marked location. Pick up the shirt on the chair. Place the shirt on the back of the chair."
/data/datasets/DROID/train_v4/final/34537_exterior_image_1_left_pair0.png,/data/datasets/DROID/train_v5a/kontext/34537_exterior_image_1_left_pair0.png,"Follow the markers in the image: the green box marks the object to grasp, the blue dot marks where to place it. Show the scene after the object has been moved to the marked location. Pick up the stuffed fruits from the basket. Place the stuffed fruits in the black plate."
/data/datasets/DROID/train_v4/final/34537_exterior_image_1_left_pair1.png,/data/datasets/DROID/train_v5a/kontext/34537_exterior_image_1_left_pair1.png,"Follow the markers in the image: the green box marks the object to grasp, the blue dot marks where to place it. Show the scene after the object has been moved to the marked location. Pick up the stuffed fruits from the black tray. Place the stuffed fruits in the plate."
/data/datasets/DROID/train_v4/final/66111_exterior_image_1_left_pair0.png,/data/datasets/DROID/train_v5a/kontext/66111_exterior_image_1_left_pair0.png,"Follow the markers in the image: the green box marks the object to grasp, the blue dot marks where to place it. Show the scene after the object has been moved to the marked location. Pick up the small bottle on the table. Place the small bottle behind its original position."
/data/datasets/DROID/train_v4/final/66111_exterior_image_1_left_pair1.png,/data/datasets/DROID/train_v5a/kontext/66111_exterior_image_1_left_pair1.png,"Follow the markers in the image: the green box marks the object to grasp, the blue dot marks where to place it. Show the scene after the object has been moved to the marked location. Pick up the big bottle on the table. Place the big bottle beside the small bottle."
/data/datasets/DROID/train_v4/final/43003_exterior_image_2_left_pair0.png,/data/datasets/DROID/train_v5a/kontext/43003_exterior_image_2_left_pair0.png,"Follow the markers in the image: the green box marks the object to grasp, the blue dot marks where to place it. Show the scene after the object has been moved to the marked location. Pick up the cup on the table. Place the cup on top of the cup."
/data/datasets/DROID/train_v4/final/43003_exterior_image_2_left_pair1.png,/data/datasets/DROID/train_v5a/kontext/43003_exterior_image_2_left_pair1.png,"Follow the markers in the image: the green box marks the object to grasp, the blue dot marks where to place it. Show the scene after the object has been moved to the marked location. Pick up the cup on the table. Place the cup on top of the cup."
/data/datasets/DROID/train_v4/final/32879_exterior_image_1_left_pair0.png,/data/datasets/DROID/train_v5a/kontext/32879_exterior_image_1_left_pair0.png,"Follow the markers in the image: the green box marks the object to grasp, the blue dot marks where to place it. Show the scene after the object has been moved to the marked location. Take out the white clothes from the box. Place the white clothes on the table."
/data/datasets/DROID/train_v4/final/32879_exterior_image_1_left_pair1.png,/data/datasets/DROID/train_v5a/kontext/32879_exterior_image_1_left_pair1.png,"Follow the markers in the image: the green box marks the object to grasp, the blue dot marks where to place it. Show the scene after the object has been moved to the marked location. Pick up the clothes in the box. Place the clothes on the white clothes."
/data/datasets/DROID/train_v4/final/66111_exterior_image_2_left_pair0.png,/data/datasets/DROID/train_v5a/kontext/66111_exterior_image_2_left_pair0.png,"Follow the markers in the image: the green box marks the object to grasp, the blue dot marks where to place it. Show the scene after the object has been moved to the marked location. Pick up the small bottle on the table. Place the small bottle behind its original position."
/data/datasets/DROID/train_v4/final/66111_exterior_image_2_left_pair1.png,/data/datasets/DROID/train_v5a/kontext/66111_exterior_image_2_left_pair1.png,"Follow the markers in the image: the green box marks the object to grasp, the blue dot marks where to place it. Show the scene after the object has been moved to the marked location. Pick up the big bottle on the table. Place the big bottle beside the small bottle."
/data/datasets/DROID/train_v4/final/65163_exterior_image_1_left_pair0.png,/data/datasets/DROID/train_v5a/kontext/65163_exterior_image_1_left_pair0.png,"Follow the markers in the image: the green box marks the object to grasp, the blue dot marks where to place it. Show the scene after the object has been moved to the marked location. Pick up the pineapple toy from the right basket. Place the pineapple toy on the left plate."
/data/datasets/DROID/train_v4/final/65163_exterior_image_1_left_pair1.png,/data/datasets/DROID/train_v5a/kontext/65163_exterior_image_1_left_pair1.png,"Follow the markers in the image: the green box marks the object to grasp, the blue dot marks where to place it. Show the scene after the object has been moved to the marked location. Pick up the pineapple toy from the left plate. Place the pineapple toy in the right basket."
/data/datasets/DROID/train_v4/final/5896_exterior_image_1_left_pair0.png,/data/datasets/DROID/train_v5a/kontext/5896_exterior_image_1_left_pair0.png,"Follow the markers in the image: the green box marks the object to grasp, the blue dot marks where to place it. Show the scene after the object has been moved to the marked location. Pick up the cup on the table. Place the cup in the cup."
/data/datasets/DROID/train_v4/final/5896_exterior_image_1_left_pair1.png,/data/datasets/DROID/train_v5a/kontext/5896_exterior_image_1_left_pair1.png,"Follow the markers in the image: the green box marks the object to grasp, the blue dot marks where to place it. Show the scene after the object has been moved to the marked location. Pick up the stacked cups on the table. Place the stacked cups in the cup."
/data/datasets/DROID/train_v4/final/5252_exterior_image_1_left_pair0.png,/data/datasets/DROID/train_v5a/kontext/5252_exterior_image_1_left_pair0.png,"Follow the markers in the image: the green box marks the object to grasp, the blue dot marks where to place it. Show the scene after the object has been moved to the marked location. Pick up the items on the chopping board. Place the items in the paper bag."
/data/datasets/DROID/train_v4/final/5252_exterior_image_1_left_pair1.png,/data/datasets/DROID/train_v5a/kontext/5252_exterior_image_1_left_pair1.png,"Follow the markers in the image: the green box marks the object to grasp, the blue dot marks where to place it. Show the scene after the object has been moved to the marked location. Pick up the object on the chopping board. Place the object in the paper bag."
/data/datasets/DROID/train_v4/final/49278_exterior_image_1_left_pair0.png,/data/datasets/DROID/train_v5a/kontext/49278_exterior_image_1_left_pair0.png,"Follow the markers in the image: the green box marks the object to grasp, the blue dot marks where to place it. Show the scene after the object has been moved to the marked location. Pick up the yellow cup on the table. Place the yellow cup on the blue cup."
/data/datasets/DROID/train_v4/final/49278_exterior_image_1_left_pair1.png,/data/datasets/DROID/train_v5a/kontext/49278_exterior_image_1_left_pair1.png,"Follow the markers in the image: the green box marks the object to grasp, the blue dot marks where to place it. Show the scene after the object has been moved to the marked location. Pick up the blue cup with the yellow cup. Place the blue cup with the yellow cup into the cyan cup."
/data/datasets/DROID/train_v4/final/60703_exterior_image_2_left_pair0.png,/data/datasets/DROID/train_v5a/kontext/60703_exterior_image_2_left_pair0.png,"Follow the markers in the image: the green box marks the object to grasp, the blue dot marks where to place it. Show the scene after the object has been moved to the marked location. Pick up the first plastic cup from the table. Place the first plastic cup on top of the second plastic cup."
/data/datasets/DROID/train_v4/final/60703_exterior_image_2_left_pair1.png,/data/datasets/DROID/train_v5a/kontext/60703_exterior_image_2_left_pair1.png,"Follow the markers in the image: the green box marks the object to grasp, the blue dot marks where to place it. Show the scene after the object has been moved to the marked location. Pick up the second plastic cup from the table. Place the second plastic cup on top of the third plastic cup."
/data/datasets/DROID/train_v4/final/78306_exterior_image_1_left_pair0.png,/data/datasets/DROID/train_v5a/kontext/78306_exterior_image_1_left_pair0.png,"Follow the markers in the image: the green box marks the object to grasp, the blue dot marks where to place it. Show the scene after the object has been moved to the marked location. Pick up the cup on the table. Place the cup inside the cup."
/data/datasets/DROID/train_v4/final/78306_exterior_image_1_left_pair1.png,/data/datasets/DROID/train_v5a/kontext/78306_exterior_image_1_left_pair1.png,"Follow the markers in the image: the green box marks the object to grasp, the blue dot marks where to place it. Show the scene after the object has been moved to the marked location. Pick up the cup on the table. Place the cup inside the cup."
/data/datasets/DROID/train_v4/final/46683_exterior_image_1_left_pair0.png,/data/datasets/DROID/train_v5a/kontext/46683_exterior_image_1_left_pair0.png,"Follow the markers in the image: the green box marks the object to grasp, the blue dot marks where to place it. Show the scene after the object has been moved to the marked location. Pick up the shoes from the left side of the table. Place the shoes on the right side of the table."
/data/datasets/DROID/train_v4/final/46683_exterior_image_1_left_pair1.png,/data/datasets/DROID/train_v5a/kontext/46683_exterior_image_1_left_pair1.png,"Follow the markers in the image: the green box marks the object to grasp, the blue dot marks where to place it. Show the scene after the object has been moved to the marked location. Pick up another shoe from the left side of the table. Place the shoe on top of the first shoe."
/data/datasets/DROID/train_v4/final/1297_exterior_image_1_left_pair0.png,/data/datasets/DROID/train_v5a/kontext/1297_exterior_image_1_left_pair0.png,"Follow the markers in the image: the green box marks the object to grasp, the blue dot marks where to place it. Show the scene after the object has been moved to the marked location. Pick up the marker from the cup. Place the marker on the table."
/data/datasets/DROID/train_v4/final/1297_exterior_image_1_left_pair1.png,/data/datasets/DROID/train_v5a/kontext/1297_exterior_image_1_left_pair1.png,"Follow the markers in the image: the green box marks the object to grasp, the blue dot marks where to place it. Show the scene after the object has been moved to the marked location. Pick up the marker from the table. Place the marker into the cup."
/data/datasets/DROID/train_v4/final/5339_exterior_image_2_left_pair0.png,/data/datasets/DROID/train_v5a/kontext/5339_exterior_image_2_left_pair0.png,"Follow the markers in the image: the green box marks the object to grasp, the blue dot marks where to place it. Show the scene after the object has been moved to the marked location. Pick up the first transparent cup from the desktop. Place the first transparent cup on the second transparent cup."
/data/datasets/DROID/train_v4/final/5339_exterior_image_2_left_pair1.png,/data/datasets/DROID/train_v5a/kontext/5339_exterior_image_2_left_pair1.png,"Follow the markers in the image: the green box marks the object to grasp, the blue dot marks where to place it. Show the scene after the object has been moved to the marked location. Pick up the stacked two transparent cups from the desktop. Place the stacked two transparent cups on the third transparent cup."
/data/datasets/DROID/train_v4/final/57113_exterior_image_1_left_pair0.png,/data/datasets/DROID/train_v5a/kontext/57113_exterior_image_1_left_pair0.png,"Follow the markers in the image: the green box marks the object to grasp, the blue dot marks where to place it. Show the scene after the object has been moved to the marked location. Pick up the cloth on the table. Place the cloth on the shelf."
/data/datasets/DROID/train_v4/final/57113_exterior_image_1_left_pair1.png,/data/datasets/DROID/train_v5a/kontext/57113_exterior_image_1_left_pair1.png,"Follow the markers in the image: the green box marks the object to grasp, the blue dot marks where to place it. Show the scene after the object has been moved to the marked location. Pick up the cloth on the table. Place the cloth on the stand."
/data/datasets/DROID/train_v4/final/2194_exterior_image_2_left_pair0.png,/data/datasets/DROID/train_v5a/kontext/2194_exterior_image_2_left_pair0.png,"Follow the markers in the image: the green box marks the object to grasp, the blue dot marks where to place it. Show the scene after the object has been moved to the marked location. Pick up the first coffee cup on the table. Place the first coffee cup on the cup holder."
/data/datasets/DROID/train_v4/final/2194_exterior_image_2_left_pair1.png,/data/datasets/DROID/train_v5a/kontext/2194_exterior_image_2_left_pair1.png,"Follow the markers in the image: the green box marks the object to grasp, the blue dot marks where to place it. Show the scene after the object has been moved to the marked location. Pick up the second coffee cup on the table. Place the second coffee cup on the cup holder."
/data/datasets/DROID/train_v4/final/31230_exterior_image_1_left_pair0.png,/data/datasets/DROID/train_v5a/kontext/31230_exterior_image_1_left_pair0.png,"Follow the markers in the image: the green box marks the object to grasp, the blue dot marks where to place it. Show the scene after the object has been moved to the marked location. Pick up the cloth from the backrest of the chair. Place the cloth on the seat of the chair."
/data/datasets/DROID/train_v4/final/90536_exterior_image_2_left_pair0.png,/data/datasets/DROID/train_v5a/kontext/90536_exterior_image_2_left_pair0.png,"Follow the markers in the image: the green box marks the object to grasp, the blue dot marks where to place it. Show the scene after the object has been moved to the marked location. Pick up the orange bowl from under the table. Place the orange bowl on the right side of the table."
/data/datasets/DROID/train_v4/final/90536_exterior_image_2_left_pair1.png,/data/datasets/DROID/train_v5a/kontext/90536_exterior_image_2_left_pair1.png,"Follow the markers in the image: the green box marks the object to grasp, the blue dot marks where to place it. Show the scene after the object has been moved to the marked location. Pick up the orange bowl from the right side of the table. Place the orange bowl upside down on the plate rack."
/data/datasets/DROID/train_v4/final/24254_exterior_image_1_left_pair0.png,/data/datasets/DROID/train_v5a/kontext/24254_exterior_image_1_left_pair0.png,"Follow the markers in the image: the green box marks the object to grasp, the blue dot marks where to place it. Show the scene after the object has been moved to the marked location. Pick up the cloth from the sofa. Place the cloth in the bag."
/data/datasets/DROID/train_v4/final/24254_exterior_image_1_left_pair1.png,/data/datasets/DROID/train_v5a/kontext/24254_exterior_image_1_left_pair1.png,"Follow the markers in the image: the green box marks the object to grasp, the blue dot marks where to place it. Show the scene after the object has been moved to the marked location. Pick up the white cloth from the sofa. Place the cloth in the bag."
/data/datasets/DROID/train_v4/final/12217_exterior_image_1_left_pair0.png,/data/datasets/DROID/train_v5a/kontext/12217_exterior_image_1_left_pair0.png,"Follow the markers in the image: the green box marks the object to grasp, the blue dot marks where to place it. Show the scene after the object has been moved to the marked location. Pick up the box on the table. Place the box beside the tissue."
/data/datasets/DROID/train_v4/final/12217_exterior_image_1_left_pair1.png,/data/datasets/DROID/train_v5a/kontext/12217_exterior_image_1_left_pair1.png,"Follow the markers in the image: the green box marks the object to grasp, the blue dot marks where to place it. Show the scene after the object has been moved to the marked location. Pick up the cylindrical jar from the box. Place the cylindrical jar on the table."
/data/datasets/DROID/train_v4/final/4861_exterior_image_1_left_pair0.png,/data/datasets/DROID/train_v5a/kontext/4861_exterior_image_1_left_pair0.png,"Follow the markers in the image: the green box marks the object to grasp, the blue dot marks where to place it. Show the scene after the object has been moved to the marked location. Pick up the cup on the table. Place the cup into the yellow cup."
/data/datasets/DROID/train_v4/final/4861_exterior_image_1_left_pair1.png,/data/datasets/DROID/train_v5a/kontext/4861_exterior_image_1_left_pair1.png,"Follow the markers in the image: the green box marks the object to grasp, the blue dot marks where to place it. Show the scene after the object has been moved to the marked location. Pick up the cup on the table. Place the cup into the stacked cups."
/data/datasets/DROID/train_v4/final/3774_exterior_image_1_left_pair0.png,/data/datasets/DROID/train_v5a/kontext/3774_exterior_image_1_left_pair0.png,"Follow the markers in the image: the green box marks the object to grasp, the blue dot marks where to place it. Show the scene after the object has been moved to the marked location. Pick up the silver lid from the table. Place the silver lid on the counter."
/data/datasets/DROID/train_v4/final/3774_exterior_image_1_left_pair1.png,/data/datasets/DROID/train_v5a/kontext/3774_exterior_image_1_left_pair1.png,"Follow the markers in the image: the green box marks the object to grasp, the blue dot marks where to place it. Show the scene after the object has been moved to the marked location. Pick up the silver lid from the counter. Place the silver lid on the clear object."
/data/datasets/DROID/train_v4/final/53311_exterior_image_2_left_pair0.png,/data/datasets/DROID/train_v5a/kontext/53311_exterior_image_2_left_pair0.png,"Follow the markers in the image: the green box marks the object to grasp, the blue dot marks where to place it. Show the scene after the object has been moved to the marked location. Pick up the banana plush toy on the table. Place the banana plush toy in the black pot."
/data/datasets/DROID/train_v4/final/53311_exterior_image_2_left_pair1.png,/data/datasets/DROID/train_v5a/kontext/53311_exterior_image_2_left_pair1.png,"Follow the markers in the image: the green box marks the object to grasp, the blue dot marks where to place it. Show the scene after the object has been moved to the marked location. Pick up the strawberry sponge block on the table. Place the strawberry sponge block on the black tray."
/data/datasets/DROID/train_v4/final/65445_exterior_image_1_left_pair0.png,/data/datasets/DROID/train_v5a/kontext/65445_exterior_image_1_left_pair0.png,"Follow the markers in the image: the green box marks the object to grasp, the blue dot marks where to place it. Show the scene after the object has been moved to the marked location. Pick up the white clothing from the backrest of the chair. Place the white clothing on the brown box."
/data/datasets/DROID/train_v4/final/65445_exterior_image_1_left_pair1.png,/data/datasets/DROID/train_v5a/kontext/65445_exterior_image_1_left_pair1.png,"Follow the markers in the image: the green box marks the object to grasp, the blue dot marks where to place it. Show the scene after the object has been moved to the marked location. Pick up the purple clothing from the backrest of the chair. Place the purple clothing on the brown box."
/data/datasets/DROID/train_v4/final/12755_exterior_image_1_left_pair0.png,/data/datasets/DROID/train_v5a/kontext/12755_exterior_image_1_left_pair0.png,"Follow the markers in the image: the green box marks the object to grasp, the blue dot marks where to place it. Show the scene after the object has been moved to the marked location. Pick up yellow cup in yellow bowl. Place yellow cup on table."
/data/datasets/DROID/train_v4/final/12755_exterior_image_1_left_pair1.png,/data/datasets/DROID/train_v5a/kontext/12755_exterior_image_1_left_pair1.png,"Follow the markers in the image: the green box marks the object to grasp, the blue dot marks where to place it. Show the scene after the object has been moved to the marked location. Pick up knife on bowl. Place knife on table."
/data/datasets/DROID/train_v4/final/88145_exterior_image_1_left_pair0.png,/data/datasets/DROID/train_v5a/kontext/88145_exterior_image_1_left_pair0.png,"Follow the markers in the image: the green box marks the object to grasp, the blue dot marks where to place it. Show the scene after the object has been moved to the marked location. Pick up the box of laundry detergent on the washing machine. Place the box of laundry detergent on the washing machine."
/data/datasets/DROID/train_v4/final/88145_exterior_image_1_left_pair1.png,/data/datasets/DROID/train_v5a/kontext/88145_exterior_image_1_left_pair1.png,"Follow the markers in the image: the green box marks the object to grasp, the blue dot marks where to place it. Show the scene after the object has been moved to the marked location. Pick up the cup from the top of the washing machine. Place the cup at the edge of the washing machine."
/data/datasets/DROID/train_v4/final/65260_exterior_image_1_left_pair0.png,/data/datasets/DROID/train_v5a/kontext/65260_exterior_image_1_left_pair0.png,"Follow the markers in the image: the green box marks the object to grasp, the blue dot marks where to place it. Show the scene after the object has been moved to the marked location. Pick up the green block on the blue table. Place the green block in the black bowl."
/data/datasets/DROID/train_v4/final/65260_exterior_image_1_left_pair1.png,/data/datasets/DROID/train_v5a/kontext/65260_exterior_image_1_left_pair1.png,"Follow the markers in the image: the green box marks the object to grasp, the blue dot marks where to place it. Show the scene after the object has been moved to the marked location. Pick up the green block on the blue table. Place the green block in the black bowl."
/data/datasets/DROID/train_v4/final/24630_exterior_image_2_left_pair0.png,/data/datasets/DROID/train_v5a/kontext/24630_exterior_image_2_left_pair0.png,"Follow the markers in the image: the green box marks the object to grasp, the blue dot marks where to place it. Show the scene after the object has been moved to the marked location. Pick up the blue can on top of the blue box. Place the can in the bin."
/data/datasets/DROID/train_v4/final/13589_exterior_image_2_left_pair0.png,/data/datasets/DROID/train_v5a/kontext/13589_exterior_image_2_left_pair0.png,"Follow the markers in the image: the green box marks the object to grasp, the blue dot marks where to place it. Show the scene after the object has been moved to the marked location. Pick up the left transparent plastic cup. Place the transparent plastic cup on the left side of the table on the middle transparent plastic cup on the table."
/data/datasets/DROID/train_v4/final/17559_exterior_image_2_left_pair0.png,/data/datasets/DROID/train_v5a/kontext/17559_exterior_image_2_left_pair0.png,"Follow the markers in the image: the green box marks the object to grasp, the blue dot marks where to place it. Show the scene after the object has been moved to the marked location. Pick up the orange cloth from the box. Place the orange cloth on the backrest of the chair."
/data/datasets/DROID/train_v4/final/17559_exterior_image_2_left_pair1.png,/data/datasets/DROID/train_v5a/kontext/17559_exterior_image_2_left_pair1.png,"Follow the markers in the image: the green box marks the object to grasp, the blue dot marks where to place it. Show the scene after the object has been moved to the marked location. Pick up the black cloth from the backrest of the chair. Place the black cloth in the box."
/data/datasets/DROID/train_v4/final/55677_exterior_image_2_left_pair0.png,/data/datasets/DROID/train_v5a/kontext/55677_exterior_image_2_left_pair0.png,"Follow the markers in the image: the green box marks the object to grasp, the blue dot marks where to place it. Show the scene after the object has been moved to the marked location. Pick up the cup on the left side of the table. Place the cup on the cup."
/data/datasets/DROID/train_v4/final/55677_exterior_image_2_left_pair1.png,/data/datasets/DROID/train_v5a/kontext/55677_exterior_image_2_left_pair1.png,"Follow the markers in the image: the green box marks the object to grasp, the blue dot marks where to place it. Show the scene after the object has been moved to the marked location. Pick up the stacked cup. Place the stacked cup on the cup."
/data/datasets/DROID/train_v4/final/4451_exterior_image_2_left_pair0.png,/data/datasets/DROID/train_v5a/kontext/4451_exterior_image_2_left_pair0.png,"Follow the markers in the image: the green box marks the object to grasp, the blue dot marks where to place it. Show the scene after the object has been moved to the marked location. Pick up the first cup on the table. Place the first cup inside the second cup."
/data/datasets/DROID/train_v4/final/4451_exterior_image_2_left_pair1.png,/data/datasets/DROID/train_v5a/kontext/4451_exterior_image_2_left_pair1.png,"Follow the markers in the image: the green box marks the object to grasp, the blue dot marks where to place it. Show the scene after the object has been moved to the marked location. Pick up the third cup on the table. Place the third cup inside the first cup."
/data/datasets/DROID/train_v4/final/73587_exterior_image_1_left_pair0.png,/data/datasets/DROID/train_v5a/kontext/73587_exterior_image_1_left_pair0.png,"Follow the markers in the image: the green box marks the object to grasp, the blue dot marks where to place it. Show the scene after the object has been moved to the marked location. Pick up the cup from the stacked cups. Place the cup on the flat surface."
/data/datasets/DROID/train_v4/final/73587_exterior_image_1_left_pair1.png,/data/datasets/DROID/train_v5a/kontext/73587_exterior_image_1_left_pair1.png,"Follow the markers in the image: the green box marks the object to grasp, the blue dot marks where to place it. Show the scene after the object has been moved to the marked location. Pick up the cup from the flat surface. Place the cup on the other cups."
/data/datasets/DROID/train_v4/final/72414_exterior_image_1_left_pair0.png,/data/datasets/DROID/train_v5a/kontext/72414_exterior_image_1_left_pair0.png,"Follow the markers in the image: the green box marks the object to grasp, the blue dot marks where to place it. Show the scene after the object has been moved to the marked location. Pick up the green block from the bowl. Place the green block on the countertop."
/data/datasets/DROID/train_v4/final/72414_exterior_image_1_left_pair1.png,/data/datasets/DROID/train_v5a/kontext/72414_exterior_image_1_left_pair1.png,"Follow the markers in the image: the green box marks the object to grasp, the blue dot marks where to place it. Show the scene after the object has been moved to the marked location. Pick up the small block from the bowl. Place the small block on the countertop."
/data/datasets/DROID/train_v4/final/4492_exterior_image_1_left_pair0.png,/data/datasets/DROID/train_v5a/kontext/4492_exterior_image_1_left_pair0.png,"Follow the markers in the image: the green box marks the object to grasp, the blue dot marks where to place it. Show the scene after the object has been moved to the marked location. Pick up the clear bottle from the stove. Place the clear bottle on the tray."
/data/datasets/DROID/train_v4/final/4492_exterior_image_1_left_pair1.png,/data/datasets/DROID/train_v5a/kontext/4492_exterior_image_1_left_pair1.png,"Follow the markers in the image: the green box marks the object to grasp, the blue dot marks where to place it. Show the scene after the object has been moved to the marked location. Pick up the brown item from the tray. Place the brown item on the stove."
/data/datasets/DROID/train_v4/final/14085_exterior_image_2_left_pair0.png,/data/datasets/DROID/train_v5a/kontext/14085_exterior_image_2_left_pair0.png,"Follow the markers in the image: the green box marks the object to grasp, the blue dot marks where to place it. Show the scene after the object has been moved to the marked location. Pick up the cup on the table. Place the cup in the cup."
/data/datasets/DROID/train_v4/final/14085_exterior_image_2_left_pair1.png,/data/datasets/DROID/train_v5a/kontext/14085_exterior_image_2_left_pair1.png,"Follow the markers in the image: the green box marks the object to grasp, the blue dot marks where to place it. Show the scene after the object has been moved to the marked location. Pick up the cup on the table. Place the cup in the cup."
/data/datasets/DROID/train_v4/final/4121_exterior_image_1_left_pair0.png,/data/datasets/DROID/train_v5a/kontext/4121_exterior_image_1_left_pair0.png,"Follow the markers in the image: the green box marks the object to grasp, the blue dot marks where to place it. Show the scene after the object has been moved to the marked location. Pick up the spoon from the table. Place the spoon in the mug."
/data/datasets/DROID/train_v4/final/4121_exterior_image_1_left_pair1.png,/data/datasets/DROID/train_v5a/kontext/4121_exterior_image_1_left_pair1.png,"Follow the markers in the image: the green box marks the object to grasp, the blue dot marks where to place it. Show the scene after the object has been moved to the marked location. Pick up the cup from the table. Place the cup to the left side of the keyboard."
/data/datasets/DROID/train_v4/final/1297_exterior_image_2_left_pair0.png,/data/datasets/DROID/train_v5a/kontext/1297_exterior_image_2_left_pair0.png,"Follow the markers in the image: the green box marks the object to grasp, the blue dot marks where to place it. Show the scene after the object has been moved to the marked location. Pick up the marker from the cup. Place the marker on the table."
/data/datasets/DROID/train_v4/final/1297_exterior_image_2_left_pair1.png,/data/datasets/DROID/train_v5a/kontext/1297_exterior_image_2_left_pair1.png,"Follow the markers in the image: the green box marks the object to grasp, the blue dot marks where to place it. Show the scene after the object has been moved to the marked location. Pick up the marker from the table. Place the marker into the cup."
/data/datasets/DROID/train_v4/final/88145_exterior_image_2_left_pair1.png,/data/datasets/DROID/train_v5a/kontext/88145_exterior_image_2_left_pair1.png,"Follow the markers in the image: the green box marks the object to grasp, the blue dot marks where to place it. Show the scene after the object has been moved to the marked location. Pick up the cup from the top of the washing machine. Place the cup at the edge of the washing machine."
/data/datasets/DROID/train_v4/final/18136_exterior_image_1_left_pair0.png,/data/datasets/DROID/train_v5a/kontext/18136_exterior_image_1_left_pair0.png,"Follow the markers in the image: the green box marks the object to grasp, the blue dot marks where to place it. Show the scene after the object has been moved to the marked location. Pick up the shoe on the left from the rack. Place the shoe on the left beside the shoe on the right."
/data/datasets/DROID/train_v4/final/18136_exterior_image_1_left_pair1.png,/data/datasets/DROID/train_v5a/kontext/18136_exterior_image_1_left_pair1.png,"Follow the markers in the image: the green box marks the object to grasp, the blue dot marks where to place it. Show the scene after the object has been moved to the marked location. Pick up a pair of sneakers from the rack. Place the sneakers on the bottom shelf of the rack."
/data/datasets/DROID/train_v4/final/89260_exterior_image_1_left_pair0.png,/data/datasets/DROID/train_v5a/kontext/89260_exterior_image_1_left_pair0.png,"Follow the markers in the image: the green box marks the object to grasp, the blue dot marks where to place it. Show the scene after the object has been moved to the marked location. Pick up the orange cup from the wooden stand. Place the orange cup on the table."
/data/datasets/DROID/train_v4/final/89260_exterior_image_1_left_pair1.png,/data/datasets/DROID/train_v5a/kontext/89260_exterior_image_1_left_pair1.png,"Follow the markers in the image: the green box marks the object to grasp, the blue dot marks where to place it. Show the scene after the object has been moved to the marked location. Pick up the grey tape from the shelf. Place the grey tape on the table around the orange cup."
/data/datasets/DROID/train_v4/final/11947_exterior_image_1_left_pair0.png,/data/datasets/DROID/train_v5a/kontext/11947_exterior_image_1_left_pair0.png,"Follow the markers in the image: the green box marks the object to grasp, the blue dot marks where to place it. Show the scene after the object has been moved to the marked location. Pick up the purple object in the bowl. Place the purple object on the table."
/data/datasets/DROID/train_v4/final/10629_exterior_image_2_left_pair0.png,/data/datasets/DROID/train_v5a/kontext/10629_exterior_image_2_left_pair0.png,"Follow the markers in the image: the green box marks the object to grasp, the blue dot marks where to place it. Show the scene after the object has been moved to the marked location. Pick up the bottle from the mat. Place the bottle in the clear container on the left."
/data/datasets/DROID/train_v4/final/20175_exterior_image_1_left_pair0.png,/data/datasets/DROID/train_v5a/kontext/20175_exterior_image_1_left_pair0.png,"Follow the markers in the image: the green box marks the object to grasp, the blue dot marks where to place it. Show the scene after the object has been moved to the marked location. Pick up the transparent container from the tabletop. Place the container on the right side of the tabletop."
/data/datasets/DROID/train_v4/final/12515_exterior_image_2_left_pair0.png,/data/datasets/DROID/train_v5a/kontext/12515_exterior_image_2_left_pair0.png,"Follow the markers in the image: the green box marks the object to grasp, the blue dot marks where to place it. Show the scene after the object has been moved to the marked location. Pick up the jar on the table. Place the jar on the scale."
/data/datasets/DROID/train_v4/final/10885_exterior_image_2_left_pair0.png,/data/datasets/DROID/train_v5a/kontext/10885_exterior_image_2_left_pair0.png,"Follow the markers in the image: the green box marks the object to grasp, the blue dot marks where to place it. Show the scene after the object has been moved to the marked location. Pick up the cup on the table. Place the cup behind the table."
/data/datasets/DROID/train_v4/final/10270_exterior_image_1_left_pair0.png,/data/datasets/DROID/train_v5a/kontext/10270_exterior_image_1_left_pair0.png,"Follow the markers in the image: the green box marks the object to grasp, the blue dot marks where to place it. Show the scene after the object has been moved to the marked location. Pick up the bell pepper on the table. Place the bell pepper in the new position."
/data/datasets/DROID/train_v4/final/11614_exterior_image_1_left_pair0.png,/data/datasets/DROID/train_v5a/kontext/11614_exterior_image_1_left_pair0.png,"Follow the markers in the image: the green box marks the object to grasp, the blue dot marks where to place it. Show the scene after the object has been moved to the marked location. Pick up the big orange plush toy from the box. Place the big orange plush toy on the tray."
/data/datasets/DROID/train_v4/final/11299_exterior_image_2_left_pair0.png,/data/datasets/DROID/train_v5a/kontext/11299_exterior_image_2_left_pair0.png,"Follow the markers in the image: the green box marks the object to grasp, the blue dot marks where to place it. Show the scene after the object has been moved to the marked location. Pick up the blue cup from the drawer. Place the blue cup on the counter."
/data/datasets/DROID/train_v4/final/14561_exterior_image_1_left_pair0.png,/data/datasets/DROID/train_v5a/kontext/14561_exterior_image_1_left_pair0.png,"Follow the markers in the image: the green box marks the object to grasp, the blue dot marks where to place it. Show the scene after the object has been moved to the marked location. Pick up the right red object on the counter. Place the right red object inside the sink."
/data/datasets/DROID/train_v4/final/13186_exterior_image_2_left_pair1.png,/data/datasets/DROID/train_v5a/kontext/13186_exterior_image_2_left_pair1.png,"Follow the markers in the image: the green box marks the object to grasp, the blue dot marks where to place it. Show the scene after the object has been moved to the marked location. Pick up the paper on the countertop. Place the paper in the transparent box."
/data/datasets/DROID/train_v4/final/12361_exterior_image_2_left_pair0.png,/data/datasets/DROID/train_v5a/kontext/12361_exterior_image_2_left_pair0.png,"Follow the markers in the image: the green box marks the object to grasp, the blue dot marks where to place it. Show the scene after the object has been moved to the marked location. Pick up the can on the table. Place the can on the metal plate."
/data/datasets/DROID/train_v4/final/10854_exterior_image_1_left_pair0.png,/data/datasets/DROID/train_v5a/kontext/10854_exterior_image_1_left_pair0.png,"Follow the markers in the image: the green box marks the object to grasp, the blue dot marks where to place it. Show the scene after the object has been moved to the marked location. Pick up the yellow pepper from the table. Place the yellow pepper inside the brown bowl."
/data/datasets/DROID/train_v4/final/11904_exterior_image_1_left_pair0.png,/data/datasets/DROID/train_v5a/kontext/11904_exterior_image_1_left_pair0.png,"Follow the markers in the image: the green box marks the object to grasp, the blue dot marks where to place it. Show the scene after the object has been moved to the marked location. Pick up the lid from the pot. Place the lid on the counter."
/data/datasets/DROID/train_v4/final/12006_exterior_image_1_left_pair0.png,/data/datasets/DROID/train_v5a/kontext/12006_exterior_image_1_left_pair0.png,"Follow the markers in the image: the green box marks the object to grasp, the blue dot marks where to place it. Show the scene after the object has been moved to the marked location. Pick up the lid on the pot. Place the lid on the countertop."
/data/datasets/DROID/train_v4/final/12244_exterior_image_2_left_pair0.png,/data/datasets/DROID/train_v5a/kontext/12244_exterior_image_2_left_pair0.png,"Follow the markers in the image: the green box marks the object to grasp, the blue dot marks where to place it. Show the scene after the object has been moved to the marked location. Pick up the orange can from the kitchen counter. Place the orange can in the sink."
/data/datasets/DROID/train_v4/final/13622_exterior_image_2_left_pair0.png,/data/datasets/DROID/train_v5a/kontext/13622_exterior_image_2_left_pair0.png,"Follow the markers in the image: the green box marks the object to grasp, the blue dot marks where to place it. Show the scene after the object has been moved to the marked location. Pick up the green block on the table. Place the green block on the orange block."
/data/datasets/DROID/train_v4/final/1030_exterior_image_1_left_pair0.png,/data/datasets/DROID/train_v5a/kontext/1030_exterior_image_1_left_pair0.png,"Follow the markers in the image: the green box marks the object to grasp, the blue dot marks where to place it. Show the scene after the object has been moved to the marked location. Pick up the triangular block on the blue table. Place the triangular block on the table."
/data/datasets/DROID/train_v4/final/20196_exterior_image_2_left_pair0.png,/data/datasets/DROID/train_v5a/kontext/20196_exterior_image_2_left_pair0.png,"Follow the markers in the image: the green box marks the object to grasp, the blue dot marks where to place it. Show the scene after the object has been moved to the marked location. Pick up the first cushion on the sofa. Place the first cushion against the armrest."
/data/datasets/DROID/train_v4/final/20196_exterior_image_2_left_pair1.png,/data/datasets/DROID/train_v5a/kontext/20196_exterior_image_2_left_pair1.png,"Follow the markers in the image: the green box marks the object to grasp, the blue dot marks where to place it. Show the scene after the object has been moved to the marked location. Pick up the second cushion on the sofa. Place the second cushion in front of the first cushion, against the armrest."
/data/datasets/DROID/train_v4/final/13261_exterior_image_2_left_pair0.png,/data/datasets/DROID/train_v5a/kontext/13261_exterior_image_2_left_pair0.png,"Follow the markers in the image: the green box marks the object to grasp, the blue dot marks where to place it. Show the scene after the object has been moved to the marked location. Pick up the marker on the table. Place the marker on the left side of the table."
/data/datasets/DROID/train_v4/final/65787_exterior_image_2_left_pair0.png,/data/datasets/DROID/train_v5a/kontext/65787_exterior_image_2_left_pair0.png,"Follow the markers in the image: the green box marks the object to grasp, the blue dot marks where to place it. Show the scene after the object has been moved to the marked location. Pick up the bag on the plate. Place the bag on the table."
/data/datasets/DROID/train_v4/final/65787_exterior_image_2_left_pair1.png,/data/datasets/DROID/train_v5a/kontext/65787_exterior_image_2_left_pair1.png,"Follow the markers in the image: the green box marks the object to grasp, the blue dot marks where to place it. Show the scene after the object has been moved to the marked location. Pick up the drink on the square plate. Place the drink on the plate."
/data/datasets/DROID/train_v4/final/18306_exterior_image_1_left_pair1.png,/data/datasets/DROID/train_v5a/kontext/18306_exterior_image_1_left_pair1.png,"Follow the markers in the image: the green box marks the object to grasp, the blue dot marks where to place it. Show the scene after the object has been moved to the marked location. Pick up the second cushion on the sofa. Place the second cushion in front of the first cushion, against the right armrest."
/data/datasets/DROID/train_v4/final/11233_exterior_image_1_left_pair0.png,/data/datasets/DROID/train_v5a/kontext/11233_exterior_image_1_left_pair0.png,"Follow the markers in the image: the green box marks the object to grasp, the blue dot marks where to place it. Show the scene after the object has been moved to the marked location. Pick up the plush toy on the table. Place the plush toy at the edge of the table."
/data/datasets/DROID/train_v4/final/15413_exterior_image_1_left_pair0.png,/data/datasets/DROID/train_v5a/kontext/15413_exterior_image_1_left_pair0.png,"Follow the markers in the image: the green box marks the object to grasp, the blue dot marks where to place it. Show the scene after the object has been moved to the marked location. Pick up the pink object in the pot. Place the pink object on the countertop."
/data/datasets/DROID/train_v4/final/10763_exterior_image_2_left_pair0.png,/data/datasets/DROID/train_v5a/kontext/10763_exterior_image_2_left_pair0.png,"Follow the markers in the image: the green box marks the object to grasp, the blue dot marks where to place it. Show the scene after the object has been moved to the marked location. Pick up the lid from the countertop. Place the lid on the black pot."
/data/datasets/DROID/train_v4/final/12063_exterior_image_2_left_pair0.png,/data/datasets/DROID/train_v5a/kontext/12063_exterior_image_2_left_pair0.png,"Follow the markers in the image: the green box marks the object to grasp, the blue dot marks where to place it. Show the scene after the object has been moved to the marked location. Pick up the tissue from the box. Place the tissue on the table."
/data/datasets/DROID/train_v4/final/13508_exterior_image_2_left_pair0.png,/data/datasets/DROID/train_v5a/kontext/13508_exterior_image_2_left_pair0.png,"Follow the markers in the image: the green box marks the object to grasp, the blue dot marks where to place it. Show the scene after the object has been moved to the marked location. Pick up the seal tape on the blue table. Place the seal tape at the right front of the table."
/data/datasets/DROID/train_v4/final/13571_exterior_image_1_left_pair0.png,/data/datasets/DROID/train_v5a/kontext/13571_exterior_image_1_left_pair0.png,"Follow the markers in the image: the green box marks the object to grasp, the blue dot marks where to place it. Show the scene after the object has been moved to the marked location. Pick up the orange cup on the desktop. Place the orange cup on the gray base."
/data/datasets/DROID/train_v4/final/13571_exterior_image_1_left_pair1.png,/data/datasets/DROID/train_v5a/kontext/13571_exterior_image_1_left_pair1.png,"Follow the markers in the image: the green box marks the object to grasp, the blue dot marks where to place it. Show the scene after the object has been moved to the marked location. Pick up the mauve cup on the desktop. Place the mauve cup on the gray tray."
/data/datasets/DROID/train_v4/final/1551_exterior_image_2_left_pair0.png,/data/datasets/DROID/train_v5a/kontext/1551_exterior_image_2_left_pair0.png,"Follow the markers in the image: the green box marks the object to grasp, the blue dot marks where to place it. Show the scene after the object has been moved to the marked location. Pick up the cup from the sink. Place the cup on the backside of the table."
/data/datasets/DROID/train_v4/final/17191_exterior_image_1_left_pair0.png,/data/datasets/DROID/train_v5a/kontext/17191_exterior_image_1_left_pair0.png,"Follow the markers in the image: the green box marks the object to grasp, the blue dot marks where to place it. Show the scene after the object has been moved to the marked location. Pick up the object from the countertop. Place the object to the right of the table."
/data/datasets/DROID/train_v4/final/16683_exterior_image_2_left_pair0.png,/data/datasets/DROID/train_v5a/kontext/16683_exterior_image_2_left_pair0.png,"Follow the markers in the image: the green box marks the object to grasp, the blue dot marks where to place it. Show the scene after the object has been moved to the marked location. Pick up the pair of socks on the table. Place the pair of socks in the bag."
/data/datasets/DROID/train_v4/final/10535_exterior_image_2_left_pair0.png,/data/datasets/DROID/train_v5a/kontext/10535_exterior_image_2_left_pair0.png,"Follow the markers in the image: the green box marks the object to grasp, the blue dot marks where to place it. Show the scene after the object has been moved to the marked location. Pick up the lid from the pot. Place the lid on the counter."
/data/datasets/DROID/train_v4/final/12344_exterior_image_1_left_pair0.png,/data/datasets/DROID/train_v5a/kontext/12344_exterior_image_1_left_pair0.png,"Follow the markers in the image: the green box marks the object to grasp, the blue dot marks where to place it. Show the scene after the object has been moved to the marked location. Pick up the marker on the table. Place the marker inside the clear cup."
/data/datasets/DROID/train_v4/final/41406_exterior_image_1_left_pair0.png,/data/datasets/DROID/train_v5a/kontext/41406_exterior_image_1_left_pair0.png,"Follow the markers in the image: the green box marks the object to grasp, the blue dot marks where to place it. Show the scene after the object has been moved to the marked location. Pick up the pot from the right bottom plate. Place the pot on the right top plate of the stove."
/data/datasets/DROID/train_v4/final/15824_exterior_image_2_left_pair0.png,/data/datasets/DROID/train_v5a/kontext/15824_exterior_image_2_left_pair0.png,"Follow the markers in the image: the green box marks the object to grasp, the blue dot marks where to place it. Show the scene after the object has been moved to the marked location. Pick up the bag on the table. Place the bag in the basket."
/data/datasets/DROID/train_v4/final/18788_exterior_image_2_left_pair0.png,/data/datasets/DROID/train_v5a/kontext/18788_exterior_image_2_left_pair0.png,"Follow the markers in the image: the green box marks the object to grasp, the blue dot marks where to place it. Show the scene after the object has been moved to the marked location. Pick up the plate on the table. Place the plate at the edge of the table."
/data/datasets/DROID/train_v4/final/11831_exterior_image_1_left_pair0.png,/data/datasets/DROID/train_v5a/kontext/11831_exterior_image_1_left_pair0.png,"Follow the markers in the image: the green box marks the object to grasp, the blue dot marks where to place it. Show the scene after the object has been moved to the marked location. Pick up the lid on the countertop. Place the lid on the pot."
/data/datasets/DROID/train_v4/final/11193_exterior_image_1_left_pair0.png,/data/datasets/DROID/train_v5a/kontext/11193_exterior_image_1_left_pair0.png,"Follow the markers in the image: the green box marks the object to grasp, the blue dot marks where to place it. Show the scene after the object has been moved to the marked location. Pick up the black shirt from the chair. Place the black shirt on the table."
/data/datasets/DROID/train_v4/final/25126_exterior_image_2_left_pair0.png,/data/datasets/DROID/train_v5a/kontext/25126_exterior_image_2_left_pair0.png,"Follow the markers in the image: the green box marks the object to grasp, the blue dot marks where to place it. Show the scene after the object has been moved to the marked location. Pick up the cup in the microwave. Place the cup on the table."
/data/datasets/DROID/train_v4/final/11722_exterior_image_1_left_pair0.png,/data/datasets/DROID/train_v5a/kontext/11722_exterior_image_1_left_pair0.png,"Follow the markers in the image: the green box marks the object to grasp, the blue dot marks where to place it. Show the scene after the object has been moved to the marked location. Pick up the plate from the dishwasher. Place the plate on the counter."
/data/datasets/DROID/train_v4/final/11120_exterior_image_1_left_pair0.png,/data/datasets/DROID/train_v5a/kontext/11120_exterior_image_1_left_pair0.png,"Follow the markers in the image: the green box marks the object to grasp, the blue dot marks where to place it. Show the scene after the object has been moved to the marked location. Pick up the green object on the counter. Place the green object inside the cabinet."
/data/datasets/DROID/train_v4/final/1160_exterior_image_1_left_pair0.png,/data/datasets/DROID/train_v5a/kontext/1160_exterior_image_1_left_pair0.png,"Follow the markers in the image: the green box marks the object to grasp, the blue dot marks where to place it. Show the scene after the object has been moved to the marked location. Pick up the lid from the pot. Place the lid on the table."
/data/datasets/DROID/train_v4/final/1275_exterior_image_1_left_pair0.png,/data/datasets/DROID/train_v5a/kontext/1275_exterior_image_1_left_pair0.png,"Follow the markers in the image: the green box marks the object to grasp, the blue dot marks where to place it. Show the scene after the object has been moved to the marked location. Pick up the lid from the pot. Place the lid on the countertop."
/data/datasets/DROID/train_v4/final/1281_exterior_image_1_left_pair0.png,/data/datasets/DROID/train_v5a/kontext/1281_exterior_image_1_left_pair0.png,"Follow the markers in the image: the green box marks the object to grasp, the blue dot marks where to place it. Show the scene after the object has been moved to the marked location. Remove the glass lid from the black pot. Place the glass lid on the table."
/data/datasets/DROID/train_v4/final/1184_exterior_image_1_left_pair1.png,/data/datasets/DROID/train_v5a/kontext/1184_exterior_image_1_left_pair1.png,"Follow the markers in the image: the green box marks the object to grasp, the blue dot marks where to place it. Show the scene after the object has been moved to the marked location. Grab the plush toy from the table. Place the plush toy onto the clothes."
/data/datasets/DROID/train_v4/final/32287_exterior_image_2_left_pair1.png,/data/datasets/DROID/train_v5a/kontext/32287_exterior_image_2_left_pair1.png,"Follow the markers in the image: the green box marks the object to grasp, the blue dot marks where to place it. Show the scene after the object has been moved to the marked location. Pick up the packaging bag on the table. Place the packaging bag in the purple plate."
/data/datasets/DROID/train_v4/final/19860_exterior_image_1_left_pair0.png,/data/datasets/DROID/train_v5a/kontext/19860_exterior_image_1_left_pair0.png,"Follow the markers in the image: the green box marks the object to grasp, the blue dot marks where to place it. Show the scene after the object has been moved to the marked location. Pick up the Rubik's cube from the table. Place the Rubik's cube on top of the green block."
/data/datasets/DROID/train_v4/final/11015_exterior_image_1_left_pair0.png,/data/datasets/DROID/train_v5a/kontext/11015_exterior_image_1_left_pair0.png,"Follow the markers in the image: the green box marks the object to grasp, the blue dot marks where to place it. Show the scene after the object has been moved to the marked location. Pick up the purple plush toy on the table. Place the purple plush toy on the plate."
/data/datasets/DROID/train_v4/final/12464_exterior_image_1_left_pair0.png,/data/datasets/DROID/train_v5a/kontext/12464_exterior_image_1_left_pair0.png,"Follow the markers in the image: the green box marks the object to grasp, the blue dot marks where to place it. Show the scene after the object has been moved to the marked location. Pick up the first pillow on the sofa. Place the first pillow on the right side of the sofa."
/data/datasets/DROID/train_v4/final/10498_exterior_image_1_left_pair0.png,/data/datasets/DROID/train_v5a/kontext/10498_exterior_image_1_left_pair0.png,"Follow the markers in the image: the green box marks the object to grasp, the blue dot marks where to place it. Show the scene after the object has been moved to the marked location. Pick up the cloth from the table. Place the cloth on the blue stand."
/data/datasets/DROID/train_v4/final/10278_exterior_image_2_left_pair0.png,/data/datasets/DROID/train_v5a/kontext/10278_exterior_image_2_left_pair0.png,"Follow the markers in the image: the green box marks the object to grasp, the blue dot marks where to place it. Show the scene after the object has been moved to the marked location. Pick up the gray cup on the table. Place the gray cup in the cup."
/data/datasets/DROID/train_v4/final/10273_exterior_image_2_left_pair0.png,/data/datasets/DROID/train_v5a/kontext/10273_exterior_image_2_left_pair0.png,"Follow the markers in the image: the green box marks the object to grasp, the blue dot marks where to place it. Show the scene after the object has been moved to the marked location. Pick up the disc from the table. Place the disc on the wooden stand."
/data/datasets/DROID/train_v4/final/12469_exterior_image_1_left_pair0.png,/data/datasets/DROID/train_v5a/kontext/12469_exterior_image_1_left_pair0.png,"Follow the markers in the image: the green box marks the object to grasp, the blue dot marks where to place it. Show the scene after the object has been moved to the marked location. Pick up the object on the table. Place the object in the sink."
/data/datasets/DROID/train_v4/final/14035_exterior_image_2_left_pair0.png,/data/datasets/DROID/train_v5a/kontext/14035_exterior_image_2_left_pair0.png,"Follow the markers in the image: the green box marks the object to grasp, the blue dot marks where to place it. Show the scene after the object has been moved to the marked location. Pick up the green toy from the basket. Place the green toy in the drawer."
/data/datasets/DROID/train_v4/final/14336_exterior_image_1_left_pair0.png,/data/datasets/DROID/train_v5a/kontext/14336_exterior_image_1_left_pair0.png,"Follow the markers in the image: the green box marks the object to grasp, the blue dot marks where to place it. Show the scene after the object has been moved to the marked location. Pick up the lid from the rice cooker. Place the lid in the sink."
/data/datasets/DROID/train_v4/final/10357_exterior_image_1_left_pair0.png,/data/datasets/DROID/train_v5a/kontext/10357_exterior_image_1_left_pair0.png,"Follow the markers in the image: the green box marks the object to grasp, the blue dot marks where to place it. Show the scene after the object has been moved to the marked location. Pick up the yellow block on the table. Place the yellow block in the bowl."
/data/datasets/DROID/train_v4/final/16520_exterior_image_2_left_pair0.png,/data/datasets/DROID/train_v5a/kontext/16520_exterior_image_2_left_pair0.png,"Follow the markers in the image: the green box marks the object to grasp, the blue dot marks where to place it. Show the scene after the object has been moved to the marked location. Pick up the marker from the table. Place the marker in the bowl."
/data/datasets/DROID/train_v4/final/16387_exterior_image_2_left_pair0.png,/data/datasets/DROID/train_v5a/kontext/16387_exterior_image_2_left_pair0.png,"Follow the markers in the image: the green box marks the object to grasp, the blue dot marks where to place it. Show the scene after the object has been moved to the marked location. Pick up the bag on the table. Place the bag into the drawer."
/data/datasets/DROID/train_v4/final/11161_exterior_image_1_left_pair0.png,/data/datasets/DROID/train_v5a/kontext/11161_exterior_image_1_left_pair0.png,"Follow the markers in the image: the green box marks the object to grasp, the blue dot marks where to place it. Show the scene after the object has been moved to the marked location. Pick up the lid from the pot. Place the lid on the table."
/data/datasets/DROID/train_v4/final/14189_exterior_image_1_left_pair0.png,/data/datasets/DROID/train_v5a/kontext/14189_exterior_image_1_left_pair0.png,"Follow the markers in the image: the green box marks the object to grasp, the blue dot marks where to place it. Show the scene after the object has been moved to the marked location. Pick up the can from the countertop. Place the can in the drawer."
/data/datasets/DROID/train_v4/final/11422_exterior_image_2_left_pair0.png,/data/datasets/DROID/train_v5a/kontext/11422_exterior_image_2_left_pair0.png,"Follow the markers in the image: the green box marks the object to grasp, the blue dot marks where to place it. Show the scene after the object has been moved to the marked location. Pick up the black bowl on the table. Place the black bowl on top of the bowl."
/data/datasets/DROID/train_v4/final/17889_exterior_image_1_left_pair0.png,/data/datasets/DROID/train_v5a/kontext/17889_exterior_image_1_left_pair0.png,"Follow the markers in the image: the green box marks the object to grasp, the blue dot marks where to place it. Show the scene after the object has been moved to the marked location. Pick up the stuffed toy on the countertop. Place the purple plushy in the sink."
/data/datasets/DROID/train_v4/final/15064_exterior_image_2_left_pair0.png,/data/datasets/DROID/train_v5a/kontext/15064_exterior_image_2_left_pair0.png,"Follow the markers in the image: the green box marks the object to grasp, the blue dot marks where to place it. Show the scene after the object has been moved to the marked location. Pick up the blue bottle on the table. Place the bottle on the top of the block."
/data/datasets/DROID/train_v4/final/10836_exterior_image_1_left_pair0.png,/data/datasets/DROID/train_v5a/kontext/10836_exterior_image_1_left_pair0.png,"Follow the markers in the image: the green box marks the object to grasp, the blue dot marks where to place it. Show the scene after the object has been moved to the marked location. Pick up the pear plush toy from the black box. Place the pear plush toy on the black tray."
/data/datasets/DROID/train_v4/final/18464_exterior_image_2_left_pair0.png,/data/datasets/DROID/train_v5a/kontext/18464_exterior_image_2_left_pair0.png,"Follow the markers in the image: the green box marks the object to grasp, the blue dot marks where to place it. Show the scene after the object has been moved to the marked location. Pick up the box on the table. Place the box in the pot."
/data/datasets/DROID/train_v4/final/11052_exterior_image_2_left_pair0.png,/data/datasets/DROID/train_v5a/kontext/11052_exterior_image_2_left_pair0.png,"Follow the markers in the image: the green box marks the object to grasp, the blue dot marks where to place it. Show the scene after the object has been moved to the marked location. Pick up the marker from the table. Place the marker in the pot."
/data/datasets/DROID/train_v4/final/16980_exterior_image_2_left_pair0.png,/data/datasets/DROID/train_v5a/kontext/16980_exterior_image_2_left_pair0.png,"Follow the markers in the image: the green box marks the object to grasp, the blue dot marks where to place it. Show the scene after the object has been moved to the marked location. Pick up the marker on the white table. Place the marker in the white bowl."
/data/datasets/DROID/train_v4/final/11799_exterior_image_1_left_pair0.png,/data/datasets/DROID/train_v5a/kontext/11799_exterior_image_1_left_pair0.png,"Follow the markers in the image: the green box marks the object to grasp, the blue dot marks where to place it. Show the scene after the object has been moved to the marked location. Pick up the stapler on the tabletop. Place the stapler on the tabletop."
/data/datasets/DROID/train_v4/final/11725_exterior_image_1_left_pair0.png,/data/datasets/DROID/train_v5a/kontext/11725_exterior_image_1_left_pair0.png,"Follow the markers in the image: the green box marks the object to grasp, the blue dot marks where to place it. Show the scene after the object has been moved to the marked location. Pick up the red soda can in the sink. Place the red soda can on the countertop."
/data/datasets/DROID/train_v4/final/33196_exterior_image_2_left_pair0.png,/data/datasets/DROID/train_v5a/kontext/33196_exterior_image_2_left_pair0.png,"Follow the markers in the image: the green box marks the object to grasp, the blue dot marks where to place it. Show the scene after the object has been moved to the marked location. Pick up the book on the table. Place the book at the edge of the table."
/data/datasets/DROID/train_v4/final/10753_exterior_image_1_left_pair0.png,/data/datasets/DROID/train_v5a/kontext/10753_exterior_image_1_left_pair0.png,"Follow the markers in the image: the green box marks the object to grasp, the blue dot marks where to place it. Show the scene after the object has been moved to the marked location. Pick up the marker on the table. Place the marker in the mug."
/data/datasets/DROID/train_v4/final/17280_exterior_image_2_left_pair0.png,/data/datasets/DROID/train_v5a/kontext/17280_exterior_image_2_left_pair0.png,"Follow the markers in the image: the green box marks the object to grasp, the blue dot marks where to place it. Show the scene after the object has been moved to the marked location. Pick up the straw on the table. Place the straw in the cup."
/data/datasets/DROID/train_v4/final/19791_exterior_image_1_left_pair0.png,/data/datasets/DROID/train_v5a/kontext/19791_exterior_image_1_left_pair0.png,"Follow the markers in the image: the green box marks the object to grasp, the blue dot marks where to place it. Show the scene after the object has been moved to the marked location. Take the cup out of the sink. Place the cup on the countertop."
/data/datasets/DROID/train_v4/final/10577_exterior_image_1_left_pair0.png,/data/datasets/DROID/train_v5a/kontext/10577_exterior_image_1_left_pair0.png,"Follow the markers in the image: the green box marks the object to grasp, the blue dot marks where to place it. Show the scene after the object has been moved to the marked location. Pick up the green packet on the counter. Place the green packet in the cabinet."
/data/datasets/DROID/train_v4/final/17591_exterior_image_2_left_pair0.png,/data/datasets/DROID/train_v5a/kontext/17591_exterior_image_2_left_pair0.png,"Follow the markers in the image: the green box marks the object to grasp, the blue dot marks where to place it. Show the scene after the object has been moved to the marked location. Pick up the bottle from the table. Place the bottle in the box."
/data/datasets/DROID/train_v4/final/11379_exterior_image_1_left_pair0.png,/data/datasets/DROID/train_v5a/kontext/11379_exterior_image_1_left_pair0.png,"Follow the markers in the image: the green box marks the object to grasp, the blue dot marks where to place it. Show the scene after the object has been moved to the marked location. Pick up the bottle on the countertop. Place the bottle in the sink."
/data/datasets/DROID/train_v4/final/11735_exterior_image_1_left_pair0.png,/data/datasets/DROID/train_v5a/kontext/11735_exterior_image_1_left_pair0.png,"Follow the markers in the image: the green box marks the object to grasp, the blue dot marks where to place it. Show the scene after the object has been moved to the marked location. Pick up the pillow on the sofa. Place the pillow on the other side of the sofa."
/data/datasets/DROID/train_v4/final/10762_exterior_image_1_left_pair1.png,/data/datasets/DROID/train_v5a/kontext/10762_exterior_image_1_left_pair1.png,"Follow the markers in the image: the green box marks the object to grasp, the blue dot marks where to place it. Show the scene after the object has been moved to the marked location. Pick up the two cups from the middle. Place the two cups in the cup on the right."
/data/datasets/DROID/train_v4/final/1025_exterior_image_1_left_pair0.png,/data/datasets/DROID/train_v5a/kontext/1025_exterior_image_1_left_pair0.png,"Follow the markers in the image: the green box marks the object to grasp, the blue dot marks where to place it. Show the scene after the object has been moved to the marked location. Pick up the book from the table. Place the book on the top of the shelf."
/data/datasets/DROID/train_v4/final/11137_exterior_image_1_left_pair0.png,/data/datasets/DROID/train_v5a/kontext/11137_exterior_image_1_left_pair0.png,"Follow the markers in the image: the green box marks the object to grasp, the blue dot marks where to place it. Show the scene after the object has been moved to the marked location. Pick up the orange block on the table. Place the orange block on the green block."
/data/datasets/DROID/train_v4/final/13707_exterior_image_2_left_pair0.png,/data/datasets/DROID/train_v5a/kontext/13707_exterior_image_2_left_pair0.png,"Follow the markers in the image: the green box marks the object to grasp, the blue dot marks where to place it. Show the scene after the object has been moved to the marked location. Pick up the green marker from the counter. Place the green marker in the grey bowl."
/data/datasets/DROID/train_v4/final/2519_exterior_image_2_left_pair0.png,/data/datasets/DROID/train_v5a/kontext/2519_exterior_image_2_left_pair0.png,"Follow the markers in the image: the green box marks the object to grasp, the blue dot marks where to place it. Show the scene after the object has been moved to the marked location. Pick up the bottle in the bowl. Place the bottle on the table."
/data/datasets/DROID/train_v4/final/11407_exterior_image_1_left_pair0.png,/data/datasets/DROID/train_v5a/kontext/11407_exterior_image_1_left_pair0.png,"Follow the markers in the image: the green box marks the object to grasp, the blue dot marks where to place it. Show the scene after the object has been moved to the marked location. Pick up the marker from the cup. Place the marker on the table."
/data/datasets/DROID/train_v4/final/10529_exterior_image_1_left_pair1.png,/data/datasets/DROID/train_v5a/kontext/10529_exterior_image_1_left_pair1.png,"Follow the markers in the image: the green box marks the object to grasp, the blue dot marks where to place it. Show the scene after the object has been moved to the marked location. Pick up the object in the drawer. Place the object on the desktop."
/data/datasets/DROID/train_v4/final/10796_exterior_image_2_left_pair0.png,/data/datasets/DROID/train_v5a/kontext/10796_exterior_image_2_left_pair0.png,"Follow the markers in the image: the green box marks the object to grasp, the blue dot marks where to place it. Show the scene after the object has been moved to the marked location. Pick up the marker from the container on the table. Place the marker on the table."
/data/datasets/DROID/train_v4/final/10814_exterior_image_2_left_pair0.png,/data/datasets/DROID/train_v5a/kontext/10814_exterior_image_2_left_pair0.png,"Follow the markers in the image: the green box marks the object to grasp, the blue dot marks where to place it. Show the scene after the object has been moved to the marked location. Grab the red can. Place the red can in the sink."
/data/datasets/DROID/train_v4/final/1385_exterior_image_1_left_pair0.png,/data/datasets/DROID/train_v5a/kontext/1385_exterior_image_1_left_pair0.png,"Follow the markers in the image: the green box marks the object to grasp, the blue dot marks where to place it. Show the scene after the object has been moved to the marked location. Pick up the bottle on the table. Place the bottle on the tray."
/data/datasets/DROID/train_v4/final/1155_exterior_image_1_left_pair0.png,/data/datasets/DROID/train_v5a/kontext/1155_exterior_image_1_left_pair0.png,"Follow the markers in the image: the green box marks the object to grasp, the blue dot marks where to place it. Show the scene after the object has been moved to the marked location. Pick up the notebook on the far left of the table. Place the notebook on another notebook."
/data/datasets/DROID/train_v4/final/10669_exterior_image_1_left_pair0.png,/data/datasets/DROID/train_v5a/kontext/10669_exterior_image_1_left_pair0.png,"Follow the markers in the image: the green box marks the object to grasp, the blue dot marks where to place it. Show the scene after the object has been moved to the marked location. Pick up the ball on the table. Place the ball at the edge of the table."
/data/datasets/DROID/train_v4/final/11472_exterior_image_1_left_pair0.png,/data/datasets/DROID/train_v5a/kontext/11472_exterior_image_1_left_pair0.png,"Follow the markers in the image: the green box marks the object to grasp, the blue dot marks where to place it. Show the scene after the object has been moved to the marked location. Pick up the pen in the cup. Place the pen on the countertop."
/data/datasets/DROID/train_v4/final/20018_exterior_image_1_left_pair0.png,/data/datasets/DROID/train_v5a/kontext/20018_exterior_image_1_left_pair0.png,"Follow the markers in the image: the green box marks the object to grasp, the blue dot marks where to place it. Show the scene after the object has been moved to the marked location. Pick up the hanger from the rail. Place the hanger on the table."
/data/datasets/DROID/train_v4/final/46309_exterior_image_1_left_pair0.png,/data/datasets/DROID/train_v5a/kontext/46309_exterior_image_1_left_pair0.png,"Follow the markers in the image: the green box marks the object to grasp, the blue dot marks where to place it. Show the scene after the object has been moved to the marked location. Pick up the cube from the bowl. Place the cube on the table."
/data/datasets/DROID/train_v4/final/11367_exterior_image_1_left_pair0.png,/data/datasets/DROID/train_v5a/kontext/11367_exterior_image_1_left_pair0.png,"Follow the markers in the image: the green box marks the object to grasp, the blue dot marks where to place it. Show the scene after the object has been moved to the marked location. Pick up the green block on the table. Place the green block into the black bowl."
/data/datasets/DROID/train_v4/final/47483_exterior_image_1_left_pair0.png,/data/datasets/DROID/train_v5a/kontext/47483_exterior_image_1_left_pair0.png,"Follow the markers in the image: the green box marks the object to grasp, the blue dot marks where to place it. Show the scene after the object has been moved to the marked location. Pick up the orange cube on the table. Place the orange cube on top of the yellow cube."
/data/datasets/DROID/train_v4/final/14576_exterior_image_1_left_pair0.png,/data/datasets/DROID/train_v5a/kontext/14576_exterior_image_1_left_pair0.png,"Follow the markers in the image: the green box marks the object to grasp, the blue dot marks where to place it. Show the scene after the object has been moved to the marked location. Pick up the towel to the right side of the chair back. Place the towel to the left side of the chair back."
/data/datasets/DROID/train_v4/final/73787_exterior_image_2_left_pair0.png,/data/datasets/DROID/train_v5a/kontext/73787_exterior_image_2_left_pair0.png,"Follow the markers in the image: the green box marks the object to grasp, the blue dot marks where to place it. Show the scene after the object has been moved to the marked location. Pick up the green block on the table. Place the green block on another green block."
/data/datasets/DROID/train_v4/final/10215_exterior_image_2_left_pair0.png,/data/datasets/DROID/train_v5a/kontext/10215_exterior_image_2_left_pair0.png,"Follow the markers in the image: the green box marks the object to grasp, the blue dot marks where to place it. Show the scene after the object has been moved to the marked location. Pick up the marker on the table. Place the marker in the cup."
/data/datasets/DROID/train_v4/final/37967_exterior_image_2_left_pair0.png,/data/datasets/DROID/train_v5a/kontext/37967_exterior_image_2_left_pair0.png,"Follow the markers in the image: the green box marks the object to grasp, the blue dot marks where to place it. Show the scene after the object has been moved to the marked location. Pick up the lid from the table. Place the lid on the pot."
/data/datasets/DROID/train_v4/final/10219_exterior_image_2_left_pair0.png,/data/datasets/DROID/train_v5a/kontext/10219_exterior_image_2_left_pair0.png,"Follow the markers in the image: the green box marks the object to grasp, the blue dot marks where to place it. Show the scene after the object has been moved to the marked location. Pick up the lid from the table. Place the lid on the pot."
/data/datasets/DROID/train_v4/final/1254_exterior_image_1_left_pair0.png,/data/datasets/DROID/train_v5a/kontext/1254_exterior_image_1_left_pair0.png,"Follow the markers in the image: the green box marks the object to grasp, the blue dot marks where to place it. Show the scene after the object has been moved to the marked location. Pick up the white marker on the table. Place the white marker inside the green cup."
/data/datasets/DROID/train_v4/final/10950_exterior_image_1_left_pair0.png,/data/datasets/DROID/train_v5a/kontext/10950_exterior_image_1_left_pair0.png,"Follow the markers in the image: the green box marks the object to grasp, the blue dot marks where to place it. Show the scene after the object has been moved to the marked location. Pick up the orange cup from the table. Place the orange cup in the black bowl."
/data/datasets/DROID/train_v4/final/20520_exterior_image_1_left_pair0.png,/data/datasets/DROID/train_v5a/kontext/20520_exterior_image_1_left_pair0.png,"Follow the markers in the image: the green box marks the object to grasp, the blue dot marks where to place it. Show the scene after the object has been moved to the marked location. Pick up the marker from the table. Place the marker in the mug."
/data/datasets/DROID/train_v4/final/86050_exterior_image_2_left_pair0.png,/data/datasets/DROID/train_v5a/kontext/86050_exterior_image_2_left_pair0.png,"Follow the markers in the image: the green box marks the object to grasp, the blue dot marks where to place it. Show the scene after the object has been moved to the marked location. Pick up the orange object on the table. Place the orange object in the metal bowl."
/data/datasets/DROID/train_v4/final/25166_exterior_image_2_left_pair1.png,/data/datasets/DROID/train_v5a/kontext/25166_exterior_image_2_left_pair1.png,"Follow the markers in the image: the green box marks the object to grasp, the blue dot marks where to place it. Show the scene after the object has been moved to the marked location. Pick up the pillow on the right side from the sofa. Place the pillow next to another pillow."
/data/datasets/DROID/train_v4/final/13950_exterior_image_2_left_pair0.png,/data/datasets/DROID/train_v5a/kontext/13950_exterior_image_2_left_pair0.png,"Follow the markers in the image: the green box marks the object to grasp, the blue dot marks where to place it. Show the scene after the object has been moved to the marked location. Pick up the orange block on the table. Place the orange block on the green block."
/data/datasets/DROID/train_v4/final/10412_exterior_image_1_left_pair0.png,/data/datasets/DROID/train_v5a/kontext/10412_exterior_image_1_left_pair0.png,"Follow the markers in the image: the green box marks the object to grasp, the blue dot marks where to place it. Show the scene after the object has been moved to the marked location. Pick up the spoon from the table. Place the spoon in the cup."
/data/datasets/DROID/train_v4/final/10466_exterior_image_1_left_pair0.png,/data/datasets/DROID/train_v5a/kontext/10466_exterior_image_1_left_pair0.png,"Follow the markers in the image: the green box marks the object to grasp, the blue dot marks where to place it. Show the scene after the object has been moved to the marked location. Pick up the object on the shelf. Place the object in the storage basket."
/data/datasets/DROID/train_v4/final/19113_exterior_image_1_left_pair0.png,/data/datasets/DROID/train_v5a/kontext/19113_exterior_image_1_left_pair0.png,"Follow the markers in the image: the green box marks the object to grasp, the blue dot marks where to place it. Show the scene after the object has been moved to the marked location. Pick up the lid on the pot. Place the lid on the table."
/data/datasets/DROID/train_v4/final/16160_exterior_image_1_left_pair0.png,/data/datasets/DROID/train_v5a/kontext/16160_exterior_image_1_left_pair0.png,"Follow the markers in the image: the green box marks the object to grasp, the blue dot marks where to place it. Show the scene after the object has been moved to the marked location. Pick up the red cup on the table. Place the red cup on the right side of the table."
/data/datasets/DROID/train_v4/final/11172_exterior_image_1_left_pair0.png,/data/datasets/DROID/train_v5a/kontext/11172_exterior_image_1_left_pair0.png,"Follow the markers in the image: the green box marks the object to grasp, the blue dot marks where to place it. Show the scene after the object has been moved to the marked location. Pick up the cup on the table. Place the cup on the left side of the table."
/data/datasets/DROID/train_v4/final/11172_exterior_image_1_left_pair1.png,/data/datasets/DROID/train_v5a/kontext/11172_exterior_image_1_left_pair1.png,"Follow the markers in the image: the green box marks the object to grasp, the blue dot marks where to place it. Show the scene after the object has been moved to the marked location. Pick up the cup on the table. Place the cup on the right side of the table."
/data/datasets/DROID/train_v4/final/11160_exterior_image_1_left_pair0.png,/data/datasets/DROID/train_v5a/kontext/11160_exterior_image_1_left_pair0.png,"Follow the markers in the image: the green box marks the object to grasp, the blue dot marks where to place it. Show the scene after the object has been moved to the marked location. Pick up the cup in the sink. Place the cup on the countertop."
/data/datasets/DROID/train_v4/final/10901_exterior_image_1_left_pair0.png,/data/datasets/DROID/train_v5a/kontext/10901_exterior_image_1_left_pair0.png,"Follow the markers in the image: the green box marks the object to grasp, the blue dot marks where to place it. Show the scene after the object has been moved to the marked location. Pick up the marker on the table. Place the marker in the cup."
/data/datasets/DROID/train_v4/final/10550_exterior_image_1_left_pair0.png,/data/datasets/DROID/train_v5a/kontext/10550_exterior_image_1_left_pair0.png,"Follow the markers in the image: the green box marks the object to grasp, the blue dot marks where to place it. Show the scene after the object has been moved to the marked location. Pick up the marker from the cup. Place the marker on the tabletop."
/data/datasets/DROID/train_v4/final/10502_exterior_image_2_left_pair0.png,/data/datasets/DROID/train_v5a/kontext/10502_exterior_image_2_left_pair0.png,"Follow the markers in the image: the green box marks the object to grasp, the blue dot marks where to place it. Show the scene after the object has been moved to the marked location. Pick up the cup on the countertop. Place the cup on the cabinet."
/data/datasets/DROID/train_v4/final/10174_exterior_image_1_left_pair0.png,/data/datasets/DROID/train_v5a/kontext/10174_exterior_image_1_left_pair0.png,"Follow the markers in the image: the green box marks the object to grasp, the blue dot marks where to place it. Show the scene after the object has been moved to the marked location. Pick up the marker from the cup. Place the marker on the table."
/data/datasets/DROID/train_v4/final/11068_exterior_image_2_left_pair0.png,/data/datasets/DROID/train_v5a/kontext/11068_exterior_image_2_left_pair0.png,"Follow the markers in the image: the green box marks the object to grasp, the blue dot marks where to place it. Show the scene after the object has been moved to the marked location. Pick up the clothes from the back of the chair. Place the clothes inside the box."
/data/datasets/DROID/train_v4/final/14396_exterior_image_2_left_pair0.png,/data/datasets/DROID/train_v5a/kontext/14396_exterior_image_2_left_pair0.png,"Follow the markers in the image: the green box marks the object to grasp, the blue dot marks where to place it. Show the scene after the object has been moved to the marked location. Pick up the can from the counter. Place the can in the cabinet."
/data/datasets/DROID/train_v4/final/19405_exterior_image_2_left_pair0.png,/data/datasets/DROID/train_v5a/kontext/19405_exterior_image_2_left_pair0.png,"Follow the markers in the image: the green box marks the object to grasp, the blue dot marks where to place it. Show the scene after the object has been moved to the marked location. Pick up a black object from the middle topmost drawer. Place a black object on the table."
/data/datasets/DROID/train_v4/final/10447_exterior_image_2_left_pair0.png,/data/datasets/DROID/train_v5a/kontext/10447_exterior_image_2_left_pair0.png,"Follow the markers in the image: the green box marks the object to grasp, the blue dot marks where to place it. Show the scene after the object has been moved to the marked location. Pick up the paper bag on the table. Place the paper bag in the bowl."
/data/datasets/DROID/train_v4/final/10496_exterior_image_1_left_pair0.png,/data/datasets/DROID/train_v5a/kontext/10496_exterior_image_1_left_pair0.png,"Follow the markers in the image: the green box marks the object to grasp, the blue dot marks where to place it. Show the scene after the object has been moved to the marked location. Pick up the orange cup on the table. Place the orange blanket into the blue cup."
/data/datasets/DROID/train_v4/final/10201_exterior_image_1_left_pair0.png,/data/datasets/DROID/train_v5a/kontext/10201_exterior_image_1_left_pair0.png,"Follow the markers in the image: the green box marks the object to grasp, the blue dot marks where to place it. Show the scene after the object has been moved to the marked location. Pick up the white mug on the table. Place the mug at the back side of the table."
/data/datasets/DROID/train_v4/final/21175_exterior_image_1_left_pair1.png,/data/datasets/DROID/train_v5a/kontext/21175_exterior_image_1_left_pair1.png,"Follow the markers in the image: the green box marks the object to grasp, the blue dot marks where to place it. Show the scene after the object has been moved to the marked location. Pick up the snack on the countertop. Place the orange packet and the purple packet on the tray."
/data/datasets/DROID/train_v4/final/11317_exterior_image_2_left_pair0.png,/data/datasets/DROID/train_v5a/kontext/11317_exterior_image_2_left_pair0.png,"Follow the markers in the image: the green box marks the object to grasp, the blue dot marks where to place it. Show the scene after the object has been moved to the marked location. Pick up the can on the table. Place the can on the metal object."
/data/datasets/DROID/train_v4/final/12347_exterior_image_1_left_pair0.png,/data/datasets/DROID/train_v5a/kontext/12347_exterior_image_1_left_pair0.png,"Follow the markers in the image: the green box marks the object to grasp, the blue dot marks where to place it. Show the scene after the object has been moved to the marked location. Pick up the black packaged snack from the sink. Place the black packaged snack on the counter."
/data/datasets/DROID/train_v4/final/11652_exterior_image_2_left_pair0.png,/data/datasets/DROID/train_v5a/kontext/11652_exterior_image_2_left_pair0.png,"Follow the markers in the image: the green box marks the object to grasp, the blue dot marks where to place it. Show the scene after the object has been moved to the marked location. Pick up the green packet from the sink. Place the green packet on the countertop."
/data/datasets/DROID/train_v4/final/19914_exterior_image_1_left_pair0.png,/data/datasets/DROID/train_v5a/kontext/19914_exterior_image_1_left_pair0.png,"Follow the markers in the image: the green box marks the object to grasp, the blue dot marks where to place it. Show the scene after the object has been moved to the marked location. Pick up the marker from the table. Place the marker in the transparent cup."
/data/datasets/DROID/train_v4/final/10308_exterior_image_1_left_pair0.png,/data/datasets/DROID/train_v5a/kontext/10308_exterior_image_1_left_pair0.png,"Follow the markers in the image: the green box marks the object to grasp, the blue dot marks where to place it. Show the scene after the object has been moved to the marked location. Pick up the marker from the cup. Place the marker on the table."
/data/datasets/DROID/train_v4/final/10424_exterior_image_1_left_pair0.png,/data/datasets/DROID/train_v5a/kontext/10424_exterior_image_1_left_pair0.png,"Follow the markers in the image: the green box marks the object to grasp, the blue dot marks where to place it. Show the scene after the object has been moved to the marked location. Pick up the marker. Place the marker in the cup."
/data/datasets/DROID/train_v4/final/10382_exterior_image_1_left_pair0.png,/data/datasets/DROID/train_v5a/kontext/10382_exterior_image_1_left_pair0.png,"Follow the markers in the image: the green box marks the object to grasp, the blue dot marks where to place it. Show the scene after the object has been moved to the marked location. Pick up the cup on the table. Place the cup in the center of the table."
/data/datasets/DROID/train_v4/final/10344_exterior_image_2_left_pair0.png,/data/datasets/DROID/train_v5a/kontext/10344_exterior_image_2_left_pair0.png,"Follow the markers in the image: the green box marks the object to grasp, the blue dot marks where to place it. Show the scene after the object has been moved to the marked location. Pick up the cloth from the table. Place the cloth in the box."
/data/datasets/DROID/train_v4/final/19018_exterior_image_1_left_pair1.png,/data/datasets/DROID/train_v5a/kontext/19018_exterior_image_1_left_pair1.png,"Follow the markers in the image: the green box marks the object to grasp, the blue dot marks where to place it. Show the scene after the object has been moved to the marked location. Pick up the second pillow from the couch. Place the second pillow against the first pillow."
/data/datasets/DROID/train_v4/final/10565_exterior_image_1_left_pair0.png,/data/datasets/DROID/train_v5a/kontext/10565_exterior_image_1_left_pair0.png,"Follow the markers in the image: the green box marks the object to grasp, the blue dot marks where to place it. Show the scene after the object has been moved to the marked location. Pick up the towel on the table. Place the towel in the middle cabinet."
/data/datasets/DROID/train_v4/final/11604_exterior_image_1_left_pair0.png,/data/datasets/DROID/train_v5a/kontext/11604_exterior_image_1_left_pair0.png,"Follow the markers in the image: the green box marks the object to grasp, the blue dot marks where to place it. Show the scene after the object has been moved to the marked location. Pick up the object on the table. Place the object in the plate."
/data/datasets/DROID/train_v4/final/10549_exterior_image_2_left_pair0.png,/data/datasets/DROID/train_v5a/kontext/10549_exterior_image_2_left_pair0.png,"Follow the markers in the image: the green box marks the object to grasp, the blue dot marks where to place it. Show the scene after the object has been moved to the marked location. Pick up the lid from the countertop. Place the lid on the pot."
/data/datasets/DROID/train_v4/final/10522_exterior_image_2_left_pair1.png,/data/datasets/DROID/train_v5a/kontext/10522_exterior_image_2_left_pair1.png,"Follow the markers in the image: the green box marks the object to grasp, the blue dot marks where to place it. Show the scene after the object has been moved to the marked location. Pick up the cup from inside the cabinet. Place the cup on the countertop."
/data/datasets/DROID/train_v4/final/10318_exterior_image_2_left_pair0.png,/data/datasets/DROID/train_v5a/kontext/10318_exterior_image_2_left_pair0.png,"Follow the markers in the image: the green box marks the object to grasp, the blue dot marks where to place it. Show the scene after the object has been moved to the marked location. Pick up the yellow object on the table. Place the yellow object in the cup."
/data/datasets/DROID/train_v4/final/15261_exterior_image_2_left_pair0.png,/data/datasets/DROID/train_v5a/kontext/15261_exterior_image_2_left_pair0.png,"Follow the markers in the image: the green box marks the object to grasp, the blue dot marks where to place it. Show the scene after the object has been moved to the marked location. Pick up the orange cube from the table. Place the orange cube on top of the green cube."
/data/datasets/DROID/train_v4/final/11889_exterior_image_2_left_pair0.png,/data/datasets/DROID/train_v5a/kontext/11889_exterior_image_2_left_pair0.png,"Follow the markers in the image: the green box marks the object to grasp, the blue dot marks where to place it. Show the scene after the object has been moved to the marked location. Pick up the object in the tray. Place the object in the bowl."
/data/datasets/DROID/train_v4/final/14362_exterior_image_2_left_pair0.png,/data/datasets/DROID/train_v5a/kontext/14362_exterior_image_2_left_pair0.png,"Follow the markers in the image: the green box marks the object to grasp, the blue dot marks where to place it. Show the scene after the object has been moved to the marked location. Pick up the towel on the box lid. Place the towel in the paper bag."
/data/datasets/DROID/train_v4/final/14756_exterior_image_1_left_pair0.png,/data/datasets/DROID/train_v5a/kontext/14756_exterior_image_1_left_pair0.png,"Follow the markers in the image: the green box marks the object to grasp, the blue dot marks where to place it. Show the scene after the object has been moved to the marked location. Pick up the green block on the table. Place the green block on the table."
/data/datasets/DROID/train_v4/final/53353_exterior_image_2_left_pair0.png,/data/datasets/DROID/train_v5a/kontext/53353_exterior_image_2_left_pair0.png,"Follow the markers in the image: the green box marks the object to grasp, the blue dot marks where to place it. Show the scene after the object has been moved to the marked location. Pick up the screwdriver from the white cup. Place the screwdriver on the table."
/data/datasets/DROID/train_v4/final/12270_exterior_image_1_left_pair0.png,/data/datasets/DROID/train_v5a/kontext/12270_exterior_image_1_left_pair0.png,"Follow the markers in the image: the green box marks the object to grasp, the blue dot marks where to place it. Show the scene after the object has been moved to the marked location. Pick up the pen from the table. Place the pen in the cup."
/data/datasets/DROID/train_v4/final/10334_exterior_image_2_left_pair0.png,/data/datasets/DROID/train_v5a/kontext/10334_exterior_image_2_left_pair0.png,"Follow the markers in the image: the green box marks the object to grasp, the blue dot marks where to place it. Show the scene after the object has been moved to the marked location. Pick up the bag on the countertop. Place the bag in the sink."
/data/datasets/DROID/train_v4/final/10544_exterior_image_2_left_pair0.png,/data/datasets/DROID/train_v5a/kontext/10544_exterior_image_2_left_pair0.png,"Follow the markers in the image: the green box marks the object to grasp, the blue dot marks where to place it. Show the scene after the object has been moved to the marked location. Pick up the green block on the blue table. Place the green block into the black bowl."
/data/datasets/DROID/train_v4/final/37190_exterior_image_2_left_pair0.png,/data/datasets/DROID/train_v5a/kontext/37190_exterior_image_2_left_pair0.png,"Follow the markers in the image: the green box marks the object to grasp, the blue dot marks where to place it. Show the scene after the object has been moved to the marked location. Pick up the banana plush toy from the basket. Place the banana plush toy inside the upper cabinet."
/data/datasets/DROID/train_v4/final/10540_exterior_image_1_left_pair1.png,/data/datasets/DROID/train_v5a/kontext/10540_exterior_image_1_left_pair1.png,"Follow the markers in the image: the green box marks the object to grasp, the blue dot marks where to place it. Show the scene after the object has been moved to the marked location. Pick up the cup from the plate. Place the cup on the countertop."
/data/datasets/DROID/train_v4/final/1083_exterior_image_1_left_pair0.png,/data/datasets/DROID/train_v5a/kontext/1083_exterior_image_1_left_pair0.png,"Follow the markers in the image: the green box marks the object to grasp, the blue dot marks where to place it. Show the scene after the object has been moved to the marked location. Pick up the carrot plushie from the table. Place the carrot plushie on the pan."
/data/datasets/DROID/train_v4/final/1219_exterior_image_2_left_pair0.png,/data/datasets/DROID/train_v5a/kontext/1219_exterior_image_2_left_pair0.png,"Follow the markers in the image: the green box marks the object to grasp, the blue dot marks where to place it. Show the scene after the object has been moved to the marked location. Pick up the lid from the countertop next to the pot. Place the lid on the pot."
/data/datasets/DROID/train_v4/final/10298_exterior_image_1_left_pair1.png,/data/datasets/DROID/train_v5a/kontext/10298_exterior_image_1_left_pair1.png,"Follow the markers in the image: the green box marks the object to grasp, the blue dot marks where to place it. Show the scene after the object has been moved to the marked location. Pick up the white cup from the countertop. Place the white cup on the tissue."
/data/datasets/DROID/train_v4/final/12033_exterior_image_1_left_pair0.png,/data/datasets/DROID/train_v5a/kontext/12033_exterior_image_1_left_pair0.png,"Follow the markers in the image: the green box marks the object to grasp, the blue dot marks where to place it. Show the scene after the object has been moved to the marked location. Pick up the bottle from the table. Place the bottle in the clear container on the left."
/data/datasets/DROID/train_v4/final/118_exterior_image_1_left_pair0.png,/data/datasets/DROID/train_v5a/kontext/118_exterior_image_1_left_pair0.png,"Follow the markers in the image: the green box marks the object to grasp, the blue dot marks where to place it. Show the scene after the object has been moved to the marked location. Pick up the bottle from the table. Place the bottle in front of the original position."
/data/datasets/DROID/train_v4/final/17704_exterior_image_1_left_pair0.png,/data/datasets/DROID/train_v5a/kontext/17704_exterior_image_1_left_pair0.png,"Follow the markers in the image: the green box marks the object to grasp, the blue dot marks where to place it. Show the scene after the object has been moved to the marked location. Pick up the marker. Place the marker in the bowl."
/data/datasets/DROID/train_v4/final/27187_exterior_image_1_left_pair0.png,/data/datasets/DROID/train_v5a/kontext/27187_exterior_image_1_left_pair0.png,"Follow the markers in the image: the green box marks the object to grasp, the blue dot marks where to place it. Show the scene after the object has been moved to the marked location. Pick up the object in the white pot. Place the object on the table."
/data/datasets/DROID/train_v4/final/10657_exterior_image_1_left_pair0.png,/data/datasets/DROID/train_v5a/kontext/10657_exterior_image_1_left_pair0.png,"Follow the markers in the image: the green box marks the object to grasp, the blue dot marks where to place it. Show the scene after the object has been moved to the marked location. Pick up the yellow block from the pot. Place the yellow block on the table."
/data/datasets/DROID/train_v4/final/11395_exterior_image_1_left_pair0.png,/data/datasets/DROID/train_v5a/kontext/11395_exterior_image_1_left_pair0.png,"Follow the markers in the image: the green box marks the object to grasp, the blue dot marks where to place it. Show the scene after the object has been moved to the marked location. Pick up the bottle in front of the table. Place the bottle on the tray."
/data/datasets/DROID/train_v4/final/27035_exterior_image_1_left_pair0.png,/data/datasets/DROID/train_v5a/kontext/27035_exterior_image_1_left_pair0.png,"Follow the markers in the image: the green box marks the object to grasp, the blue dot marks where to place it. Show the scene after the object has been moved to the marked location. Pick up the purple plush toy from the sink. Place the purple plush toy in the pot."
/data/datasets/DROID/train_v4/final/12286_exterior_image_2_left_pair0.png,/data/datasets/DROID/train_v5a/kontext/12286_exterior_image_2_left_pair0.png,"Follow the markers in the image: the green box marks the object to grasp, the blue dot marks where to place it. Show the scene after the object has been moved to the marked location. Pick up the red square on the table. Place the red square on the green square."
/data/datasets/DROID/train_v4/final/12184_exterior_image_2_left_pair0.png,/data/datasets/DROID/train_v5a/kontext/12184_exterior_image_2_left_pair0.png,"Follow the markers in the image: the green box marks the object to grasp, the blue dot marks where to place it. Show the scene after the object has been moved to the marked location. Pick up the pear plush toy from the tray. Place the pear plush toy in the box."
/data/datasets/DROID/train_v4/final/10546_exterior_image_2_left_pair0.png,/data/datasets/DROID/train_v5a/kontext/10546_exterior_image_2_left_pair0.png,"Follow the markers in the image: the green box marks the object to grasp, the blue dot marks where to place it. Show the scene after the object has been moved to the marked location. Pick up the marker from the cup. Place the marker on the table."
/data/datasets/DROID/train_v4/final/10493_exterior_image_2_left_pair0.png,/data/datasets/DROID/train_v5a/kontext/10493_exterior_image_2_left_pair0.png,"Follow the markers in the image: the green box marks the object to grasp, the blue dot marks where to place it. Show the scene after the object has been moved to the marked location. Pick up the lid from the top of the pot. Place the lid on the countertop."
/data/datasets/DROID/train_v4/final/10935_exterior_image_1_left_pair0.png,/data/datasets/DROID/train_v5a/kontext/10935_exterior_image_1_left_pair0.png,"Follow the markers in the image: the green box marks the object to grasp, the blue dot marks where to place it. Show the scene after the object has been moved to the marked location. Pick up the marker from the table. Place the marker in the pot."
/data/datasets/DROID/train_v4/final/11862_exterior_image_1_left_pair0.png,/data/datasets/DROID/train_v5a/kontext/11862_exterior_image_1_left_pair0.png,"Follow the markers in the image: the green box marks the object to grasp, the blue dot marks where to place it. Show the scene after the object has been moved to the marked location. Pick up the metal can from the kitchen countertop. Place the metal can in the sink."
/data/datasets/DROID/train_v4/final/15556_exterior_image_2_left_pair0.png,/data/datasets/DROID/train_v5a/kontext/15556_exterior_image_2_left_pair0.png,"Follow the markers in the image: the green box marks the object to grasp, the blue dot marks where to place it. Show the scene after the object has been moved to the marked location. Pick up the object on the transparent box. Place the object on the left side of the transparent box."
/data/datasets/DROID/train_v4/final/18100_exterior_image_2_left_pair0.png,/data/datasets/DROID/train_v5a/kontext/18100_exterior_image_2_left_pair0.png,"Follow the markers in the image: the green box marks the object to grasp, the blue dot marks where to place it. Show the scene after the object has been moved to the marked location. Pick up the red block from the table. Place the red block on the green block."
/data/datasets/DROID/train_v4/final/1070_exterior_image_2_left_pair0.png,/data/datasets/DROID/train_v5a/kontext/1070_exterior_image_2_left_pair0.png,"Follow the markers in the image: the green box marks the object to grasp, the blue dot marks where to place it. Show the scene after the object has been moved to the marked location. Pick up the jar on the counter. Place the jar in the bowl."
/data/datasets/DROID/train_v4/final/10176_exterior_image_1_left_pair0.png,/data/datasets/DROID/train_v5a/kontext/10176_exterior_image_1_left_pair0.png,"Follow the markers in the image: the green box marks the object to grasp, the blue dot marks where to place it. Show the scene after the object has been moved to the marked location. Pick up the white towel from the table. Place the white towel on the tripod."
/data/datasets/DROID/train_v4/final/24826_exterior_image_1_left_pair0.png,/data/datasets/DROID/train_v5a/kontext/24826_exterior_image_1_left_pair0.png,"Follow the markers in the image: the green box marks the object to grasp, the blue dot marks where to place it. Show the scene after the object has been moved to the marked location. Pick up the plastic bottle on the table. Place the plastic bottle inside the container."
/data/datasets/DROID/train_v4/final/10313_exterior_image_2_left_pair0.png,/data/datasets/DROID/train_v5a/kontext/10313_exterior_image_2_left_pair0.png,"Follow the markers in the image: the green box marks the object to grasp, the blue dot marks where to place it. Show the scene after the object has been moved to the marked location. Pick up the black shirt on the table. Place the black shirt on the chair."
/data/datasets/DROID/train_v4/final/10479_exterior_image_1_left_pair0.png,/data/datasets/DROID/train_v5a/kontext/10479_exterior_image_1_left_pair0.png,"Follow the markers in the image: the green box marks the object to grasp, the blue dot marks where to place it. Show the scene after the object has been moved to the marked location. Pick up the artificial pizza from the desktop. Place the artificial pizza in the right rear of the original position."
/data/datasets/DROID/train_v4/final/1066_exterior_image_2_left_pair0.png,/data/datasets/DROID/train_v5a/kontext/1066_exterior_image_2_left_pair0.png,"Follow the markers in the image: the green box marks the object to grasp, the blue dot marks where to place it. Show the scene after the object has been moved to the marked location. Pick up the black marker from the silver container. Place the black marker on the table."
/data/datasets/DROID/train_v4/final/10228_exterior_image_1_left_pair0.png,/data/datasets/DROID/train_v5a/kontext/10228_exterior_image_1_left_pair0.png,"Follow the markers in the image: the green box marks the object to grasp, the blue dot marks where to place it. Show the scene after the object has been moved to the marked location. Pick up the can from the right side of the table. Place the can on the left side of the table."
/data/datasets/DROID/train_v4/final/10769_exterior_image_2_left_pair0.png,/data/datasets/DROID/train_v5a/kontext/10769_exterior_image_2_left_pair0.png,"Follow the markers in the image: the green box marks the object to grasp, the blue dot marks where to place it. Show the scene after the object has been moved to the marked location. Pick up the can from the sink. Place the can on the table on the left side of the sink."
/data/datasets/DROID/train_v4/final/11247_exterior_image_1_left_pair0.png,/data/datasets/DROID/train_v5a/kontext/11247_exterior_image_1_left_pair0.png,"Follow the markers in the image: the green box marks the object to grasp, the blue dot marks where to place it. Show the scene after the object has been moved to the marked location. Pick up chopsticks on the table. Place chopsticks in the white cup."
/data/datasets/DROID/train_v4/final/11482_exterior_image_1_left_pair0.png,/data/datasets/DROID/train_v5a/kontext/11482_exterior_image_1_left_pair0.png,"Follow the markers in the image: the green box marks the object to grasp, the blue dot marks where to place it. Show the scene after the object has been moved to the marked location. Pick up the seal tape on the table. Place the seal tape in the bowl."
/data/datasets/DROID/train_v4/final/85774_exterior_image_2_left_pair0.png,/data/datasets/DROID/train_v5a/kontext/85774_exterior_image_2_left_pair0.png,"Follow the markers in the image: the green box marks the object to grasp, the blue dot marks where to place it. Show the scene after the object has been moved to the marked location. Pick up the orange plushy from the table. Place the orange plushy in the pot."
/data/datasets/DROID/train_v4/final/14263_exterior_image_1_left_pair0.png,/data/datasets/DROID/train_v5a/kontext/14263_exterior_image_1_left_pair0.png,"Follow the markers in the image: the green box marks the object to grasp, the blue dot marks where to place it. Show the scene after the object has been moved to the marked location. Pick up the orange block from the table. Place the orange block on the green block."
/data/datasets/DROID/train_v4/final/13138_exterior_image_1_left_pair0.png,/data/datasets/DROID/train_v5a/kontext/13138_exterior_image_1_left_pair0.png,"Follow the markers in the image: the green box marks the object to grasp, the blue dot marks where to place it. Show the scene after the object has been moved to the marked location. Pick up the pineapple from the table. Place the pineapple on the table."
/data/datasets/DROID/train_v4/final/13262_exterior_image_2_left_pair0.png,/data/datasets/DROID/train_v5a/kontext/13262_exterior_image_2_left_pair0.png,"Follow the markers in the image: the green box marks the object to grasp, the blue dot marks where to place it. Show the scene after the object has been moved to the marked location. Pick up the can from the sink. Place the can on the countertop."
/data/datasets/DROID/train_v4/final/12020_exterior_image_1_left_pair0.png,/data/datasets/DROID/train_v5a/kontext/12020_exterior_image_1_left_pair0.png,"Follow the markers in the image: the green box marks the object to grasp, the blue dot marks where to place it. Show the scene after the object has been moved to the marked location. Pick up the lid on the tray. Place the lid on the pot."
/data/datasets/DROID/train_v4/final/14252_exterior_image_1_left_pair0.png,/data/datasets/DROID/train_v5a/kontext/14252_exterior_image_1_left_pair0.png,"Follow the markers in the image: the green box marks the object to grasp, the blue dot marks where to place it. Show the scene after the object has been moved to the marked location. Pick up the first light blue sphere on the table. Place the light blue sphere in the blue cup."
/data/datasets/DROID/train_v4/final/11238_exterior_image_1_left_pair0.png,/data/datasets/DROID/train_v5a/kontext/11238_exterior_image_1_left_pair0.png,"Follow the markers in the image: the green box marks the object to grasp, the blue dot marks where to place it. Show the scene after the object has been moved to the marked location. Pick up the lid from the pot. Place the lid on the table."
/data/datasets/DROID/train_v4/final/10411_exterior_image_1_left_pair0.png,/data/datasets/DROID/train_v5a/kontext/10411_exterior_image_1_left_pair0.png,"Follow the markers in the image: the green box marks the object to grasp, the blue dot marks where to place it. Show the scene after the object has been moved to the marked location. Pick up the white spoon from the grey mug. Place the spoon on the table."
/data/datasets/DROID/train_v4/final/21756_exterior_image_1_left_pair1.png,/data/datasets/DROID/train_v5a/kontext/21756_exterior_image_1_left_pair1.png,"Follow the markers in the image: the green box marks the object to grasp, the blue dot marks where to place it. Show the scene after the object has been moved to the marked location. Pick up the folded towel from the table. Place the folded towel in the box."
/data/datasets/DROID/train_v4/final/11791_exterior_image_2_left_pair0.png,/data/datasets/DROID/train_v5a/kontext/11791_exterior_image_2_left_pair0.png,"Follow the markers in the image: the green box marks the object to grasp, the blue dot marks where to place it. Show the scene after the object has been moved to the marked location. Pick up the cup on the desk. Place the cup on the tray."
/data/datasets/DROID/train_v4/final/1127_exterior_image_2_left_pair0.png,/data/datasets/DROID/train_v5a/kontext/1127_exterior_image_2_left_pair0.png,"Follow the markers in the image: the green box marks the object to grasp, the blue dot marks where to place it. Show the scene after the object has been moved to the marked location. Pick up the purple object from the table. Place the purple object in the bowl."
/data/datasets/DROID/train_v4/final/40242_exterior_image_1_left_pair0.png,/data/datasets/DROID/train_v5a/kontext/40242_exterior_image_1_left_pair0.png,"Follow the markers in the image: the green box marks the object to grasp, the blue dot marks where to place it. Show the scene after the object has been moved to the marked location. Pick up the object in the container. Place the object on the surface."
/data/datasets/DROID/train_v4/final/11046_exterior_image_2_left_pair0.png,/data/datasets/DROID/train_v5a/kontext/11046_exterior_image_2_left_pair0.png,"Follow the markers in the image: the green box marks the object to grasp, the blue dot marks where to place it. Show the scene after the object has been moved to the marked location. Pick up the transparent lid from the table. Place the lid on the pot."
/data/datasets/DROID/train_v4/final/11441_exterior_image_2_left_pair0.png,/data/datasets/DROID/train_v5a/kontext/11441_exterior_image_2_left_pair0.png,"Follow the markers in the image: the green box marks the object to grasp, the blue dot marks where to place it. Show the scene after the object has been moved to the marked location. Pick up the red marker from the dark green mug. Place the marker on the table."
/data/datasets/DROID/train_v4/final/15717_exterior_image_1_left_pair0.png,/data/datasets/DROID/train_v5a/kontext/15717_exterior_image_1_left_pair0.png,"Follow the markers in the image: the green box marks the object to grasp, the blue dot marks where to place it. Show the scene after the object has been moved to the marked location. Pick up the lid from the tray. Place the lid on the pot."
/data/datasets/DROID/train_v4/final/16737_exterior_image_1_left_pair0.png,/data/datasets/DROID/train_v5a/kontext/16737_exterior_image_1_left_pair0.png,"Follow the markers in the image: the green box marks the object to grasp, the blue dot marks where to place it. Show the scene after the object has been moved to the marked location. Pick up the purple toy in the basket. Place the toy on the grey plate."
/data/datasets/DROID/train_v4/final/11179_exterior_image_2_left_pair0.png,/data/datasets/DROID/train_v5a/kontext/11179_exterior_image_2_left_pair0.png,"Follow the markers in the image: the green box marks the object to grasp, the blue dot marks where to place it. Show the scene after the object has been moved to the marked location. Pick up the yellow block on the table. Place the yellow block in the cup."
/data/datasets/DROID/train_v4/final/10725_exterior_image_1_left_pair0.png,/data/datasets/DROID/train_v5a/kontext/10725_exterior_image_1_left_pair0.png,"Follow the markers in the image: the green box marks the object to grasp, the blue dot marks where to place it. Show the scene after the object has been moved to the marked location. Pick up the cup on the table. Place the cup on the table to the left side of the white bowl."
/data/datasets/DROID/train_v4/final/21478_exterior_image_1_left_pair1.png,/data/datasets/DROID/train_v5a/kontext/21478_exterior_image_1_left_pair1.png,"Follow the markers in the image: the green box marks the object to grasp, the blue dot marks where to place it. Show the scene after the object has been moved to the marked location. Pick up the second pillow from the sofa. Place the second pillow neatly next to the first pillow on the right side of the sofa."
/data/datasets/DROID/train_v4/final/13221_exterior_image_1_left_pair0.png,/data/datasets/DROID/train_v5a/kontext/13221_exterior_image_1_left_pair0.png,"Follow the markers in the image: the green box marks the object to grasp, the blue dot marks where to place it. Show the scene after the object has been moved to the marked location. Pick up the marker from the table. Place the marker in the cup."
/data/datasets/DROID/train_v4/final/14208_exterior_image_1_left_pair0.png,/data/datasets/DROID/train_v5a/kontext/14208_exterior_image_1_left_pair0.png,"Follow the markers in the image: the green box marks the object to grasp, the blue dot marks where to place it. Show the scene after the object has been moved to the marked location. Pick up the green marker on the table. Place the green marker inside the yellow bowl."
/data/datasets/DROID/train_v4/final/12101_exterior_image_1_left_pair0.png,/data/datasets/DROID/train_v5a/kontext/12101_exterior_image_1_left_pair0.png,"Follow the markers in the image: the green box marks the object to grasp, the blue dot marks where to place it. Show the scene after the object has been moved to the marked location. Pick up the green object on the table. Place the green object in the basket."
/data/datasets/DROID/train_v4/final/12495_exterior_image_2_left_pair0.png,/data/datasets/DROID/train_v5a/kontext/12495_exterior_image_2_left_pair0.png,"Follow the markers in the image: the green box marks the object to grasp, the blue dot marks where to place it. Show the scene after the object has been moved to the marked location. Pick up the red can from the sink. Place the red can on the countertop."
/data/datasets/DROID/train_v4/final/10879_exterior_image_1_left_pair0.png,/data/datasets/DROID/train_v5a/kontext/10879_exterior_image_1_left_pair0.png,"Follow the markers in the image: the green box marks the object to grasp, the blue dot marks where to place it. Show the scene after the object has been moved to the marked location. Pick up the small object on the table. Place the small object on the green block."
/data/datasets/DROID/train_v4/final/10173_exterior_image_1_left_pair0.png,/data/datasets/DROID/train_v5a/kontext/10173_exterior_image_1_left_pair0.png,"Follow the markers in the image: the green box marks the object to grasp, the blue dot marks where to place it. Show the scene after the object has been moved to the marked location. Pick up the bottle on the table. Place the bottle upright on the table."
/data/datasets/DROID/train_v4/final/12008_exterior_image_2_left_pair0.png,/data/datasets/DROID/train_v5a/kontext/12008_exterior_image_2_left_pair0.png,"Follow the markers in the image: the green box marks the object to grasp, the blue dot marks where to place it. Show the scene after the object has been moved to the marked location. Pick up the lid from the countertop. Place the lid on the black pot."
/data/datasets/DROID/train_v4/final/11420_exterior_image_2_left_pair0.png,/data/datasets/DROID/train_v5a/kontext/11420_exterior_image_2_left_pair0.png,"Follow the markers in the image: the green box marks the object to grasp, the blue dot marks where to place it. Show the scene after the object has been moved to the marked location. Pick up the cup on the table. Place the cup on the table."
/data/datasets/DROID/train_v4/final/10984_exterior_image_2_left_pair0.png,/data/datasets/DROID/train_v5a/kontext/10984_exterior_image_2_left_pair0.png,"Follow the markers in the image: the green box marks the object to grasp, the blue dot marks where to place it. Show the scene after the object has been moved to the marked location. Pick up the sponge on the countertop. Place the sponge in the transparent box."
/data/datasets/DROID/train_v4/final/11649_exterior_image_1_left_pair0.png,/data/datasets/DROID/train_v5a/kontext/11649_exterior_image_1_left_pair0.png,"Follow the markers in the image: the green box marks the object to grasp, the blue dot marks where to place it. Show the scene after the object has been moved to the marked location. Pick up the black clothing on the sofa. Place the black clothing inside the white box."
/data/datasets/DROID/train_v4/final/10222_exterior_image_1_left_pair0.png,/data/datasets/DROID/train_v5a/kontext/10222_exterior_image_1_left_pair0.png,"Follow the markers in the image: the green box marks the object to grasp, the blue dot marks where to place it. Show the scene after the object has been moved to the marked location. Pick up the lid from the black pot. Place the lid in the bowl."
/data/datasets/DROID/train_v4/final/15377_exterior_image_1_left_pair0.png,/data/datasets/DROID/train_v5a/kontext/15377_exterior_image_1_left_pair0.png,"Follow the markers in the image: the green box marks the object to grasp, the blue dot marks where to place it. Show the scene after the object has been moved to the marked location. Pick up the jersey on the table. Place the jersey on the back of the chair."
/data/datasets/DROID/train_v4/final/10841_exterior_image_1_left_pair0.png,/data/datasets/DROID/train_v5a/kontext/10841_exterior_image_1_left_pair0.png,"Follow the markers in the image: the green box marks the object to grasp, the blue dot marks where to place it. Show the scene after the object has been moved to the marked location. Pick up the cloth on the table. Place the cloth on the black rod."
/data/datasets/DROID/train_v4/final/67849_exterior_image_1_left_pair0.png,/data/datasets/DROID/train_v5a/kontext/67849_exterior_image_1_left_pair0.png,"Follow the markers in the image: the green box marks the object to grasp, the blue dot marks where to place it. Show the scene after the object has been moved to the marked location. Pick up the lid from the table. Place the lid on the pot."
/data/datasets/DROID/train_v4/final/11105_exterior_image_1_left_pair0.png,/data/datasets/DROID/train_v5a/kontext/11105_exterior_image_1_left_pair0.png,"Follow the markers in the image: the green box marks the object to grasp, the blue dot marks where to place it. Show the scene after the object has been moved to the marked location. Pick up the yellow object on the table. Place the yellow object into the plate."
/data/datasets/DROID/train_v4/final/10482_exterior_image_1_left_pair0.png,/data/datasets/DROID/train_v5a/kontext/10482_exterior_image_1_left_pair0.png,"Follow the markers in the image: the green box marks the object to grasp, the blue dot marks where to place it. Show the scene after the object has been moved to the marked location. Pick up the sauce bottle on the table. Place the sauce bottle in the light blue cup."
/data/datasets/DROID/train_v4/final/1057_exterior_image_1_left_pair0.png,/data/datasets/DROID/train_v5a/kontext/1057_exterior_image_1_left_pair0.png,"Follow the markers in the image: the green box marks the object to grasp, the blue dot marks where to place it. Show the scene after the object has been moved to the marked location. Pick up the lid from the pot. Place the lid on the table."
/data/datasets/DROID/train_v4/final/14616_exterior_image_2_left_pair0.png,/data/datasets/DROID/train_v5a/kontext/14616_exterior_image_2_left_pair0.png,"Follow the markers in the image: the green box marks the object to grasp, the blue dot marks where to place it. Show the scene after the object has been moved to the marked location. Pick up the bowl on the table. Place the bowl on the left side of the table."
/data/datasets/DROID/train_v4/final/10494_exterior_image_2_left_pair0.png,/data/datasets/DROID/train_v5a/kontext/10494_exterior_image_2_left_pair0.png,"Follow the markers in the image: the green box marks the object to grasp, the blue dot marks where to place it. Show the scene after the object has been moved to the marked location. Pick up the red bag from the table. Place the red bag in the sink."
/data/datasets/DROID/train_v4/final/10340_exterior_image_2_left_pair0.png,/data/datasets/DROID/train_v5a/kontext/10340_exterior_image_2_left_pair0.png,"Follow the markers in the image: the green box marks the object to grasp, the blue dot marks where to place it. Show the scene after the object has been moved to the marked location. Pick up the purple object from the blue table. Place the purple object into the white bowl."
/data/datasets/DROID/train_v4/final/10981_exterior_image_2_left_pair0.png,/data/datasets/DROID/train_v5a/kontext/10981_exterior_image_2_left_pair0.png,"Follow the markers in the image: the green box marks the object to grasp, the blue dot marks where to place it. Show the scene after the object has been moved to the marked location. Pick up the bottle on the table. Place the bottle in the clear container."
/data/datasets/DROID/train_v4/final/12401_exterior_image_1_left_pair0.png,/data/datasets/DROID/train_v5a/kontext/12401_exterior_image_1_left_pair0.png,"Follow the markers in the image: the green box marks the object to grasp, the blue dot marks where to place it. Show the scene after the object has been moved to the marked location. Pick up the pineapple plush toy from the basket. Place the pineapple plush toy on the black tray."
/data/datasets/DROID/train_v4/final/28259_exterior_image_1_left_pair1.png,/data/datasets/DROID/train_v5a/kontext/28259_exterior_image_1_left_pair1.png,"Follow the markers in the image: the green box marks the object to grasp, the blue dot marks where to place it. Show the scene after the object has been moved to the marked location. Pick up the blue object on the table. Place the blue object in the drawer."
/data/datasets/DROID/train_v4/final/36760_exterior_image_2_left_pair3.png,/data/datasets/DROID/train_v5a/kontext/36760_exterior_image_2_left_pair3.png,"Follow the markers in the image: the green box marks the object to grasp, the blue dot marks where to place it. Show the scene after the object has been moved to the marked location. Pick up the towel on the table. Place the towel in the plate."
/data/datasets/DROID/train_v4/final/10853_exterior_image_1_left_pair0.png,/data/datasets/DROID/train_v5a/kontext/10853_exterior_image_1_left_pair0.png,"Follow the markers in the image: the green box marks the object to grasp, the blue dot marks where to place it. Show the scene after the object has been moved to the marked location. Pick up the cup from the table. Place the cup at the center of the table."
/data/datasets/DROID/train_v4/final/18770_exterior_image_1_left_pair0.png,/data/datasets/DROID/train_v5a/kontext/18770_exterior_image_1_left_pair0.png,"Follow the markers in the image: the green box marks the object to grasp, the blue dot marks where to place it. Show the scene after the object has been moved to the marked location. Pick up the marker from the table. Place the marker inside the bowl."
/data/datasets/DROID/train_v4/final/11538_exterior_image_1_left_pair0.png,/data/datasets/DROID/train_v5a/kontext/11538_exterior_image_1_left_pair0.png,"Follow the markers in the image: the green box marks the object to grasp, the blue dot marks where to place it. Show the scene after the object has been moved to the marked location. Pick up the salt shaker on the table. Place the salt shaker into the pot."
/data/datasets/DROID/train_v4/final/12104_exterior_image_1_left_pair0.png,/data/datasets/DROID/train_v5a/kontext/12104_exterior_image_1_left_pair0.png,"Follow the markers in the image: the green box marks the object to grasp, the blue dot marks where to place it. Show the scene after the object has been moved to the marked location. Pick up the triangle block on the table. Place the triangle block on the top of the cube."
/data/datasets/DROID/train_v4/final/11298_exterior_image_2_left_pair0.png,/data/datasets/DROID/train_v5a/kontext/11298_exterior_image_2_left_pair0.png,"Follow the markers in the image: the green box marks the object to grasp, the blue dot marks where to place it. Show the scene after the object has been moved to the marked location. Pick up the peach from the bookshelf. Place the peach on the top of the bookshelf."
/data/datasets/DROID/train_v4/final/15540_exterior_image_2_left_pair0.png,/data/datasets/DROID/train_v5a/kontext/15540_exterior_image_2_left_pair0.png,"Follow the markers in the image: the green box marks the object to grasp, the blue dot marks where to place it. Show the scene after the object has been moved to the marked location. Pick up the lid from the pot. Place the lid on the table."
/data/datasets/DROID/train_v4/final/11295_exterior_image_2_left_pair0.png,/data/datasets/DROID/train_v5a/kontext/11295_exterior_image_2_left_pair0.png,"Follow the markers in the image: the green box marks the object to grasp, the blue dot marks where to place it. Show the scene after the object has been moved to the marked location. Pick up the egg from the box. Place the egg on the countertop."
/data/datasets/DROID/train_v4/final/11619_exterior_image_1_left_pair0.png,/data/datasets/DROID/train_v5a/kontext/11619_exterior_image_1_left_pair0.png,"Follow the markers in the image: the green box marks the object to grasp, the blue dot marks where to place it. Show the scene after the object has been moved to the marked location. Pick up the object on the table. Place the object in the box."
/data/datasets/DROID/train_v4/final/10651_exterior_image_1_left_pair0.png,/data/datasets/DROID/train_v5a/kontext/10651_exterior_image_1_left_pair0.png,"Follow the markers in the image: the green box marks the object to grasp, the blue dot marks where to place it. Show the scene after the object has been moved to the marked location. Pick up the object on the table. Place the object in the container."
/data/datasets/DROID/train_v4/final/10921_exterior_image_2_left_pair0.png,/data/datasets/DROID/train_v5a/kontext/10921_exterior_image_2_left_pair0.png,"Follow the markers in the image: the green box marks the object to grasp, the blue dot marks where to place it. Show the scene after the object has been moved to the marked location. Pick up the lid from the countertop. Place the lid on the container."
/data/datasets/DROID/train_v4/final/14351_exterior_image_1_left_pair0.png,/data/datasets/DROID/train_v5a/kontext/14351_exterior_image_1_left_pair0.png,"Follow the markers in the image: the green box marks the object to grasp, the blue dot marks where to place it. Show the scene after the object has been moved to the marked location. Pick up the metal can from the countertop. Place the metal can into the cupboard."
/data/datasets/DROID/train_v4/final/12957_exterior_image_1_left_pair0.png,/data/datasets/DROID/train_v5a/kontext/12957_exterior_image_1_left_pair0.png,"Follow the markers in the image: the green box marks the object to grasp, the blue dot marks where to place it. Show the scene after the object has been moved to the marked location. Pick up the wooden spoon from the pot. Place the wooden spoon on the countertop."
/data/datasets/DROID/train_v4/final/10441_exterior_image_2_left_pair0.png,/data/datasets/DROID/train_v5a/kontext/10441_exterior_image_2_left_pair0.png,"Follow the markers in the image: the green box marks the object to grasp, the blue dot marks where to place it. Show the scene after the object has been moved to the marked location. Pick up the red ball. Place the red ball in the bowl."
/data/datasets/DROID/train_v4/final/27639_exterior_image_2_left_pair1.png,/data/datasets/DROID/train_v5a/kontext/27639_exterior_image_2_left_pair1.png,"Follow the markers in the image: the green box marks the object to grasp, the blue dot marks where to place it. Show the scene after the object has been moved to the marked location. Pick up the block on the two blocks. Place the block on the shelf."
/data/datasets/DROID/train_v4/final/11948_exterior_image_2_left_pair0.png,/data/datasets/DROID/train_v5a/kontext/11948_exterior_image_2_left_pair0.png,"Follow the markers in the image: the green box marks the object to grasp, the blue dot marks where to place it. Show the scene after the object has been moved to the marked location. Pick up the green object from the tabletop. Place the green object in the left sink."
/data/datasets/DROID/train_v4/final/12799_exterior_image_2_left_pair0.png,/data/datasets/DROID/train_v5a/kontext/12799_exterior_image_2_left_pair0.png,"Follow the markers in the image: the green box marks the object to grasp, the blue dot marks where to place it. Show the scene after the object has been moved to the marked location. Pick up the cup on the table. Place the cup at the target position."
/data/datasets/DROID/train_v4/final/11958_exterior_image_1_left_pair0.png,/data/datasets/DROID/train_v5a/kontext/11958_exterior_image_1_left_pair0.png,"Follow the markers in the image: the green box marks the object to grasp, the blue dot marks where to place it. Show the scene after the object has been moved to the marked location. Pick up the white board eraser. Place the white board eraser on the right side of the stand."
/data/datasets/DROID/train_v4/final/12657_exterior_image_1_left_pair1.png,/data/datasets/DROID/train_v5a/kontext/12657_exterior_image_1_left_pair1.png,"Follow the markers in the image: the green box marks the object to grasp, the blue dot marks where to place it. Show the scene after the object has been moved to the marked location. Pick up the towel on the tray. Place the towel on the right side of the table."
/data/datasets/DROID/train_v4/final/10638_exterior_image_1_left_pair0.png,/data/datasets/DROID/train_v5a/kontext/10638_exterior_image_1_left_pair0.png,"Follow the markers in the image: the green box marks the object to grasp, the blue dot marks where to place it. Show the scene after the object has been moved to the marked location. Pick up the towel from the blue table. Place the towel in the black box."
/data/datasets/DROID/train_v4/final/11458_exterior_image_1_left_pair0.png,/data/datasets/DROID/train_v5a/kontext/11458_exterior_image_1_left_pair0.png,"Follow the markers in the image: the green box marks the object to grasp, the blue dot marks where to place it. Show the scene after the object has been moved to the marked location. Pick up the blue shirt from the box. Place the blue shirt on the desk."
/data/datasets/DROID/train_v4/final/11458_exterior_image_1_left_pair1.png,/data/datasets/DROID/train_v5a/kontext/11458_exterior_image_1_left_pair1.png,"Follow the markers in the image: the green box marks the object to grasp, the blue dot marks where to place it. Show the scene after the object has been moved to the marked location. Pick up the blue shirt from the desk. Place the blue shirt into the red box."
/data/datasets/DROID/train_v4/final/10660_exterior_image_2_left_pair0.png,/data/datasets/DROID/train_v5a/kontext/10660_exterior_image_2_left_pair0.png,"Follow the markers in the image: the green box marks the object to grasp, the blue dot marks where to place it. Show the scene after the object has been moved to the marked location. Pick up the plush toy on the right side of the table. Place the plush toy in the black bowl."
/data/datasets/DROID/train_v4/final/14883_exterior_image_2_left_pair0.png,/data/datasets/DROID/train_v5a/kontext/14883_exterior_image_2_left_pair0.png,"Follow the markers in the image: the green box marks the object to grasp, the blue dot marks where to place it. Show the scene after the object has been moved to the marked location. Pick up the pen on the table. Place the pen in the cup."
/data/datasets/DROID/train_v4/final/10709_exterior_image_2_left_pair0.png,/data/datasets/DROID/train_v5a/kontext/10709_exterior_image_2_left_pair0.png,"Follow the markers in the image: the green box marks the object to grasp, the blue dot marks where to place it. Show the scene after the object has been moved to the marked location. Move the blue sauce bottle to the left side of the cup. Place the blue sauce bottle on the table."
/data/datasets/DROID/train_v4/final/2301_exterior_image_2_left_pair0.png,/data/datasets/DROID/train_v5a/kontext/2301_exterior_image_2_left_pair0.png,"Follow the markers in the image: the green box marks the object to grasp, the blue dot marks where to place it. Show the scene after the object has been moved to the marked location. Pick up the orange block on the table. Place the orange block on the green block."
/data/datasets/DROID/train_v4/final/11171_exterior_image_1_left_pair0.png,/data/datasets/DROID/train_v5a/kontext/11171_exterior_image_1_left_pair0.png,"Follow the markers in the image: the green box marks the object to grasp, the blue dot marks where to place it. Show the scene after the object has been moved to the marked location. Pick up the black cloth from the top of the chair. Place the black cloth on the table."
/data/datasets/DROID/train_v4/final/10231_exterior_image_1_left_pair0.png,/data/datasets/DROID/train_v5a/kontext/10231_exterior_image_1_left_pair0.png,"Follow the markers in the image: the green box marks the object to grasp, the blue dot marks where to place it. Show the scene after the object has been moved to the marked location. Pick up the egg from the table. Place the egg in the red bowl."
/data/datasets/DROID/train_v4/final/14116_exterior_image_1_left_pair0.png,/data/datasets/DROID/train_v5a/kontext/14116_exterior_image_1_left_pair0.png,"Follow the markers in the image: the green box marks the object to grasp, the blue dot marks where to place it. Show the scene after the object has been moved to the marked location. Pick up the white towel from the second layer cabinet. Place the white towel on the table."
/data/datasets/DROID/train_v4/final/10668_exterior_image_1_left_pair0.png,/data/datasets/DROID/train_v5a/kontext/10668_exterior_image_1_left_pair0.png,"Follow the markers in the image: the green box marks the object to grasp, the blue dot marks where to place it. Show the scene after the object has been moved to the marked location. Pick up the orange object from the drying rack. Place the orange cup inside the sink."
/data/datasets/DROID/train_v4/final/23831_exterior_image_1_left_pair0.png,/data/datasets/DROID/train_v5a/kontext/23831_exterior_image_1_left_pair0.png,"Follow the markers in the image: the green box marks the object to grasp, the blue dot marks where to place it. Show the scene after the object has been moved to the marked location. Pick up the cushion on the sofa. Place the cushion on the sofa."
/data/datasets/DROID/train_v4/final/2206_exterior_image_1_left_pair0.png,/data/datasets/DROID/train_v5a/kontext/2206_exterior_image_1_left_pair0.png,"Follow the markers in the image: the green box marks the object to grasp, the blue dot marks where to place it. Show the scene after the object has been moved to the marked location. Pick up the bottle from the table. Place the bottle on the tray."
/data/datasets/DROID/train_v4/final/15934_exterior_image_2_left_pair0.png,/data/datasets/DROID/train_v5a/kontext/15934_exterior_image_2_left_pair0.png,"Follow the markers in the image: the green box marks the object to grasp, the blue dot marks where to place it. Show the scene after the object has been moved to the marked location. Pick up the brown block on the table. Place the brown block on the green block."
/data/datasets/DROID/train_v4/final/10541_exterior_image_1_left_pair0.png,/data/datasets/DROID/train_v5a/kontext/10541_exterior_image_1_left_pair0.png,"Follow the markers in the image: the green box marks the object to grasp, the blue dot marks where to place it. Show the scene after the object has been moved to the marked location. Pick up the yellow block from the center of the table. Place the yellow block directly above the dark orange block."
/data/datasets/DROID/train_v4/final/14596_exterior_image_1_left_pair0.png,/data/datasets/DROID/train_v5a/kontext/14596_exterior_image_1_left_pair0.png,"Follow the markers in the image: the green box marks the object to grasp, the blue dot marks where to place it. Show the scene after the object has been moved to the marked location. Pick up the can on the table. Place the can on the shelf."
/data/datasets/DROID/train_v4/final/11791_exterior_image_1_left_pair0.png,/data/datasets/DROID/train_v5a/kontext/11791_exterior_image_1_left_pair0.png,"Follow the markers in the image: the green box marks the object to grasp, the blue dot marks where to place it. Show the scene after the object has been moved to the marked location. Pick up the cup on the desk. Place the cup on the plate."
/data/datasets/DROID/train_v4/final/11110_exterior_image_2_left_pair0.png,/data/datasets/DROID/train_v5a/kontext/11110_exterior_image_2_left_pair0.png,"Follow the markers in the image: the green box marks the object to grasp, the blue dot marks where to place it. Show the scene after the object has been moved to the marked location. Pick up the watermelon toy from the table. Place the watermelon toy inside the little pot."
/data/datasets/DROID/train_v4/final/11110_exterior_image_2_left_pair1.png,/data/datasets/DROID/train_v5a/kontext/11110_exterior_image_2_left_pair1.png,"Follow the markers in the image: the green box marks the object to grasp, the blue dot marks where to place it. Show the scene after the object has been moved to the marked location. Pick up the lid of the little pot. Place the lid on top of the little pot."
/data/datasets/DROID/train_v4/final/18094_exterior_image_1_left_pair0.png,/data/datasets/DROID/train_v5a/kontext/18094_exterior_image_1_left_pair0.png,"Follow the markers in the image: the green box marks the object to grasp, the blue dot marks where to place it. Show the scene after the object has been moved to the marked location. Pick up the pen from the grey table. Place the pen in the grey bowl."
/data/datasets/DROID/train_v4/final/1087_exterior_image_1_left_pair0.png,/data/datasets/DROID/train_v5a/kontext/1087_exterior_image_1_left_pair0.png,"Follow the markers in the image: the green box marks the object to grasp, the blue dot marks where to place it. Show the scene after the object has been moved to the marked location. Pick up the orange plush toy from the box. Place the orange plush toy on the plate."
/data/datasets/DROID/train_v4/final/10647_exterior_image_2_left_pair0.png,/data/datasets/DROID/train_v5a/kontext/10647_exterior_image_2_left_pair0.png,"Follow the markers in the image: the green box marks the object to grasp, the blue dot marks where to place it. Show the scene after the object has been moved to the marked location. Pick up the white rope on the black shelf. Place the white rope above the black shelf."
/data/datasets/DROID/train_v4/final/19911_exterior_image_1_left_pair0.png,/data/datasets/DROID/train_v5a/kontext/19911_exterior_image_1_left_pair0.png,"Follow the markers in the image: the green box marks the object to grasp, the blue dot marks where to place it. Show the scene after the object has been moved to the marked location. Pick up the charger head from the table. Place the charger head in the slot on the extension cord."
/data/datasets/DROID/train_v4/final/15923_exterior_image_1_left_pair0.png,/data/datasets/DROID/train_v5a/kontext/15923_exterior_image_1_left_pair0.png,"Follow the markers in the image: the green box marks the object to grasp, the blue dot marks where to place it. Show the scene after the object has been moved to the marked location. Pick up the object on the right side of the table. Place the object in the center of the table."
/data/datasets/DROID/train_v4/final/35253_exterior_image_1_left_pair0.png,/data/datasets/DROID/train_v5a/kontext/35253_exterior_image_1_left_pair0.png,"Follow the markers in the image: the green box marks the object to grasp, the blue dot marks where to place it. Show the scene after the object has been moved to the marked location. Pick up a pile of objects on the table. Place the pile of objects in a spread out place on the table."
/data/datasets/DROID/train_v4/final/21417_exterior_image_1_left_pair0.png,/data/datasets/DROID/train_v5a/kontext/21417_exterior_image_1_left_pair0.png,"Follow the markers in the image: the green box marks the object to grasp, the blue dot marks where to place it. Show the scene after the object has been moved to the marked location. Pick up the marker from the table. Place the marker in the bowl."
/data/datasets/DROID/train_v4/final/14616_exterior_image_1_left_pair0.png,/data/datasets/DROID/train_v5a/kontext/14616_exterior_image_1_left_pair0.png,"Follow the markers in the image: the green box marks the object to grasp, the blue dot marks where to place it. Show the scene after the object has been moved to the marked location. Pick up the bowl on the table. Place the bowl on the left side of the table."
/data/datasets/DROID/train_v4/final/12946_exterior_image_2_left_pair0.png,/data/datasets/DROID/train_v5a/kontext/12946_exterior_image_2_left_pair0.png,"Follow the markers in the image: the green box marks the object to grasp, the blue dot marks where to place it. Show the scene after the object has been moved to the marked location. Pick up the plate from the shelf. Place the plate on the black pot."
/data/datasets/DROID/train_v4/final/54016_exterior_image_1_left_pair0.png,/data/datasets/DROID/train_v5a/kontext/54016_exterior_image_1_left_pair0.png,"Follow the markers in the image: the green box marks the object to grasp, the blue dot marks where to place it. Show the scene after the object has been moved to the marked location. Pick up the cookie from the top of the table. Place the cookie in the drawer."
/data/datasets/DROID/train_v4/final/11611_exterior_image_1_left_pair0.png,/data/datasets/DROID/train_v5a/kontext/11611_exterior_image_1_left_pair0.png,"Follow the markers in the image: the green box marks the object to grasp, the blue dot marks where to place it. Show the scene after the object has been moved to the marked location. Pick up the pink box in the basket. Place the pink box on the table."
/data/datasets/DROID/train_v4/final/14879_exterior_image_1_left_pair0.png,/data/datasets/DROID/train_v5a/kontext/14879_exterior_image_1_left_pair0.png,"Follow the markers in the image: the green box marks the object to grasp, the blue dot marks where to place it. Show the scene after the object has been moved to the marked location. Pick up the orange cube on the table. Place the orange cube on top of the green cube."
/data/datasets/DROID/train_v4/final/10661_exterior_image_2_left_pair0.png,/data/datasets/DROID/train_v5a/kontext/10661_exterior_image_2_left_pair0.png,"Follow the markers in the image: the green box marks the object to grasp, the blue dot marks where to place it. Show the scene after the object has been moved to the marked location. Pick up the white object on the table. Place the white object in the open drawer."
/data/datasets/DROID/train_v4/final/13138_exterior_image_2_left_pair0.png,/data/datasets/DROID/train_v5a/kontext/13138_exterior_image_2_left_pair0.png,"Follow the markers in the image: the green box marks the object to grasp, the blue dot marks where to place it. Show the scene after the object has been moved to the marked location. Pick up the pineapple from the table. Place the pineapple on the table."
/data/datasets/DROID/train_v4/final/25367_exterior_image_2_left_pair1.png,/data/datasets/DROID/train_v5a/kontext/25367_exterior_image_2_left_pair1.png,"Follow the markers in the image: the green box marks the object to grasp, the blue dot marks where to place it. Show the scene after the object has been moved to the marked location. Pick up the yellow object on the table. Place the yellow object on the table."
/data/datasets/DROID/train_v4/final/12286_exterior_image_1_left_pair0.png,/data/datasets/DROID/train_v5a/kontext/12286_exterior_image_1_left_pair0.png,"Follow the markers in the image: the green box marks the object to grasp, the blue dot marks where to place it. Show the scene after the object has been moved to the marked location. Pick up the red square on the table. Place the red square on the green square."
/data/datasets/DROID/train_v4/final/10814_exterior_image_1_left_pair0.png,/data/datasets/DROID/train_v5a/kontext/10814_exterior_image_1_left_pair0.png,"Follow the markers in the image: the green box marks the object to grasp, the blue dot marks where to place it. Show the scene after the object has been moved to the marked location. Grab the red can. Place the red can in the sink."
/data/datasets/DROID/train_v4/final/1066_exterior_image_1_left_pair0.png,/data/datasets/DROID/train_v5a/kontext/1066_exterior_image_1_left_pair0.png,"Follow the markers in the image: the green box marks the object to grasp, the blue dot marks where to place it. Show the scene after the object has been moved to the marked location. Pick up the black marker from the silver container. Place the black marker on the table."
/data/datasets/DROID/train_v4/final/12799_exterior_image_1_left_pair0.png,/data/datasets/DROID/train_v5a/kontext/12799_exterior_image_1_left_pair0.png,"Follow the markers in the image: the green box marks the object to grasp, the blue dot marks where to place it. Show the scene after the object has been moved to the marked location. Pick up the cup on the table. Place the cup at the target position."
/data/datasets/DROID/train_v4/final/12020_exterior_image_2_left_pair0.png,/data/datasets/DROID/train_v5a/kontext/12020_exterior_image_2_left_pair0.png,"Follow the markers in the image: the green box marks the object to grasp, the blue dot marks where to place it. Show the scene after the object has been moved to the marked location. Pick up the lid on the tray. Place the lid on the pot."
/data/datasets/DROID/train_v4/final/10565_exterior_image_2_left_pair0.png,/data/datasets/DROID/train_v5a/kontext/10565_exterior_image_2_left_pair0.png,"Follow the markers in the image: the green box marks the object to grasp, the blue dot marks where to place it. Show the scene after the object has been moved to the marked location. Pick up the towel on the table. Place the towel in the middle cabinet."
/data/datasets/DROID/train_v4/final/10215_exterior_image_1_left_pair0.png,/data/datasets/DROID/train_v5a/kontext/10215_exterior_image_1_left_pair0.png,"Follow the markers in the image: the green box marks the object to grasp, the blue dot marks where to place it. Show the scene after the object has been moved to the marked location. Pick up the marker on the table. Place the marker in the cup."
/data/datasets/DROID/train_v4/final/11472_exterior_image_2_left_pair0.png,/data/datasets/DROID/train_v5a/kontext/11472_exterior_image_2_left_pair0.png,"Follow the markers in the image: the green box marks the object to grasp, the blue dot marks where to place it. Show the scene after the object has been moved to the marked location. Pick up the pen in the cup. Place the pen on the countertop."
/data/datasets/DROID/train_v4/final/13261_exterior_image_1_left_pair0.png,/data/datasets/DROID/train_v5a/kontext/13261_exterior_image_1_left_pair0.png,"Follow the markers in the image: the green box marks the object to grasp, the blue dot marks where to place it. Show the scene after the object has been moved to the marked location. Pick up the marker on the table. Place the marker on the left side of the table."
/data/datasets/DROID/train_v4/final/10282_exterior_image_1_left_pair0.png,/data/datasets/DROID/train_v5a/kontext/10282_exterior_image_1_left_pair0.png,"Follow the markers in the image: the green box marks the object to grasp, the blue dot marks where to place it. Show the scene after the object has been moved to the marked location. Pick up the basin from the frying pan. Place the basin on the right stove."
/data/datasets/DROID/train_v4/final/10282_exterior_image_1_left_pair1.png,/data/datasets/DROID/train_v5a/kontext/10282_exterior_image_1_left_pair1.png,"Follow the markers in the image: the green box marks the object to grasp, the blue dot marks where to place it. Show the scene after the object has been moved to the marked location. Pick up the frying pan from the lower left side. Place the frying pan on the upper left stove."
/data/datasets/DROID/train_v4/final/15261_exterior_image_1_left_pair0.png,/data/datasets/DROID/train_v5a/kontext/15261_exterior_image_1_left_pair0.png,"Follow the markers in the image: the green box marks the object to grasp, the blue dot marks where to place it. Show the scene after the object has been moved to the marked location. Pick up the orange cube from the table. Place the orange cube on top of the green cube."
/data/datasets/DROID/train_v4/final/1587_exterior_image_1_left_pair0.png,/data/datasets/DROID/train_v5a/kontext/1587_exterior_image_1_left_pair0.png,"Follow the markers in the image: the green box marks the object to grasp, the blue dot marks where to place it. Show the scene after the object has been moved to the marked location. Pick up the pencil from the table. Place the pencil on the left side of the table."
/data/datasets/DROID/train_v4/final/19018_exterior_image_2_left_pair0.png,/data/datasets/DROID/train_v5a/kontext/19018_exterior_image_2_left_pair0.png,"Follow the markers in the image: the green box marks the object to grasp, the blue dot marks where to place it. Show the scene after the object has been moved to the marked location. Pick up the first pillow from the couch. Place the first pillow against the couch arm."
/data/datasets/DROID/train_v4/final/19018_exterior_image_2_left_pair1.png,/data/datasets/DROID/train_v5a/kontext/19018_exterior_image_2_left_pair1.png,"Follow the markers in the image: the green box marks the object to grasp, the blue dot marks where to place it. Show the scene after the object has been moved to the marked location. Pick up the second pillow from the couch. Place the second pillow against the first pillow."
/data/datasets/DROID/train_v4/final/14093_exterior_image_1_left_pair0.png,/data/datasets/DROID/train_v5a/kontext/14093_exterior_image_1_left_pair0.png,"Follow the markers in the image: the green box marks the object to grasp, the blue dot marks where to place it. Show the scene after the object has been moved to the marked location. Pick up the marker from the cup. Place the marker on the table."
/data/datasets/DROID/train_v4/final/11238_exterior_image_2_left_pair0.png,/data/datasets/DROID/train_v5a/kontext/11238_exterior_image_2_left_pair0.png,"Follow the markers in the image: the green box marks the object to grasp, the blue dot marks where to place it. Show the scene after the object has been moved to the marked location. Pick up the lid from the pot. Place the lid on the table."
/data/datasets/DROID/train_v4/final/22937_exterior_image_1_left_pair0.png,/data/datasets/DROID/train_v5a/kontext/22937_exterior_image_1_left_pair0.png,"Follow the markers in the image: the green box marks the object to grasp, the blue dot marks where to place it. Show the scene after the object has been moved to the marked location. Pick up the pineapple plushie from the box. Place the pineapple plushie next to the white plate."
/data/datasets/DROID/train_v4/final/16082_exterior_image_1_left_pair0.png,/data/datasets/DROID/train_v5a/kontext/16082_exterior_image_1_left_pair0.png,"Follow the markers in the image: the green box marks the object to grasp, the blue dot marks where to place it. Show the scene after the object has been moved to the marked location. Pick up the black object from the desktop. Place the black object at the left side of the original position."
/data/datasets/DROID/train_v4/final/10298_exterior_image_2_left_pair1.png,/data/datasets/DROID/train_v5a/kontext/10298_exterior_image_2_left_pair1.png,"Follow the markers in the image: the green box marks the object to grasp, the blue dot marks where to place it. Show the scene after the object has been moved to the marked location. Pick up the white cup from the countertop. Place the white cup on the tissue."
/data/datasets/DROID/train_v4/final/11389_exterior_image_1_left_pair0.png,/data/datasets/DROID/train_v5a/kontext/11389_exterior_image_1_left_pair0.png,"Follow the markers in the image: the green box marks the object to grasp, the blue dot marks where to place it. Show the scene after the object has been moved to the marked location. Pick up the cup on the table. Place the cup at the side of the table."
/data/datasets/DROID/train_v4/final/1054_exterior_image_1_left_pair0.png,/data/datasets/DROID/train_v5a/kontext/1054_exterior_image_1_left_pair0.png,"Follow the markers in the image: the green box marks the object to grasp, the blue dot marks where to place it. Show the scene after the object has been moved to the marked location. Pick up the stuffed octopus on the table. Place the stuffed octopus beside the monitor."
/data/datasets/DROID/train_v4/final/27639_exterior_image_1_left_pair0.png,/data/datasets/DROID/train_v5a/kontext/27639_exterior_image_1_left_pair0.png,"Follow the markers in the image: the green box marks the object to grasp, the blue dot marks where to place it. Show the scene after the object has been moved to the marked location. Pick up the block on the block. Place the block on the table."
/data/datasets/DROID/train_v4/final/27639_exterior_image_1_left_pair1.png,/data/datasets/DROID/train_v5a/kontext/27639_exterior_image_1_left_pair1.png,"Follow the markers in the image: the green box marks the object to grasp, the blue dot marks where to place it. Show the scene after the object has been moved to the marked location. Pick up the block on the two blocks. Place the block on the shelf."
/data/datasets/DROID/train_v4/final/11236_exterior_image_1_left_pair1.png,/data/datasets/DROID/train_v5a/kontext/11236_exterior_image_1_left_pair1.png,"Follow the markers in the image: the green box marks the object to grasp, the blue dot marks where to place it. Show the scene after the object has been moved to the marked location. Pick up the blue cube on the table. Place the blue cube in the cube-shaped object."
/data/datasets/DROID/train_v4/final/77546_exterior_image_2_left_pair0.png,/data/datasets/DROID/train_v5a/kontext/77546_exterior_image_2_left_pair0.png,"Follow the markers in the image: the green box marks the object to grasp, the blue dot marks where to place it. Show the scene after the object has been moved to the marked location. Pick up the lid from the pot. Place the lid on the table."
/data/datasets/DROID/train_v4/final/10849_exterior_image_2_left_pair0.png,/data/datasets/DROID/train_v5a/kontext/10849_exterior_image_2_left_pair0.png,"Follow the markers in the image: the green box marks the object to grasp, the blue dot marks where to place it. Show the scene after the object has been moved to the marked location. Pick up the marker on the right side of the table. Place the marker in the bowl."
/data/datasets/DROID/train_v4/final/11423_exterior_image_1_left_pair0.png,/data/datasets/DROID/train_v5a/kontext/11423_exterior_image_1_left_pair0.png,"Follow the markers in the image: the green box marks the object to grasp, the blue dot marks where to place it. Show the scene after the object has been moved to the marked location. Pick up the black cloth on the chair. Place the black cloth in the gray basket."
/data/datasets/DROID/train_v4/final/12101_exterior_image_2_left_pair0.png,/data/datasets/DROID/train_v5a/kontext/12101_exterior_image_2_left_pair0.png,"Follow the markers in the image: the green box marks the object to grasp, the blue dot marks where to place it. Show the scene after the object has been moved to the marked location. Pick up the green object on the table. Place the green object in the basket."
/data/datasets/DROID/train_v4/final/12361_exterior_image_1_left_pair0.png,/data/datasets/DROID/train_v5a/kontext/12361_exterior_image_1_left_pair0.png,"Follow the markers in the image: the green box marks the object to grasp, the blue dot marks where to place it. Show the scene after the object has been moved to the marked location. Pick up the can on the table. Place the can on the metal plate."
/data/datasets/DROID/train_v4/final/65787_exterior_image_1_left_pair1.png,/data/datasets/DROID/train_v5a/kontext/65787_exterior_image_1_left_pair1.png,"Follow the markers in the image: the green box marks the object to grasp, the blue dot marks where to place it. Show the scene after the object has been moved to the marked location. Pick up the drink on the square plate. Place the drink on the plate."
/data/datasets/DROID/train_v4/final/10763_exterior_image_1_left_pair0.png,/data/datasets/DROID/train_v5a/kontext/10763_exterior_image_1_left_pair0.png,"Follow the markers in the image: the green box marks the object to grasp, the blue dot marks where to place it. Show the scene after the object has been moved to the marked location. Pick up the lid from the countertop. Place the lid on the black pot."
/data/datasets/DROID/train_v4/final/10631_exterior_image_1_left_pair0.png,/data/datasets/DROID/train_v5a/kontext/10631_exterior_image_1_left_pair0.png,"Follow the markers in the image: the green box marks the object to grasp, the blue dot marks where to place it. Show the scene after the object has been moved to the marked location. Pick up the towel on the black shelf. Place the towel on the table."
/data/datasets/DROID/train_v4/final/10885_exterior_image_1_left_pair0.png,/data/datasets/DROID/train_v5a/kontext/10885_exterior_image_1_left_pair0.png,"Follow the markers in the image: the green box marks the object to grasp, the blue dot marks where to place it. Show the scene after the object has been moved to the marked location. Pick up the cup on the table. Place the cup behind the table."
/data/datasets/DROID/train_v4/final/11179_exterior_image_1_left_pair0.png,/data/datasets/DROID/train_v5a/kontext/11179_exterior_image_1_left_pair0.png,"Follow the markers in the image: the green box marks the object to grasp, the blue dot marks where to place it. Show the scene after the object has been moved to the marked location. Pick up the yellow block on the table. Place the yellow block in the cup."
/data/datasets/DROID/train_v4/final/20196_exterior_image_1_left_pair0.png,/data/datasets/DROID/train_v5a/kontext/20196_exterior_image_1_left_pair0.png,"Follow the markers in the image: the green box marks the object to grasp, the blue dot marks where to place it. Show the scene after the object has been moved to the marked location. Pick up the first cushion on the sofa. Place the first cushion against the armrest."
/data/datasets/DROID/train_v4/final/20196_exterior_image_1_left_pair1.png,/data/datasets/DROID/train_v5a/kontext/20196_exterior_image_1_left_pair1.png,"Follow the markers in the image: the green box marks the object to grasp, the blue dot marks where to place it. Show the scene after the object has been moved to the marked location. Pick up the second cushion on the sofa. Place the second cushion in front of the first cushion, against the armrest."
/data/datasets/DROID/train_v4/final/10386_exterior_image_1_left_pair0.png,/data/datasets/DROID/train_v5a/kontext/10386_exterior_image_1_left_pair0.png,"Follow the markers in the image: the green box marks the object to grasp, the blue dot marks where to place it. Show the scene after the object has been moved to the marked location. Pick up the black shirt on the chair. Place the black shirt on the table."
/data/datasets/DROID/train_v4/final/10457_exterior_image_2_left_pair0.png,/data/datasets/DROID/train_v5a/kontext/10457_exterior_image_2_left_pair0.png,"Follow the markers in the image: the green box marks the object to grasp, the blue dot marks where to place it. Show the scene after the object has been moved to the marked location. Pick up the book on the desk. Place the book on the top of the bookshelf."
/data/datasets/DROID/train_v4/final/11020_exterior_image_1_left_pair0.png,/data/datasets/DROID/train_v5a/kontext/11020_exterior_image_1_left_pair0.png,"Follow the markers in the image: the green box marks the object to grasp, the blue dot marks where to place it. Show the scene after the object has been moved to the marked location. Pick up the pineapple in the blue box. Place the pineapple on the tray."
/data/datasets/DROID/train_v4/final/18306_exterior_image_2_left_pair1.png,/data/datasets/DROID/train_v5a/kontext/18306_exterior_image_2_left_pair1.png,"Follow the markers in the image: the green box marks the object to grasp, the blue dot marks where to place it. Show the scene after the object has been moved to the marked location. Pick up the second cushion on the sofa. Place the second cushion in front of the first cushion, against the right armrest."
/data/datasets/DROID/train_v4/final/10425_exterior_image_2_left_pair0.png,/data/datasets/DROID/train_v5a/kontext/10425_exterior_image_2_left_pair0.png,"Follow the markers in the image: the green box marks the object to grasp, the blue dot marks where to place it. Show the scene after the object has been moved to the marked location. Pick up the lid on the table. Place the lid on the kettle."
/data/datasets/DROID/train_v4/final/10358_exterior_image_1_left_pair1.png,/data/datasets/DROID/train_v5a/kontext/10358_exterior_image_1_left_pair1.png,"Follow the markers in the image: the green box marks the object to grasp, the blue dot marks where to place it. Show the scene after the object has been moved to the marked location. Pick up the checkered clothing on the table. Place the checkered clothing on the box."
/data/datasets/DROID/train_v4/final/10540_exterior_image_2_left_pair1.png,/data/datasets/DROID/train_v5a/kontext/10540_exterior_image_2_left_pair1.png,"Follow the markers in the image: the green box marks the object to grasp, the blue dot marks where to place it. Show the scene after the object has been moved to the marked location. Pick up the grey cup from the plate. Place the grey cup on the countertop."
/data/datasets/DROID/train_v4/final/11120_exterior_image_2_left_pair0.png,/data/datasets/DROID/train_v5a/kontext/11120_exterior_image_2_left_pair0.png,"Follow the markers in the image: the green box marks the object to grasp, the blue dot marks where to place it. Show the scene after the object has been moved to the marked location. Pick up the green object on the counter. Place the green object inside the cabinet."
/data/datasets/DROID/train_v4/final/10651_exterior_image_2_left_pair0.png,/data/datasets/DROID/train_v5a/kontext/10651_exterior_image_2_left_pair0.png,"Follow the markers in the image: the green box marks the object to grasp, the blue dot marks where to place it. Show the scene after the object has been moved to the marked location. Pick up the object on the table. Place the object in the container."
/data/datasets/DROID/train_v4/final/25770_exterior_image_2_left_pair1.png,/data/datasets/DROID/train_v5a/kontext/25770_exterior_image_2_left_pair1.png,"Follow the markers in the image: the green box marks the object to grasp, the blue dot marks where to place it. Show the scene after the object has been moved to the marked location. Pick up the object from the table. Place the object in the drawer."
/data/datasets/DROID/train_v4/final/10327_exterior_image_2_left_pair0.png,/data/datasets/DROID/train_v5a/kontext/10327_exterior_image_2_left_pair0.png,"Follow the markers in the image: the green box marks the object to grasp, the blue dot marks where to place it. Show the scene after the object has been moved to the marked location. Pick up the screwdriver on the table. Place the screwdriver in the drawer."
/data/datasets/DROID/train_v4/final/1127_exterior_image_1_left_pair0.png,/data/datasets/DROID/train_v5a/kontext/1127_exterior_image_1_left_pair0.png,"Follow the markers in the image: the green box marks the object to grasp, the blue dot marks where to place it. Show the scene after the object has been moved to the marked location. Pick up the purple object from the table. Place the purple object in the bowl."
/data/datasets/DROID/train_v4/final/10346_exterior_image_1_left_pair0.png,/data/datasets/DROID/train_v5a/kontext/10346_exterior_image_1_left_pair0.png,"Follow the markers in the image: the green box marks the object to grasp, the blue dot marks where to place it. Show the scene after the object has been moved to the marked location. Pick up the glass lid from the table. Place the glass lid on the pot."
/data/datasets/DROID/train_v4/final/13508_exterior_image_1_left_pair0.png,/data/datasets/DROID/train_v5a/kontext/13508_exterior_image_1_left_pair0.png,"Follow the markers in the image: the green box marks the object to grasp, the blue dot marks where to place it. Show the scene after the object has been moved to the marked location. Pick up the seal tape on the blue table. Place the seal tape at the right front of the table."
/data/datasets/DROID/train_v4/final/11955_exterior_image_2_left_pair0.png,/data/datasets/DROID/train_v5a/kontext/11955_exterior_image_2_left_pair0.png,"Follow the markers in the image: the green box marks the object to grasp, the blue dot marks where to place it. Show the scene after the object has been moved to the marked location. Pick up the transparent lid on the table. Place the transparent lid on the black cup."
/data/datasets/DROID/train_v4/final/10313_exterior_image_1_left_pair0.png,/data/datasets/DROID/train_v5a/kontext/10313_exterior_image_1_left_pair0.png,"Follow the markers in the image: the green box marks the object to grasp, the blue dot marks where to place it. Show the scene after the object has been moved to the marked location. Pick up the black shirt on the table. Place the black shirt on the chair."
/data/datasets/DROID/train_v4/final/11355_exterior_image_1_left_pair0.png,/data/datasets/DROID/train_v5a/kontext/11355_exterior_image_1_left_pair0.png,"Follow the markers in the image: the green box marks the object to grasp, the blue dot marks where to place it. Show the scene after the object has been moved to the marked location. Pick up the transparent bowl on the table. Place the transparent bowl on the right side of the table."
/data/datasets/DROID/train_v4/final/67849_exterior_image_2_left_pair0.png,/data/datasets/DROID/train_v5a/kontext/67849_exterior_image_2_left_pair0.png,"Follow the markers in the image: the green box marks the object to grasp, the blue dot marks where to place it. Show the scene after the object has been moved to the marked location. Pick up the lid from the table. Place the lid on the pot."
/data/datasets/DROID/train_v4/final/17047_exterior_image_1_left_pair0.png,/data/datasets/DROID/train_v5a/kontext/17047_exterior_image_1_left_pair0.png,"Follow the markers in the image: the green box marks the object to grasp, the blue dot marks where to place it. Show the scene after the object has been moved to the marked location. Pick up the tool from the utensil holder. Place the tool on the table."
/data/datasets/DROID/train_v4/final/11461_exterior_image_1_left_pair0.png,/data/datasets/DROID/train_v5a/kontext/11461_exterior_image_1_left_pair0.png,"Follow the markers in the image: the green box marks the object to grasp, the blue dot marks where to place it. Show the scene after the object has been moved to the marked location. Pick up the orange toy on the table. Place the orange toy in the bowl."
/data/datasets/DROID/train_v4/final/11317_exterior_image_1_left_pair0.png,/data/datasets/DROID/train_v5a/kontext/11317_exterior_image_1_left_pair0.png,"Follow the markers in the image: the green box marks the object to grasp, the blue dot marks where to place it. Show the scene after the object has been moved to the marked location. Pick up the can on the table. Place the can on the metal object."
/data/datasets/DROID/train_v4/final/1049_exterior_image_2_left_pair0.png,/data/datasets/DROID/train_v5a/kontext/1049_exterior_image_2_left_pair0.png,"Follow the markers in the image: the green box marks the object to grasp, the blue dot marks where to place it. Show the scene after the object has been moved to the marked location. Pick up the cup in the sink. Place the cup on the tabletop."
/data/datasets/DROID/train_v4/final/10921_exterior_image_1_left_pair0.png,/data/datasets/DROID/train_v5a/kontext/10921_exterior_image_1_left_pair0.png,"Follow the markers in the image: the green box marks the object to grasp, the blue dot marks where to place it. Show the scene after the object has been moved to the marked location. Pick up the lid from the countertop. Place the lid on the container."
/data/datasets/DROID/train_v4/final/33196_exterior_image_1_left_pair0.png,/data/datasets/DROID/train_v5a/kontext/33196_exterior_image_1_left_pair0.png,"Follow the markers in the image: the green box marks the object to grasp, the blue dot marks where to place it. Show the scene after the object has been moved to the marked location. Pick up the book on the table. Place the book at the edge of the table."
/data/datasets/DROID/train_v4/final/10273_exterior_image_1_left_pair0.png,/data/datasets/DROID/train_v5a/kontext/10273_exterior_image_1_left_pair0.png,"Follow the markers in the image: the green box marks the object to grasp, the blue dot marks where to place it. Show the scene after the object has been moved to the marked location. Pick up the disc from the table. Place the disc on the wooden stand."
/data/datasets/DROID/train_v4/final/10958_exterior_image_1_left_pair0.png,/data/datasets/DROID/train_v5a/kontext/10958_exterior_image_1_left_pair0.png,"Follow the markers in the image: the green box marks the object to grasp, the blue dot marks where to place it. Show the scene after the object has been moved to the marked location. Pick up the green doll from the table. Place the green doll in the pot."
/data/datasets/DROID/train_v4/final/12488_exterior_image_1_left_pair0.png,/data/datasets/DROID/train_v5a/kontext/12488_exterior_image_1_left_pair0.png,"Follow the markers in the image: the green box marks the object to grasp, the blue dot marks where to place it. Show the scene after the object has been moved to the marked location. Pick up the napkin on the bowl. Place the napkin on the plate."
/data/datasets/DROID/train_v4/final/10278_exterior_image_1_left_pair0.png,/data/datasets/DROID/train_v5a/kontext/10278_exterior_image_1_left_pair0.png,"Follow the markers in the image: the green box marks the object to grasp, the blue dot marks where to place it. Show the scene after the object has been moved to the marked location. Pick up the gray cup on the table. Place the gray cup in the cup."
/data/datasets/DROID/train_v4/final/10525_exterior_image_1_left_pair1.png,/data/datasets/DROID/train_v5a/kontext/10525_exterior_image_1_left_pair1.png,"Follow the markers in the image: the green box marks the object to grasp, the blue dot marks where to place it. Show the scene after the object has been moved to the marked location. Pick up the orange cup on the table. Place the orange cup in the orange cup."
/data/datasets/DROID/train_v4/final/11171_exterior_image_2_left_pair0.png,/data/datasets/DROID/train_v5a/kontext/11171_exterior_image_2_left_pair0.png,"Follow the markers in the image: the green box marks the object to grasp, the blue dot marks where to place it. Show the scene after the object has been moved to the marked location. Pick up the black cloth from the top of the chair. Place the black cloth on the table."
/data/datasets/DROID/train_v4/final/12244_exterior_image_1_left_pair0.png,/data/datasets/DROID/train_v5a/kontext/12244_exterior_image_1_left_pair0.png,"Follow the markers in the image: the green box marks the object to grasp, the blue dot marks where to place it. Show the scene after the object has been moved to the marked location. Pick up the orange can from the kitchen counter. Place the orange can in the sink."
/data/datasets/DROID/train_v4/final/10496_exterior_image_2_left_pair0.png,/data/datasets/DROID/train_v5a/kontext/10496_exterior_image_2_left_pair0.png,"Follow the markers in the image: the green box marks the object to grasp, the blue dot marks where to place it. Show the scene after the object has been moved to the marked location. Pick up the orange cup on the table. Place the orange blanket into the blue cup."
/data/datasets/DROID/train_v4/final/12657_exterior_image_2_left_pair1.png,/data/datasets/DROID/train_v5a/kontext/12657_exterior_image_2_left_pair1.png,"Follow the markers in the image: the green box marks the object to grasp, the blue dot marks where to place it. Show the scene after the object has been moved to the marked location. Pick up the towel on the tray. Place the towel on the right side of the table."
/data/datasets/DROID/train_v4/final/1253_exterior_image_2_left_pair0.png,/data/datasets/DROID/train_v5a/kontext/1253_exterior_image_2_left_pair0.png,"Follow the markers in the image: the green box marks the object to grasp, the blue dot marks where to place it. Show the scene after the object has been moved to the marked location. Pick up the bottle on the table. Place the bottle in the box."
/data/datasets/DROID/train_v4/final/13089_exterior_image_2_left_pair0.png,/data/datasets/DROID/train_v5a/kontext/13089_exterior_image_2_left_pair0.png,"Follow the markers in the image: the green box marks the object to grasp, the blue dot marks where to place it. Show the scene after the object has been moved to the marked location. Pick up the yellow mug from the table. Place the yellow mug at the new position on the table."
/data/datasets/DROID/train_v4/final/11379_exterior_image_2_left_pair0.png,/data/datasets/DROID/train_v5a/kontext/11379_exterior_image_2_left_pair0.png,"Follow the markers in the image: the green box marks the object to grasp, the blue dot marks where to place it. Show the scene after the object has been moved to the marked location. Pick up the bottle on the countertop. Place the bottle in the sink."
/data/datasets/DROID/train_v4/final/19914_exterior_image_2_left_pair0.png,/data/datasets/DROID/train_v5a/kontext/19914_exterior_image_2_left_pair0.png,"Follow the markers in the image: the green box marks the object to grasp, the blue dot marks where to place it. Show the scene after the object has been moved to the marked location. Pick up the marker from the table. Place the marker in the transparent cup."
/data/datasets/DROID/train_v4/final/10793_exterior_image_1_left_pair0.png,/data/datasets/DROID/train_v5a/kontext/10793_exterior_image_1_left_pair0.png,"Follow the markers in the image: the green box marks the object to grasp, the blue dot marks where to place it. Show the scene after the object has been moved to the marked location. Pick up the lid from the table. Place the lid on the pot."
/data/datasets/DROID/train_v4/final/10322_exterior_image_2_left_pair0.png,/data/datasets/DROID/train_v5a/kontext/10322_exterior_image_2_left_pair0.png,"Follow the markers in the image: the green box marks the object to grasp, the blue dot marks where to place it. Show the scene after the object has been moved to the marked location. Pick up the orange block from the table. Place the orange block on the green block."
/data/datasets/DROID/train_v4/final/1244_exterior_image_1_left_pair0.png,/data/datasets/DROID/train_v5a/kontext/1244_exterior_image_1_left_pair0.png,"Follow the markers in the image: the green box marks the object to grasp, the blue dot marks where to place it. Show the scene after the object has been moved to the marked location. Pick up the cloth on the chair. Place the cloth on the backrest of the chair."
/data/datasets/DROID/train_v4/final/10173_exterior_image_2_left_pair0.png,/data/datasets/DROID/train_v5a/kontext/10173_exterior_image_2_left_pair0.png,"Follow the markers in the image: the green box marks the object to grasp, the blue dot marks where to place it. Show the scene after the object has been moved to the marked location. Pick up the bottle on the table. Place the bottle upright on the table."
/data/datasets/DROID/train_v4/final/11652_exterior_image_1_left_pair0.png,/data/datasets/DROID/train_v5a/kontext/11652_exterior_image_1_left_pair0.png,"Follow the markers in the image: the green box marks the object to grasp, the blue dot marks where to place it. Show the scene after the object has been moved to the marked location. Pick up the green packet from the sink. Place the green packet on the countertop."
/data/datasets/DROID/train_v4/final/11299_exterior_image_1_left_pair0.png,/data/datasets/DROID/train_v5a/kontext/11299_exterior_image_1_left_pair0.png,"Follow the markers in the image: the green box marks the object to grasp, the blue dot marks where to place it. Show the scene after the object has been moved to the marked location. Pick up the blue cup from the drawer. Place the blue cup on the counter."
/data/datasets/DROID/train_v4/final/10502_exterior_image_1_left_pair0.png,/data/datasets/DROID/train_v5a/kontext/10502_exterior_image_1_left_pair0.png,"Follow the markers in the image: the green box marks the object to grasp, the blue dot marks where to place it. Show the scene after the object has been moved to the marked location. Pick up the cup on the countertop. Place the cup on the cabinet."
/data/datasets/DROID/train_v4/final/11265_exterior_image_1_left_pair0.png,/data/datasets/DROID/train_v5a/kontext/11265_exterior_image_1_left_pair0.png,"Follow the markers in the image: the green box marks the object to grasp, the blue dot marks where to place it. Show the scene after the object has been moved to the marked location. Pick up the beige bowl from the table. Place the beige bowl in the new position."
/data/datasets/DROID/train_v4/final/10439_exterior_image_2_left_pair1.png,/data/datasets/DROID/train_v5a/kontext/10439_exterior_image_2_left_pair1.png,"Follow the markers in the image: the green box marks the object to grasp, the blue dot marks where to place it. Show the scene after the object has been moved to the marked location. Pick up the small piece on the blue table. Place the small piece in the black bowl."
/data/datasets/DROID/train_v4/final/12033_exterior_image_2_left_pair0.png,/data/datasets/DROID/train_v5a/kontext/12033_exterior_image_2_left_pair0.png,"Follow the markers in the image: the green box marks the object to grasp, the blue dot marks where to place it. Show the scene after the object has been moved to the marked location. Pick up the bottle from the table. Place the bottle in the clear container on the left."
/data/datasets/DROID/train_v4/final/10867_exterior_image_1_left_pair0.png,/data/datasets/DROID/train_v5a/kontext/10867_exterior_image_1_left_pair0.png,"Follow the markers in the image: the green box marks the object to grasp, the blue dot marks where to place it. Show the scene after the object has been moved to the marked location. Pick up the coffee cup on the table. Place the coffee cup in the storage cabinet."
/data/datasets/DROID/train_v4/final/17232_exterior_image_1_left_pair0.png,/data/datasets/DROID/train_v5a/kontext/17232_exterior_image_1_left_pair0.png,"Follow the markers in the image: the green box marks the object to grasp, the blue dot marks where to place it. Show the scene after the object has been moved to the marked location. Pick up the egg from the table. Place the egg in the cup."
/data/datasets/DROID/train_v4/final/11046_exterior_image_1_left_pair0.png,/data/datasets/DROID/train_v5a/kontext/11046_exterior_image_1_left_pair0.png,"Follow the markers in the image: the green box marks the object to grasp, the blue dot marks where to place it. Show the scene after the object has been moved to the marked location. Pick up the transparent lid from the table. Place the lid on the pot."
/data/datasets/DROID/train_v4/final/10549_exterior_image_1_left_pair0.png,/data/datasets/DROID/train_v5a/kontext/10549_exterior_image_1_left_pair0.png,"Follow the markers in the image: the green box marks the object to grasp, the blue dot marks where to place it. Show the scene after the object has been moved to the marked location. Pick up the lid from the countertop. Place the lid on the pot."
/data/datasets/DROID/train_v4/final/18100_exterior_image_1_left_pair0.png,/data/datasets/DROID/train_v5a/kontext/18100_exterior_image_1_left_pair0.png,"Follow the markers in the image: the green box marks the object to grasp, the blue dot marks where to place it. Show the scene after the object has been moved to the marked location. Pick up the red block from the table. Place the red block on the green block."
/data/datasets/DROID/train_v4/final/10176_exterior_image_2_left_pair0.png,/data/datasets/DROID/train_v5a/kontext/10176_exterior_image_2_left_pair0.png,"Follow the markers in the image: the green box marks the object to grasp, the blue dot marks where to place it. Show the scene after the object has been moved to the marked location. Pick up the white towel from the table. Place the white towel on the tripod."
/data/datasets/DROID/train_v4/final/12075_exterior_image_1_left_pair0.png,/data/datasets/DROID/train_v5a/kontext/12075_exterior_image_1_left_pair0.png,"Follow the markers in the image: the green box marks the object to grasp, the blue dot marks where to place it. Show the scene after the object has been moved to the marked location. Pick up the marker from the blue box. Place the marker in the cup."
/data/datasets/DROID/train_v4/final/11390_exterior_image_1_left_pair0.png,/data/datasets/DROID/train_v5a/kontext/11390_exterior_image_1_left_pair0.png,"Follow the markers in the image: the green box marks the object to grasp, the blue dot marks where to place it. Show the scene after the object has been moved to the marked location. Pick up the black pot on the table. Place the black pot on the table surface."
/data/datasets/DROID/train_v4/final/16977_exterior_image_1_left_pair0.png,/data/datasets/DROID/train_v5a/kontext/16977_exterior_image_1_left_pair0.png,"Follow the markers in the image: the green box marks the object to grasp, the blue dot marks where to place it. Show the scene after the object has been moved to the marked location. Pick up the toy on the counter. Place the purple object in the bowl."
/data/datasets/DROID/train_v4/final/13133_exterior_image_2_left_pair0.png,/data/datasets/DROID/train_v5a/kontext/13133_exterior_image_2_left_pair0.png,"Follow the markers in the image: the green box marks the object to grasp, the blue dot marks where to place it. Show the scene after the object has been moved to the marked location. Pick up the white paper on the right and place it on the table. Place the white paper into the bin on the right."
/data/datasets/DROID/train_v4/final/10493_exterior_image_1_left_pair0.png,/data/datasets/DROID/train_v5a/kontext/10493_exterior_image_1_left_pair0.png,"Follow the markers in the image: the green box marks the object to grasp, the blue dot marks where to place it. Show the scene after the object has been moved to the marked location. Pick up the lid from the top of the pot. Place the lid on the countertop."
/data/datasets/DROID/train_v4/final/19243_exterior_image_1_left_pair0.png,/data/datasets/DROID/train_v5a/kontext/19243_exterior_image_1_left_pair0.png,"Follow the markers in the image: the green box marks the object to grasp, the blue dot marks where to place it. Show the scene after the object has been moved to the marked location. Pick up the mug on the table. Place the mug in the sink."
/data/datasets/DROID/train_v4/final/13638_exterior_image_1_left_pair0.png,/data/datasets/DROID/train_v5a/kontext/13638_exterior_image_1_left_pair0.png,"Follow the markers in the image: the green box marks the object to grasp, the blue dot marks where to place it. Show the scene after the object has been moved to the marked location. Pick up the green object from the rack. Place the green object inside the bowl."
/data/datasets/DROID/train_v4/final/10318_exterior_image_1_left_pair0.png,/data/datasets/DROID/train_v5a/kontext/10318_exterior_image_1_left_pair0.png,"Follow the markers in the image: the green box marks the object to grasp, the blue dot marks where to place it. Show the scene after the object has been moved to the marked location. Pick up the yellow object on the table. Place the yellow object in the cup."
/data/datasets/DROID/train_v4/final/11053_exterior_image_1_left_pair0.png,/data/datasets/DROID/train_v5a/kontext/11053_exterior_image_1_left_pair0.png,"Follow the markers in the image: the green box marks the object to grasp, the blue dot marks where to place it. Show the scene after the object has been moved to the marked location. Pick up the tabletop cover. Place the cover on the bottle."
/data/datasets/DROID/train_v4/final/63141_exterior_image_1_left_pair0.png,/data/datasets/DROID/train_v5a/kontext/63141_exterior_image_1_left_pair0.png,"Follow the markers in the image: the green box marks the object to grasp, the blue dot marks where to place it. Show the scene after the object has been moved to the marked location. Pick up the green plush toy from the box. Place the green plush toy on the table."
/data/datasets/DROID/train_v4/final/10908_exterior_image_1_left_pair0.png,/data/datasets/DROID/train_v5a/kontext/10908_exterior_image_1_left_pair0.png,"Follow the markers in the image: the green box marks the object to grasp, the blue dot marks where to place it. Show the scene after the object has been moved to the marked location. Pick up the bottle on the desktop. Place the bottle in the drawer."
/data/datasets/DROID/train_v4/final/12479_exterior_image_1_left_pair0.png,/data/datasets/DROID/train_v5a/kontext/12479_exterior_image_1_left_pair0.png,"Follow the markers in the image: the green box marks the object to grasp, the blue dot marks where to place it. Show the scene after the object has been moved to the marked location. Pick up the watermelon plushie from the black bowl. Place the watermelon plushie in the blue bowl."
/data/datasets/DROID/train_v4/final/11172_exterior_image_2_left_pair0.png,/data/datasets/DROID/train_v5a/kontext/11172_exterior_image_2_left_pair0.png,"Follow the markers in the image: the green box marks the object to grasp, the blue dot marks where to place it. Show the scene after the object has been moved to the marked location. Pick up the cup on the table. Place the cup on the left side of the table."
/data/datasets/DROID/train_v4/final/11172_exterior_image_2_left_pair1.png,/data/datasets/DROID/train_v5a/kontext/11172_exterior_image_2_left_pair1.png,"Follow the markers in the image: the green box marks the object to grasp, the blue dot marks where to place it. Show the scene after the object has been moved to the marked location. Pick up the cup on the table. Place the cup on the right side of the table."
/data/datasets/DROID/train_v4/final/12660_exterior_image_2_left_pair0.png,/data/datasets/DROID/train_v5a/kontext/12660_exterior_image_2_left_pair0.png,"Follow the markers in the image: the green box marks the object to grasp, the blue dot marks where to place it. Show the scene after the object has been moved to the marked location. Pick up the pen in the cup. Place the pen on the desktop."
/data/datasets/DROID/train_v4/final/17163_exterior_image_2_left_pair0.png,/data/datasets/DROID/train_v5a/kontext/17163_exterior_image_2_left_pair0.png,"Follow the markers in the image: the green box marks the object to grasp, the blue dot marks where to place it. Show the scene after the object has been moved to the marked location. Pick up the marker from the table. Place the marker in the cup."
/data/datasets/DROID/train_v4/final/86050_exterior_image_1_left_pair0.png,/data/datasets/DROID/train_v5a/kontext/86050_exterior_image_1_left_pair0.png,"Follow the markers in the image: the green box marks the object to grasp, the blue dot marks where to place it. Show the scene after the object has been moved to the marked location. Pick up the orange object on the table. Place the orange object in the metal bowl."
/data/datasets/DROID/train_v4/final/10474_exterior_image_1_left_pair0.png,/data/datasets/DROID/train_v5a/kontext/10474_exterior_image_1_left_pair0.png,"Follow the markers in the image: the green box marks the object to grasp, the blue dot marks where to place it. Show the scene after the object has been moved to the marked location. Pick up the shoe on the table. Place the shoe on the top of the rack."
/data/datasets/DROID/train_v4/final/11948_exterior_image_1_left_pair0.png,/data/datasets/DROID/train_v5a/kontext/11948_exterior_image_1_left_pair0.png,"Follow the markers in the image: the green box marks the object to grasp, the blue dot marks where to place it. Show the scene after the object has been moved to the marked location. Pick up the green object from the tabletop. Place the green object in the left sink."
/data/datasets/DROID/train_v4/final/10335_exterior_image_1_left_pair0.png,/data/datasets/DROID/train_v5a/kontext/10335_exterior_image_1_left_pair0.png,"Follow the markers in the image: the green box marks the object to grasp, the blue dot marks where to place it. Show the scene after the object has been moved to the marked location. Pick up the pot lid from the pot. Place the pot lid on the table."
/data/datasets/DROID/train_v4/final/21739_exterior_image_1_left_pair0.png,/data/datasets/DROID/train_v5a/kontext/21739_exterior_image_1_left_pair0.png,"Follow the markers in the image: the green box marks the object to grasp, the blue dot marks where to place it. Show the scene after the object has been moved to the marked location. Pick up the marker on the table. Place the marker on the green towel."
/data/datasets/DROID/train_v4/final/10913_exterior_image_1_left_pair0.png,/data/datasets/DROID/train_v5a/kontext/10913_exterior_image_1_left_pair0.png,"Follow the markers in the image: the green box marks the object to grasp, the blue dot marks where to place it. Show the scene after the object has been moved to the marked location. Pick up the bowl on the table. Place the bowl on the blue plate."
/data/datasets/DROID/train_v4/final/11052_exterior_image_1_left_pair0.png,/data/datasets/DROID/train_v5a/kontext/11052_exterior_image_1_left_pair0.png,"Follow the markers in the image: the green box marks the object to grasp, the blue dot marks where to place it. Show the scene after the object has been moved to the marked location. Pick up the marker from the table. Place the marker in the pot."
/data/datasets/DROID/train_v4/final/10769_exterior_image_1_left_pair0.png,/data/datasets/DROID/train_v5a/kontext/10769_exterior_image_1_left_pair0.png,"Follow the markers in the image: the green box marks the object to grasp, the blue dot marks where to place it. Show the scene after the object has been moved to the marked location. Pick up the can from the sink. Place the can on the table on the left side of the sink."
/data/datasets/DROID/train_v4/final/14208_exterior_image_2_left_pair0.png,/data/datasets/DROID/train_v5a/kontext/14208_exterior_image_2_left_pair0.png,"Follow the markers in the image: the green box marks the object to grasp, the blue dot marks where to place it. Show the scene after the object has been moved to the marked location. Pick up the green marker on the table. Place the green marker inside the yellow bowl."
/data/datasets/DROID/train_v4/final/10629_exterior_image_1_left_pair0.png,/data/datasets/DROID/train_v5a/kontext/10629_exterior_image_1_left_pair0.png,"Follow the markers in the image: the green box marks the object to grasp, the blue dot marks where to place it. Show the scene after the object has been moved to the marked location. Pick up the bottle from the mat. Place the bottle in the clear container on the left."
/data/datasets/DROID/train_v4/final/2472_exterior_image_1_left_pair0.png,/data/datasets/DROID/train_v5a/kontext/2472_exterior_image_1_left_pair0.png,"Follow the markers in the image: the green box marks the object to grasp, the blue dot marks where to place it. Show the scene after the object has been moved to the marked location. Pick up the orange block on the table. Place the orange block on top of the green block."
/data/datasets/DROID/train_v4/final/11722_exterior_image_2_left_pair0.png,/data/datasets/DROID/train_v5a/kontext/11722_exterior_image_2_left_pair0.png,"Follow the markers in the image: the green box marks the object to grasp, the blue dot marks where to place it. Show the scene after the object has been moved to the marked location. Pick up the plate from the dishwasher. Place the plate on the counter."
/data/datasets/DROID/train_v4/final/21478_exterior_image_2_left_pair1.png,/data/datasets/DROID/train_v5a/kontext/21478_exterior_image_2_left_pair1.png,"Follow the markers in the image: the green box marks the object to grasp, the blue dot marks where to place it. Show the scene after the object has been moved to the marked location. Pick up the second pillow from the sofa. Place the second pillow neatly next to the first pillow on the right side of the sofa."
/data/datasets/DROID/train_v4/final/10787_exterior_image_1_left_pair0.png,/data/datasets/DROID/train_v5a/kontext/10787_exterior_image_1_left_pair0.png,"Follow the markers in the image: the green box marks the object to grasp, the blue dot marks where to place it. Show the scene after the object has been moved to the marked location. Pick up the tissue box on the bed. Place the tissue box on the bed frame."
/data/datasets/DROID/train_v4/final/12983_exterior_image_2_left_pair0.png,/data/datasets/DROID/train_v5a/kontext/12983_exterior_image_2_left_pair0.png,"Follow the markers in the image: the green box marks the object to grasp, the blue dot marks where to place it. Show the scene after the object has been moved to the marked location. Take out the paper bag from the box. Place the paper bag on the table."
/data/datasets/DROID/train_v4/final/1070_exterior_image_1_left_pair0.png,/data/datasets/DROID/train_v5a/kontext/1070_exterior_image_1_left_pair0.png,"Follow the markers in the image: the green box marks the object to grasp, the blue dot marks where to place it. Show the scene after the object has been moved to the marked location. Pick up the jar on the counter. Place the jar in the bowl."
/data/datasets/DROID/train_v4/final/16361_exterior_image_1_left_pair0.png,/data/datasets/DROID/train_v5a/kontext/16361_exterior_image_1_left_pair0.png,"Follow the markers in the image: the green box marks the object to grasp, the blue dot marks where to place it. Show the scene after the object has been moved to the marked location. Pick up the banana from the right side of the green cloth table. Place the banana on the left side of the green cloth table."
/data/datasets/DROID/train_v4/final/17938_exterior_image_2_left_pair0.png,/data/datasets/DROID/train_v5a/kontext/17938_exterior_image_2_left_pair0.png,"Follow the markers in the image: the green box marks the object to grasp, the blue dot marks where to place it. Show the scene after the object has been moved to the marked location. Pick up the green marker on the table. Place the green marker inside the green cup."
/data/datasets/DROID/train_v4/final/10720_exterior_image_1_left_pair0.png,/data/datasets/DROID/train_v5a/kontext/10720_exterior_image_1_left_pair0.png,"Follow the markers in the image: the green box marks the object to grasp, the blue dot marks where to place it. Show the scene after the object has been moved to the marked location. Pick up the bottle on the table. Place the bottle on the left side of the original position."
/data/datasets/DROID/train_v4/final/14336_exterior_image_2_left_pair0.png,/data/datasets/DROID/train_v5a/kontext/14336_exterior_image_2_left_pair0.png,"Follow the markers in the image: the green box marks the object to grasp, the blue dot marks where to place it. Show the scene after the object has been moved to the marked location. Pick up the lid from the rice cooker. Place the lid in the sink."
/data/datasets/DROID/train_v4/final/20018_exterior_image_2_left_pair0.png,/data/datasets/DROID/train_v5a/kontext/20018_exterior_image_2_left_pair0.png,"Follow the markers in the image: the green box marks the object to grasp, the blue dot marks where to place it. Show the scene after the object has been moved to the marked location. Pick up the hanger from the rail. Place the hanger on the table."
/data/datasets/DROID/train_v4/final/10806_exterior_image_1_left_pair0.png,/data/datasets/DROID/train_v5a/kontext/10806_exterior_image_1_left_pair0.png,"Follow the markers in the image: the green box marks the object to grasp, the blue dot marks where to place it. Show the scene after the object has been moved to the marked location. Pick up the pink ball from the plate on the table. Place the pink ball in the white bowl."
/data/datasets/DROID/train_v4/final/1031_exterior_image_2_left_pair0.png,/data/datasets/DROID/train_v5a/kontext/1031_exterior_image_2_left_pair0.png,"Follow the markers in the image: the green box marks the object to grasp, the blue dot marks where to place it. Show the scene after the object has been moved to the marked location. Pick up the bottle from the counter. Place the bottle on the bottom shelf of the open cabinet."
/data/datasets/DROID/train_v4/final/16762_exterior_image_1_left_pair0.png,/data/datasets/DROID/train_v5a/kontext/16762_exterior_image_1_left_pair0.png,"Follow the markers in the image: the green box marks the object to grasp, the blue dot marks where to place it. Show the scene after the object has been moved to the marked location. Pick up the cable on the table. Place the cable in the center of the table."
/data/datasets/DROID/train_v4/final/1143_exterior_image_1_left_pair0.png,/data/datasets/DROID/train_v5a/kontext/1143_exterior_image_1_left_pair0.png,"Follow the markers in the image: the green box marks the object to grasp, the blue dot marks where to place it. Show the scene after the object has been moved to the marked location. Pick up the coffee pod from the box. Place the coffee pod on the countertop."
/data/datasets/DROID/train_v4/final/10202_exterior_image_2_left_pair0.png,/data/datasets/DROID/train_v5a/kontext/10202_exterior_image_2_left_pair0.png,"Follow the markers in the image: the green box marks the object to grasp, the blue dot marks where to place it. Show the scene after the object has been moved to the marked location. Pick up the green object on the table. Place the green object on the table."
/data/datasets/DROID/train_v4/final/15377_exterior_image_2_left_pair0.png,/data/datasets/DROID/train_v5a/kontext/15377_exterior_image_2_left_pair0.png,"Follow the markers in the image: the green box marks the object to grasp, the blue dot marks where to place it. Show the scene after the object has been moved to the marked location. Pick up the jersey on the table. Place the jersey on the back of the chair."
/data/datasets/DROID/train_v4/final/12650_exterior_image_1_left_pair0.png,/data/datasets/DROID/train_v5a/kontext/12650_exterior_image_1_left_pair0.png,"Follow the markers in the image: the green box marks the object to grasp, the blue dot marks where to place it. Show the scene after the object has been moved to the marked location. Pick up the mug from the table. Place the mug at the center of the table."
/data/datasets/DROID/train_v4/final/12495_exterior_image_1_left_pair0.png,/data/datasets/DROID/train_v5a/kontext/12495_exterior_image_1_left_pair0.png,"Follow the markers in the image: the green box marks the object to grasp, the blue dot marks where to place it. Show the scene after the object has been moved to the marked location. Pick up the red can from the sink. Place the red can on the countertop."
/data/datasets/DROID/train_v4/final/15293_exterior_image_2_left_pair0.png,/data/datasets/DROID/train_v5a/kontext/15293_exterior_image_2_left_pair0.png,"Follow the markers in the image: the green box marks the object to grasp, the blue dot marks where to place it. Show the scene after the object has been moved to the marked location. Pick up the faucet on the right side of the sink. Place the faucet on the left side of the sink."
/data/datasets/DROID/train_v4/final/13360_exterior_image_1_left_pair0.png,/data/datasets/DROID/train_v5a/kontext/13360_exterior_image_1_left_pair0.png,"Follow the markers in the image: the green box marks the object to grasp, the blue dot marks where to place it. Show the scene after the object has been moved to the marked location. Pick up the lid from the table. Place the lid on the black pot."
/data/datasets/DROID/train_v4/final/10831_exterior_image_1_left_pair0.png,/data/datasets/DROID/train_v5a/kontext/10831_exterior_image_1_left_pair0.png,"Follow the markers in the image: the green box marks the object to grasp, the blue dot marks where to place it. Show the scene after the object has been moved to the marked location. Pick up the sharpie from the surface of the table. Place the sharpie on the table."
/data/datasets/DROID/train_v4/final/10411_exterior_image_2_left_pair0.png,/data/datasets/DROID/train_v5a/kontext/10411_exterior_image_2_left_pair0.png,"Follow the markers in the image: the green box marks the object to grasp, the blue dot marks where to place it. Show the scene after the object has been moved to the marked location. Pick up the white spoon from the grey mug. Place the spoon on the table."
/data/datasets/DROID/train_v4/final/10544_exterior_image_1_left_pair0.png,/data/datasets/DROID/train_v5a/kontext/10544_exterior_image_1_left_pair0.png,"Follow the markers in the image: the green box marks the object to grasp, the blue dot marks where to place it. Show the scene after the object has been moved to the marked location. Pick up the green block on the blue table. Place the green block into the black bowl."
/data/datasets/DROID/train_v4/final/15075_exterior_image_2_left_pair0.png,/data/datasets/DROID/train_v5a/kontext/15075_exterior_image_2_left_pair0.png,"Follow the markers in the image: the green box marks the object to grasp, the blue dot marks where to place it. Show the scene after the object has been moved to the marked location. Pick up the white object on the right side of the table. Place the white object in the open drawer."
/data/datasets/DROID/train_v4/final/11687_exterior_image_1_left_pair0.png,/data/datasets/DROID/train_v5a/kontext/11687_exterior_image_1_left_pair0.png,"Follow the markers in the image: the green box marks the object to grasp, the blue dot marks where to place it. Show the scene after the object has been moved to the marked location. Pick up the fork from the table. Place the fork on the table."
/data/datasets/DROID/train_v4/final/10539_exterior_image_2_left_pair0.png,/data/datasets/DROID/train_v5a/kontext/10539_exterior_image_2_left_pair0.png,"Follow the markers in the image: the green box marks the object to grasp, the blue dot marks where to place it. Show the scene after the object has been moved to the marked location. Pick up the marker from the black cup. Place the marker on the table."
/data/datasets/DROID/train_v4/final/10344_exterior_image_1_left_pair0.png,/data/datasets/DROID/train_v5a/kontext/10344_exterior_image_1_left_pair0.png,"Follow the markers in the image: the green box marks the object to grasp, the blue dot marks where to place it. Show the scene after the object has been moved to the marked location. Pick up the cloth from the table. Place the cloth in the box."
/data/datasets/DROID/train_v4/final/10268_exterior_image_1_left_pair0.png,/data/datasets/DROID/train_v5a/kontext/10268_exterior_image_1_left_pair0.png,"Follow the markers in the image: the green box marks the object to grasp, the blue dot marks where to place it. Show the scene after the object has been moved to the marked location. Pick up the green plush toy from the shelf. Place the green plush toy in the flowerpot."
/data/datasets/DROID/train_v4/final/15934_exterior_image_1_left_pair0.png,/data/datasets/DROID/train_v5a/kontext/15934_exterior_image_1_left_pair0.png,"Follow the markers in the image: the green box marks the object to grasp, the blue dot marks where to place it. Show the scene after the object has been moved to the marked location. Pick up the brown block on the table. Place the brown block on the green block."
/data/datasets/DROID/train_v4/final/12198_exterior_image_1_left_pair0.png,/data/datasets/DROID/train_v5a/kontext/12198_exterior_image_1_left_pair0.png,"Follow the markers in the image: the green box marks the object to grasp, the blue dot marks where to place it. Show the scene after the object has been moved to the marked location. Pick up the white basin from the left side of the table. Place the white basin on the right side of the table."
/data/datasets/DROID/train_v4/final/10796_exterior_image_1_left_pair0.png,/data/datasets/DROID/train_v5a/kontext/10796_exterior_image_1_left_pair0.png,"Follow the markers in the image: the green box marks the object to grasp, the blue dot marks where to place it. Show the scene after the object has been moved to the marked location. Pick up the marker from the container on the table. Place the marker on the table."
/data/datasets/DROID/train_v4/final/10709_exterior_image_1_left_pair0.png,/data/datasets/DROID/train_v5a/kontext/10709_exterior_image_1_left_pair0.png,"Follow the markers in the image: the green box marks the object to grasp, the blue dot marks where to place it. Show the scene after the object has been moved to the marked location. Move the blue sauce bottle to the left side of the cup. Place the blue sauce bottle on the table."
/data/datasets/DROID/train_v4/final/10753_exterior_image_2_left_pair0.png,/data/datasets/DROID/train_v5a/kontext/10753_exterior_image_2_left_pair0.png,"Follow the markers in the image: the green box marks the object to grasp, the blue dot marks where to place it. Show the scene after the object has been moved to the marked location. Pick up the marker on the table. Place the marker in the mug."
/data/datasets/DROID/train_v4/final/18112_exterior_image_2_left_pair0.png,/data/datasets/DROID/train_v5a/kontext/18112_exterior_image_2_left_pair0.png,"Follow the markers in the image: the green box marks the object to grasp, the blue dot marks where to place it. Show the scene after the object has been moved to the marked location. Pick up the marker on the blue table. Place the marker inside the cup."
/data/datasets/DROID/train_v4/final/11908_exterior_image_1_left_pair0.png,/data/datasets/DROID/train_v5a/kontext/11908_exterior_image_1_left_pair0.png,"Follow the markers in the image: the green box marks the object to grasp, the blue dot marks where to place it. Show the scene after the object has been moved to the marked location. Pick up the marker from the cup. Place the marker on the table."
/data/datasets/DROID/train_v4/final/14263_exterior_image_2_left_pair0.png,/data/datasets/DROID/train_v5a/kontext/14263_exterior_image_2_left_pair0.png,"Follow the markers in the image: the green box marks the object to grasp, the blue dot marks where to place it. Show the scene after the object has been moved to the marked location. Pick up the orange block from the table. Place the orange block on the green block."
/data/datasets/DROID/train_v4/final/10893_exterior_image_2_left_pair0.png,/data/datasets/DROID/train_v5a/kontext/10893_exterior_image_2_left_pair0.png,"Follow the markers in the image: the green box marks the object to grasp, the blue dot marks where to place it. Show the scene after the object has been moved to the marked location. Pick up the small book from the shelf. Place the small book at the right."
/data/datasets/DROID/train_v4/final/34812_exterior_image_2_left_pair0.png,/data/datasets/DROID/train_v5a/kontext/34812_exterior_image_2_left_pair0.png,"Follow the markers in the image: the green box marks the object to grasp, the blue dot marks where to place it. Show the scene after the object has been moved to the marked location. Pick up the block from on top of the table. Place the green block on the blue block."
/data/datasets/DROID/train_v4/final/11454_exterior_image_2_left_pair0.png,/data/datasets/DROID/train_v5a/kontext/11454_exterior_image_2_left_pair0.png,"Follow the markers in the image: the green box marks the object to grasp, the blue dot marks where to place it. Show the scene after the object has been moved to the marked location. Pick up the screwdriver on the table. Place the screwdriver in the open drawer."
/data/datasets/DROID/train_v4/final/19633_exterior_image_1_left_pair0.png,/data/datasets/DROID/train_v5a/kontext/19633_exterior_image_1_left_pair0.png,"Follow the markers in the image: the green box marks the object to grasp, the blue dot marks where to place it. Show the scene after the object has been moved to the marked location. Pick up the spoon on the plate. Place the spoon in the bowl."
/data/datasets/DROID/train_v4/final/17704_exterior_image_2_left_pair0.png,/data/datasets/DROID/train_v5a/kontext/17704_exterior_image_2_left_pair0.png,"Follow the markers in the image: the green box marks the object to grasp, the blue dot marks where to place it. Show the scene after the object has been moved to the marked location. Pick up the marker. Place the marker in the bowl."
/data/datasets/DROID/train_v4/final/18747_exterior_image_2_left_pair0.png,/data/datasets/DROID/train_v5a/kontext/18747_exterior_image_2_left_pair0.png,"Follow the markers in the image: the green box marks the object to grasp, the blue dot marks where to place it. Show the scene after the object has been moved to the marked location. Pick up the marker on the counter. Place the marker in the bowl."
/data/datasets/DROID/train_v4/final/25166_exterior_image_1_left_pair0.png,/data/datasets/DROID/train_v5a/kontext/25166_exterior_image_1_left_pair0.png,"Follow the markers in the image: the green box marks the object to grasp, the blue dot marks where to place it. Show the scene after the object has been moved to the marked location. Pick up the pillow on the right side from the table. Place the pillow on the armrest of the sofa."
/data/datasets/DROID/train_v4/final/25166_exterior_image_1_left_pair1.png,/data/datasets/DROID/train_v5a/kontext/25166_exterior_image_1_left_pair1.png,"Follow the markers in the image: the green box marks the object to grasp, the blue dot marks where to place it. Show the scene after the object has been moved to the marked location. Pick up the pillow on the right side from the sofa. Place the pillow next to another pillow."
/data/datasets/DROID/train_v4/final/2206_exterior_image_2_left_pair0.png,/data/datasets/DROID/train_v5a/kontext/2206_exterior_image_2_left_pair0.png,"Follow the markers in the image: the green box marks the object to grasp, the blue dot marks where to place it. Show the scene after the object has been moved to the marked location. Pick up the bottle from the table. Place the bottle on the tray."
/data/datasets/DROID/train_v4/final/11160_exterior_image_2_left_pair0.png,/data/datasets/DROID/train_v5a/kontext/11160_exterior_image_2_left_pair0.png,"Follow the markers in the image: the green box marks the object to grasp, the blue dot marks where to place it. Show the scene after the object has been moved to the marked location. Pick up the cup in the sink. Place the cup on the countertop."
/data/datasets/DROID/train_v4/final/15669_exterior_image_1_left_pair0.png,/data/datasets/DROID/train_v5a/kontext/15669_exterior_image_1_left_pair0.png,"Follow the markers in the image: the green box marks the object to grasp, the blue dot marks where to place it. Show the scene after the object has been moved to the marked location. Pick up the tape from the shelf. Place the tape on the table."
/data/datasets/DROID/train_v4/final/10197_exterior_image_1_left_pair0.png,/data/datasets/DROID/train_v5a/kontext/10197_exterior_image_1_left_pair0.png,"Follow the markers in the image: the green box marks the object to grasp, the blue dot marks where to place it. Show the scene after the object has been moved to the marked location. Pick up the black cable from the shelf. Place the black cable into the box."
/data/datasets/DROID/train_v4/final/16737_exterior_image_2_left_pair0.png,/data/datasets/DROID/train_v5a/kontext/16737_exterior_image_2_left_pair0.png,"Follow the markers in the image: the green box marks the object to grasp, the blue dot marks where to place it. Show the scene after the object has been moved to the marked location. Pick up the purple toy in the basket. Place the toy on the grey plate."
/data/datasets/DROID/train_v4/final/1184_exterior_image_2_left_pair0.png,/data/datasets/DROID/train_v5a/kontext/1184_exterior_image_2_left_pair0.png,"Follow the markers in the image: the green box marks the object to grasp, the blue dot marks where to place it. Show the scene after the object has been moved to the marked location. Grab the shoelace from the table. Place the shoelace onto the clothes."
/data/datasets/DROID/train_v4/final/1184_exterior_image_2_left_pair1.png,/data/datasets/DROID/train_v5a/kontext/1184_exterior_image_2_left_pair1.png,"Follow the markers in the image: the green box marks the object to grasp, the blue dot marks where to place it. Show the scene after the object has been moved to the marked location. Grab the plush toy from the table. Place the plush toy onto the clothes."
/data/datasets/DROID/train_v4/final/10937_exterior_image_2_left_pair0.png,/data/datasets/DROID/train_v5a/kontext/10937_exterior_image_2_left_pair0.png,"Follow the markers in the image: the green box marks the object to grasp, the blue dot marks where to place it. Show the scene after the object has been moved to the marked location. Pick up the cup from the plate. Place the cup lying down on the plate."
/data/datasets/DROID/train_v4/final/18969_exterior_image_2_left_pair0.png,/data/datasets/DROID/train_v5a/kontext/18969_exterior_image_2_left_pair0.png,"Follow the markers in the image: the green box marks the object to grasp, the blue dot marks where to place it. Show the scene after the object has been moved to the marked location. Pick up the plush toy from the silver pot. Place the plush toy on the left side of the countertop."
/data/datasets/DROID/train_v4/final/15556_exterior_image_1_left_pair0.png,/data/datasets/DROID/train_v5a/kontext/15556_exterior_image_1_left_pair0.png,"Follow the markers in the image: the green box marks the object to grasp, the blue dot marks where to place it. Show the scene after the object has been moved to the marked location. Pick up the object on the transparent box. Place the object on the left side of the transparent box."
/data/datasets/DROID/train_v4/final/10633_exterior_image_2_left_pair0.png,/data/datasets/DROID/train_v5a/kontext/10633_exterior_image_2_left_pair0.png,"Follow the markers in the image: the green box marks the object to grasp, the blue dot marks where to place it. Show the scene after the object has been moved to the marked location. Pick up the lid from the right side coffee cup. Place the lid on the countertop."
/data/datasets/DROID/train_v4/final/12290_exterior_image_2_left_pair0.png,/data/datasets/DROID/train_v5a/kontext/12290_exterior_image_2_left_pair0.png,"Follow the markers in the image: the green box marks the object to grasp, the blue dot marks where to place it. Show the scene after the object has been moved to the marked location. Pick up the brown doll on the table. Place the brown doll in the white bowl."
/data/datasets/DROID/train_v4/final/24826_exterior_image_2_left_pair0.png,/data/datasets/DROID/train_v5a/kontext/24826_exterior_image_2_left_pair0.png,"Follow the markers in the image: the green box marks the object to grasp, the blue dot marks where to place it. Show the scene after the object has been moved to the marked location. Pick up the plastic bottle on the table. Place the plastic bottle inside the container."
/data/datasets/DROID/train_v4/final/11835_exterior_image_2_left_pair0.png,/data/datasets/DROID/train_v5a/kontext/11835_exterior_image_2_left_pair0.png,"Follow the markers in the image: the green box marks the object to grasp, the blue dot marks where to place it. Show the scene after the object has been moved to the marked location. Pick up the remote control on the bed. Place the remote control on the bed."
/data/datasets/DROID/train_v4/final/13815_exterior_image_1_left_pair0.png,/data/datasets/DROID/train_v5a/kontext/13815_exterior_image_1_left_pair0.png,"Follow the markers in the image: the green box marks the object to grasp, the blue dot marks where to place it. Show the scene after the object has been moved to the marked location. Pick up the wire scourer from the countertop. Place the wire scourer in the pot."
/data/datasets/DROID/train_v4/final/10424_exterior_image_2_left_pair0.png,/data/datasets/DROID/train_v5a/kontext/10424_exterior_image_2_left_pair0.png,"Follow the markers in the image: the green box marks the object to grasp, the blue dot marks where to place it. Show the scene after the object has been moved to the marked location. Pick up the marker. Place the marker in the cup."
/data/datasets/DROID/train_v4/final/11422_exterior_image_1_left_pair0.png,/data/datasets/DROID/train_v5a/kontext/11422_exterior_image_1_left_pair0.png,"Follow the markers in the image: the green box marks the object to grasp, the blue dot marks where to place it. Show the scene after the object has been moved to the marked location. Pick up the black bowl on the table. Place the black bowl on top of the bowl."
/data/datasets/DROID/train_v4/final/16605_exterior_image_1_left_pair0.png,/data/datasets/DROID/train_v5a/kontext/16605_exterior_image_1_left_pair0.png,"Follow the markers in the image: the green box marks the object to grasp, the blue dot marks where to place it. Show the scene after the object has been moved to the marked location. Pick up the plush toy from the surface. Place the plush toy on the shelf."
/data/datasets/DROID/train_v4/final/10201_exterior_image_2_left_pair0.png,/data/datasets/DROID/train_v5a/kontext/10201_exterior_image_2_left_pair0.png,"Follow the markers in the image: the green box marks the object to grasp, the blue dot marks where to place it. Show the scene after the object has been moved to the marked location. Pick up the white mug on the table. Place the mug at the back side of the table."
/data/datasets/DROID/train_v4/final/15775_exterior_image_1_left_pair0.png,/data/datasets/DROID/train_v5a/kontext/15775_exterior_image_1_left_pair0.png,"Follow the markers in the image: the green box marks the object to grasp, the blue dot marks where to place it. Show the scene after the object has been moved to the marked location. Pick up the silver tape from the shelf. Place the silver tape on the table."
/data/datasets/DROID/train_v4/final/10722_exterior_image_1_left_pair0.png,/data/datasets/DROID/train_v5a/kontext/10722_exterior_image_1_left_pair0.png,"Follow the markers in the image: the green box marks the object to grasp, the blue dot marks where to place it. Show the scene after the object has been moved to the marked location. Pick up the white paper from the orange fabric softener box. Place the white paper on the table."
/data/datasets/DROID/train_v4/final/20787_exterior_image_1_left_pair0.png,/data/datasets/DROID/train_v5a/kontext/20787_exterior_image_1_left_pair0.png,"Follow the markers in the image: the green box marks the object to grasp, the blue dot marks where to place it. Show the scene after the object has been moved to the marked location. Pick up the orange towel from the back of the chair. Place the orange towel on the chair."
/data/datasets/DROID/train_v4/final/14351_exterior_image_2_left_pair0.png,/data/datasets/DROID/train_v5a/kontext/14351_exterior_image_2_left_pair0.png,"Follow the markers in the image: the green box marks the object to grasp, the blue dot marks where to place it. Show the scene after the object has been moved to the marked location. Pick up the metal can from the countertop. Place the metal can into the cupboard."
/data/datasets/DROID/train_v4/final/14189_exterior_image_2_left_pair0.png,/data/datasets/DROID/train_v5a/kontext/14189_exterior_image_2_left_pair0.png,"Follow the markers in the image: the green box marks the object to grasp, the blue dot marks where to place it. Show the scene after the object has been moved to the marked location. Pick up the can from the countertop. Place the can in the drawer."
/data/datasets/DROID/train_v4/final/11164_exterior_image_1_left_pair0.png,/data/datasets/DROID/train_v5a/kontext/11164_exterior_image_1_left_pair0.png,"Follow the markers in the image: the green box marks the object to grasp, the blue dot marks where to place it. Show the scene after the object has been moved to the marked location. Pick up the object from the sink. Place the object on the tabletop."
/data/datasets/DROID/train_v4/final/16142_exterior_image_2_left_pair0.png,/data/datasets/DROID/train_v5a/kontext/16142_exterior_image_2_left_pair0.png,"Follow the markers in the image: the green box marks the object to grasp, the blue dot marks where to place it. Show the scene after the object has been moved to the marked location. Pick up the rope on the black platform. Place the rope on the tabletop."
/data/datasets/DROID/train_v4/final/21175_exterior_image_2_left_pair1.png,/data/datasets/DROID/train_v5a/kontext/21175_exterior_image_2_left_pair1.png,"Follow the markers in the image: the green box marks the object to grasp, the blue dot marks where to place it. Show the scene after the object has been moved to the marked location. Pick up the snack on the countertop. Place the orange packet and the purple packet on the tray."
/data/datasets/DROID/train_v4/final/12515_exterior_image_1_left_pair0.png,/data/datasets/DROID/train_v5a/kontext/12515_exterior_image_1_left_pair0.png,"Follow the markers in the image: the green box marks the object to grasp, the blue dot marks where to place it. Show the scene after the object has been moved to the marked location. Pick up the jar on the table. Place the jar on the scale."
/data/datasets/DROID/train_v4/final/20518_exterior_image_2_left_pair1.png,/data/datasets/DROID/train_v5a/kontext/20518_exterior_image_2_left_pair1.png,"Follow the markers in the image: the green box marks the object to grasp, the blue dot marks where to place it. Show the scene after the object has been moved to the marked location. Pick up the towel in the tray. Place the towel on the countertop."
/data/datasets/DROID/train_v4/final/1520_exterior_image_2_left_pair0.png,/data/datasets/DROID/train_v5a/kontext/1520_exterior_image_2_left_pair0.png,"Follow the markers in the image: the green box marks the object to grasp, the blue dot marks where to place it. Show the scene after the object has been moved to the marked location. Pick up the marker from the table. Place the marker in the cup."
/data/datasets/DROID/train_v4/final/12401_exterior_image_2_left_pair0.png,/data/datasets/DROID/train_v5a/kontext/12401_exterior_image_2_left_pair0.png,"Follow the markers in the image: the green box marks the object to grasp, the blue dot marks where to place it. Show the scene after the object has been moved to the marked location. Pick up the pineapple plush toy from the basket. Place the pineapple plush toy on the black tray."
/data/datasets/DROID/train_v4/final/10841_exterior_image_2_left_pair0.png,/data/datasets/DROID/train_v5a/kontext/10841_exterior_image_2_left_pair0.png,"Follow the markers in the image: the green box marks the object to grasp, the blue dot marks where to place it. Show the scene after the object has been moved to the marked location. Pick up the cloth on the table. Place the cloth on the black rod."
/data/datasets/DROID/train_v4/final/118_exterior_image_2_left_pair0.png,/data/datasets/DROID/train_v5a/kontext/118_exterior_image_2_left_pair0.png,"Follow the markers in the image: the green box marks the object to grasp, the blue dot marks where to place it. Show the scene after the object has been moved to the marked location. Pick up the bottle from the table. Place the bottle in front of the original position."
/data/datasets/DROID/train_v4/final/19405_exterior_image_1_left_pair1.png,/data/datasets/DROID/train_v5a/kontext/19405_exterior_image_1_left_pair1.png,"Follow the markers in the image: the green box marks the object to grasp, the blue dot marks where to place it. Show the scene after the object has been moved to the marked location. Pick up the second black object. Place the second black object on the tabletop."
/data/datasets/DROID/train_v4/final/13375_exterior_image_1_left_pair0.png,/data/datasets/DROID/train_v5a/kontext/13375_exterior_image_1_left_pair0.png,"Follow the markers in the image: the green box marks the object to grasp, the blue dot marks where to place it. Show the scene after the object has been moved to the marked location. Pick up the silver lid on the shelf. Place the silver lid at the edge of the shelf."
/data/datasets/DROID/train_v4/final/12344_exterior_image_2_left_pair0.png,/data/datasets/DROID/train_v5a/kontext/12344_exterior_image_2_left_pair0.png,"Follow the markers in the image: the green box marks the object to grasp, the blue dot marks where to place it. Show the scene after the object has been moved to the marked location. Pick up the marker on the table. Place the marker inside the clear cup."
/data/datasets/DROID/train_v4/final/10668_exterior_image_2_left_pair0.png,/data/datasets/DROID/train_v5a/kontext/10668_exterior_image_2_left_pair0.png,"Follow the markers in the image: the green box marks the object to grasp, the blue dot marks where to place it. Show the scene after the object has been moved to the marked location. Pick up the orange object from the drying rack. Place the orange cup inside the sink."
/data/datasets/DROID/train_v4/final/10308_exterior_image_2_left_pair0.png,/data/datasets/DROID/train_v5a/kontext/10308_exterior_image_2_left_pair0.png,"Follow the markers in the image: the green box marks the object to grasp, the blue dot marks where to place it. Show the scene after the object has been moved to the marked location. Pick up the marker from the cup. Place the marker on the table."
/data/datasets/DROID/train_v4/final/12184_exterior_image_1_left_pair0.png,/data/datasets/DROID/train_v5a/kontext/12184_exterior_image_1_left_pair0.png,"Follow the markers in the image: the green box marks the object to grasp, the blue dot marks where to place it. Show the scene after the object has been moved to the marked location. Pick up the pear plush toy from the tray. Place the pear plush toy in the box."
/data/datasets/DROID/train_v4/final/15824_exterior_image_1_left_pair0.png,/data/datasets/DROID/train_v5a/kontext/15824_exterior_image_1_left_pair0.png,"Follow the markers in the image: the green box marks the object to grasp, the blue dot marks where to place it. Show the scene after the object has been moved to the marked location. Pick up the bag on the table. Place the bag in the basket."
/data/datasets/DROID/train_v4/final/13221_exterior_image_2_left_pair0.png,/data/datasets/DROID/train_v5a/kontext/13221_exterior_image_2_left_pair0.png,"Follow the markers in the image: the green box marks the object to grasp, the blue dot marks where to place it. Show the scene after the object has been moved to the marked location. Pick up the marker from the table. Place the marker in the cup."
/data/datasets/DROID/train_v4/final/10550_exterior_image_2_left_pair0.png,/data/datasets/DROID/train_v5a/kontext/10550_exterior_image_2_left_pair0.png,"Follow the markers in the image: the green box marks the object to grasp, the blue dot marks where to place it. Show the scene after the object has been moved to the marked location. Pick up the marker from the cup. Place the marker on the tabletop."
/data/datasets/DROID/train_v4/final/1551_exterior_image_1_left_pair0.png,/data/datasets/DROID/train_v5a/kontext/1551_exterior_image_1_left_pair0.png,"Follow the markers in the image: the green box marks the object to grasp, the blue dot marks where to place it. Show the scene after the object has been moved to the marked location. Pick up the cup from the sink. Place the cup on the backside of the table."
/data/datasets/DROID/train_v4/final/53353_exterior_image_1_left_pair0.png,/data/datasets/DROID/train_v5a/kontext/53353_exterior_image_1_left_pair0.png,"Follow the markers in the image: the green box marks the object to grasp, the blue dot marks where to place it. Show the scene after the object has been moved to the marked location. Pick up the screwdriver from the white cup. Place the screwdriver on the table."
/data/datasets/DROID/train_v4/final/10447_exterior_image_1_left_pair0.png,/data/datasets/DROID/train_v5a/kontext/10447_exterior_image_1_left_pair0.png,"Follow the markers in the image: the green box marks the object to grasp, the blue dot marks where to place it. Show the scene after the object has been moved to the marked location. Pick up the paper bag on the table. Place the paper bag in the bowl."
/data/datasets/DROID/train_v4/final/11862_exterior_image_2_left_pair0.png,/data/datasets/DROID/train_v5a/kontext/11862_exterior_image_2_left_pair0.png,"Follow the markers in the image: the green box marks the object to grasp, the blue dot marks where to place it. Show the scene after the object has been moved to the marked location. Pick up the metal can from the kitchen countertop. Place the metal can in the sink."
/data/datasets/DROID/train_v4/final/10257_exterior_image_2_left_pair1.png,/data/datasets/DROID/train_v5a/kontext/10257_exterior_image_2_left_pair1.png,"Follow the markers in the image: the green box marks the object to grasp, the blue dot marks where to place it. Show the scene after the object has been moved to the marked location. Pick up the white mug from the table. Place the white mug in the drawer."
/data/datasets/DROID/train_v4/final/14756_exterior_image_2_left_pair0.png,/data/datasets/DROID/train_v5a/kontext/14756_exterior_image_2_left_pair0.png,"Follow the markers in the image: the green box marks the object to grasp, the blue dot marks where to place it. Show the scene after the object has been moved to the marked location. Pick up the green block on the table. Place the green block on the table."
/data/datasets/DROID/train_v4/final/10671_exterior_image_1_left_pair0.png,/data/datasets/DROID/train_v5a/kontext/10671_exterior_image_1_left_pair0.png,"Follow the markers in the image: the green box marks the object to grasp, the blue dot marks where to place it. Show the scene after the object has been moved to the marked location. Pick up the bowl on the table. Place the bowl in the cupboard."
/data/datasets/DROID/train_v4/final/10935_exterior_image_2_left_pair0.png,/data/datasets/DROID/train_v5a/kontext/10935_exterior_image_2_left_pair0.png,"Follow the markers in the image: the green box marks the object to grasp, the blue dot marks where to place it. Show the scene after the object has been moved to the marked location. Pick up the marker from the table. Place the marker in the pot."
/data/datasets/DROID/train_v4/final/10824_exterior_image_1_left_pair0.png,/data/datasets/DROID/train_v5a/kontext/10824_exterior_image_1_left_pair0.png,"Follow the markers in the image: the green box marks the object to grasp, the blue dot marks where to place it. Show the scene after the object has been moved to the marked location. Pick up the towel on the table. Place the towel inside the middle shelf."
/data/datasets/DROID/train_v4/final/14396_exterior_image_1_left_pair0.png,/data/datasets/DROID/train_v5a/kontext/14396_exterior_image_1_left_pair0.png,"Follow the markers in the image: the green box marks the object to grasp, the blue dot marks where to place it. Show the scene after the object has been moved to the marked location. Pick up the can from the counter. Place the can in the cabinet."
/data/datasets/DROID/train_v4/final/48757_exterior_image_1_left_pair0.png,/data/datasets/DROID/train_v5a/kontext/48757_exterior_image_1_left_pair0.png,"Follow the markers in the image: the green box marks the object to grasp, the blue dot marks where to place it. Show the scene after the object has been moved to the marked location. Pick up the marker from the cup. Place the marker on the tabletop."
/data/datasets/DROID/train_v4/final/13797_exterior_image_1_left_pair0.png,/data/datasets/DROID/train_v5a/kontext/13797_exterior_image_1_left_pair0.png,"Follow the markers in the image: the green box marks the object to grasp, the blue dot marks where to place it. Show the scene after the object has been moved to the marked location. Pick up the object from the bowl. Place the object on the table."
/data/datasets/DROID/train_v4/final/18677_exterior_image_2_left_pair0.png,/data/datasets/DROID/train_v5a/kontext/18677_exterior_image_2_left_pair0.png,"Follow the markers in the image: the green box marks the object to grasp, the blue dot marks where to place it. Show the scene after the object has been moved to the marked location. Pick up the cup on top of the microwave. Place the cup on the counter."
/data/datasets/DROID/train_v4/final/10660_exterior_image_1_left_pair0.png,/data/datasets/DROID/train_v5a/kontext/10660_exterior_image_1_left_pair0.png,"Follow the markers in the image: the green box marks the object to grasp, the blue dot marks where to place it. Show the scene after the object has been moved to the marked location. Pick up the plush toy on the right side of the table. Place the plush toy in the black bowl."
/data/datasets/DROID/train_v4/final/11802_exterior_image_1_left_pair0.png,/data/datasets/DROID/train_v5a/kontext/11802_exterior_image_1_left_pair0.png,"Follow the markers in the image: the green box marks the object to grasp, the blue dot marks where to place it. Show the scene after the object has been moved to the marked location. Pick up the container on the table. Place the container in the cabinet."
/data/datasets/DROID/train_v4/final/10494_exterior_image_1_left_pair0.png,/data/datasets/DROID/train_v5a/kontext/10494_exterior_image_1_left_pair0.png,"Follow the markers in the image: the green box marks the object to grasp, the blue dot marks where to place it. Show the scene after the object has been moved to the marked location. Pick up the bag from the table. Place the bag in the sink."
/data/datasets/DROID/train_v4/final/73787_exterior_image_1_left_pair0.png,/data/datasets/DROID/train_v5a/kontext/73787_exterior_image_1_left_pair0.png,"Follow the markers in the image: the green box marks the object to grasp, the blue dot marks where to place it. Show the scene after the object has been moved to the marked location. Pick up the green block on the table. Place the green block on another green block."
/data/datasets/DROID/train_v4/final/14252_exterior_image_2_left_pair0.png,/data/datasets/DROID/train_v5a/kontext/14252_exterior_image_2_left_pair0.png,"Follow the markers in the image: the green box marks the object to grasp, the blue dot marks where to place it. Show the scene after the object has been moved to the marked location. Pick up the first light blue sphere on the table. Place the light blue sphere in the red cup."
/data/datasets/DROID/train_v4/final/14561_exterior_image_2_left_pair0.png,/data/datasets/DROID/train_v5a/kontext/14561_exterior_image_2_left_pair0.png,"Follow the markers in the image: the green box marks the object to grasp, the blue dot marks where to place it. Show the scene after the object has been moved to the marked location. Pick up the right red object on the counter. Place the right red object inside the sink."
/data/datasets/DROID/train_v4/final/10836_exterior_image_2_left_pair0.png,/data/datasets/DROID/train_v5a/kontext/10836_exterior_image_2_left_pair0.png,"Follow the markers in the image: the green box marks the object to grasp, the blue dot marks where to place it. Show the scene after the object has been moved to the marked location. Pick up the pear plush toy from the black box. Place the pear plush toy on the black tray."
/data/datasets/DROID/train_v4/final/32287_exterior_image_1_left_pair0.png,/data/datasets/DROID/train_v5a/kontext/32287_exterior_image_1_left_pair0.png,"Follow the markers in the image: the green box marks the object to grasp, the blue dot marks where to place it. Show the scene after the object has been moved to the marked location. Pick up the packaging bag on the table. Place the packaging bag in the bowl."
/data/datasets/DROID/train_v4/final/32287_exterior_image_1_left_pair1.png,/data/datasets/DROID/train_v5a/kontext/32287_exterior_image_1_left_pair1.png,"Follow the markers in the image: the green box marks the object to grasp, the blue dot marks where to place it. Show the scene after the object has been moved to the marked location. Pick up the packaging bag on the table. Place the packaging bag in the purple plate."
/data/datasets/DROID/train_v4/final/12464_exterior_image_2_left_pair1.png,/data/datasets/DROID/train_v5a/kontext/12464_exterior_image_2_left_pair1.png,"Follow the markers in the image: the green box marks the object to grasp, the blue dot marks where to place it. Show the scene after the object has been moved to the marked location. Pick up the second pillow on the sofa. Place the second pillow on the right side of the sofa."
/data/datasets/DROID/train_v4/final/10931_exterior_image_1_left_pair0.png,/data/datasets/DROID/train_v5a/kontext/10931_exterior_image_1_left_pair0.png,"Follow the markers in the image: the green box marks the object to grasp, the blue dot marks where to place it. Show the scene after the object has been moved to the marked location. Pick up the wooden block on the table. Place the wooden block on the top of the wooden block."
/data/datasets/DROID/train_v4/final/10853_exterior_image_2_left_pair0.png,/data/datasets/DROID/train_v5a/kontext/10853_exterior_image_2_left_pair0.png,"Follow the markers in the image: the green box marks the object to grasp, the blue dot marks where to place it. Show the scene after the object has been moved to the marked location. Pick up the cup from the table. Place the cup at the center of the table."
/data/datasets/DROID/train_v4/final/11221_exterior_image_2_left_pair0.png,/data/datasets/DROID/train_v5a/kontext/11221_exterior_image_2_left_pair0.png,"Follow the markers in the image: the green box marks the object to grasp, the blue dot marks where to place it. Show the scene after the object has been moved to the marked location. Pick up the black remote on the sofa. Place the remote on the white pillow."
/data/datasets/DROID/train_v4/final/24992_exterior_image_2_left_pair0.png,/data/datasets/DROID/train_v5a/kontext/24992_exterior_image_2_left_pair0.png,"Follow the markers in the image: the green box marks the object to grasp, the blue dot marks where to place it. Show the scene after the object has been moved to the marked location. Pick up the first cushion on the sofa. Place the cushion on the right side of the sofa."
/data/datasets/DROID/train_v4/final/32229_exterior_image_1_left_pair0.png,/data/datasets/DROID/train_v5a/kontext/32229_exterior_image_1_left_pair0.png,"Follow the markers in the image: the green box marks the object to grasp, the blue dot marks where to place it. Show the scene after the object has been moved to the marked location. Pick up the pillow on the couch. Place the pillow on the right side of the couch."
/data/datasets/DROID/train_v4/final/18340_exterior_image_1_left_pair0.png,/data/datasets/DROID/train_v5a/kontext/18340_exterior_image_1_left_pair0.png,"Follow the markers in the image: the green box marks the object to grasp, the blue dot marks where to place it. Show the scene after the object has been moved to the marked location. Pick up the purple plush toy from the sink. Place the purple plush toy in the pot."
/data/datasets/DROID/train_v4/final/1083_exterior_image_2_left_pair0.png,/data/datasets/DROID/train_v5a/kontext/1083_exterior_image_2_left_pair0.png,"Follow the markers in the image: the green box marks the object to grasp, the blue dot marks where to place it. Show the scene after the object has been moved to the marked location. Pick up the carrot plushie from the table. Place the carrot plushie on the pan."
/data/datasets/DROID/train_v4/final/11395_exterior_image_2_left_pair0.png,/data/datasets/DROID/train_v5a/kontext/11395_exterior_image_2_left_pair0.png,"Follow the markers in the image: the green box marks the object to grasp, the blue dot marks where to place it. Show the scene after the object has been moved to the marked location. Pick up the bottle in front of the table. Place the bottle on the tray."
/data/datasets/DROID/train_v4/final/14466_exterior_image_2_left_pair0.png,/data/datasets/DROID/train_v5a/kontext/14466_exterior_image_2_left_pair0.png,"Follow the markers in the image: the green box marks the object to grasp, the blue dot marks where to place it. Show the scene after the object has been moved to the marked location. Pick up the pink hanger that is hanging on the shelf. Place the pink hanger on the table."
/data/datasets/DROID/train_v4/final/13186_exterior_image_1_left_pair0.png,/data/datasets/DROID/train_v5a/kontext/13186_exterior_image_1_left_pair0.png,"Follow the markers in the image: the green box marks the object to grasp, the blue dot marks where to place it. Show the scene after the object has been moved to the marked location. Pick up the paper in the transparent box. Place the paper on the countertop."
/data/datasets/DROID/train_v4/final/10291_exterior_image_1_left_pair0.png,/data/datasets/DROID/train_v5a/kontext/10291_exterior_image_1_left_pair0.png,"Follow the markers in the image: the green box marks the object to grasp, the blue dot marks where to place it. Show the scene after the object has been moved to the marked location. Pick up the marker on the book. Place the marker in the box."
/data/datasets/DROID/train_v4/final/23831_exterior_image_2_left_pair0.png,/data/datasets/DROID/train_v5a/kontext/23831_exterior_image_2_left_pair0.png,"Follow the markers in the image: the green box marks the object to grasp, the blue dot marks where to place it. Show the scene after the object has been moved to the marked location. Pick up the cushion on the sofa. Place the cushion on the sofa."
/data/datasets/DROID/train_v4/final/13950_exterior_image_1_left_pair0.png,/data/datasets/DROID/train_v5a/kontext/13950_exterior_image_1_left_pair0.png,"Follow the markers in the image: the green box marks the object to grasp, the blue dot marks where to place it. Show the scene after the object has been moved to the marked location. Pick up the orange block on the table. Place the orange block on the green block."
/data/datasets/DROID/train_v4/final/18788_exterior_image_1_left_pair0.png,/data/datasets/DROID/train_v5a/kontext/18788_exterior_image_1_left_pair0.png,"Follow the markers in the image: the green box marks the object to grasp, the blue dot marks where to place it. Show the scene after the object has been moved to the marked location. Pick up the plate on the table. Place the plate at the edge of the table."
/data/datasets/DROID/train_v4/final/13262_exterior_image_1_left_pair0.png,/data/datasets/DROID/train_v5a/kontext/13262_exterior_image_1_left_pair0.png,"Follow the markers in the image: the green box marks the object to grasp, the blue dot marks where to place it. Show the scene after the object has been moved to the marked location. Pick up the can from the sink. Place the can on the countertop."
/data/datasets/DROID/train_v4/final/12146_exterior_image_1_left_pair0.png,/data/datasets/DROID/train_v5a/kontext/12146_exterior_image_1_left_pair0.png,"Follow the markers in the image: the green box marks the object to grasp, the blue dot marks where to place it. Show the scene after the object has been moved to the marked location. Pick up the orange object from the shelf. Place the orange object into the black bowl."
/data/datasets/DROID/train_v4/final/16520_exterior_image_1_left_pair0.png,/data/datasets/DROID/train_v5a/kontext/16520_exterior_image_1_left_pair0.png,"Follow the markers in the image: the green box marks the object to grasp, the blue dot marks where to place it. Show the scene after the object has been moved to the marked location. Pick up the marker from the table. Place the marker in the bowl."
/data/datasets/DROID/train_v4/final/17280_exterior_image_1_left_pair0.png,/data/datasets/DROID/train_v5a/kontext/17280_exterior_image_1_left_pair0.png,"Follow the markers in the image: the green box marks the object to grasp, the blue dot marks where to place it. Show the scene after the object has been moved to the marked location. Pick up the straw on the table. Place the straw in the cup."
/data/datasets/DROID/train_v4/final/11298_exterior_image_1_left_pair0.png,/data/datasets/DROID/train_v5a/kontext/11298_exterior_image_1_left_pair0.png,"Follow the markers in the image: the green box marks the object to grasp, the blue dot marks where to place it. Show the scene after the object has been moved to the marked location. Pick up the peach from the bookshelf. Place the peach on the top of the bookshelf."
/data/datasets/DROID/train_v4/final/12891_exterior_image_1_left_pair0.png,/data/datasets/DROID/train_v5a/kontext/12891_exterior_image_1_left_pair0.png,"Follow the markers in the image: the green box marks the object to grasp, the blue dot marks where to place it. Show the scene after the object has been moved to the marked location. Pick up a paper towel from the box. Place a paper towel on the tabletop."
/data/datasets/DROID/train_v4/final/19681_exterior_image_1_left_pair0.png,/data/datasets/DROID/train_v5a/kontext/19681_exterior_image_1_left_pair0.png,"Follow the markers in the image: the green box marks the object to grasp, the blue dot marks where to place it. Show the scene after the object has been moved to the marked location. Pick up the green toy from the top of the cabinet. Place the green toy in the plate."
/data/datasets/DROID/train_v4/final/1102_exterior_image_1_left_pair0.png,/data/datasets/DROID/train_v5a/kontext/1102_exterior_image_1_left_pair0.png,"Follow the markers in the image: the green box marks the object to grasp, the blue dot marks where to place it. Show the scene after the object has been moved to the marked location. Pick up the shoe on the table. Place the shoe upright on the table."
/data/datasets/DROID/train_v4/final/10524_exterior_image_1_left_pair0.png,/data/datasets/DROID/train_v5a/kontext/10524_exterior_image_1_left_pair0.png,"Follow the markers in the image: the green box marks the object to grasp, the blue dot marks where to place it. Show the scene after the object has been moved to the marked location. Pick up the bag on the countertop. Place the bag in the sink."
/data/datasets/DROID/train_v4/final/10577_exterior_image_2_left_pair0.png,/data/datasets/DROID/train_v5a/kontext/10577_exterior_image_2_left_pair0.png,"Follow the markers in the image: the green box marks the object to grasp, the blue dot marks where to place it. Show the scene after the object has been moved to the marked location. Pick up the green packet on the counter. Place the green packet in the cabinet."
