image,kontext_images,prompt
/data/datasets/DROID/train_v8capinf/final/11947_exterior_image_1_left_pair0.png,/data/datasets/DROID/train_v8capinf/kontext/11947_exterior_image_1_left_pair0.png,"Follow the markers in the image: the green box marks the object to grasp, the blue dot marks where to place it. Show the scene after the object has been moved to the marked location. Pick up the purple object in the bowl. Place the purple object on the table."
/data/datasets/DROID/train_v8capinf/final/20175_exterior_image_1_left_pair0.png,/data/datasets/DROID/train_v8capinf/kontext/20175_exterior_image_1_left_pair0.png,"Follow the markers in the image: the green box marks the object to grasp, the blue dot marks where to place it. Show the scene after the object has been moved to the marked location. Pick up the transparent container from the tabletop. Place the container on the tabletop."
/data/datasets/DROID/train_v8capinf/final/12515_exterior_image_2_left_pair0.png,/data/datasets/DROID/train_v8capinf/kontext/12515_exterior_image_2_left_pair0.png,"Follow the markers in the image: the green box marks the object to grasp, the blue dot marks where to place it. Show the scene after the object has been moved to the marked location. Pick up the jar on the table. Place the jar on the scale."
/data/datasets/DROID/train_v8capinf/final/10885_exterior_image_2_left_pair0.png,/data/datasets/DROID/train_v8capinf/kontext/10885_exterior_image_2_left_pair0.png,"Follow the markers in the image: the green box marks the object to grasp, the blue dot marks where to place it. Show the scene after the object has been moved to the marked location. Pick up the cup on the table. Place the cup behind the table."
/data/datasets/DROID/train_v8capinf/final/15069_exterior_image_2_left_pair0.png,/data/datasets/DROID/train_v8capinf/kontext/15069_exterior_image_2_left_pair0.png,"Follow the markers in the image: the green box marks the object to grasp, the blue dot marks where to place it. Show the scene after the object has been moved to the marked location. Pick up the banana toy from the floor. Place the banana toy in the black backpack."
/data/datasets/DROID/train_v8capinf/final/11299_exterior_image_2_left_pair0.png,/data/datasets/DROID/train_v8capinf/kontext/11299_exterior_image_2_left_pair0.png,"Follow the markers in the image: the green box marks the object to grasp, the blue dot marks where to place it. Show the scene after the object has been moved to the marked location. Pick up the blue cup from the drawer. Place the blue cup on the counter."
/data/datasets/DROID/train_v8capinf/final/14561_exterior_image_1_left_pair0.png,/data/datasets/DROID/train_v8capinf/kontext/14561_exterior_image_1_left_pair0.png,"Follow the markers in the image: the green box marks the object to grasp, the blue dot marks where to place it. Show the scene after the object has been moved to the marked location. Pick up the red object on the counter. Place the red object inside the sink."
/data/datasets/DROID/train_v8capinf/final/13186_exterior_image_2_left_pair1.png,/data/datasets/DROID/train_v8capinf/kontext/13186_exterior_image_2_left_pair1.png,"Follow the markers in the image: the green box marks the object to grasp, the blue dot marks where to place it. Show the scene after the object has been moved to the marked location. Pick up the paper on the countertop. Place the paper in the transparent box."
/data/datasets/DROID/train_v8capinf/final/12361_exterior_image_2_left_pair0.png,/data/datasets/DROID/train_v8capinf/kontext/12361_exterior_image_2_left_pair0.png,"Follow the markers in the image: the green box marks the object to grasp, the blue dot marks where to place it. Show the scene after the object has been moved to the marked location. Pick up the can on the table. Place the can on the metal plate."
/data/datasets/DROID/train_v8capinf/final/10854_exterior_image_1_left_pair0.png,/data/datasets/DROID/train_v8capinf/kontext/10854_exterior_image_1_left_pair0.png,"Follow the markers in the image: the green box marks the object to grasp, the blue dot marks where to place it. Show the scene after the object has been moved to the marked location. Pick up the yellow pepper from the table. Place the yellow pepper inside the brown bowl."
/data/datasets/DROID/train_v8capinf/final/11904_exterior_image_1_left_pair0.png,/data/datasets/DROID/train_v8capinf/kontext/11904_exterior_image_1_left_pair0.png,"Follow the markers in the image: the green box marks the object to grasp, the blue dot marks where to place it. Show the scene after the object has been moved to the marked location. Pick up the lid from the pot. Place the lid on the counter."
/data/datasets/DROID/train_v8capinf/final/12006_exterior_image_1_left_pair0.png,/data/datasets/DROID/train_v8capinf/kontext/12006_exterior_image_1_left_pair0.png,"Follow the markers in the image: the green box marks the object to grasp, the blue dot marks where to place it. Show the scene after the object has been moved to the marked location. Pick up the lid on the pot. Place the lid on the countertop."
/data/datasets/DROID/train_v8capinf/final/12244_exterior_image_2_left_pair0.png,/data/datasets/DROID/train_v8capinf/kontext/12244_exterior_image_2_left_pair0.png,"Follow the markers in the image: the green box marks the object to grasp, the blue dot marks where to place it. Show the scene after the object has been moved to the marked location. Pick up the orange can from the kitchen counter. Place the orange can in the sink."
/data/datasets/DROID/train_v8capinf/final/13622_exterior_image_2_left_pair0.png,/data/datasets/DROID/train_v8capinf/kontext/13622_exterior_image_2_left_pair0.png,"Follow the markers in the image: the green box marks the object to grasp, the blue dot marks where to place it. Show the scene after the object has been moved to the marked location. Pick up the green block on the table. Place the green block on the orange block."
/data/datasets/DROID/train_v8capinf/final/20196_exterior_image_2_left_pair0.png,/data/datasets/DROID/train_v8capinf/kontext/20196_exterior_image_2_left_pair0.png,"Follow the markers in the image: the green box marks the object to grasp, the blue dot marks where to place it. Show the scene after the object has been moved to the marked location. Pick up the first cushion on the sofa. Place the first cushion against the armrest."
/data/datasets/DROID/train_v8capinf/final/20196_exterior_image_2_left_pair1.png,/data/datasets/DROID/train_v8capinf/kontext/20196_exterior_image_2_left_pair1.png,"Follow the markers in the image: the green box marks the object to grasp, the blue dot marks where to place it. Show the scene after the object has been moved to the marked location. Pick up the second cushion on the sofa. Place the second cushion in front of the first cushion, against the armrest."
/data/datasets/DROID/train_v8capinf/final/13261_exterior_image_2_left_pair0.png,/data/datasets/DROID/train_v8capinf/kontext/13261_exterior_image_2_left_pair0.png,"Follow the markers in the image: the green box marks the object to grasp, the blue dot marks where to place it. Show the scene after the object has been moved to the marked location. Pick up the marker on the table. Place the marker on the table."
/data/datasets/DROID/train_v8capinf/final/65787_exterior_image_2_left_pair0.png,/data/datasets/DROID/train_v8capinf/kontext/65787_exterior_image_2_left_pair0.png,"Follow the markers in the image: the green box marks the object to grasp, the blue dot marks where to place it. Show the scene after the object has been moved to the marked location. Pick up the bag on the plate. Place the bag on the table."
/data/datasets/DROID/train_v8capinf/final/65787_exterior_image_2_left_pair1.png,/data/datasets/DROID/train_v8capinf/kontext/65787_exterior_image_2_left_pair1.png,"Follow the markers in the image: the green box marks the object to grasp, the blue dot marks where to place it. Show the scene after the object has been moved to the marked location. Pick up the drink on the square plate. Place the drink on the plate."
/data/datasets/DROID/train_v8capinf/final/18306_exterior_image_1_left_pair1.png,/data/datasets/DROID/train_v8capinf/kontext/18306_exterior_image_1_left_pair1.png,"Follow the markers in the image: the green box marks the object to grasp, the blue dot marks where to place it. Show the scene after the object has been moved to the marked location. Pick up the second cushion on the sofa. Place the second cushion in front of the first cushion, against the armrest."
/data/datasets/DROID/train_v8capinf/final/11233_exterior_image_1_left_pair0.png,/data/datasets/DROID/train_v8capinf/kontext/11233_exterior_image_1_left_pair0.png,"Follow the markers in the image: the green box marks the object to grasp, the blue dot marks where to place it. Show the scene after the object has been moved to the marked location. Pick up the plush toy on the table. Place the plush toy at the edge of the table."
/data/datasets/DROID/train_v8capinf/final/15413_exterior_image_1_left_pair0.png,/data/datasets/DROID/train_v8capinf/kontext/15413_exterior_image_1_left_pair0.png,"Follow the markers in the image: the green box marks the object to grasp, the blue dot marks where to place it. Show the scene after the object has been moved to the marked location. Pick up the pink object in the pot. Place the pink object on the countertop."
/data/datasets/DROID/train_v8capinf/final/10763_exterior_image_2_left_pair0.png,/data/datasets/DROID/train_v8capinf/kontext/10763_exterior_image_2_left_pair0.png,"Follow the markers in the image: the green box marks the object to grasp, the blue dot marks where to place it. Show the scene after the object has been moved to the marked location. Pick up the lid from the countertop. Place the lid on the black pot."
/data/datasets/DROID/train_v8capinf/final/12063_exterior_image_2_left_pair0.png,/data/datasets/DROID/train_v8capinf/kontext/12063_exterior_image_2_left_pair0.png,"Follow the markers in the image: the green box marks the object to grasp, the blue dot marks where to place it. Show the scene after the object has been moved to the marked location. Pick up the tissue from the box. Place the tissue on the table."
/data/datasets/DROID/train_v8capinf/final/13508_exterior_image_2_left_pair0.png,/data/datasets/DROID/train_v8capinf/kontext/13508_exterior_image_2_left_pair0.png,"Follow the markers in the image: the green box marks the object to grasp, the blue dot marks where to place it. Show the scene after the object has been moved to the marked location. Pick up the seal tape on the blue table. Place the seal tape at the front of the table."
/data/datasets/DROID/train_v8capinf/final/13571_exterior_image_1_left_pair1.png,/data/datasets/DROID/train_v8capinf/kontext/13571_exterior_image_1_left_pair1.png,"Follow the markers in the image: the green box marks the object to grasp, the blue dot marks where to place it. Show the scene after the object has been moved to the marked location. Pick up the mauve cup on the desktop. Place the mauve cup on the gray tray."
/data/datasets/DROID/train_v8capinf/final/1551_exterior_image_2_left_pair0.png,/data/datasets/DROID/train_v8capinf/kontext/1551_exterior_image_2_left_pair0.png,"Follow the markers in the image: the green box marks the object to grasp, the blue dot marks where to place it. Show the scene after the object has been moved to the marked location. Pick up the cup from the sink. Place the cup on the backside of the table."
/data/datasets/DROID/train_v8capinf/final/17191_exterior_image_1_left_pair0.png,/data/datasets/DROID/train_v8capinf/kontext/17191_exterior_image_1_left_pair0.png,"Follow the markers in the image: the green box marks the object to grasp, the blue dot marks where to place it. Show the scene after the object has been moved to the marked location. Pick up the object from the countertop. Place the object next to the table."
/data/datasets/DROID/train_v8capinf/final/16683_exterior_image_2_left_pair0.png,/data/datasets/DROID/train_v8capinf/kontext/16683_exterior_image_2_left_pair0.png,"Follow the markers in the image: the green box marks the object to grasp, the blue dot marks where to place it. Show the scene after the object has been moved to the marked location. Pick up the pair of socks on the table. Place the pair of socks in the bag."
/data/datasets/DROID/train_v8capinf/final/12344_exterior_image_1_left_pair0.png,/data/datasets/DROID/train_v8capinf/kontext/12344_exterior_image_1_left_pair0.png,"Follow the markers in the image: the green box marks the object to grasp, the blue dot marks where to place it. Show the scene after the object has been moved to the marked location. Pick up the marker on the table. Place the marker inside the clear cup."
/data/datasets/DROID/train_v8capinf/final/41406_exterior_image_1_left_pair0.png,/data/datasets/DROID/train_v8capinf/kontext/41406_exterior_image_1_left_pair0.png,"Follow the markers in the image: the green box marks the object to grasp, the blue dot marks where to place it. Show the scene after the object has been moved to the marked location. Pick up the pot from the bottom plate. Place the pot on the top plate of the stove."
/data/datasets/DROID/train_v8capinf/final/15824_exterior_image_2_left_pair0.png,/data/datasets/DROID/train_v8capinf/kontext/15824_exterior_image_2_left_pair0.png,"Follow the markers in the image: the green box marks the object to grasp, the blue dot marks where to place it. Show the scene after the object has been moved to the marked location. Pick up the bag on the table. Place the bag in the basket."
/data/datasets/DROID/train_v8capinf/final/18788_exterior_image_2_left_pair0.png,/data/datasets/DROID/train_v8capinf/kontext/18788_exterior_image_2_left_pair0.png,"Follow the markers in the image: the green box marks the object to grasp, the blue dot marks where to place it. Show the scene after the object has been moved to the marked location. Pick up the plate on the table. Place the plate at the edge of the table."
/data/datasets/DROID/train_v8capinf/final/11831_exterior_image_1_left_pair0.png,/data/datasets/DROID/train_v8capinf/kontext/11831_exterior_image_1_left_pair0.png,"Follow the markers in the image: the green box marks the object to grasp, the blue dot marks where to place it. Show the scene after the object has been moved to the marked location. Pick up the lid on the countertop. Place the lid on the pot."
/data/datasets/DROID/train_v8capinf/final/11193_exterior_image_1_left_pair0.png,/data/datasets/DROID/train_v8capinf/kontext/11193_exterior_image_1_left_pair0.png,"Follow the markers in the image: the green box marks the object to grasp, the blue dot marks where to place it. Show the scene after the object has been moved to the marked location. Pick up the black shirt from the chair. Place the black shirt on the table."
/data/datasets/DROID/train_v8capinf/final/18677_exterior_image_1_left_pair0.png,/data/datasets/DROID/train_v8capinf/kontext/18677_exterior_image_1_left_pair0.png,"Follow the markers in the image: the green box marks the object to grasp, the blue dot marks where to place it. Show the scene after the object has been moved to the marked location. Pick up the cup on top of the microwave. Place the cup on the counter."
/data/datasets/DROID/train_v8capinf/final/25126_exterior_image_2_left_pair0.png,/data/datasets/DROID/train_v8capinf/kontext/25126_exterior_image_2_left_pair0.png,"Follow the markers in the image: the green box marks the object to grasp, the blue dot marks where to place it. Show the scene after the object has been moved to the marked location. Pick up the cup in the microwave. Place the cup on the table."
/data/datasets/DROID/train_v8capinf/final/11722_exterior_image_1_left_pair0.png,/data/datasets/DROID/train_v8capinf/kontext/11722_exterior_image_1_left_pair0.png,"Follow the markers in the image: the green box marks the object to grasp, the blue dot marks where to place it. Show the scene after the object has been moved to the marked location. Pick up the plate from the dishwasher. Place the plate on the counter."
/data/datasets/DROID/train_v8capinf/final/11120_exterior_image_1_left_pair0.png,/data/datasets/DROID/train_v8capinf/kontext/11120_exterior_image_1_left_pair0.png,"Follow the markers in the image: the green box marks the object to grasp, the blue dot marks where to place it. Show the scene after the object has been moved to the marked location. Pick up the green object on the counter. Place the green object inside the cabinet."
/data/datasets/DROID/train_v8capinf/final/1160_exterior_image_1_left_pair0.png,/data/datasets/DROID/train_v8capinf/kontext/1160_exterior_image_1_left_pair0.png,"Follow the markers in the image: the green box marks the object to grasp, the blue dot marks where to place it. Show the scene after the object has been moved to the marked location. Pick up the lid from the pot. Place the lid on the table."
/data/datasets/DROID/train_v8capinf/final/1275_exterior_image_1_left_pair0.png,/data/datasets/DROID/train_v8capinf/kontext/1275_exterior_image_1_left_pair0.png,"Follow the markers in the image: the green box marks the object to grasp, the blue dot marks where to place it. Show the scene after the object has been moved to the marked location. Pick up the lid from the pot. Place the lid on the countertop."
/data/datasets/DROID/train_v8capinf/final/1281_exterior_image_1_left_pair0.png,/data/datasets/DROID/train_v8capinf/kontext/1281_exterior_image_1_left_pair0.png,"Follow the markers in the image: the green box marks the object to grasp, the blue dot marks where to place it. Show the scene after the object has been moved to the marked location. Remove the glass lid from the black pot. Place the glass lid on the table."
/data/datasets/DROID/train_v8capinf/final/48757_exterior_image_2_left_pair0.png,/data/datasets/DROID/train_v8capinf/kontext/48757_exterior_image_2_left_pair0.png,"Follow the markers in the image: the green box marks the object to grasp, the blue dot marks where to place it. Show the scene after the object has been moved to the marked location. Pick up the marker from the cup. Place the marker on the tabletop."
/data/datasets/DROID/train_v8capinf/final/1184_exterior_image_1_left_pair1.png,/data/datasets/DROID/train_v8capinf/kontext/1184_exterior_image_1_left_pair1.png,"Follow the markers in the image: the green box marks the object to grasp, the blue dot marks where to place it. Show the scene after the object has been moved to the marked location. Grab the plush toy from the table. Place the plush toy onto the clothes."
/data/datasets/DROID/train_v8capinf/final/32287_exterior_image_2_left_pair1.png,/data/datasets/DROID/train_v8capinf/kontext/32287_exterior_image_2_left_pair1.png,"Follow the markers in the image: the green box marks the object to grasp, the blue dot marks where to place it. Show the scene after the object has been moved to the marked location. Pick up the packaging bag on the table. Place the packaging bag in the purple plate."
/data/datasets/DROID/train_v8capinf/final/19860_exterior_image_1_left_pair0.png,/data/datasets/DROID/train_v8capinf/kontext/19860_exterior_image_1_left_pair0.png,"Follow the markers in the image: the green box marks the object to grasp, the blue dot marks where to place it. Show the scene after the object has been moved to the marked location. Pick up the Rubik's cube from the table. Place the Rubik's cube on top of the green block."
/data/datasets/DROID/train_v8capinf/final/11015_exterior_image_1_left_pair0.png,/data/datasets/DROID/train_v8capinf/kontext/11015_exterior_image_1_left_pair0.png,"Follow the markers in the image: the green box marks the object to grasp, the blue dot marks where to place it. Show the scene after the object has been moved to the marked location. Pick up the purple plush toy on the table. Place the purple plush toy on the plate."
/data/datasets/DROID/train_v8capinf/final/12464_exterior_image_1_left_pair0.png,/data/datasets/DROID/train_v8capinf/kontext/12464_exterior_image_1_left_pair0.png,"Follow the markers in the image: the green box marks the object to grasp, the blue dot marks where to place it. Show the scene after the object has been moved to the marked location. Pick up the first pillow on the sofa. Place the first pillow on the sofa."
/data/datasets/DROID/train_v8capinf/final/12469_exterior_image_1_left_pair0.png,/data/datasets/DROID/train_v8capinf/kontext/12469_exterior_image_1_left_pair0.png,"Follow the markers in the image: the green box marks the object to grasp, the blue dot marks where to place it. Show the scene after the object has been moved to the marked location. Pick up the object on the table. Place the object in the sink."
/data/datasets/DROID/train_v8capinf/final/14336_exterior_image_1_left_pair0.png,/data/datasets/DROID/train_v8capinf/kontext/14336_exterior_image_1_left_pair0.png,"Follow the markers in the image: the green box marks the object to grasp, the blue dot marks where to place it. Show the scene after the object has been moved to the marked location. Pick up the lid from the rice cooker. Place the lid in the sink."
/data/datasets/DROID/train_v8capinf/final/16520_exterior_image_2_left_pair0.png,/data/datasets/DROID/train_v8capinf/kontext/16520_exterior_image_2_left_pair0.png,"Follow the markers in the image: the green box marks the object to grasp, the blue dot marks where to place it. Show the scene after the object has been moved to the marked location. Pick up the marker from the table. Place the marker in the bowl."
/data/datasets/DROID/train_v8capinf/final/16387_exterior_image_2_left_pair0.png,/data/datasets/DROID/train_v8capinf/kontext/16387_exterior_image_2_left_pair0.png,"Follow the markers in the image: the green box marks the object to grasp, the blue dot marks where to place it. Show the scene after the object has been moved to the marked location. Pick up the bag on the table. Place the bag into the drawer."
/data/datasets/DROID/train_v8capinf/final/11161_exterior_image_1_left_pair0.png,/data/datasets/DROID/train_v8capinf/kontext/11161_exterior_image_1_left_pair0.png,"Follow the markers in the image: the green box marks the object to grasp, the blue dot marks where to place it. Show the scene after the object has been moved to the marked location. Pick up the lid from the pot. Place the lid on the table."
/data/datasets/DROID/train_v8capinf/final/14189_exterior_image_1_left_pair0.png,/data/datasets/DROID/train_v8capinf/kontext/14189_exterior_image_1_left_pair0.png,"Follow the markers in the image: the green box marks the object to grasp, the blue dot marks where to place it. Show the scene after the object has been moved to the marked location. Pick up the can from the countertop. Place the can in the drawer."
/data/datasets/DROID/train_v8capinf/final/11422_exterior_image_2_left_pair0.png,/data/datasets/DROID/train_v8capinf/kontext/11422_exterior_image_2_left_pair0.png,"Follow the markers in the image: the green box marks the object to grasp, the blue dot marks where to place it. Show the scene after the object has been moved to the marked location. Pick up the black bowl on the table. Place the black bowl on top of the bowl."
/data/datasets/DROID/train_v8capinf/final/17889_exterior_image_1_left_pair0.png,/data/datasets/DROID/train_v8capinf/kontext/17889_exterior_image_1_left_pair0.png,"Follow the markers in the image: the green box marks the object to grasp, the blue dot marks where to place it. Show the scene after the object has been moved to the marked location. Pick up the stuffed toy on the countertop. Place the purple plushy in the sink."
/data/datasets/DROID/train_v8capinf/final/15064_exterior_image_2_left_pair0.png,/data/datasets/DROID/train_v8capinf/kontext/15064_exterior_image_2_left_pair0.png,"Follow the markers in the image: the green box marks the object to grasp, the blue dot marks where to place it. Show the scene after the object has been moved to the marked location. Pick up the blue bottle on the table. Place the bottle on the top of the block."
/data/datasets/DROID/train_v8capinf/final/10836_exterior_image_1_left_pair0.png,/data/datasets/DROID/train_v8capinf/kontext/10836_exterior_image_1_left_pair0.png,"Follow the markers in the image: the green box marks the object to grasp, the blue dot marks where to place it. Show the scene after the object has been moved to the marked location. Pick up the pear plush toy from the black box. Place the pear plush toy on the black tray."
/data/datasets/DROID/train_v8capinf/final/18464_exterior_image_2_left_pair0.png,/data/datasets/DROID/train_v8capinf/kontext/18464_exterior_image_2_left_pair0.png,"Follow the markers in the image: the green box marks the object to grasp, the blue dot marks where to place it. Show the scene after the object has been moved to the marked location. Pick up the box on the table. Place the box in the pot."
/data/datasets/DROID/train_v8capinf/final/11052_exterior_image_2_left_pair0.png,/data/datasets/DROID/train_v8capinf/kontext/11052_exterior_image_2_left_pair0.png,"Follow the markers in the image: the green box marks the object to grasp, the blue dot marks where to place it. Show the scene after the object has been moved to the marked location. Pick up the marker from the table. Place the marker in the pot."
/data/datasets/DROID/train_v8capinf/final/16980_exterior_image_2_left_pair0.png,/data/datasets/DROID/train_v8capinf/kontext/16980_exterior_image_2_left_pair0.png,"Follow the markers in the image: the green box marks the object to grasp, the blue dot marks where to place it. Show the scene after the object has been moved to the marked location. Pick up the marker on the white table. Place the marker in the white bowl."
/data/datasets/DROID/train_v8capinf/final/11799_exterior_image_1_left_pair0.png,/data/datasets/DROID/train_v8capinf/kontext/11799_exterior_image_1_left_pair0.png,"Follow the markers in the image: the green box marks the object to grasp, the blue dot marks where to place it. Show the scene after the object has been moved to the marked location. Pick up the stapler on the tabletop. Place the stapler on the tabletop."
/data/datasets/DROID/train_v8capinf/final/11725_exterior_image_1_left_pair0.png,/data/datasets/DROID/train_v8capinf/kontext/11725_exterior_image_1_left_pair0.png,"Follow the markers in the image: the green box marks the object to grasp, the blue dot marks where to place it. Show the scene after the object has been moved to the marked location. Pick up the red soda can in the sink. Place the red soda can on the countertop."
/data/datasets/DROID/train_v8capinf/final/33196_exterior_image_2_left_pair0.png,/data/datasets/DROID/train_v8capinf/kontext/33196_exterior_image_2_left_pair0.png,"Follow the markers in the image: the green box marks the object to grasp, the blue dot marks where to place it. Show the scene after the object has been moved to the marked location. Pick up the book on the table. Place the book at the edge of the table."
/data/datasets/DROID/train_v8capinf/final/10753_exterior_image_1_left_pair0.png,/data/datasets/DROID/train_v8capinf/kontext/10753_exterior_image_1_left_pair0.png,"Follow the markers in the image: the green box marks the object to grasp, the blue dot marks where to place it. Show the scene after the object has been moved to the marked location. Pick up the marker on the table. Place the marker in the mug."
/data/datasets/DROID/train_v8capinf/final/17280_exterior_image_2_left_pair0.png,/data/datasets/DROID/train_v8capinf/kontext/17280_exterior_image_2_left_pair0.png,"Follow the markers in the image: the green box marks the object to grasp, the blue dot marks where to place it. Show the scene after the object has been moved to the marked location. Pick up the straw on the table. Place the straw in the cup."
/data/datasets/DROID/train_v8capinf/final/19791_exterior_image_1_left_pair0.png,/data/datasets/DROID/train_v8capinf/kontext/19791_exterior_image_1_left_pair0.png,"Follow the markers in the image: the green box marks the object to grasp, the blue dot marks where to place it. Show the scene after the object has been moved to the marked location. Take the cup out of the sink. Place the cup on the countertop."
/data/datasets/DROID/train_v8capinf/final/17591_exterior_image_2_left_pair0.png,/data/datasets/DROID/train_v8capinf/kontext/17591_exterior_image_2_left_pair0.png,"Follow the markers in the image: the green box marks the object to grasp, the blue dot marks where to place it. Show the scene after the object has been moved to the marked location. Pick up the bottle from the table. Place the bottle in the box."
/data/datasets/DROID/train_v8capinf/final/11379_exterior_image_1_left_pair0.png,/data/datasets/DROID/train_v8capinf/kontext/11379_exterior_image_1_left_pair0.png,"Follow the markers in the image: the green box marks the object to grasp, the blue dot marks where to place it. Show the scene after the object has been moved to the marked location. Pick up the bottle on the countertop. Place the bottle in the sink."
/data/datasets/DROID/train_v8capinf/final/10913_exterior_image_2_left_pair0.png,/data/datasets/DROID/train_v8capinf/kontext/10913_exterior_image_2_left_pair0.png,"Follow the markers in the image: the green box marks the object to grasp, the blue dot marks where to place it. Show the scene after the object has been moved to the marked location. Pick up the bowl on the table. Place the bowl on the blue plate."
/data/datasets/DROID/train_v8capinf/final/10762_exterior_image_1_left_pair1.png,/data/datasets/DROID/train_v8capinf/kontext/10762_exterior_image_1_left_pair1.png,"Follow the markers in the image: the green box marks the object to grasp, the blue dot marks where to place it. Show the scene after the object has been moved to the marked location. Pick up the two cups from the middle. Place the two cups in the cup."
/data/datasets/DROID/train_v8capinf/final/11137_exterior_image_1_left_pair0.png,/data/datasets/DROID/train_v8capinf/kontext/11137_exterior_image_1_left_pair0.png,"Follow the markers in the image: the green box marks the object to grasp, the blue dot marks where to place it. Show the scene after the object has been moved to the marked location. Pick up the orange block on the table. Place the orange block on the green block."
/data/datasets/DROID/train_v8capinf/final/13707_exterior_image_2_left_pair0.png,/data/datasets/DROID/train_v8capinf/kontext/13707_exterior_image_2_left_pair0.png,"Follow the markers in the image: the green box marks the object to grasp, the blue dot marks where to place it. Show the scene after the object has been moved to the marked location. Pick up the green marker from the counter. Place the green marker in the grey bowl."
/data/datasets/DROID/train_v8capinf/final/2519_exterior_image_2_left_pair0.png,/data/datasets/DROID/train_v8capinf/kontext/2519_exterior_image_2_left_pair0.png,"Follow the markers in the image: the green box marks the object to grasp, the blue dot marks where to place it. Show the scene after the object has been moved to the marked location. Pick up the bottle in the bowl. Place the bottle on the table."
/data/datasets/DROID/train_v8capinf/final/11407_exterior_image_1_left_pair0.png,/data/datasets/DROID/train_v8capinf/kontext/11407_exterior_image_1_left_pair0.png,"Follow the markers in the image: the green box marks the object to grasp, the blue dot marks where to place it. Show the scene after the object has been moved to the marked location. Pick up the marker from the cup. Place the marker on the table."
/data/datasets/DROID/train_v8capinf/final/10796_exterior_image_2_left_pair0.png,/data/datasets/DROID/train_v8capinf/kontext/10796_exterior_image_2_left_pair0.png,"Follow the markers in the image: the green box marks the object to grasp, the blue dot marks where to place it. Show the scene after the object has been moved to the marked location. Pick up the marker from the container on the table. Place the marker on the table."
/data/datasets/DROID/train_v8capinf/final/10814_exterior_image_2_left_pair0.png,/data/datasets/DROID/train_v8capinf/kontext/10814_exterior_image_2_left_pair0.png,"Follow the markers in the image: the green box marks the object to grasp, the blue dot marks where to place it. Show the scene after the object has been moved to the marked location. Grab the red can. Place the red can in the sink."
/data/datasets/DROID/train_v8capinf/final/1385_exterior_image_1_left_pair0.png,/data/datasets/DROID/train_v8capinf/kontext/1385_exterior_image_1_left_pair0.png,"Follow the markers in the image: the green box marks the object to grasp, the blue dot marks where to place it. Show the scene after the object has been moved to the marked location. Pick up the bottle on the table. Place the bottle on the tray."
/data/datasets/DROID/train_v8capinf/final/1155_exterior_image_1_left_pair0.png,/data/datasets/DROID/train_v8capinf/kontext/1155_exterior_image_1_left_pair0.png,"Follow the markers in the image: the green box marks the object to grasp, the blue dot marks where to place it. Show the scene after the object has been moved to the marked location. Pick up the notebook of the table. Place the notebook on another notebook."
/data/datasets/DROID/train_v8capinf/final/10669_exterior_image_1_left_pair0.png,/data/datasets/DROID/train_v8capinf/kontext/10669_exterior_image_1_left_pair0.png,"Follow the markers in the image: the green box marks the object to grasp, the blue dot marks where to place it. Show the scene after the object has been moved to the marked location. Pick up the ball on the table. Place the ball at the edge of the table."
/data/datasets/DROID/train_v8capinf/final/11472_exterior_image_1_left_pair0.png,/data/datasets/DROID/train_v8capinf/kontext/11472_exterior_image_1_left_pair0.png,"Follow the markers in the image: the green box marks the object to grasp, the blue dot marks where to place it. Show the scene after the object has been moved to the marked location. Pick up the pen in the cup. Place the pen on the countertop."
/data/datasets/DROID/train_v8capinf/final/20018_exterior_image_1_left_pair0.png,/data/datasets/DROID/train_v8capinf/kontext/20018_exterior_image_1_left_pair0.png,"Follow the markers in the image: the green box marks the object to grasp, the blue dot marks where to place it. Show the scene after the object has been moved to the marked location. Pick up the hanger from the rail. Place the hanger on the table."
/data/datasets/DROID/train_v8capinf/final/46309_exterior_image_1_left_pair0.png,/data/datasets/DROID/train_v8capinf/kontext/46309_exterior_image_1_left_pair0.png,"Follow the markers in the image: the green box marks the object to grasp, the blue dot marks where to place it. Show the scene after the object has been moved to the marked location. Pick up the cube from the bowl. Place the cube on the table."
/data/datasets/DROID/train_v8capinf/final/11367_exterior_image_1_left_pair0.png,/data/datasets/DROID/train_v8capinf/kontext/11367_exterior_image_1_left_pair0.png,"Follow the markers in the image: the green box marks the object to grasp, the blue dot marks where to place it. Show the scene after the object has been moved to the marked location. Pick up the green block on the table. Place the green block into the black bowl."
/data/datasets/DROID/train_v8capinf/final/47483_exterior_image_1_left_pair0.png,/data/datasets/DROID/train_v8capinf/kontext/47483_exterior_image_1_left_pair0.png,"Follow the markers in the image: the green box marks the object to grasp, the blue dot marks where to place it. Show the scene after the object has been moved to the marked location. Pick up the orange cube on the table. Place the orange cube on top of the yellow cube."
/data/datasets/DROID/train_v8capinf/final/14576_exterior_image_1_left_pair0.png,/data/datasets/DROID/train_v8capinf/kontext/14576_exterior_image_1_left_pair0.png,"Follow the markers in the image: the green box marks the object to grasp, the blue dot marks where to place it. Show the scene after the object has been moved to the marked location. Pick up the towel to the chair back. Place the towel to the chair back."
/data/datasets/DROID/train_v8capinf/final/73787_exterior_image_2_left_pair0.png,/data/datasets/DROID/train_v8capinf/kontext/73787_exterior_image_2_left_pair0.png,"Follow the markers in the image: the green box marks the object to grasp, the blue dot marks where to place it. Show the scene after the object has been moved to the marked location. Pick up the green block on the table. Place the green block on another green block."
/data/datasets/DROID/train_v8capinf/final/37967_exterior_image_2_left_pair0.png,/data/datasets/DROID/train_v8capinf/kontext/37967_exterior_image_2_left_pair0.png,"Follow the markers in the image: the green box marks the object to grasp, the blue dot marks where to place it. Show the scene after the object has been moved to the marked location. Pick up the lid from the table. Place the lid on the pot."
/data/datasets/DROID/train_v8capinf/final/19305_exterior_image_1_left_pair0.png,/data/datasets/DROID/train_v8capinf/kontext/19305_exterior_image_1_left_pair0.png,"Follow the markers in the image: the green box marks the object to grasp, the blue dot marks where to place it. Show the scene after the object has been moved to the marked location. Pick up the whiteboard eraser on the shelf. Place the whiteboard eraser on the shelf."
/data/datasets/DROID/train_v8capinf/final/1254_exterior_image_1_left_pair0.png,/data/datasets/DROID/train_v8capinf/kontext/1254_exterior_image_1_left_pair0.png,"Follow the markers in the image: the green box marks the object to grasp, the blue dot marks where to place it. Show the scene after the object has been moved to the marked location. Pick up the white marker on the table. Place the white marker inside the green cup."
/data/datasets/DROID/train_v8capinf/final/10950_exterior_image_1_left_pair0.png,/data/datasets/DROID/train_v8capinf/kontext/10950_exterior_image_1_left_pair0.png,"Follow the markers in the image: the green box marks the object to grasp, the blue dot marks where to place it. Show the scene after the object has been moved to the marked location. Pick up the orange cup from the table. Place the orange cup in the black bowl."
/data/datasets/DROID/train_v8capinf/final/20520_exterior_image_1_left_pair0.png,/data/datasets/DROID/train_v8capinf/kontext/20520_exterior_image_1_left_pair0.png,"Follow the markers in the image: the green box marks the object to grasp, the blue dot marks where to place it. Show the scene after the object has been moved to the marked location. Pick up the marker from the table. Place the marker in the mug."
/data/datasets/DROID/train_v8capinf/final/86050_exterior_image_2_left_pair0.png,/data/datasets/DROID/train_v8capinf/kontext/86050_exterior_image_2_left_pair0.png,"Follow the markers in the image: the green box marks the object to grasp, the blue dot marks where to place it. Show the scene after the object has been moved to the marked location. Pick up the orange object on the table. Place the orange object in the metal bowl."
/data/datasets/DROID/train_v8capinf/final/25166_exterior_image_2_left_pair1.png,/data/datasets/DROID/train_v8capinf/kontext/25166_exterior_image_2_left_pair1.png,"Follow the markers in the image: the green box marks the object to grasp, the blue dot marks where to place it. Show the scene after the object has been moved to the marked location. Pick up the pillow from the sofa. Place the pillow next to another pillow."
/data/datasets/DROID/train_v8capinf/final/13950_exterior_image_2_left_pair0.png,/data/datasets/DROID/train_v8capinf/kontext/13950_exterior_image_2_left_pair0.png,"Follow the markers in the image: the green box marks the object to grasp, the blue dot marks where to place it. Show the scene after the object has been moved to the marked location. Pick up the orange block on the table. Place the orange block on the green block."
/data/datasets/DROID/train_v8capinf/final/19113_exterior_image_1_left_pair0.png,/data/datasets/DROID/train_v8capinf/kontext/19113_exterior_image_1_left_pair0.png,"Follow the markers in the image: the green box marks the object to grasp, the blue dot marks where to place it. Show the scene after the object has been moved to the marked location. Pick up the lid on the pot. Place the lid on the table."
/data/datasets/DROID/train_v8capinf/final/16160_exterior_image_1_left_pair0.png,/data/datasets/DROID/train_v8capinf/kontext/16160_exterior_image_1_left_pair0.png,"Follow the markers in the image: the green box marks the object to grasp, the blue dot marks where to place it. Show the scene after the object has been moved to the marked location. Pick up the red cup on the table. Place the red cup on the table."
/data/datasets/DROID/train_v8capinf/final/11172_exterior_image_1_left_pair0.png,/data/datasets/DROID/train_v8capinf/kontext/11172_exterior_image_1_left_pair0.png,"Follow the markers in the image: the green box marks the object to grasp, the blue dot marks where to place it. Show the scene after the object has been moved to the marked location. Pick up the cup on the table. Place the cup on the table."
/data/datasets/DROID/train_v8capinf/final/11172_exterior_image_1_left_pair1.png,/data/datasets/DROID/train_v8capinf/kontext/11172_exterior_image_1_left_pair1.png,"Follow the markers in the image: the green box marks the object to grasp, the blue dot marks where to place it. Show the scene after the object has been moved to the marked location. Pick up the cup on the table. Place the cup on the table."
/data/datasets/DROID/train_v8capinf/final/11160_exterior_image_1_left_pair0.png,/data/datasets/DROID/train_v8capinf/kontext/11160_exterior_image_1_left_pair0.png,"Follow the markers in the image: the green box marks the object to grasp, the blue dot marks where to place it. Show the scene after the object has been moved to the marked location. Pick up the cup in the sink. Place the cup on the countertop."
/data/datasets/DROID/train_v8capinf/final/10901_exterior_image_1_left_pair0.png,/data/datasets/DROID/train_v8capinf/kontext/10901_exterior_image_1_left_pair0.png,"Follow the markers in the image: the green box marks the object to grasp, the blue dot marks where to place it. Show the scene after the object has been moved to the marked location. Pick up the marker on the table. Place the marker in the cup."
/data/datasets/DROID/train_v8capinf/final/11068_exterior_image_2_left_pair0.png,/data/datasets/DROID/train_v8capinf/kontext/11068_exterior_image_2_left_pair0.png,"Follow the markers in the image: the green box marks the object to grasp, the blue dot marks where to place it. Show the scene after the object has been moved to the marked location. Pick up the clothes from the back of the chair. Place the clothes inside the box."
/data/datasets/DROID/train_v8capinf/final/14396_exterior_image_2_left_pair0.png,/data/datasets/DROID/train_v8capinf/kontext/14396_exterior_image_2_left_pair0.png,"Follow the markers in the image: the green box marks the object to grasp, the blue dot marks where to place it. Show the scene after the object has been moved to the marked location. Pick up the can from the counter. Place the can in the cabinet."
/data/datasets/DROID/train_v8capinf/final/19405_exterior_image_2_left_pair0.png,/data/datasets/DROID/train_v8capinf/kontext/19405_exterior_image_2_left_pair0.png,"Follow the markers in the image: the green box marks the object to grasp, the blue dot marks where to place it. Show the scene after the object has been moved to the marked location. Pick up a black object from the middle topmost drawer. Place a black object on the table."
/data/datasets/DROID/train_v8capinf/final/21175_exterior_image_1_left_pair0.png,/data/datasets/DROID/train_v8capinf/kontext/21175_exterior_image_1_left_pair0.png,"Follow the markers in the image: the green box marks the object to grasp, the blue dot marks where to place it. Show the scene after the object has been moved to the marked location. Pick up the snack on the countertop. Place the snack in the tray."
/data/datasets/DROID/train_v8capinf/final/21175_exterior_image_1_left_pair1.png,/data/datasets/DROID/train_v8capinf/kontext/21175_exterior_image_1_left_pair1.png,"Follow the markers in the image: the green box marks the object to grasp, the blue dot marks where to place it. Show the scene after the object has been moved to the marked location. Pick up the snack on the countertop. Place the orange packet and the purple packet on the tray."
/data/datasets/DROID/train_v8capinf/final/11317_exterior_image_2_left_pair0.png,/data/datasets/DROID/train_v8capinf/kontext/11317_exterior_image_2_left_pair0.png,"Follow the markers in the image: the green box marks the object to grasp, the blue dot marks where to place it. Show the scene after the object has been moved to the marked location. Pick up the can on the table. Place the can on the metal object."
/data/datasets/DROID/train_v8capinf/final/12347_exterior_image_1_left_pair0.png,/data/datasets/DROID/train_v8capinf/kontext/12347_exterior_image_1_left_pair0.png,"Follow the markers in the image: the green box marks the object to grasp, the blue dot marks where to place it. Show the scene after the object has been moved to the marked location. Pick up the black packaged snack from the sink. Place the black packaged snack on the counter."
/data/datasets/DROID/train_v8capinf/final/11652_exterior_image_2_left_pair0.png,/data/datasets/DROID/train_v8capinf/kontext/11652_exterior_image_2_left_pair0.png,"Follow the markers in the image: the green box marks the object to grasp, the blue dot marks where to place it. Show the scene after the object has been moved to the marked location. Pick up the green packet from the sink. Place the green packet on the countertop."
/data/datasets/DROID/train_v8capinf/final/19914_exterior_image_1_left_pair0.png,/data/datasets/DROID/train_v8capinf/kontext/19914_exterior_image_1_left_pair0.png,"Follow the markers in the image: the green box marks the object to grasp, the blue dot marks where to place it. Show the scene after the object has been moved to the marked location. Pick up the marker from the table. Place the marker in the transparent cup."
/data/datasets/DROID/train_v8capinf/final/11802_exterior_image_2_left_pair0.png,/data/datasets/DROID/train_v8capinf/kontext/11802_exterior_image_2_left_pair0.png,"Follow the markers in the image: the green box marks the object to grasp, the blue dot marks where to place it. Show the scene after the object has been moved to the marked location. Pick up the container on the table. Place the container in the cabinet."
/data/datasets/DROID/train_v8capinf/final/19018_exterior_image_1_left_pair1.png,/data/datasets/DROID/train_v8capinf/kontext/19018_exterior_image_1_left_pair1.png,"Follow the markers in the image: the green box marks the object to grasp, the blue dot marks where to place it. Show the scene after the object has been moved to the marked location. Pick up the second pillow from the couch. Place the second pillow against the first pillow."
/data/datasets/DROID/train_v8capinf/final/11604_exterior_image_1_left_pair0.png,/data/datasets/DROID/train_v8capinf/kontext/11604_exterior_image_1_left_pair0.png,"Follow the markers in the image: the green box marks the object to grasp, the blue dot marks where to place it. Show the scene after the object has been moved to the marked location. Pick up the object on the table. Place the object in the plate."
/data/datasets/DROID/train_v8capinf/final/15261_exterior_image_2_left_pair0.png,/data/datasets/DROID/train_v8capinf/kontext/15261_exterior_image_2_left_pair0.png,"Follow the markers in the image: the green box marks the object to grasp, the blue dot marks where to place it. Show the scene after the object has been moved to the marked location. Pick up the orange cube from the table. Place the orange cube on top of the green cube."
/data/datasets/DROID/train_v8capinf/final/11889_exterior_image_2_left_pair0.png,/data/datasets/DROID/train_v8capinf/kontext/11889_exterior_image_2_left_pair0.png,"Follow the markers in the image: the green box marks the object to grasp, the blue dot marks where to place it. Show the scene after the object has been moved to the marked location. Pick up the object in the tray. Place the object in the bowl."
/data/datasets/DROID/train_v8capinf/final/14362_exterior_image_2_left_pair0.png,/data/datasets/DROID/train_v8capinf/kontext/14362_exterior_image_2_left_pair0.png,"Follow the markers in the image: the green box marks the object to grasp, the blue dot marks where to place it. Show the scene after the object has been moved to the marked location. Pick up the towel on the box lid. Place the towel in the paper bag."
/data/datasets/DROID/train_v8capinf/final/14756_exterior_image_1_left_pair0.png,/data/datasets/DROID/train_v8capinf/kontext/14756_exterior_image_1_left_pair0.png,"Follow the markers in the image: the green box marks the object to grasp, the blue dot marks where to place it. Show the scene after the object has been moved to the marked location. Pick up the green block on the table. Place the green block on the table."
/data/datasets/DROID/train_v8capinf/final/53353_exterior_image_2_left_pair0.png,/data/datasets/DROID/train_v8capinf/kontext/53353_exterior_image_2_left_pair0.png,"Follow the markers in the image: the green box marks the object to grasp, the blue dot marks where to place it. Show the scene after the object has been moved to the marked location. Pick up the screwdriver from the white cup. Place the screwdriver on the table."
/data/datasets/DROID/train_v8capinf/final/12270_exterior_image_1_left_pair0.png,/data/datasets/DROID/train_v8capinf/kontext/12270_exterior_image_1_left_pair0.png,"Follow the markers in the image: the green box marks the object to grasp, the blue dot marks where to place it. Show the scene after the object has been moved to the marked location. Pick up the pen from the table. Place the pen in the cup."
/data/datasets/DROID/train_v8capinf/final/37190_exterior_image_2_left_pair0.png,/data/datasets/DROID/train_v8capinf/kontext/37190_exterior_image_2_left_pair0.png,"Follow the markers in the image: the green box marks the object to grasp, the blue dot marks where to place it. Show the scene after the object has been moved to the marked location. Pick up the banana plush toy from the basket. Place the banana plush toy inside the upper cabinet."
/data/datasets/DROID/train_v8capinf/final/1083_exterior_image_1_left_pair0.png,/data/datasets/DROID/train_v8capinf/kontext/1083_exterior_image_1_left_pair0.png,"Follow the markers in the image: the green box marks the object to grasp, the blue dot marks where to place it. Show the scene after the object has been moved to the marked location. Pick up the carrot plushie from the table. Place the carrot plushie on the pan."
/data/datasets/DROID/train_v8capinf/final/1219_exterior_image_2_left_pair0.png,/data/datasets/DROID/train_v8capinf/kontext/1219_exterior_image_2_left_pair0.png,"Follow the markers in the image: the green box marks the object to grasp, the blue dot marks where to place it. Show the scene after the object has been moved to the marked location. Pick up the lid from the countertop next to the pot. Place the lid on the pot."
/data/datasets/DROID/train_v8capinf/final/12033_exterior_image_1_left_pair0.png,/data/datasets/DROID/train_v8capinf/kontext/12033_exterior_image_1_left_pair0.png,"Follow the markers in the image: the green box marks the object to grasp, the blue dot marks where to place it. Show the scene after the object has been moved to the marked location. Pick up the bottle from the table. Place the bottle in the clear container."
/data/datasets/DROID/train_v8capinf/final/118_exterior_image_1_left_pair0.png,/data/datasets/DROID/train_v8capinf/kontext/118_exterior_image_1_left_pair0.png,"Follow the markers in the image: the green box marks the object to grasp, the blue dot marks where to place it. Show the scene after the object has been moved to the marked location. Pick up the bottle from the table. Place the bottle in front of the original position."
/data/datasets/DROID/train_v8capinf/final/17704_exterior_image_1_left_pair0.png,/data/datasets/DROID/train_v8capinf/kontext/17704_exterior_image_1_left_pair0.png,"Follow the markers in the image: the green box marks the object to grasp, the blue dot marks where to place it. Show the scene after the object has been moved to the marked location. Pick up the marker. Place the marker in the bowl."
/data/datasets/DROID/train_v8capinf/final/27187_exterior_image_1_left_pair0.png,/data/datasets/DROID/train_v8capinf/kontext/27187_exterior_image_1_left_pair0.png,"Follow the markers in the image: the green box marks the object to grasp, the blue dot marks where to place it. Show the scene after the object has been moved to the marked location. Pick up the object in the white pot. Place the object on the table."
/data/datasets/DROID/train_v8capinf/final/11395_exterior_image_1_left_pair0.png,/data/datasets/DROID/train_v8capinf/kontext/11395_exterior_image_1_left_pair0.png,"Follow the markers in the image: the green box marks the object to grasp, the blue dot marks where to place it. Show the scene after the object has been moved to the marked location. Pick up the bottle in front of the table. Place the bottle on the tray."
/data/datasets/DROID/train_v8capinf/final/27035_exterior_image_1_left_pair0.png,/data/datasets/DROID/train_v8capinf/kontext/27035_exterior_image_1_left_pair0.png,"Follow the markers in the image: the green box marks the object to grasp, the blue dot marks where to place it. Show the scene after the object has been moved to the marked location. Pick up the purple plush toy from the sink. Place the purple plush toy in the pot."
/data/datasets/DROID/train_v8capinf/final/12286_exterior_image_2_left_pair0.png,/data/datasets/DROID/train_v8capinf/kontext/12286_exterior_image_2_left_pair0.png,"Follow the markers in the image: the green box marks the object to grasp, the blue dot marks where to place it. Show the scene after the object has been moved to the marked location. Pick up the red square on the table. Place the red square on the green square."
/data/datasets/DROID/train_v8capinf/final/12184_exterior_image_2_left_pair0.png,/data/datasets/DROID/train_v8capinf/kontext/12184_exterior_image_2_left_pair0.png,"Follow the markers in the image: the green box marks the object to grasp, the blue dot marks where to place it. Show the scene after the object has been moved to the marked location. Pick up the pear plush toy from the tray. Place the pear plush toy in the box."
/data/datasets/DROID/train_v8capinf/final/10935_exterior_image_1_left_pair0.png,/data/datasets/DROID/train_v8capinf/kontext/10935_exterior_image_1_left_pair0.png,"Follow the markers in the image: the green box marks the object to grasp, the blue dot marks where to place it. Show the scene after the object has been moved to the marked location. Pick up the marker from the table. Place the marker in the pot."
/data/datasets/DROID/train_v8capinf/final/11862_exterior_image_1_left_pair0.png,/data/datasets/DROID/train_v8capinf/kontext/11862_exterior_image_1_left_pair0.png,"Follow the markers in the image: the green box marks the object to grasp, the blue dot marks where to place it. Show the scene after the object has been moved to the marked location. Pick up the metal can from the kitchen countertop. Place the metal can in the sink."
/data/datasets/DROID/train_v8capinf/final/15556_exterior_image_2_left_pair0.png,/data/datasets/DROID/train_v8capinf/kontext/15556_exterior_image_2_left_pair0.png,"Follow the markers in the image: the green box marks the object to grasp, the blue dot marks where to place it. Show the scene after the object has been moved to the marked location. Pick up the object on the transparent box. Place the object on the transparent box."
/data/datasets/DROID/train_v8capinf/final/18100_exterior_image_2_left_pair0.png,/data/datasets/DROID/train_v8capinf/kontext/18100_exterior_image_2_left_pair0.png,"Follow the markers in the image: the green box marks the object to grasp, the blue dot marks where to place it. Show the scene after the object has been moved to the marked location. Pick up the red block from the table. Place the red block on the green block."
/data/datasets/DROID/train_v8capinf/final/1070_exterior_image_2_left_pair0.png,/data/datasets/DROID/train_v8capinf/kontext/1070_exterior_image_2_left_pair0.png,"Follow the markers in the image: the green box marks the object to grasp, the blue dot marks where to place it. Show the scene after the object has been moved to the marked location. Pick up the jar on the counter. Place the jar in the bowl."
/data/datasets/DROID/train_v8capinf/final/24826_exterior_image_1_left_pair0.png,/data/datasets/DROID/train_v8capinf/kontext/24826_exterior_image_1_left_pair0.png,"Follow the markers in the image: the green box marks the object to grasp, the blue dot marks where to place it. Show the scene after the object has been moved to the marked location. Pick up the plastic bottle on the table. Place the plastic bottle inside the container."
/data/datasets/DROID/train_v8capinf/final/1066_exterior_image_2_left_pair0.png,/data/datasets/DROID/train_v8capinf/kontext/1066_exterior_image_2_left_pair0.png,"Follow the markers in the image: the green box marks the object to grasp, the blue dot marks where to place it. Show the scene after the object has been moved to the marked location. Pick up the black marker from the silver container. Place the black marker on the table."
/data/datasets/DROID/train_v8capinf/final/10769_exterior_image_2_left_pair0.png,/data/datasets/DROID/train_v8capinf/kontext/10769_exterior_image_2_left_pair0.png,"Follow the markers in the image: the green box marks the object to grasp, the blue dot marks where to place it. Show the scene after the object has been moved to the marked location. Pick up the can from the sink. Place the can on the table on the sink."
/data/datasets/DROID/train_v8capinf/final/11247_exterior_image_1_left_pair0.png,/data/datasets/DROID/train_v8capinf/kontext/11247_exterior_image_1_left_pair0.png,"Follow the markers in the image: the green box marks the object to grasp, the blue dot marks where to place it. Show the scene after the object has been moved to the marked location. Pick up chopsticks on the table. Place chopsticks in the white cup."
/data/datasets/DROID/train_v8capinf/final/11482_exterior_image_1_left_pair0.png,/data/datasets/DROID/train_v8capinf/kontext/11482_exterior_image_1_left_pair0.png,"Follow the markers in the image: the green box marks the object to grasp, the blue dot marks where to place it. Show the scene after the object has been moved to the marked location. Pick up the seal tape on the table. Place the seal tape in the bowl."
/data/datasets/DROID/train_v8capinf/final/85774_exterior_image_2_left_pair0.png,/data/datasets/DROID/train_v8capinf/kontext/85774_exterior_image_2_left_pair0.png,"Follow the markers in the image: the green box marks the object to grasp, the blue dot marks where to place it. Show the scene after the object has been moved to the marked location. Pick up the orange plushy from the table. Place the orange plushy in the pot."
/data/datasets/DROID/train_v8capinf/final/14263_exterior_image_1_left_pair0.png,/data/datasets/DROID/train_v8capinf/kontext/14263_exterior_image_1_left_pair0.png,"Follow the markers in the image: the green box marks the object to grasp, the blue dot marks where to place it. Show the scene after the object has been moved to the marked location. Pick up the orange block from the table. Place the orange block on the green block."
/data/datasets/DROID/train_v8capinf/final/13138_exterior_image_1_left_pair0.png,/data/datasets/DROID/train_v8capinf/kontext/13138_exterior_image_1_left_pair0.png,"Follow the markers in the image: the green box marks the object to grasp, the blue dot marks where to place it. Show the scene after the object has been moved to the marked location. Pick up the pineapple from the table. Place the pineapple on the table."
/data/datasets/DROID/train_v8capinf/final/13262_exterior_image_2_left_pair0.png,/data/datasets/DROID/train_v8capinf/kontext/13262_exterior_image_2_left_pair0.png,"Follow the markers in the image: the green box marks the object to grasp, the blue dot marks where to place it. Show the scene after the object has been moved to the marked location. Pick up the can from the sink. Place the can on the countertop."
/data/datasets/DROID/train_v8capinf/final/12020_exterior_image_1_left_pair0.png,/data/datasets/DROID/train_v8capinf/kontext/12020_exterior_image_1_left_pair0.png,"Follow the markers in the image: the green box marks the object to grasp, the blue dot marks where to place it. Show the scene after the object has been moved to the marked location. Pick up the lid on the tray. Place the lid on the pot."
/data/datasets/DROID/train_v8capinf/final/14252_exterior_image_1_left_pair0.png,/data/datasets/DROID/train_v8capinf/kontext/14252_exterior_image_1_left_pair0.png,"Follow the markers in the image: the green box marks the object to grasp, the blue dot marks where to place it. Show the scene after the object has been moved to the marked location. Pick up the first light blue sphere on the table. Place the light blue sphere in the blue cup."
/data/datasets/DROID/train_v8capinf/final/11238_exterior_image_1_left_pair0.png,/data/datasets/DROID/train_v8capinf/kontext/11238_exterior_image_1_left_pair0.png,"Follow the markers in the image: the green box marks the object to grasp, the blue dot marks where to place it. Show the scene after the object has been moved to the marked location. Pick up the lid from the pot. Place the lid on the table."
/data/datasets/DROID/train_v8capinf/final/21756_exterior_image_1_left_pair1.png,/data/datasets/DROID/train_v8capinf/kontext/21756_exterior_image_1_left_pair1.png,"Follow the markers in the image: the green box marks the object to grasp, the blue dot marks where to place it. Show the scene after the object has been moved to the marked location. Pick up the folded towel from the table. Place the folded towel in the box."
/data/datasets/DROID/train_v8capinf/final/11791_exterior_image_2_left_pair0.png,/data/datasets/DROID/train_v8capinf/kontext/11791_exterior_image_2_left_pair0.png,"Follow the markers in the image: the green box marks the object to grasp, the blue dot marks where to place it. Show the scene after the object has been moved to the marked location. Pick up the cup on the desk. Place the cup on the tray."
/data/datasets/DROID/train_v8capinf/final/1127_exterior_image_2_left_pair0.png,/data/datasets/DROID/train_v8capinf/kontext/1127_exterior_image_2_left_pair0.png,"Follow the markers in the image: the green box marks the object to grasp, the blue dot marks where to place it. Show the scene after the object has been moved to the marked location. Pick up the purple object from the table. Place the purple object in the bowl."
/data/datasets/DROID/train_v8capinf/final/40242_exterior_image_1_left_pair0.png,/data/datasets/DROID/train_v8capinf/kontext/40242_exterior_image_1_left_pair0.png,"Follow the markers in the image: the green box marks the object to grasp, the blue dot marks where to place it. Show the scene after the object has been moved to the marked location. Pick up the object in the container. Place the object on the surface."
/data/datasets/DROID/train_v8capinf/final/11046_exterior_image_2_left_pair0.png,/data/datasets/DROID/train_v8capinf/kontext/11046_exterior_image_2_left_pair0.png,"Follow the markers in the image: the green box marks the object to grasp, the blue dot marks where to place it. Show the scene after the object has been moved to the marked location. Pick up the transparent lid from the table. Place the lid on the pot."
/data/datasets/DROID/train_v8capinf/final/11441_exterior_image_2_left_pair0.png,/data/datasets/DROID/train_v8capinf/kontext/11441_exterior_image_2_left_pair0.png,"Follow the markers in the image: the green box marks the object to grasp, the blue dot marks where to place it. Show the scene after the object has been moved to the marked location. Pick up the red marker from the dark green mug. Place the marker on the table."
/data/datasets/DROID/train_v8capinf/final/15717_exterior_image_1_left_pair0.png,/data/datasets/DROID/train_v8capinf/kontext/15717_exterior_image_1_left_pair0.png,"Follow the markers in the image: the green box marks the object to grasp, the blue dot marks where to place it. Show the scene after the object has been moved to the marked location. Pick up the lid from the tray. Place the lid on the pot."
/data/datasets/DROID/train_v8capinf/final/16737_exterior_image_1_left_pair0.png,/data/datasets/DROID/train_v8capinf/kontext/16737_exterior_image_1_left_pair0.png,"Follow the markers in the image: the green box marks the object to grasp, the blue dot marks where to place it. Show the scene after the object has been moved to the marked location. Pick up the purple toy in the basket. Place the toy on the grey plate."
/data/datasets/DROID/train_v8capinf/final/11179_exterior_image_2_left_pair0.png,/data/datasets/DROID/train_v8capinf/kontext/11179_exterior_image_2_left_pair0.png,"Follow the markers in the image: the green box marks the object to grasp, the blue dot marks where to place it. Show the scene after the object has been moved to the marked location. Pick up the yellow block on the table. Place the yellow block in the cup."
/data/datasets/DROID/train_v8capinf/final/10725_exterior_image_1_left_pair0.png,/data/datasets/DROID/train_v8capinf/kontext/10725_exterior_image_1_left_pair0.png,"Follow the markers in the image: the green box marks the object to grasp, the blue dot marks where to place it. Show the scene after the object has been moved to the marked location. Pick up the cup on the table. Place the cup on the table to the white bowl."
/data/datasets/DROID/train_v8capinf/final/21478_exterior_image_1_left_pair1.png,/data/datasets/DROID/train_v8capinf/kontext/21478_exterior_image_1_left_pair1.png,"Follow the markers in the image: the green box marks the object to grasp, the blue dot marks where to place it. Show the scene after the object has been moved to the marked location. Pick up the second pillow from the sofa. Place the second pillow neatly next to the first pillow on the sofa."
/data/datasets/DROID/train_v8capinf/final/13221_exterior_image_1_left_pair0.png,/data/datasets/DROID/train_v8capinf/kontext/13221_exterior_image_1_left_pair0.png,"Follow the markers in the image: the green box marks the object to grasp, the blue dot marks where to place it. Show the scene after the object has been moved to the marked location. Pick up the marker from the table. Place the marker in the cup."
/data/datasets/DROID/train_v8capinf/final/14208_exterior_image_1_left_pair0.png,/data/datasets/DROID/train_v8capinf/kontext/14208_exterior_image_1_left_pair0.png,"Follow the markers in the image: the green box marks the object to grasp, the blue dot marks where to place it. Show the scene after the object has been moved to the marked location. Pick up the green marker on the table. Place the green marker inside the yellow bowl."
/data/datasets/DROID/train_v8capinf/final/12101_exterior_image_1_left_pair0.png,/data/datasets/DROID/train_v8capinf/kontext/12101_exterior_image_1_left_pair0.png,"Follow the markers in the image: the green box marks the object to grasp, the blue dot marks where to place it. Show the scene after the object has been moved to the marked location. Pick up the green object on the table. Place the green object in the basket."
/data/datasets/DROID/train_v8capinf/final/12495_exterior_image_2_left_pair0.png,/data/datasets/DROID/train_v8capinf/kontext/12495_exterior_image_2_left_pair0.png,"Follow the markers in the image: the green box marks the object to grasp, the blue dot marks where to place it. Show the scene after the object has been moved to the marked location. Pick up the red can from the sink. Place the red can on the countertop."
/data/datasets/DROID/train_v8capinf/final/10879_exterior_image_1_left_pair0.png,/data/datasets/DROID/train_v8capinf/kontext/10879_exterior_image_1_left_pair0.png,"Follow the markers in the image: the green box marks the object to grasp, the blue dot marks where to place it. Show the scene after the object has been moved to the marked location. Pick up the small object on the table. Place the small object on the green block."
/data/datasets/DROID/train_v8capinf/final/12008_exterior_image_2_left_pair0.png,/data/datasets/DROID/train_v8capinf/kontext/12008_exterior_image_2_left_pair0.png,"Follow the markers in the image: the green box marks the object to grasp, the blue dot marks where to place it. Show the scene after the object has been moved to the marked location. Pick up the lid from the countertop. Place the lid on the black pot."
/data/datasets/DROID/train_v8capinf/final/11420_exterior_image_2_left_pair0.png,/data/datasets/DROID/train_v8capinf/kontext/11420_exterior_image_2_left_pair0.png,"Follow the markers in the image: the green box marks the object to grasp, the blue dot marks where to place it. Show the scene after the object has been moved to the marked location. Pick up the cup on the table. Place the cup on the table."
/data/datasets/DROID/train_v8capinf/final/10984_exterior_image_2_left_pair0.png,/data/datasets/DROID/train_v8capinf/kontext/10984_exterior_image_2_left_pair0.png,"Follow the markers in the image: the green box marks the object to grasp, the blue dot marks where to place it. Show the scene after the object has been moved to the marked location. Pick up the sponge on the countertop. Place the sponge in the transparent box."
/data/datasets/DROID/train_v8capinf/final/11649_exterior_image_1_left_pair0.png,/data/datasets/DROID/train_v8capinf/kontext/11649_exterior_image_1_left_pair0.png,"Follow the markers in the image: the green box marks the object to grasp, the blue dot marks where to place it. Show the scene after the object has been moved to the marked location. Pick up the black clothing on the sofa. Place the black clothing inside the white box."
/data/datasets/DROID/train_v8capinf/final/15377_exterior_image_1_left_pair0.png,/data/datasets/DROID/train_v8capinf/kontext/15377_exterior_image_1_left_pair0.png,"Follow the markers in the image: the green box marks the object to grasp, the blue dot marks where to place it. Show the scene after the object has been moved to the marked location. Pick up the jersey on the table. Place the jersey on the back of the chair."
/data/datasets/DROID/train_v8capinf/final/10841_exterior_image_1_left_pair0.png,/data/datasets/DROID/train_v8capinf/kontext/10841_exterior_image_1_left_pair0.png,"Follow the markers in the image: the green box marks the object to grasp, the blue dot marks where to place it. Show the scene after the object has been moved to the marked location. Pick up the cloth on the table. Place the cloth on the black rod."
/data/datasets/DROID/train_v8capinf/final/67849_exterior_image_1_left_pair0.png,/data/datasets/DROID/train_v8capinf/kontext/67849_exterior_image_1_left_pair0.png,"Follow the markers in the image: the green box marks the object to grasp, the blue dot marks where to place it. Show the scene after the object has been moved to the marked location. Pick up the lid from the table. Place the lid on the pot."
/data/datasets/DROID/train_v8capinf/final/11105_exterior_image_1_left_pair0.png,/data/datasets/DROID/train_v8capinf/kontext/11105_exterior_image_1_left_pair0.png,"Follow the markers in the image: the green box marks the object to grasp, the blue dot marks where to place it. Show the scene after the object has been moved to the marked location. Pick up the yellow object on the table. Place the yellow object into the plate."
/data/datasets/DROID/train_v8capinf/final/14616_exterior_image_2_left_pair0.png,/data/datasets/DROID/train_v8capinf/kontext/14616_exterior_image_2_left_pair0.png,"Follow the markers in the image: the green box marks the object to grasp, the blue dot marks where to place it. Show the scene after the object has been moved to the marked location. Pick up the bowl on the table. Place the bowl on the table."
/data/datasets/DROID/train_v8capinf/final/10981_exterior_image_2_left_pair0.png,/data/datasets/DROID/train_v8capinf/kontext/10981_exterior_image_2_left_pair0.png,"Follow the markers in the image: the green box marks the object to grasp, the blue dot marks where to place it. Show the scene after the object has been moved to the marked location. Pick up the bottle on the table. Place the bottle in the clear container."
/data/datasets/DROID/train_v8capinf/final/12401_exterior_image_1_left_pair0.png,/data/datasets/DROID/train_v8capinf/kontext/12401_exterior_image_1_left_pair0.png,"Follow the markers in the image: the green box marks the object to grasp, the blue dot marks where to place it. Show the scene after the object has been moved to the marked location. Pick up the pineapple plush toy from the basket. Place the pineapple plush toy on the black tray."
/data/datasets/DROID/train_v8capinf/final/28259_exterior_image_1_left_pair1.png,/data/datasets/DROID/train_v8capinf/kontext/28259_exterior_image_1_left_pair1.png,"Follow the markers in the image: the green box marks the object to grasp, the blue dot marks where to place it. Show the scene after the object has been moved to the marked location. Pick up the blue object on the table. Place the blue object in the drawer."
/data/datasets/DROID/train_v8capinf/final/36760_exterior_image_2_left_pair3.png,/data/datasets/DROID/train_v8capinf/kontext/36760_exterior_image_2_left_pair3.png,"Follow the markers in the image: the green box marks the object to grasp, the blue dot marks where to place it. Show the scene after the object has been moved to the marked location. Pick up the towel on the table. Place the towel in the plate."
/data/datasets/DROID/train_v8capinf/final/10853_exterior_image_1_left_pair0.png,/data/datasets/DROID/train_v8capinf/kontext/10853_exterior_image_1_left_pair0.png,"Follow the markers in the image: the green box marks the object to grasp, the blue dot marks where to place it. Show the scene after the object has been moved to the marked location. Pick up the cup from the table. Place the cup at the center of the table."
/data/datasets/DROID/train_v8capinf/final/18770_exterior_image_1_left_pair0.png,/data/datasets/DROID/train_v8capinf/kontext/18770_exterior_image_1_left_pair0.png,"Follow the markers in the image: the green box marks the object to grasp, the blue dot marks where to place it. Show the scene after the object has been moved to the marked location. Pick up the marker from the table. Place the marker inside the bowl."
/data/datasets/DROID/train_v8capinf/final/11538_exterior_image_1_left_pair0.png,/data/datasets/DROID/train_v8capinf/kontext/11538_exterior_image_1_left_pair0.png,"Follow the markers in the image: the green box marks the object to grasp, the blue dot marks where to place it. Show the scene after the object has been moved to the marked location. Pick up the salt shaker on the table. Place the salt shaker into the pot."
/data/datasets/DROID/train_v8capinf/final/12104_exterior_image_1_left_pair0.png,/data/datasets/DROID/train_v8capinf/kontext/12104_exterior_image_1_left_pair0.png,"Follow the markers in the image: the green box marks the object to grasp, the blue dot marks where to place it. Show the scene after the object has been moved to the marked location. Pick up the triangle block on the table. Place the triangle block on the top of the cube."
/data/datasets/DROID/train_v8capinf/final/11298_exterior_image_2_left_pair0.png,/data/datasets/DROID/train_v8capinf/kontext/11298_exterior_image_2_left_pair0.png,"Follow the markers in the image: the green box marks the object to grasp, the blue dot marks where to place it. Show the scene after the object has been moved to the marked location. Pick up the peach from the bookshelf. Place the peach on the top of the bookshelf."
/data/datasets/DROID/train_v8capinf/final/15540_exterior_image_2_left_pair0.png,/data/datasets/DROID/train_v8capinf/kontext/15540_exterior_image_2_left_pair0.png,"Follow the markers in the image: the green box marks the object to grasp, the blue dot marks where to place it. Show the scene after the object has been moved to the marked location. Pick up the lid from the pot. Place the lid on the table."
/data/datasets/DROID/train_v8capinf/final/11295_exterior_image_2_left_pair0.png,/data/datasets/DROID/train_v8capinf/kontext/11295_exterior_image_2_left_pair0.png,"Follow the markers in the image: the green box marks the object to grasp, the blue dot marks where to place it. Show the scene after the object has been moved to the marked location. Pick up the egg from the box. Place the egg on the countertop."
/data/datasets/DROID/train_v8capinf/final/11619_exterior_image_1_left_pair0.png,/data/datasets/DROID/train_v8capinf/kontext/11619_exterior_image_1_left_pair0.png,"Follow the markers in the image: the green box marks the object to grasp, the blue dot marks where to place it. Show the scene after the object has been moved to the marked location. Pick up the object on the table. Place the object in the box."
/data/datasets/DROID/train_v8capinf/final/10921_exterior_image_2_left_pair0.png,/data/datasets/DROID/train_v8capinf/kontext/10921_exterior_image_2_left_pair0.png,"Follow the markers in the image: the green box marks the object to grasp, the blue dot marks where to place it. Show the scene after the object has been moved to the marked location. Pick up the lid from the countertop. Place the lid on the container."
/data/datasets/DROID/train_v8capinf/final/14351_exterior_image_1_left_pair0.png,/data/datasets/DROID/train_v8capinf/kontext/14351_exterior_image_1_left_pair0.png,"Follow the markers in the image: the green box marks the object to grasp, the blue dot marks where to place it. Show the scene after the object has been moved to the marked location. Pick up the metal can from the countertop. Place the metal can into the cupboard."
/data/datasets/DROID/train_v8capinf/final/12957_exterior_image_1_left_pair0.png,/data/datasets/DROID/train_v8capinf/kontext/12957_exterior_image_1_left_pair0.png,"Follow the markers in the image: the green box marks the object to grasp, the blue dot marks where to place it. Show the scene after the object has been moved to the marked location. Pick up the wooden spoon from the pot. Place the wooden spoon on the countertop."
/data/datasets/DROID/train_v8capinf/final/27639_exterior_image_2_left_pair1.png,/data/datasets/DROID/train_v8capinf/kontext/27639_exterior_image_2_left_pair1.png,"Follow the markers in the image: the green box marks the object to grasp, the blue dot marks where to place it. Show the scene after the object has been moved to the marked location. Pick up the block on the two blocks. Place the block on the shelf."
/data/datasets/DROID/train_v8capinf/final/11948_exterior_image_2_left_pair0.png,/data/datasets/DROID/train_v8capinf/kontext/11948_exterior_image_2_left_pair0.png,"Follow the markers in the image: the green box marks the object to grasp, the blue dot marks where to place it. Show the scene after the object has been moved to the marked location. Pick up the green object from the tabletop. Place the green object in the sink."
/data/datasets/DROID/train_v8capinf/final/12799_exterior_image_2_left_pair0.png,/data/datasets/DROID/train_v8capinf/kontext/12799_exterior_image_2_left_pair0.png,"Follow the markers in the image: the green box marks the object to grasp, the blue dot marks where to place it. Show the scene after the object has been moved to the marked location. Pick up the cup on the table. Place the cup at the target position."
/data/datasets/DROID/train_v8capinf/final/11958_exterior_image_1_left_pair0.png,/data/datasets/DROID/train_v8capinf/kontext/11958_exterior_image_1_left_pair0.png,"Follow the markers in the image: the green box marks the object to grasp, the blue dot marks where to place it. Show the scene after the object has been moved to the marked location. Pick up the white board eraser. Place the white board eraser on the stand."
/data/datasets/DROID/train_v8capinf/final/12657_exterior_image_1_left_pair1.png,/data/datasets/DROID/train_v8capinf/kontext/12657_exterior_image_1_left_pair1.png,"Follow the markers in the image: the green box marks the object to grasp, the blue dot marks where to place it. Show the scene after the object has been moved to the marked location. Pick up the towel on the tray. Place the towel on the table."
/data/datasets/DROID/train_v8capinf/final/11458_exterior_image_1_left_pair0.png,/data/datasets/DROID/train_v8capinf/kontext/11458_exterior_image_1_left_pair0.png,"Follow the markers in the image: the green box marks the object to grasp, the blue dot marks where to place it. Show the scene after the object has been moved to the marked location. Pick up the blue shirt from the box. Place the blue shirt on the desk."
/data/datasets/DROID/train_v8capinf/final/11458_exterior_image_1_left_pair1.png,/data/datasets/DROID/train_v8capinf/kontext/11458_exterior_image_1_left_pair1.png,"Follow the markers in the image: the green box marks the object to grasp, the blue dot marks where to place it. Show the scene after the object has been moved to the marked location. Pick up the blue shirt from the desk. Place the blue shirt into the red box."
/data/datasets/DROID/train_v8capinf/final/14883_exterior_image_2_left_pair0.png,/data/datasets/DROID/train_v8capinf/kontext/14883_exterior_image_2_left_pair0.png,"Follow the markers in the image: the green box marks the object to grasp, the blue dot marks where to place it. Show the scene after the object has been moved to the marked location. Pick up the pen on the table. Place the pen in the cup."
/data/datasets/DROID/train_v8capinf/final/10709_exterior_image_2_left_pair0.png,/data/datasets/DROID/train_v8capinf/kontext/10709_exterior_image_2_left_pair0.png,"Follow the markers in the image: the green box marks the object to grasp, the blue dot marks where to place it. Show the scene after the object has been moved to the marked location. Move the blue sauce bottle to the cup. Place the blue sauce bottle on the table."
/data/datasets/DROID/train_v8capinf/final/2301_exterior_image_2_left_pair0.png,/data/datasets/DROID/train_v8capinf/kontext/2301_exterior_image_2_left_pair0.png,"Follow the markers in the image: the green box marks the object to grasp, the blue dot marks where to place it. Show the scene after the object has been moved to the marked location. Pick up the orange block on the table. Place the orange block on the green block."
/data/datasets/DROID/train_v8capinf/final/11171_exterior_image_1_left_pair0.png,/data/datasets/DROID/train_v8capinf/kontext/11171_exterior_image_1_left_pair0.png,"Follow the markers in the image: the green box marks the object to grasp, the blue dot marks where to place it. Show the scene after the object has been moved to the marked location. Pick up the black cloth from the top of the chair. Place the black cloth on the table."
/data/datasets/DROID/train_v8capinf/final/14116_exterior_image_1_left_pair0.png,/data/datasets/DROID/train_v8capinf/kontext/14116_exterior_image_1_left_pair0.png,"Follow the markers in the image: the green box marks the object to grasp, the blue dot marks where to place it. Show the scene after the object has been moved to the marked location. Pick up the white towel from the second layer cabinet. Place the white towel on the table."
/data/datasets/DROID/train_v8capinf/final/10668_exterior_image_1_left_pair0.png,/data/datasets/DROID/train_v8capinf/kontext/10668_exterior_image_1_left_pair0.png,"Follow the markers in the image: the green box marks the object to grasp, the blue dot marks where to place it. Show the scene after the object has been moved to the marked location. Pick up the orange object from the drying rack. Place the orange cup inside the sink."
/data/datasets/DROID/train_v8capinf/final/23831_exterior_image_1_left_pair0.png,/data/datasets/DROID/train_v8capinf/kontext/23831_exterior_image_1_left_pair0.png,"Follow the markers in the image: the green box marks the object to grasp, the blue dot marks where to place it. Show the scene after the object has been moved to the marked location. Pick up the cushion on the sofa. Place the cushion on the sofa."
/data/datasets/DROID/train_v8capinf/final/2206_exterior_image_1_left_pair0.png,/data/datasets/DROID/train_v8capinf/kontext/2206_exterior_image_1_left_pair0.png,"Follow the markers in the image: the green box marks the object to grasp, the blue dot marks where to place it. Show the scene after the object has been moved to the marked location. Pick up the bottle from the table. Place the bottle on the tray."
/data/datasets/DROID/train_v8capinf/final/15934_exterior_image_2_left_pair0.png,/data/datasets/DROID/train_v8capinf/kontext/15934_exterior_image_2_left_pair0.png,"Follow the markers in the image: the green box marks the object to grasp, the blue dot marks where to place it. Show the scene after the object has been moved to the marked location. Pick up the brown block on the table. Place the brown block on the green block."
/data/datasets/DROID/train_v8capinf/final/14596_exterior_image_1_left_pair0.png,/data/datasets/DROID/train_v8capinf/kontext/14596_exterior_image_1_left_pair0.png,"Follow the markers in the image: the green box marks the object to grasp, the blue dot marks where to place it. Show the scene after the object has been moved to the marked location. Pick up the can on the table. Place the can on the shelf."
/data/datasets/DROID/train_v8capinf/final/14492_exterior_image_1_left_pair0.png,/data/datasets/DROID/train_v8capinf/kontext/14492_exterior_image_1_left_pair0.png,"Follow the markers in the image: the green box marks the object to grasp, the blue dot marks where to place it. Show the scene after the object has been moved to the marked location. Pick up the bowl from the white tray. Place the bowl on the table."
/data/datasets/DROID/train_v8capinf/final/11553_exterior_image_2_left_pair0.png,/data/datasets/DROID/train_v8capinf/kontext/11553_exterior_image_2_left_pair0.png,"Follow the markers in the image: the green box marks the object to grasp, the blue dot marks where to place it. Show the scene after the object has been moved to the marked location. Pick up the cup on the table. Place the green cup on the table."
/data/datasets/DROID/train_v8capinf/final/14217_exterior_image_1_left_pair0.png,/data/datasets/DROID/train_v8capinf/kontext/14217_exterior_image_1_left_pair0.png,"Follow the markers in the image: the green box marks the object to grasp, the blue dot marks where to place it. Show the scene after the object has been moved to the marked location. Pick up the maize cob on the blue table. Place the maize cob inside the white bowl."
/data/datasets/DROID/train_v8capinf/final/26690_exterior_image_1_left_pair0.png,/data/datasets/DROID/train_v8capinf/kontext/26690_exterior_image_1_left_pair0.png,"Follow the markers in the image: the green box marks the object to grasp, the blue dot marks where to place it. Show the scene after the object has been moved to the marked location. Pick up the marker on the black table. Place the marker on the blue mat."
/data/datasets/DROID/train_v8capinf/final/12407_exterior_image_1_left_pair0.png,/data/datasets/DROID/train_v8capinf/kontext/12407_exterior_image_1_left_pair0.png,"Follow the markers in the image: the green box marks the object to grasp, the blue dot marks where to place it. Show the scene after the object has been moved to the marked location. Pick up the marker from the silver bowl. Place the marker on the table."
/data/datasets/DROID/train_v8capinf/final/12670_exterior_image_2_left_pair0.png,/data/datasets/DROID/train_v8capinf/kontext/12670_exterior_image_2_left_pair0.png,"Follow the markers in the image: the green box marks the object to grasp, the blue dot marks where to place it. Show the scene after the object has been moved to the marked location. Pick up the turtle plush toy from the counter. Place the turtle plush toy on the counter."
/data/datasets/DROID/train_v8capinf/final/24073_exterior_image_2_left_pair0.png,/data/datasets/DROID/train_v8capinf/kontext/24073_exterior_image_2_left_pair0.png,"Follow the markers in the image: the green box marks the object to grasp, the blue dot marks where to place it. Show the scene after the object has been moved to the marked location. Pick up the bowl of the table. Place the bowl on the table."
/data/datasets/DROID/train_v8capinf/final/47019_exterior_image_1_left_pair0.png,/data/datasets/DROID/train_v8capinf/kontext/47019_exterior_image_1_left_pair0.png,"Follow the markers in the image: the green box marks the object to grasp, the blue dot marks where to place it. Show the scene after the object has been moved to the marked location. Pick up the red marker from the blue table. Place the red marker in the bowl."
/data/datasets/DROID/train_v8capinf/final/76238_exterior_image_1_left_pair0.png,/data/datasets/DROID/train_v8capinf/kontext/76238_exterior_image_1_left_pair0.png,"Follow the markers in the image: the green box marks the object to grasp, the blue dot marks where to place it. Show the scene after the object has been moved to the marked location. Pick up the marker from the table. Place the marker in the white bowl."
/data/datasets/DROID/train_v8capinf/final/23532_exterior_image_2_left_pair0.png,/data/datasets/DROID/train_v8capinf/kontext/23532_exterior_image_2_left_pair0.png,"Follow the markers in the image: the green box marks the object to grasp, the blue dot marks where to place it. Show the scene after the object has been moved to the marked location. Pick up the object from the table. Place the object at the designated position on the table."
/data/datasets/DROID/train_v8capinf/final/4542_exterior_image_2_left_pair0.png,/data/datasets/DROID/train_v8capinf/kontext/4542_exterior_image_2_left_pair0.png,"Follow the markers in the image: the green box marks the object to grasp, the blue dot marks where to place it. Show the scene after the object has been moved to the marked location. Pick up the doll on the table. Place the doll in the white bowl."
/data/datasets/DROID/train_v8capinf/final/11898_exterior_image_1_left_pair0.png,/data/datasets/DROID/train_v8capinf/kontext/11898_exterior_image_1_left_pair0.png,"Follow the markers in the image: the green box marks the object to grasp, the blue dot marks where to place it. Show the scene after the object has been moved to the marked location. Pick up the bag on the table. Place the orange bag on the shelf."
/data/datasets/DROID/train_v8capinf/final/11110_exterior_image_2_left_pair0.png,/data/datasets/DROID/train_v8capinf/kontext/11110_exterior_image_2_left_pair0.png,"Follow the markers in the image: the green box marks the object to grasp, the blue dot marks where to place it. Show the scene after the object has been moved to the marked location. Pick up the watermelon toy from the table. Place the watermelon toy inside the little pot."
/data/datasets/DROID/train_v8capinf/final/11110_exterior_image_2_left_pair1.png,/data/datasets/DROID/train_v8capinf/kontext/11110_exterior_image_2_left_pair1.png,"Follow the markers in the image: the green box marks the object to grasp, the blue dot marks where to place it. Show the scene after the object has been moved to the marked location. Pick up the lid of the little pot. Place the lid on top of the little pot."
/data/datasets/DROID/train_v8capinf/final/19325_exterior_image_2_left_pair0.png,/data/datasets/DROID/train_v8capinf/kontext/19325_exterior_image_2_left_pair0.png,"Follow the markers in the image: the green box marks the object to grasp, the blue dot marks where to place it. Show the scene after the object has been moved to the marked location. Pick up the jar on the table. Place the jar on the metal plate."
/data/datasets/DROID/train_v8capinf/final/19192_exterior_image_2_left_pair0.png,/data/datasets/DROID/train_v8capinf/kontext/19192_exterior_image_2_left_pair0.png,"Follow the markers in the image: the green box marks the object to grasp, the blue dot marks where to place it. Show the scene after the object has been moved to the marked location. Pick up the object on the white plate. Place the object on the desktop."
/data/datasets/DROID/train_v8capinf/final/39383_exterior_image_2_left_pair0.png,/data/datasets/DROID/train_v8capinf/kontext/39383_exterior_image_2_left_pair0.png,"Follow the markers in the image: the green box marks the object to grasp, the blue dot marks where to place it. Show the scene after the object has been moved to the marked location. Pick up the cup from the table. Place the cup in the specified position on the table."
/data/datasets/DROID/train_v8capinf/final/38489_exterior_image_1_left_pair0.png,/data/datasets/DROID/train_v8capinf/kontext/38489_exterior_image_1_left_pair0.png,"Follow the markers in the image: the green box marks the object to grasp, the blue dot marks where to place it. Show the scene after the object has been moved to the marked location. Pick up the green soda can from the sink. Place the green soda can on the counter."
/data/datasets/DROID/train_v8capinf/final/2305_exterior_image_1_left_pair0.png,/data/datasets/DROID/train_v8capinf/kontext/2305_exterior_image_1_left_pair0.png,"Follow the markers in the image: the green box marks the object to grasp, the blue dot marks where to place it. Show the scene after the object has been moved to the marked location. Pick up the yellow object from the table. Place the yellow object on the table."
/data/datasets/DROID/train_v8capinf/final/27330_exterior_image_2_left_pair0.png,/data/datasets/DROID/train_v8capinf/kontext/27330_exterior_image_2_left_pair0.png,"Follow the markers in the image: the green box marks the object to grasp, the blue dot marks where to place it. Show the scene after the object has been moved to the marked location. Pick up the orange sweatshirt from the table. Place the orange sweatshirt unfolded on the table."
/data/datasets/DROID/train_v8capinf/final/28335_exterior_image_1_left_pair1.png,/data/datasets/DROID/train_v8capinf/kontext/28335_exterior_image_1_left_pair1.png,"Follow the markers in the image: the green box marks the object to grasp, the blue dot marks where to place it. Show the scene after the object has been moved to the marked location. Pick up the cup from the tray. Place the cup on the table."
/data/datasets/DROID/train_v8capinf/final/19911_exterior_image_1_left_pair0.png,/data/datasets/DROID/train_v8capinf/kontext/19911_exterior_image_1_left_pair0.png,"Follow the markers in the image: the green box marks the object to grasp, the blue dot marks where to place it. Show the scene after the object has been moved to the marked location. Pick up the charger head from the table. Place the charger head in the slot on the extension cord."
/data/datasets/DROID/train_v8capinf/final/15536_exterior_image_1_left_pair0.png,/data/datasets/DROID/train_v8capinf/kontext/15536_exterior_image_1_left_pair0.png,"Follow the markers in the image: the green box marks the object to grasp, the blue dot marks where to place it. Show the scene after the object has been moved to the marked location. Pick up the sauce bottle on the table. Place the sauce bottle in the sink."
/data/datasets/DROID/train_v8capinf/final/11650_exterior_image_2_left_pair0.png,/data/datasets/DROID/train_v8capinf/kontext/11650_exterior_image_2_left_pair0.png,"Follow the markers in the image: the green box marks the object to grasp, the blue dot marks where to place it. Show the scene after the object has been moved to the marked location. Pick up the cube from the bowl. Place the cube on the rack."
/data/datasets/DROID/train_v8capinf/final/37691_exterior_image_1_left_pair0.png,/data/datasets/DROID/train_v8capinf/kontext/37691_exterior_image_1_left_pair0.png,"Follow the markers in the image: the green box marks the object to grasp, the blue dot marks where to place it. Show the scene after the object has been moved to the marked location. Pick up the cup from the grey tray. Place the cup on the countertop."
/data/datasets/DROID/train_v8capinf/final/16115_exterior_image_2_left_pair0.png,/data/datasets/DROID/train_v8capinf/kontext/16115_exterior_image_2_left_pair0.png,"Follow the markers in the image: the green box marks the object to grasp, the blue dot marks where to place it. Show the scene after the object has been moved to the marked location. Pick up the cube from the table. Place the cube in the middle of the table."
/data/datasets/DROID/train_v8capinf/final/35253_exterior_image_1_left_pair0.png,/data/datasets/DROID/train_v8capinf/kontext/35253_exterior_image_1_left_pair0.png,"Follow the markers in the image: the green box marks the object to grasp, the blue dot marks where to place it. Show the scene after the object has been moved to the marked location. Pick up a pile of objects on the table. Place the pile of objects in a spread out place on the table."
/data/datasets/DROID/train_v8capinf/final/86390_exterior_image_2_left_pair0.png,/data/datasets/DROID/train_v8capinf/kontext/86390_exterior_image_2_left_pair0.png,"Follow the markers in the image: the green box marks the object to grasp, the blue dot marks where to place it. Show the scene after the object has been moved to the marked location. Pick up the drink on the table. Place the drink in the drawer."
/data/datasets/DROID/train_v8capinf/final/48097_exterior_image_1_left_pair0.png,/data/datasets/DROID/train_v8capinf/kontext/48097_exterior_image_1_left_pair0.png,"Follow the markers in the image: the green box marks the object to grasp, the blue dot marks where to place it. Show the scene after the object has been moved to the marked location. Pick up the packet from the box. Place the packet on the table."
/data/datasets/DROID/train_v8capinf/final/21417_exterior_image_1_left_pair0.png,/data/datasets/DROID/train_v8capinf/kontext/21417_exterior_image_1_left_pair0.png,"Follow the markers in the image: the green box marks the object to grasp, the blue dot marks where to place it. Show the scene after the object has been moved to the marked location. Pick up the marker from the table. Place the marker in the bowl."
/data/datasets/DROID/train_v8capinf/final/17436_exterior_image_2_left_pair0.png,/data/datasets/DROID/train_v8capinf/kontext/17436_exterior_image_2_left_pair0.png,"Follow the markers in the image: the green box marks the object to grasp, the blue dot marks where to place it. Show the scene after the object has been moved to the marked location. Pick up the orange object next to the silver cup. Place the orange object in the silver cup."
/data/datasets/DROID/train_v8capinf/final/1365_exterior_image_1_left_pair0.png,/data/datasets/DROID/train_v8capinf/kontext/1365_exterior_image_1_left_pair0.png,"Follow the markers in the image: the green box marks the object to grasp, the blue dot marks where to place it. Show the scene after the object has been moved to the marked location. Pick up the toy from the table. Place the toy on the table."
/data/datasets/DROID/train_v8capinf/final/68_exterior_image_1_left_pair0.png,/data/datasets/DROID/train_v8capinf/kontext/68_exterior_image_1_left_pair0.png,"Follow the markers in the image: the green box marks the object to grasp, the blue dot marks where to place it. Show the scene after the object has been moved to the marked location. Pick up the pen next to the transparent bowl. Place the pen in the transparent bowl."
/data/datasets/DROID/train_v8capinf/final/14616_exterior_image_1_left_pair0.png,/data/datasets/DROID/train_v8capinf/kontext/14616_exterior_image_1_left_pair0.png,"Follow the markers in the image: the green box marks the object to grasp, the blue dot marks where to place it. Show the scene after the object has been moved to the marked location. Pick up the bowl on the table. Place the bowl on the table."
/data/datasets/DROID/train_v8capinf/final/15219_exterior_image_2_left_pair0.png,/data/datasets/DROID/train_v8capinf/kontext/15219_exterior_image_2_left_pair0.png,"Follow the markers in the image: the green box marks the object to grasp, the blue dot marks where to place it. Show the scene after the object has been moved to the marked location. Pick up the can from the sink. Place the can on the countertop."
/data/datasets/DROID/train_v8capinf/final/1830_exterior_image_1_left_pair0.png,/data/datasets/DROID/train_v8capinf/kontext/1830_exterior_image_1_left_pair0.png,"Follow the markers in the image: the green box marks the object to grasp, the blue dot marks where to place it. Show the scene after the object has been moved to the marked location. Pick up the banana toy from the black pot. Place the banana toy in the box."
/data/datasets/DROID/train_v8capinf/final/78940_exterior_image_2_left_pair0.png,/data/datasets/DROID/train_v8capinf/kontext/78940_exterior_image_2_left_pair0.png,"Follow the markers in the image: the green box marks the object to grasp, the blue dot marks where to place it. Show the scene after the object has been moved to the marked location. Pick up the orange block from the table. Place the orange block on top of the green block."
/data/datasets/DROID/train_v8capinf/final/54016_exterior_image_1_left_pair0.png,/data/datasets/DROID/train_v8capinf/kontext/54016_exterior_image_1_left_pair0.png,"Follow the markers in the image: the green box marks the object to grasp, the blue dot marks where to place it. Show the scene after the object has been moved to the marked location. Pick up the cookie from the top of the table. Place the cookie in the drawer."
/data/datasets/DROID/train_v8capinf/final/35151_exterior_image_2_left_pair0.png,/data/datasets/DROID/train_v8capinf/kontext/35151_exterior_image_2_left_pair0.png,"Follow the markers in the image: the green box marks the object to grasp, the blue dot marks where to place it. Show the scene after the object has been moved to the marked location. Pick up the black shirt on the table. Place the black shirt on the table."
/data/datasets/DROID/train_v8capinf/final/15752_exterior_image_2_left_pair0.png,/data/datasets/DROID/train_v8capinf/kontext/15752_exterior_image_2_left_pair0.png,"Follow the markers in the image: the green box marks the object to grasp, the blue dot marks where to place it. Show the scene after the object has been moved to the marked location. Pick up the silver lid from the glass container. Place the silver lid on the countertop."
/data/datasets/DROID/train_v8capinf/final/27362_exterior_image_1_left_pair0.png,/data/datasets/DROID/train_v8capinf/kontext/27362_exterior_image_1_left_pair0.png,"Follow the markers in the image: the green box marks the object to grasp, the blue dot marks where to place it. Show the scene after the object has been moved to the marked location. Pick up the metal can from the sink. Place the metal can on the tabletop."
/data/datasets/DROID/train_v8capinf/final/17884_exterior_image_2_left_pair0.png,/data/datasets/DROID/train_v8capinf/kontext/17884_exterior_image_2_left_pair0.png,"Follow the markers in the image: the green box marks the object to grasp, the blue dot marks where to place it. Show the scene after the object has been moved to the marked location. Pick up the green object from the sink. Place the green object on the table."
/data/datasets/DROID/train_v8capinf/final/54643_exterior_image_1_left_pair0.png,/data/datasets/DROID/train_v8capinf/kontext/54643_exterior_image_1_left_pair0.png,"Follow the markers in the image: the green box marks the object to grasp, the blue dot marks where to place it. Show the scene after the object has been moved to the marked location. Pick up the marker from the blue table. Place the marker in the bowl."
/data/datasets/DROID/train_v8capinf/final/28096_exterior_image_2_left_pair0.png,/data/datasets/DROID/train_v8capinf/kontext/28096_exterior_image_2_left_pair0.png,"Follow the markers in the image: the green box marks the object to grasp, the blue dot marks where to place it. Show the scene after the object has been moved to the marked location. Pick up the cup in the sink. Place the cup on the table."
/data/datasets/DROID/train_v8capinf/final/12547_exterior_image_2_left_pair0.png,/data/datasets/DROID/train_v8capinf/kontext/12547_exterior_image_2_left_pair0.png,"Follow the markers in the image: the green box marks the object to grasp, the blue dot marks where to place it. Show the scene after the object has been moved to the marked location. Pick up the lid on the table. Place the lid on the box."
/data/datasets/DROID/train_v8capinf/final/13898_exterior_image_1_left_pair0.png,/data/datasets/DROID/train_v8capinf/kontext/13898_exterior_image_1_left_pair0.png,"Follow the markers in the image: the green box marks the object to grasp, the blue dot marks where to place it. Show the scene after the object has been moved to the marked location. Pick up the towel on the table. Place the towel on the rack."
/data/datasets/DROID/train_v8capinf/final/19550_exterior_image_1_left_pair0.png,/data/datasets/DROID/train_v8capinf/kontext/19550_exterior_image_1_left_pair0.png,"Follow the markers in the image: the green box marks the object to grasp, the blue dot marks where to place it. Show the scene after the object has been moved to the marked location. Pick up the cube from the red bowl. Place the cube in the box."
/data/datasets/DROID/train_v8capinf/final/17950_exterior_image_1_left_pair0.png,/data/datasets/DROID/train_v8capinf/kontext/17950_exterior_image_1_left_pair0.png,"Follow the markers in the image: the green box marks the object to grasp, the blue dot marks where to place it. Show the scene after the object has been moved to the marked location. Pick up the animal plush toy from under the table. Place the animal plush toy above the table."
/data/datasets/DROID/train_v8capinf/final/13138_exterior_image_2_left_pair0.png,/data/datasets/DROID/train_v8capinf/kontext/13138_exterior_image_2_left_pair0.png,"Follow the markers in the image: the green box marks the object to grasp, the blue dot marks where to place it. Show the scene after the object has been moved to the marked location. Pick up the pineapple from the table. Place the pineapple on the table."
/data/datasets/DROID/train_v8capinf/final/39819_exterior_image_2_left_pair0.png,/data/datasets/DROID/train_v8capinf/kontext/39819_exterior_image_2_left_pair0.png,"Follow the markers in the image: the green box marks the object to grasp, the blue dot marks where to place it. Show the scene after the object has been moved to the marked location. Pick up the teddy bear from the middle of the table. Place the teddy bear on the table."
/data/datasets/DROID/train_v8capinf/final/18785_exterior_image_2_left_pair0.png,/data/datasets/DROID/train_v8capinf/kontext/18785_exterior_image_2_left_pair0.png,"Follow the markers in the image: the green box marks the object to grasp, the blue dot marks where to place it. Show the scene after the object has been moved to the marked location. Pick up the lid from the table. Place the lid on top of the blue pot."
/data/datasets/DROID/train_v8capinf/final/34440_exterior_image_1_left_pair0.png,/data/datasets/DROID/train_v8capinf/kontext/34440_exterior_image_1_left_pair0.png,"Follow the markers in the image: the green box marks the object to grasp, the blue dot marks where to place it. Show the scene after the object has been moved to the marked location. Pick up the lid on the pot. Place the lid on the table."
/data/datasets/DROID/train_v8capinf/final/30312_exterior_image_1_left_pair0.png,/data/datasets/DROID/train_v8capinf/kontext/30312_exterior_image_1_left_pair0.png,"Follow the markers in the image: the green box marks the object to grasp, the blue dot marks where to place it. Show the scene after the object has been moved to the marked location. Pick up the cup from the blue tray. Place the cup on the rack."
/data/datasets/DROID/train_v8capinf/final/12272_exterior_image_2_left_pair0.png,/data/datasets/DROID/train_v8capinf/kontext/12272_exterior_image_2_left_pair0.png,"Follow the markers in the image: the green box marks the object to grasp, the blue dot marks where to place it. Show the scene after the object has been moved to the marked location. Pick up the plush toy on the table. Place the plush toy in the center of the table."
/data/datasets/DROID/train_v8capinf/final/11050_exterior_image_1_left_pair0.png,/data/datasets/DROID/train_v8capinf/kontext/11050_exterior_image_1_left_pair0.png,"Follow the markers in the image: the green box marks the object to grasp, the blue dot marks where to place it. Show the scene after the object has been moved to the marked location. Pick up the green can on the countertop. Place the green can in the bowl."
/data/datasets/DROID/train_v8capinf/final/28144_exterior_image_2_left_pair0.png,/data/datasets/DROID/train_v8capinf/kontext/28144_exterior_image_2_left_pair0.png,"Follow the markers in the image: the green box marks the object to grasp, the blue dot marks where to place it. Show the scene after the object has been moved to the marked location. Pick up the teabag on the table. Place the teabag in the cup."
/data/datasets/DROID/train_v8capinf/final/10850_exterior_image_1_left_pair0.png,/data/datasets/DROID/train_v8capinf/kontext/10850_exterior_image_1_left_pair0.png,"Follow the markers in the image: the green box marks the object to grasp, the blue dot marks where to place it. Show the scene after the object has been moved to the marked location. Pick up the marker in the cup. Place the marker on the tabletop."
/data/datasets/DROID/train_v8capinf/final/56875_exterior_image_2_left_pair0.png,/data/datasets/DROID/train_v8capinf/kontext/56875_exterior_image_2_left_pair0.png,"Follow the markers in the image: the green box marks the object to grasp, the blue dot marks where to place it. Show the scene after the object has been moved to the marked location. Pick up the orange block from the table. Place the orange block on top of the green block."
/data/datasets/DROID/train_v8capinf/final/13958_exterior_image_2_left_pair0.png,/data/datasets/DROID/train_v8capinf/kontext/13958_exterior_image_2_left_pair0.png,"Follow the markers in the image: the green box marks the object to grasp, the blue dot marks where to place it. Show the scene after the object has been moved to the marked location. Pick up the white object on the table. Place the white object in front of the table."
/data/datasets/DROID/train_v8capinf/final/21450_exterior_image_1_left_pair0.png,/data/datasets/DROID/train_v8capinf/kontext/21450_exterior_image_1_left_pair0.png,"Follow the markers in the image: the green box marks the object to grasp, the blue dot marks where to place it. Show the scene after the object has been moved to the marked location. Pick up the can in the pool. Place the can on the tabletop."
/data/datasets/DROID/train_v8capinf/final/11625_exterior_image_1_left_pair0.png,/data/datasets/DROID/train_v8capinf/kontext/11625_exterior_image_1_left_pair0.png,"Follow the markers in the image: the green box marks the object to grasp, the blue dot marks where to place it. Show the scene after the object has been moved to the marked location. Pick up the trash can in the middle of the table. Place the trash can on the table."
/data/datasets/DROID/train_v8capinf/final/17161_exterior_image_1_left_pair0.png,/data/datasets/DROID/train_v8capinf/kontext/17161_exterior_image_1_left_pair0.png,"Follow the markers in the image: the green box marks the object to grasp, the blue dot marks where to place it. Show the scene after the object has been moved to the marked location. Pick up the red can from the counter. Place the red can in the cabinet."
/data/datasets/DROID/train_v8capinf/final/9397_exterior_image_2_left_pair0.png,/data/datasets/DROID/train_v8capinf/kontext/9397_exterior_image_2_left_pair0.png,"Follow the markers in the image: the green box marks the object to grasp, the blue dot marks where to place it. Show the scene after the object has been moved to the marked location. Pick up the cup from the sink. Place the cup on the countertop."
/data/datasets/DROID/train_v8capinf/final/23903_exterior_image_1_left_pair0.png,/data/datasets/DROID/train_v8capinf/kontext/23903_exterior_image_1_left_pair0.png,"Follow the markers in the image: the green box marks the object to grasp, the blue dot marks where to place it. Show the scene after the object has been moved to the marked location. Pick up the cup on the table. Place the cup on the underside of the table."
/data/datasets/DROID/train_v8capinf/final/15930_exterior_image_2_left_pair0.png,/data/datasets/DROID/train_v8capinf/kontext/15930_exterior_image_2_left_pair0.png,"Follow the markers in the image: the green box marks the object to grasp, the blue dot marks where to place it. Show the scene after the object has been moved to the marked location. Pick up the blue cup on the table. Place the blue cup in the pot."
/data/datasets/DROID/train_v8capinf/final/29567_exterior_image_2_left_pair0.png,/data/datasets/DROID/train_v8capinf/kontext/29567_exterior_image_2_left_pair0.png,"Follow the markers in the image: the green box marks the object to grasp, the blue dot marks where to place it. Show the scene after the object has been moved to the marked location. Pick up the towel on the table. Place the towel in the object."
/data/datasets/DROID/train_v8capinf/final/63865_exterior_image_2_left_pair0.png,/data/datasets/DROID/train_v8capinf/kontext/63865_exterior_image_2_left_pair0.png,"Follow the markers in the image: the green box marks the object to grasp, the blue dot marks where to place it. Show the scene after the object has been moved to the marked location. Pick up the clothes hanger on the shelf. Place the clothes hanger on the table."
/data/datasets/DROID/train_v8capinf/final/18288_exterior_image_1_left_pair0.png,/data/datasets/DROID/train_v8capinf/kontext/18288_exterior_image_1_left_pair0.png,"Follow the markers in the image: the green box marks the object to grasp, the blue dot marks where to place it. Show the scene after the object has been moved to the marked location. Pick up the orange bowl from the table. Place the orange bowl in the black bowl."
/data/datasets/DROID/train_v8capinf/final/10967_exterior_image_1_left_pair0.png,/data/datasets/DROID/train_v8capinf/kontext/10967_exterior_image_1_left_pair0.png,"Follow the markers in the image: the green box marks the object to grasp, the blue dot marks where to place it. Show the scene after the object has been moved to the marked location. Pick up the yellow block. Place the yellow block on the side of the table."
/data/datasets/DROID/train_v8capinf/final/37738_exterior_image_1_left_pair0.png,/data/datasets/DROID/train_v8capinf/kontext/37738_exterior_image_1_left_pair0.png,"Follow the markers in the image: the green box marks the object to grasp, the blue dot marks where to place it. Show the scene after the object has been moved to the marked location. Pick up the bag on the desk. Place the bag in the sink."
/data/datasets/DROID/train_v8capinf/final/79556_exterior_image_2_left_pair0.png,/data/datasets/DROID/train_v8capinf/kontext/79556_exterior_image_2_left_pair0.png,"Follow the markers in the image: the green box marks the object to grasp, the blue dot marks where to place it. Show the scene after the object has been moved to the marked location. Pick up the green object from the bowl. Place the green object on the countertop."
/data/datasets/DROID/train_v8capinf/final/60678_exterior_image_1_left_pair0.png,/data/datasets/DROID/train_v8capinf/kontext/60678_exterior_image_1_left_pair0.png,"Follow the markers in the image: the green box marks the object to grasp, the blue dot marks where to place it. Show the scene after the object has been moved to the marked location. Pick up the marker from the table. Place the marker in the cup."
/data/datasets/DROID/train_v8capinf/final/13865_exterior_image_2_left_pair0.png,/data/datasets/DROID/train_v8capinf/kontext/13865_exterior_image_2_left_pair0.png,"Follow the markers in the image: the green box marks the object to grasp, the blue dot marks where to place it. Show the scene after the object has been moved to the marked location. Pick up the towel from the table. Place the towel on the metallic object."
/data/datasets/DROID/train_v8capinf/final/377_exterior_image_1_left_pair0.png,/data/datasets/DROID/train_v8capinf/kontext/377_exterior_image_1_left_pair0.png,"Follow the markers in the image: the green box marks the object to grasp, the blue dot marks where to place it. Show the scene after the object has been moved to the marked location. Pick up the bottle on the table. Place the bottle inside the box."
/data/datasets/DROID/train_v8capinf/final/17850_exterior_image_1_left_pair0.png,/data/datasets/DROID/train_v8capinf/kontext/17850_exterior_image_1_left_pair0.png,"Follow the markers in the image: the green box marks the object to grasp, the blue dot marks where to place it. Show the scene after the object has been moved to the marked location. Pick up the soda can from the countertop. Place the soda can on the first shelf."
/data/datasets/DROID/train_v8capinf/final/88403_exterior_image_2_left_pair0.png,/data/datasets/DROID/train_v8capinf/kontext/88403_exterior_image_2_left_pair0.png,"Follow the markers in the image: the green box marks the object to grasp, the blue dot marks where to place it. Show the scene after the object has been moved to the marked location. Pick up the object on the counter. Place the object in the cup."
/data/datasets/DROID/train_v8capinf/final/47867_exterior_image_1_left_pair0.png,/data/datasets/DROID/train_v8capinf/kontext/47867_exterior_image_1_left_pair0.png,"Follow the markers in the image: the green box marks the object to grasp, the blue dot marks where to place it. Show the scene after the object has been moved to the marked location. Pick up the orange block on the table. Place the orange block on top of the green block."
/data/datasets/DROID/train_v8capinf/final/13315_exterior_image_2_left_pair0.png,/data/datasets/DROID/train_v8capinf/kontext/13315_exterior_image_2_left_pair0.png,"Follow the markers in the image: the green box marks the object to grasp, the blue dot marks where to place it. Show the scene after the object has been moved to the marked location. Pick up the packaging bag to the first shelf. Place the packaging bag to the first shelf."
/data/datasets/DROID/train_v8capinf/final/22955_exterior_image_1_left_pair0.png,/data/datasets/DROID/train_v8capinf/kontext/22955_exterior_image_1_left_pair0.png,"Follow the markers in the image: the green box marks the object to grasp, the blue dot marks where to place it. Show the scene after the object has been moved to the marked location. Pick up the black t-shirt from the back of the chair. Place the black t-shirt on the table."
/data/datasets/DROID/train_v8capinf/final/29492_exterior_image_2_left_pair0.png,/data/datasets/DROID/train_v8capinf/kontext/29492_exterior_image_2_left_pair0.png,"Follow the markers in the image: the green box marks the object to grasp, the blue dot marks where to place it. Show the scene after the object has been moved to the marked location. Pick up the plastic cup from the table. Place the plastic cup at the spout of the water dispenser."
/data/datasets/DROID/train_v8capinf/final/12286_exterior_image_1_left_pair0.png,/data/datasets/DROID/train_v8capinf/kontext/12286_exterior_image_1_left_pair0.png,"Follow the markers in the image: the green box marks the object to grasp, the blue dot marks where to place it. Show the scene after the object has been moved to the marked location. Pick up the red square on the table. Place the red square on the green square."
/data/datasets/DROID/train_v8capinf/final/12018_exterior_image_1_left_pair0.png,/data/datasets/DROID/train_v8capinf/kontext/12018_exterior_image_1_left_pair0.png,"Follow the markers in the image: the green box marks the object to grasp, the blue dot marks where to place it. Show the scene after the object has been moved to the marked location. Pick up the blocks on the cabinet. Place the blocks on the top of the cabinet."
/data/datasets/DROID/train_v8capinf/final/40632_exterior_image_2_left_pair0.png,/data/datasets/DROID/train_v8capinf/kontext/40632_exterior_image_2_left_pair0.png,"Follow the markers in the image: the green box marks the object to grasp, the blue dot marks where to place it. Show the scene after the object has been moved to the marked location. Pick up the marker on the table. Place the marker inside the bowl."
/data/datasets/DROID/train_v8capinf/final/25787_exterior_image_1_left_pair0.png,/data/datasets/DROID/train_v8capinf/kontext/25787_exterior_image_1_left_pair0.png,"Follow the markers in the image: the green box marks the object to grasp, the blue dot marks where to place it. Show the scene after the object has been moved to the marked location. Pick up the towel from the back of the chair. Place the towel on the back of the chair."
/data/datasets/DROID/train_v8capinf/final/25787_exterior_image_1_left_pair1.png,/data/datasets/DROID/train_v8capinf/kontext/25787_exterior_image_1_left_pair1.png,"Follow the markers in the image: the green box marks the object to grasp, the blue dot marks where to place it. Show the scene after the object has been moved to the marked location. Pick up the towel from the back of the chair. Place the towel on the back of the chair."
/data/datasets/DROID/train_v8capinf/final/20759_exterior_image_2_left_pair0.png,/data/datasets/DROID/train_v8capinf/kontext/20759_exterior_image_2_left_pair0.png,"Follow the markers in the image: the green box marks the object to grasp, the blue dot marks where to place it. Show the scene after the object has been moved to the marked location. Pick up the silver bowl from inside the dishwasher. Place the silver bowl on the table."
/data/datasets/DROID/train_v8capinf/final/17546_exterior_image_1_left_pair0.png,/data/datasets/DROID/train_v8capinf/kontext/17546_exterior_image_1_left_pair0.png,"Follow the markers in the image: the green box marks the object to grasp, the blue dot marks where to place it. Show the scene after the object has been moved to the marked location. Pick up the lid from the shelf. Place the lid on the small pot."
/data/datasets/DROID/train_v8capinf/final/1506_exterior_image_1_left_pair0.png,/data/datasets/DROID/train_v8capinf/kontext/1506_exterior_image_1_left_pair0.png,"Follow the markers in the image: the green box marks the object to grasp, the blue dot marks where to place it. Show the scene after the object has been moved to the marked location. Pick up the black tape on the table. Place the black tape in the black bowl."
/data/datasets/DROID/train_v8capinf/final/6609_exterior_image_2_left_pair0.png,/data/datasets/DROID/train_v8capinf/kontext/6609_exterior_image_2_left_pair0.png,"Follow the markers in the image: the green box marks the object to grasp, the blue dot marks where to place it. Show the scene after the object has been moved to the marked location. Pick up the orange block on the table. Place the orange block on top of the green block."
/data/datasets/DROID/train_v8capinf/final/38778_exterior_image_1_left_pair0.png,/data/datasets/DROID/train_v8capinf/kontext/38778_exterior_image_1_left_pair0.png,"Follow the markers in the image: the green box marks the object to grasp, the blue dot marks where to place it. Show the scene after the object has been moved to the marked location. Pick up the third mug from the countertop. Place the third mug on the countertop."
/data/datasets/DROID/train_v8capinf/final/12805_exterior_image_2_left_pair0.png,/data/datasets/DROID/train_v8capinf/kontext/12805_exterior_image_2_left_pair0.png,"Follow the markers in the image: the green box marks the object to grasp, the blue dot marks where to place it. Show the scene after the object has been moved to the marked location. Pick up the object on the countertop. Place the object in the sink."
/data/datasets/DROID/train_v8capinf/final/1139_exterior_image_1_left_pair0.png,/data/datasets/DROID/train_v8capinf/kontext/1139_exterior_image_1_left_pair0.png,"Follow the markers in the image: the green box marks the object to grasp, the blue dot marks where to place it. Show the scene after the object has been moved to the marked location. Pick up the plush carrot toy on the table. Place the plush carrot toy in the pan."
/data/datasets/DROID/train_v8capinf/final/12071_exterior_image_1_left_pair0.png,/data/datasets/DROID/train_v8capinf/kontext/12071_exterior_image_1_left_pair0.png,"Follow the markers in the image: the green box marks the object to grasp, the blue dot marks where to place it. Show the scene after the object has been moved to the marked location. Pick up the screwdriver from the drawer. Place the screwdriver on the counter."
/data/datasets/DROID/train_v8capinf/final/581_exterior_image_1_left_pair0.png,/data/datasets/DROID/train_v8capinf/kontext/581_exterior_image_1_left_pair0.png,"Follow the markers in the image: the green box marks the object to grasp, the blue dot marks where to place it. Show the scene after the object has been moved to the marked location. Pick up the brown cup from the sink. Place the brown cup on the countertop."
/data/datasets/DROID/train_v8capinf/final/16779_exterior_image_1_left_pair0.png,/data/datasets/DROID/train_v8capinf/kontext/16779_exterior_image_1_left_pair0.png,"Follow the markers in the image: the green box marks the object to grasp, the blue dot marks where to place it. Show the scene after the object has been moved to the marked location. Pick up the green plush toy from the shelf. Place the green plush toy in the bowl."
/data/datasets/DROID/train_v8capinf/final/15051_exterior_image_1_left_pair0.png,/data/datasets/DROID/train_v8capinf/kontext/15051_exterior_image_1_left_pair0.png,"Follow the markers in the image: the green box marks the object to grasp, the blue dot marks where to place it. Show the scene after the object has been moved to the marked location. Pick up the cup on the surface. Place the cup on top of the other cups."
/data/datasets/DROID/train_v8capinf/final/14695_exterior_image_1_left_pair0.png,/data/datasets/DROID/train_v8capinf/kontext/14695_exterior_image_1_left_pair0.png,"Follow the markers in the image: the green box marks the object to grasp, the blue dot marks where to place it. Show the scene after the object has been moved to the marked location. Pick up the sneaker from the shoe rack. Place the sneaker on the topmost shelf of the shoe rack."
/data/datasets/DROID/train_v8capinf/final/1066_exterior_image_1_left_pair0.png,/data/datasets/DROID/train_v8capinf/kontext/1066_exterior_image_1_left_pair0.png,"Follow the markers in the image: the green box marks the object to grasp, the blue dot marks where to place it. Show the scene after the object has been moved to the marked location. Pick up the black marker from the silver container. Place the black marker on the table."
/data/datasets/DROID/train_v8capinf/final/8805_exterior_image_1_left_pair0.png,/data/datasets/DROID/train_v8capinf/kontext/8805_exterior_image_1_left_pair0.png,"Follow the markers in the image: the green box marks the object to grasp, the blue dot marks where to place it. Show the scene after the object has been moved to the marked location. Pick up the marker from the countertop. Place the marker inside the bowl."
/data/datasets/DROID/train_v8capinf/final/12799_exterior_image_1_left_pair0.png,/data/datasets/DROID/train_v8capinf/kontext/12799_exterior_image_1_left_pair0.png,"Follow the markers in the image: the green box marks the object to grasp, the blue dot marks where to place it. Show the scene after the object has been moved to the marked location. Pick up the cup on the table. Place the cup at the target position."
/data/datasets/DROID/train_v8capinf/final/60654_exterior_image_1_left_pair0.png,/data/datasets/DROID/train_v8capinf/kontext/60654_exterior_image_1_left_pair0.png,"Follow the markers in the image: the green box marks the object to grasp, the blue dot marks where to place it. Show the scene after the object has been moved to the marked location. Pick up the object on the table. Place the bottle in the drawer."
/data/datasets/DROID/train_v8capinf/final/19330_exterior_image_2_left_pair0.png,/data/datasets/DROID/train_v8capinf/kontext/19330_exterior_image_2_left_pair0.png,"Follow the markers in the image: the green box marks the object to grasp, the blue dot marks where to place it. Show the scene after the object has been moved to the marked location. Pick up the cup on the table. Place the cup near the chair."
/data/datasets/DROID/train_v8capinf/final/2113_exterior_image_2_left_pair0.png,/data/datasets/DROID/train_v8capinf/kontext/2113_exterior_image_2_left_pair0.png,"Follow the markers in the image: the green box marks the object to grasp, the blue dot marks where to place it. Show the scene after the object has been moved to the marked location. Pick up the yellow block from the table. Place the yellow block in the bowl."
/data/datasets/DROID/train_v8capinf/final/33101_exterior_image_2_left_pair0.png,/data/datasets/DROID/train_v8capinf/kontext/33101_exterior_image_2_left_pair0.png,"Follow the markers in the image: the green box marks the object to grasp, the blue dot marks where to place it. Show the scene after the object has been moved to the marked location. Pick up the marker from the table. Place the marker on the table."
/data/datasets/DROID/train_v8capinf/final/13451_exterior_image_2_left_pair0.png,/data/datasets/DROID/train_v8capinf/kontext/13451_exterior_image_2_left_pair0.png,"Follow the markers in the image: the green box marks the object to grasp, the blue dot marks where to place it. Show the scene after the object has been moved to the marked location. Pick up the shoes from the top shelf. Place the shoes on the bottom shelf."
/data/datasets/DROID/train_v8capinf/final/13938_exterior_image_1_left_pair0.png,/data/datasets/DROID/train_v8capinf/kontext/13938_exterior_image_1_left_pair0.png,"Follow the markers in the image: the green box marks the object to grasp, the blue dot marks where to place it. Show the scene after the object has been moved to the marked location. Pick up the object on the stove. Place the object in the pot in the sink."
/data/datasets/DROID/train_v8capinf/final/28718_exterior_image_1_left_pair0.png,/data/datasets/DROID/train_v8capinf/kontext/28718_exterior_image_1_left_pair0.png,"Follow the markers in the image: the green box marks the object to grasp, the blue dot marks where to place it. Show the scene after the object has been moved to the marked location. Pick up the orange block. Place the orange block on the green block."
/data/datasets/DROID/train_v8capinf/final/21107_exterior_image_1_left_pair0.png,/data/datasets/DROID/train_v8capinf/kontext/21107_exterior_image_1_left_pair0.png,"Follow the markers in the image: the green box marks the object to grasp, the blue dot marks where to place it. Show the scene after the object has been moved to the marked location. Pick up the black bottle from the sink. Place the black bottle on the counter."
/data/datasets/DROID/train_v8capinf/final/25730_exterior_image_1_left_pair0.png,/data/datasets/DROID/train_v8capinf/kontext/25730_exterior_image_1_left_pair0.png,"Follow the markers in the image: the green box marks the object to grasp, the blue dot marks where to place it. Show the scene after the object has been moved to the marked location. Pick up the can from the sink. Place the can on the tabletop."
/data/datasets/DROID/train_v8capinf/final/47522_exterior_image_1_left_pair0.png,/data/datasets/DROID/train_v8capinf/kontext/47522_exterior_image_1_left_pair0.png,"Follow the markers in the image: the green box marks the object to grasp, the blue dot marks where to place it. Show the scene after the object has been moved to the marked location. Pick up the spoon from the plate. Place the spoon on the table."
/data/datasets/DROID/train_v8capinf/final/40927_exterior_image_2_left_pair0.png,/data/datasets/DROID/train_v8capinf/kontext/40927_exterior_image_2_left_pair0.png,"Follow the markers in the image: the green box marks the object to grasp, the blue dot marks where to place it. Show the scene after the object has been moved to the marked location. Pick up the egg on the table. Place the egg inside the cup."
/data/datasets/DROID/train_v8capinf/final/16827_exterior_image_1_left_pair0.png,/data/datasets/DROID/train_v8capinf/kontext/16827_exterior_image_1_left_pair0.png,"Follow the markers in the image: the green box marks the object to grasp, the blue dot marks where to place it. Show the scene after the object has been moved to the marked location. Pick up the screwdriver from the tabletop. Place the screwdriver in the open drawer."
/data/datasets/DROID/train_v8capinf/final/66542_exterior_image_2_left_pair0.png,/data/datasets/DROID/train_v8capinf/kontext/66542_exterior_image_2_left_pair0.png,"Follow the markers in the image: the green box marks the object to grasp, the blue dot marks where to place it. Show the scene after the object has been moved to the marked location. Pick up the jean jacket from the back of the chair. Place the jean jacket on the seat of the chair."
/data/datasets/DROID/train_v8capinf/final/43349_exterior_image_1_left_pair0.png,/data/datasets/DROID/train_v8capinf/kontext/43349_exterior_image_1_left_pair0.png,"Follow the markers in the image: the green box marks the object to grasp, the blue dot marks where to place it. Show the scene after the object has been moved to the marked location. Pick up the red fabric on the table. Place the red fabric in the bag."
/data/datasets/DROID/train_v8capinf/final/10954_exterior_image_2_left_pair0.png,/data/datasets/DROID/train_v8capinf/kontext/10954_exterior_image_2_left_pair0.png,"Follow the markers in the image: the green box marks the object to grasp, the blue dot marks where to place it. Show the scene after the object has been moved to the marked location. Pick up the green object from the oven. Place the green object on the plate."
/data/datasets/DROID/train_v8capinf/final/12727_exterior_image_2_left_pair0.png,/data/datasets/DROID/train_v8capinf/kontext/12727_exterior_image_2_left_pair0.png,"Follow the markers in the image: the green box marks the object to grasp, the blue dot marks where to place it. Show the scene after the object has been moved to the marked location. Pick up the masking tape on the table. Place the masking tape on the plate."
/data/datasets/DROID/train_v8capinf/final/23050_exterior_image_1_left_pair0.png,/data/datasets/DROID/train_v8capinf/kontext/23050_exterior_image_1_left_pair0.png,"Follow the markers in the image: the green box marks the object to grasp, the blue dot marks where to place it. Show the scene after the object has been moved to the marked location. Pick up the yellow cup on the table. Place the yellow cup on the lower side of the table."
/data/datasets/DROID/train_v8capinf/final/57118_exterior_image_2_left_pair0.png,/data/datasets/DROID/train_v8capinf/kontext/57118_exterior_image_2_left_pair0.png,"Follow the markers in the image: the green box marks the object to grasp, the blue dot marks where to place it. Show the scene after the object has been moved to the marked location. Pick up the grey toy on the table. Place the grey toy in the red bowl."
/data/datasets/DROID/train_v8capinf/final/12019_exterior_image_1_left_pair0.png,/data/datasets/DROID/train_v8capinf/kontext/12019_exterior_image_1_left_pair0.png,"Follow the markers in the image: the green box marks the object to grasp, the blue dot marks where to place it. Show the scene after the object has been moved to the marked location. Pick up the pot lid on the pot. Place the pot lid on the pot."
/data/datasets/DROID/train_v8capinf/final/22767_exterior_image_1_left_pair0.png,/data/datasets/DROID/train_v8capinf/kontext/22767_exterior_image_1_left_pair0.png,"Follow the markers in the image: the green box marks the object to grasp, the blue dot marks where to place it. Show the scene after the object has been moved to the marked location. Pick up the lid from the table. Place the lid on the silver cup."
/data/datasets/DROID/train_v8capinf/final/78017_exterior_image_2_left_pair0.png,/data/datasets/DROID/train_v8capinf/kontext/78017_exterior_image_2_left_pair0.png,"Follow the markers in the image: the green box marks the object to grasp, the blue dot marks where to place it. Show the scene after the object has been moved to the marked location. Pick up the pen on the yellow table. Place the pen inside the blue bowl."
/data/datasets/DROID/train_v8capinf/final/32666_exterior_image_2_left_pair0.png,/data/datasets/DROID/train_v8capinf/kontext/32666_exterior_image_2_left_pair0.png,"Follow the markers in the image: the green box marks the object to grasp, the blue dot marks where to place it. Show the scene after the object has been moved to the marked location. Pick up the cup from the table. Place the cup in the middle of the table."
/data/datasets/DROID/train_v8capinf/final/14005_exterior_image_2_left_pair0.png,/data/datasets/DROID/train_v8capinf/kontext/14005_exterior_image_2_left_pair0.png,"Follow the markers in the image: the green box marks the object to grasp, the blue dot marks where to place it. Show the scene after the object has been moved to the marked location. Pick up the green toy from the stove. Place the green toy in the pot."
/data/datasets/DROID/train_v8capinf/final/3807_exterior_image_1_left_pair0.png,/data/datasets/DROID/train_v8capinf/kontext/3807_exterior_image_1_left_pair0.png,"Follow the markers in the image: the green box marks the object to grasp, the blue dot marks where to place it. Show the scene after the object has been moved to the marked location. Pick up the transparent tape on the table. Place the transparent tape in the bowl."
/data/datasets/DROID/train_v8capinf/final/16348_exterior_image_2_left_pair0.png,/data/datasets/DROID/train_v8capinf/kontext/16348_exterior_image_2_left_pair0.png,"Follow the markers in the image: the green box marks the object to grasp, the blue dot marks where to place it. Show the scene after the object has been moved to the marked location. Pick up the lid. Place the lid to the pot."
/data/datasets/DROID/train_v8capinf/final/33721_exterior_image_1_left_pair1.png,/data/datasets/DROID/train_v8capinf/kontext/33721_exterior_image_1_left_pair1.png,"Follow the markers in the image: the green box marks the object to grasp, the blue dot marks where to place it. Show the scene after the object has been moved to the marked location. Pick up the object in the box. Place the object on the counter."
/data/datasets/DROID/train_v8capinf/final/14426_exterior_image_1_left_pair0.png,/data/datasets/DROID/train_v8capinf/kontext/14426_exterior_image_1_left_pair0.png,"Follow the markers in the image: the green box marks the object to grasp, the blue dot marks where to place it. Show the scene after the object has been moved to the marked location. Pick up the cup from the blue bowl. Place the cup on the table."
/data/datasets/DROID/train_v8capinf/final/1302_exterior_image_1_left_pair0.png,/data/datasets/DROID/train_v8capinf/kontext/1302_exterior_image_1_left_pair0.png,"Follow the markers in the image: the green box marks the object to grasp, the blue dot marks where to place it. Show the scene after the object has been moved to the marked location. Pick up the bottle from the box. Place the bottle on the table."
/data/datasets/DROID/train_v8capinf/final/59382_exterior_image_2_left_pair0.png,/data/datasets/DROID/train_v8capinf/kontext/59382_exterior_image_2_left_pair0.png,"Follow the markers in the image: the green box marks the object to grasp, the blue dot marks where to place it. Show the scene after the object has been moved to the marked location. Pick up the big pillow from the couch. Place the big pillow on the couch."
/data/datasets/DROID/train_v8capinf/final/16926_exterior_image_2_left_pair0.png,/data/datasets/DROID/train_v8capinf/kontext/16926_exterior_image_2_left_pair0.png,"Follow the markers in the image: the green box marks the object to grasp, the blue dot marks where to place it. Show the scene after the object has been moved to the marked location. Pick up the blue block from the stacked blocks. Place the blue block on the table."
/data/datasets/DROID/train_v8capinf/final/5577_exterior_image_2_left_pair2.png,/data/datasets/DROID/train_v8capinf/kontext/5577_exterior_image_2_left_pair2.png,"Follow the markers in the image: the green box marks the object to grasp, the blue dot marks where to place it. Show the scene after the object has been moved to the marked location. Pick up the cup on the tabletop. Place the cup on the plate."
/data/datasets/DROID/train_v8capinf/final/5577_exterior_image_2_left_pair3.png,/data/datasets/DROID/train_v8capinf/kontext/5577_exterior_image_2_left_pair3.png,"Follow the markers in the image: the green box marks the object to grasp, the blue dot marks where to place it. Show the scene after the object has been moved to the marked location. Pick up the cup on the tabletop. Place the cup on the plate."
/data/datasets/DROID/train_v8capinf/final/60500_exterior_image_1_left_pair0.png,/data/datasets/DROID/train_v8capinf/kontext/60500_exterior_image_1_left_pair0.png,"Follow the markers in the image: the green box marks the object to grasp, the blue dot marks where to place it. Show the scene after the object has been moved to the marked location. Pick up the tissue box on the tissue box. Place the tissue box on the countertop."
/data/datasets/DROID/train_v8capinf/final/60500_exterior_image_1_left_pair1.png,/data/datasets/DROID/train_v8capinf/kontext/60500_exterior_image_1_left_pair1.png,"Follow the markers in the image: the green box marks the object to grasp, the blue dot marks where to place it. Show the scene after the object has been moved to the marked location. Pick up the tissue box from the tabletop. Place the tissue box on the tissue box."
/data/datasets/DROID/train_v8capinf/final/41788_exterior_image_2_left_pair0.png,/data/datasets/DROID/train_v8capinf/kontext/41788_exterior_image_2_left_pair0.png,"Follow the markers in the image: the green box marks the object to grasp, the blue dot marks where to place it. Show the scene after the object has been moved to the marked location. Pick up the green cloth on the counter. Place the green cloth at the desired position on the counter."
/data/datasets/DROID/train_v8capinf/final/65695_exterior_image_2_left_pair0.png,/data/datasets/DROID/train_v8capinf/kontext/65695_exterior_image_2_left_pair0.png,"Follow the markers in the image: the green box marks the object to grasp, the blue dot marks where to place it. Show the scene after the object has been moved to the marked location. Pick up the brown mug from the counter. Place the brown mug in the sink."
/data/datasets/DROID/train_v8capinf/final/11343_exterior_image_1_left_pair0.png,/data/datasets/DROID/train_v8capinf/kontext/11343_exterior_image_1_left_pair0.png,"Follow the markers in the image: the green box marks the object to grasp, the blue dot marks where to place it. Show the scene after the object has been moved to the marked location. Pick up the plastic bottle from the table. Place the plastic bottle in the trash can."
/data/datasets/DROID/train_v8capinf/final/72757_exterior_image_1_left_pair0.png,/data/datasets/DROID/train_v8capinf/kontext/72757_exterior_image_1_left_pair0.png,"Follow the markers in the image: the green box marks the object to grasp, the blue dot marks where to place it. Show the scene after the object has been moved to the marked location. Pick up the paper tube from the countertop. Place the paper tube in the bowl."
/data/datasets/DROID/train_v8capinf/final/23205_exterior_image_1_left_pair0.png,/data/datasets/DROID/train_v8capinf/kontext/23205_exterior_image_1_left_pair0.png,"Follow the markers in the image: the green box marks the object to grasp, the blue dot marks where to place it. Show the scene after the object has been moved to the marked location. Pick up the object on the table. Place the object in the box."
/data/datasets/DROID/train_v8capinf/final/13225_exterior_image_1_left_pair0.png,/data/datasets/DROID/train_v8capinf/kontext/13225_exterior_image_1_left_pair0.png,"Follow the markers in the image: the green box marks the object to grasp, the blue dot marks where to place it. Show the scene after the object has been moved to the marked location. Pick up the transparent container on the counter. Place the transparent container on the stove."
/data/datasets/DROID/train_v8capinf/final/29431_exterior_image_1_left_pair0.png,/data/datasets/DROID/train_v8capinf/kontext/29431_exterior_image_1_left_pair0.png,"Follow the markers in the image: the green box marks the object to grasp, the blue dot marks where to place it. Show the scene after the object has been moved to the marked location. Pick up the plush toy from the pot. Place the plush toy on the top of the cupboard."
/data/datasets/DROID/train_v8capinf/final/65276_exterior_image_2_left_pair0.png,/data/datasets/DROID/train_v8capinf/kontext/65276_exterior_image_2_left_pair0.png,"Follow the markers in the image: the green box marks the object to grasp, the blue dot marks where to place it. Show the scene after the object has been moved to the marked location. Pick up the marker from the blue table. Place the marker in the blue bowl."
/data/datasets/DROID/train_v8capinf/final/39502_exterior_image_1_left_pair0.png,/data/datasets/DROID/train_v8capinf/kontext/39502_exterior_image_1_left_pair0.png,"Follow the markers in the image: the green box marks the object to grasp, the blue dot marks where to place it. Show the scene after the object has been moved to the marked location. Pick up the can from the table. Place the can on the grey object."
/data/datasets/DROID/train_v8capinf/final/14433_exterior_image_2_left_pair0.png,/data/datasets/DROID/train_v8capinf/kontext/14433_exterior_image_2_left_pair0.png,"Follow the markers in the image: the green box marks the object to grasp, the blue dot marks where to place it. Show the scene after the object has been moved to the marked location. Pick up the white cloth from the table. Place the white cloth on the black frame."
/data/datasets/DROID/train_v8capinf/final/13447_exterior_image_2_left_pair0.png,/data/datasets/DROID/train_v8capinf/kontext/13447_exterior_image_2_left_pair0.png,"Follow the markers in the image: the green box marks the object to grasp, the blue dot marks where to place it. Show the scene after the object has been moved to the marked location. Pick up the cloth from the shelf. Place the cloth on the table."
/data/datasets/DROID/train_v8capinf/final/11351_exterior_image_2_left_pair0.png,/data/datasets/DROID/train_v8capinf/kontext/11351_exterior_image_2_left_pair0.png,"Follow the markers in the image: the green box marks the object to grasp, the blue dot marks where to place it. Show the scene after the object has been moved to the marked location. Pick up the cup on the table. Place the cup on top of the cup."
/data/datasets/DROID/train_v8capinf/final/15439_exterior_image_2_left_pair0.png,/data/datasets/DROID/train_v8capinf/kontext/15439_exterior_image_2_left_pair0.png,"Follow the markers in the image: the green box marks the object to grasp, the blue dot marks where to place it. Show the scene after the object has been moved to the marked location. Pick up the black and white bowl. Place the black and white bowl on the box."
/data/datasets/DROID/train_v8capinf/final/11680_exterior_image_2_left_pair0.png,/data/datasets/DROID/train_v8capinf/kontext/11680_exterior_image_2_left_pair0.png,"Follow the markers in the image: the green box marks the object to grasp, the blue dot marks where to place it. Show the scene after the object has been moved to the marked location. Pick up the pen on the workbench. Place the pen in the storage box."
/data/datasets/DROID/train_v8capinf/final/4167_exterior_image_2_left_pair0.png,/data/datasets/DROID/train_v8capinf/kontext/4167_exterior_image_2_left_pair0.png,"Follow the markers in the image: the green box marks the object to grasp, the blue dot marks where to place it. Show the scene after the object has been moved to the marked location. Pick up the orange cube from the table. Place the orange cube on top of the green cube."
/data/datasets/DROID/train_v8capinf/final/11784_exterior_image_1_left_pair0.png,/data/datasets/DROID/train_v8capinf/kontext/11784_exterior_image_1_left_pair0.png,"Follow the markers in the image: the green box marks the object to grasp, the blue dot marks where to place it. Show the scene after the object has been moved to the marked location. Pick up the green cube from the blue table. Place the green cube in the black bowl."
/data/datasets/DROID/train_v8capinf/final/11413_exterior_image_1_left_pair0.png,/data/datasets/DROID/train_v8capinf/kontext/11413_exterior_image_1_left_pair0.png,"Follow the markers in the image: the green box marks the object to grasp, the blue dot marks where to place it. Show the scene after the object has been moved to the marked location. Pick up the spoon from the table. Place the spoon in the mug."
/data/datasets/DROID/train_v8capinf/final/45948_exterior_image_1_left_pair0.png,/data/datasets/DROID/train_v8capinf/kontext/45948_exterior_image_1_left_pair0.png,"Follow the markers in the image: the green box marks the object to grasp, the blue dot marks where to place it. Show the scene after the object has been moved to the marked location. Pick up the cup on the table. Place the cup on the table."
/data/datasets/DROID/train_v8capinf/final/12200_exterior_image_2_left_pair0.png,/data/datasets/DROID/train_v8capinf/kontext/12200_exterior_image_2_left_pair0.png,"Follow the markers in the image: the green box marks the object to grasp, the blue dot marks where to place it. Show the scene after the object has been moved to the marked location. Pick up the purple bag from the table. Place the purple bag in the bag."
/data/datasets/DROID/train_v8capinf/final/79252_exterior_image_2_left_pair0.png,/data/datasets/DROID/train_v8capinf/kontext/79252_exterior_image_2_left_pair0.png,"Follow the markers in the image: the green box marks the object to grasp, the blue dot marks where to place it. Show the scene after the object has been moved to the marked location. Pick up the bag from the wooden box. Place the bag on the tabletop."
/data/datasets/DROID/train_v8capinf/final/13397_exterior_image_1_left_pair0.png,/data/datasets/DROID/train_v8capinf/kontext/13397_exterior_image_1_left_pair0.png,"Follow the markers in the image: the green box marks the object to grasp, the blue dot marks where to place it. Show the scene after the object has been moved to the marked location. Pick up the peach plush toy from the table. Place the peach plush toy in the box."
/data/datasets/DROID/train_v8capinf/final/14825_exterior_image_2_left_pair0.png,/data/datasets/DROID/train_v8capinf/kontext/14825_exterior_image_2_left_pair0.png,"Follow the markers in the image: the green box marks the object to grasp, the blue dot marks where to place it. Show the scene after the object has been moved to the marked location. Pick up the marker from the blue table. Place the marker inside the silver cup."
/data/datasets/DROID/train_v8capinf/final/1403_exterior_image_1_left_pair0.png,/data/datasets/DROID/train_v8capinf/kontext/1403_exterior_image_1_left_pair0.png,"Follow the markers in the image: the green box marks the object to grasp, the blue dot marks where to place it. Show the scene after the object has been moved to the marked location. Pick up the blue cup in the white bowl. Place the blue cup on the tabletop."
/data/datasets/DROID/train_v8capinf/final/21503_exterior_image_1_left_pair0.png,/data/datasets/DROID/train_v8capinf/kontext/21503_exterior_image_1_left_pair0.png,"Follow the markers in the image: the green box marks the object to grasp, the blue dot marks where to place it. Show the scene after the object has been moved to the marked location. Pick up the marker from the table. Place the marker in the bowl."
/data/datasets/DROID/train_v8capinf/final/47384_exterior_image_1_left_pair0.png,/data/datasets/DROID/train_v8capinf/kontext/47384_exterior_image_1_left_pair0.png,"Follow the markers in the image: the green box marks the object to grasp, the blue dot marks where to place it. Show the scene after the object has been moved to the marked location. Pick up the marker from the countertop. Place the marker in the clear bowl."
/data/datasets/DROID/train_v8capinf/final/20679_exterior_image_1_left_pair0.png,/data/datasets/DROID/train_v8capinf/kontext/20679_exterior_image_1_left_pair0.png,"Follow the markers in the image: the green box marks the object to grasp, the blue dot marks where to place it. Show the scene after the object has been moved to the marked location. Pick up the orange sachet from the box. Place the orange sachet on the countertop."
/data/datasets/DROID/train_v8capinf/final/20679_exterior_image_1_left_pair1.png,/data/datasets/DROID/train_v8capinf/kontext/20679_exterior_image_1_left_pair1.png,"Follow the markers in the image: the green box marks the object to grasp, the blue dot marks where to place it. Show the scene after the object has been moved to the marked location. Pick up the orange sachet from the box. Place the orange sachet on the countertop."
/data/datasets/DROID/train_v8capinf/final/12761_exterior_image_1_left_pair0.png,/data/datasets/DROID/train_v8capinf/kontext/12761_exterior_image_1_left_pair0.png,"Follow the markers in the image: the green box marks the object to grasp, the blue dot marks where to place it. Show the scene after the object has been moved to the marked location. Pick up the pack of the snack from the sink. Place the pack of the snack on the table."
/data/datasets/DROID/train_v8capinf/final/1252_exterior_image_1_left_pair0.png,/data/datasets/DROID/train_v8capinf/kontext/1252_exterior_image_1_left_pair0.png,"Follow the markers in the image: the green box marks the object to grasp, the blue dot marks where to place it. Show the scene after the object has been moved to the marked location. Pick up the orange plate from the countertop. Place the orange plate on top of the coffee machine."
/data/datasets/DROID/train_v8capinf/final/25377_exterior_image_1_left_pair0.png,/data/datasets/DROID/train_v8capinf/kontext/25377_exterior_image_1_left_pair0.png,"Follow the markers in the image: the green box marks the object to grasp, the blue dot marks where to place it. Show the scene after the object has been moved to the marked location. Pick up the blue bottle on the table. Place the blue bottle on the table."
/data/datasets/DROID/train_v8capinf/final/40094_exterior_image_2_left_pair0.png,/data/datasets/DROID/train_v8capinf/kontext/40094_exterior_image_2_left_pair0.png,"Follow the markers in the image: the green box marks the object to grasp, the blue dot marks where to place it. Show the scene after the object has been moved to the marked location. Pick up the marker from the table. Place the marker in the cup."
/data/datasets/DROID/train_v8capinf/final/1587_exterior_image_1_left_pair0.png,/data/datasets/DROID/train_v8capinf/kontext/1587_exterior_image_1_left_pair0.png,"Follow the markers in the image: the green box marks the object to grasp, the blue dot marks where to place it. Show the scene after the object has been moved to the marked location. Pick up the pencil from the table. Place the pencil on the table."
/data/datasets/DROID/train_v8capinf/final/78455_exterior_image_2_left_pair0.png,/data/datasets/DROID/train_v8capinf/kontext/78455_exterior_image_2_left_pair0.png,"Follow the markers in the image: the green box marks the object to grasp, the blue dot marks where to place it. Show the scene after the object has been moved to the marked location. Pick up the marker on the table. Place the marker on the table next to the blue container."
/data/datasets/DROID/train_v8capinf/final/11760_exterior_image_2_left_pair0.png,/data/datasets/DROID/train_v8capinf/kontext/11760_exterior_image_2_left_pair0.png,"Follow the markers in the image: the green box marks the object to grasp, the blue dot marks where to place it. Show the scene after the object has been moved to the marked location. Pick up the glue stick from the top of the black box. Place the glue stick in the green mug."
/data/datasets/DROID/train_v8capinf/final/16671_exterior_image_1_left_pair0.png,/data/datasets/DROID/train_v8capinf/kontext/16671_exterior_image_1_left_pair0.png,"Follow the markers in the image: the green box marks the object to grasp, the blue dot marks where to place it. Show the scene after the object has been moved to the marked location. Pick up the cup on the table. Place the cup on the bowl."
/data/datasets/DROID/train_v8capinf/final/19018_exterior_image_2_left_pair0.png,/data/datasets/DROID/train_v8capinf/kontext/19018_exterior_image_2_left_pair0.png,"Follow the markers in the image: the green box marks the object to grasp, the blue dot marks where to place it. Show the scene after the object has been moved to the marked location. Pick up the first pillow from the couch. Place the first pillow against the couch arm."
/data/datasets/DROID/train_v8capinf/final/19018_exterior_image_2_left_pair1.png,/data/datasets/DROID/train_v8capinf/kontext/19018_exterior_image_2_left_pair1.png,"Follow the markers in the image: the green box marks the object to grasp, the blue dot marks where to place it. Show the scene after the object has been moved to the marked location. Pick up the second pillow from the couch. Place the second pillow against the first pillow."
/data/datasets/DROID/train_v8capinf/final/77560_exterior_image_2_left_pair0.png,/data/datasets/DROID/train_v8capinf/kontext/77560_exterior_image_2_left_pair0.png,"Follow the markers in the image: the green box marks the object to grasp, the blue dot marks where to place it. Show the scene after the object has been moved to the marked location. Pick up the marker on the table. Place the marker in the bowl."
/data/datasets/DROID/train_v8capinf/final/27933_exterior_image_1_left_pair0.png,/data/datasets/DROID/train_v8capinf/kontext/27933_exterior_image_1_left_pair0.png,"Follow the markers in the image: the green box marks the object to grasp, the blue dot marks where to place it. Show the scene after the object has been moved to the marked location. Pick up the packaging in the sink. Place the packaging on the table."
/data/datasets/DROID/train_v8capinf/final/28271_exterior_image_1_left_pair0.png,/data/datasets/DROID/train_v8capinf/kontext/28271_exterior_image_1_left_pair0.png,"Follow the markers in the image: the green box marks the object to grasp, the blue dot marks where to place it. Show the scene after the object has been moved to the marked location. Pick up the pot from the front cooker. Place the pot on the countertop."
/data/datasets/DROID/train_v8capinf/final/16860_exterior_image_1_left_pair0.png,/data/datasets/DROID/train_v8capinf/kontext/16860_exterior_image_1_left_pair0.png,"Follow the markers in the image: the green box marks the object to grasp, the blue dot marks where to place it. Show the scene after the object has been moved to the marked location. Pick up the white bowl from the table. Place the white bowl bottom first on the tissue."
/data/datasets/DROID/train_v8capinf/final/17324_exterior_image_1_left_pair0.png,/data/datasets/DROID/train_v8capinf/kontext/17324_exterior_image_1_left_pair0.png,"Follow the markers in the image: the green box marks the object to grasp, the blue dot marks where to place it. Show the scene after the object has been moved to the marked location. Pick up the marker on the table. Place the marker inside the cup."
/data/datasets/DROID/train_v8capinf/final/47432_exterior_image_1_left_pair0.png,/data/datasets/DROID/train_v8capinf/kontext/47432_exterior_image_1_left_pair0.png,"Follow the markers in the image: the green box marks the object to grasp, the blue dot marks where to place it. Show the scene after the object has been moved to the marked location. Pick up the orange block on the table. Place the orange block on the green block."
/data/datasets/DROID/train_v8capinf/final/38929_exterior_image_2_left_pair0.png,/data/datasets/DROID/train_v8capinf/kontext/38929_exterior_image_2_left_pair0.png,"Follow the markers in the image: the green box marks the object to grasp, the blue dot marks where to place it. Show the scene after the object has been moved to the marked location. Pick up the pot on the stove. Place the pot in the middle of the two stoves."
/data/datasets/DROID/train_v8capinf/final/26138_exterior_image_1_left_pair0.png,/data/datasets/DROID/train_v8capinf/kontext/26138_exterior_image_1_left_pair0.png,"Follow the markers in the image: the green box marks the object to grasp, the blue dot marks where to place it. Show the scene after the object has been moved to the marked location. Pick up the rope on the back of the chair. Place the rope inside the box."
/data/datasets/DROID/train_v8capinf/final/78751_exterior_image_2_left_pair0.png,/data/datasets/DROID/train_v8capinf/kontext/78751_exterior_image_2_left_pair0.png,"Follow the markers in the image: the green box marks the object to grasp, the blue dot marks where to place it. Show the scene after the object has been moved to the marked location. Pick up the green object on the table. Place the green object in the white bowl."
/data/datasets/DROID/train_v8capinf/final/18489_exterior_image_2_left_pair0.png,/data/datasets/DROID/train_v8capinf/kontext/18489_exterior_image_2_left_pair0.png,"Follow the markers in the image: the green box marks the object to grasp, the blue dot marks where to place it. Show the scene after the object has been moved to the marked location. Pick up the yellow object from the ground. Place the yellow object into the bag."
/data/datasets/DROID/train_v8capinf/final/33526_exterior_image_2_left_pair0.png,/data/datasets/DROID/train_v8capinf/kontext/33526_exterior_image_2_left_pair0.png,"Follow the markers in the image: the green box marks the object to grasp, the blue dot marks where to place it. Show the scene after the object has been moved to the marked location. Pick up the teabag from the tabletop. Place the teabag in the mug."
/data/datasets/DROID/train_v8capinf/final/42283_exterior_image_2_left_pair0.png,/data/datasets/DROID/train_v8capinf/kontext/42283_exterior_image_2_left_pair0.png,"Follow the markers in the image: the green box marks the object to grasp, the blue dot marks where to place it. Show the scene after the object has been moved to the marked location. Pick up the black cloth from the back of the chair. Place the black cloth on the table."
/data/datasets/DROID/train_v8capinf/final/22725_exterior_image_1_left_pair0.png,/data/datasets/DROID/train_v8capinf/kontext/22725_exterior_image_1_left_pair0.png,"Follow the markers in the image: the green box marks the object to grasp, the blue dot marks where to place it. Show the scene after the object has been moved to the marked location. Pick up the pineapple plush toy from the box. Place the pineapple plush toy at the designated position."
/data/datasets/DROID/train_v8capinf/final/27304_exterior_image_1_left_pair0.png,/data/datasets/DROID/train_v8capinf/kontext/27304_exterior_image_1_left_pair0.png,"Follow the markers in the image: the green box marks the object to grasp, the blue dot marks where to place it. Show the scene after the object has been moved to the marked location. Pick up the white jar from the desktop. Place the white jar on the green bottle."
/data/datasets/DROID/train_v8capinf/final/66520_exterior_image_2_left_pair0.png,/data/datasets/DROID/train_v8capinf/kontext/66520_exterior_image_2_left_pair0.png,"Follow the markers in the image: the green box marks the object to grasp, the blue dot marks where to place it. Show the scene after the object has been moved to the marked location. Pick up the object on the table. Place the object in the drawer."
/data/datasets/DROID/train_v8capinf/final/66520_exterior_image_2_left_pair1.png,/data/datasets/DROID/train_v8capinf/kontext/66520_exterior_image_2_left_pair1.png,"Follow the markers in the image: the green box marks the object to grasp, the blue dot marks where to place it. Show the scene after the object has been moved to the marked location. Pick up the object on the table. Place the object in the drawer."
/data/datasets/DROID/train_v8capinf/final/57332_exterior_image_2_left_pair0.png,/data/datasets/DROID/train_v8capinf/kontext/57332_exterior_image_2_left_pair0.png,"Follow the markers in the image: the green box marks the object to grasp, the blue dot marks where to place it. Show the scene after the object has been moved to the marked location. Pick up the cushion from the sofa. Place the cushion on the armrest of the sofa."
/data/datasets/DROID/train_v8capinf/final/57332_exterior_image_2_left_pair1.png,/data/datasets/DROID/train_v8capinf/kontext/57332_exterior_image_2_left_pair1.png,"Follow the markers in the image: the green box marks the object to grasp, the blue dot marks where to place it. Show the scene after the object has been moved to the marked location. Pick up the cushion from the sofa. Place the cushion next to the armrest of the sofa."
/data/datasets/DROID/train_v8capinf/final/52627_exterior_image_1_left_pair0.png,/data/datasets/DROID/train_v8capinf/kontext/52627_exterior_image_1_left_pair0.png,"Follow the markers in the image: the green box marks the object to grasp, the blue dot marks where to place it. Show the scene after the object has been moved to the marked location. Pick up the box on the table. Place the box on the other boxes."
/data/datasets/DROID/train_v8capinf/final/2996_exterior_image_1_left_pair0.png,/data/datasets/DROID/train_v8capinf/kontext/2996_exterior_image_1_left_pair0.png,"Follow the markers in the image: the green box marks the object to grasp, the blue dot marks where to place it. Show the scene after the object has been moved to the marked location. Pick up the orange towel from the lower chair back. Place the orange towel on the upper chair back."
/data/datasets/DROID/train_v8capinf/final/2996_exterior_image_1_left_pair1.png,/data/datasets/DROID/train_v8capinf/kontext/2996_exterior_image_1_left_pair1.png,"Follow the markers in the image: the green box marks the object to grasp, the blue dot marks where to place it. Show the scene after the object has been moved to the marked location. Pick up the orange towel from the upper chair back. Place the orange towel back on the lower chair back."
/data/datasets/DROID/train_v8capinf/final/81037_exterior_image_2_left_pair0.png,/data/datasets/DROID/train_v8capinf/kontext/81037_exterior_image_2_left_pair0.png,"Follow the markers in the image: the green box marks the object to grasp, the blue dot marks where to place it. Show the scene after the object has been moved to the marked location. Pick up the marker on the table. Place the marker in the bowl."
/data/datasets/DROID/train_v8capinf/final/15189_exterior_image_2_left_pair0.png,/data/datasets/DROID/train_v8capinf/kontext/15189_exterior_image_2_left_pair0.png,"Follow the markers in the image: the green box marks the object to grasp, the blue dot marks where to place it. Show the scene after the object has been moved to the marked location. Pick up the glue stick on the table. Place the glue stick in the green cup."
/data/datasets/DROID/train_v8capinf/final/44440_exterior_image_2_left_pair0.png,/data/datasets/DROID/train_v8capinf/kontext/44440_exterior_image_2_left_pair0.png,"Follow the markers in the image: the green box marks the object to grasp, the blue dot marks where to place it. Show the scene after the object has been moved to the marked location. Pick up the fork from the table. Place the fork in the blue cutlery holder."
/data/datasets/DROID/train_v8capinf/final/13170_exterior_image_1_left_pair0.png,/data/datasets/DROID/train_v8capinf/kontext/13170_exterior_image_1_left_pair0.png,"Follow the markers in the image: the green box marks the object to grasp, the blue dot marks where to place it. Show the scene after the object has been moved to the marked location. Pick up the object in the drawer. Place the object on the table."
/data/datasets/DROID/train_v8capinf/final/19289_exterior_image_1_left_pair0.png,/data/datasets/DROID/train_v8capinf/kontext/19289_exterior_image_1_left_pair0.png,"Follow the markers in the image: the green box marks the object to grasp, the blue dot marks where to place it. Show the scene after the object has been moved to the marked location. Pick up the lid from the table. Place the lid on the silver pot."
/data/datasets/DROID/train_v8capinf/final/13260_exterior_image_2_left_pair0.png,/data/datasets/DROID/train_v8capinf/kontext/13260_exterior_image_2_left_pair0.png,"Follow the markers in the image: the green box marks the object to grasp, the blue dot marks where to place it. Show the scene after the object has been moved to the marked location. Pick up the green object from the countertop. Place the green object on the first shelf."
/data/datasets/DROID/train_v8capinf/final/77484_exterior_image_2_left_pair0.png,/data/datasets/DROID/train_v8capinf/kontext/77484_exterior_image_2_left_pair0.png,"Follow the markers in the image: the green box marks the object to grasp, the blue dot marks where to place it. Show the scene after the object has been moved to the marked location. Pick up the paper bag on the table. Place the paper bag in the box."
/data/datasets/DROID/train_v8capinf/final/28881_exterior_image_1_left_pair0.png,/data/datasets/DROID/train_v8capinf/kontext/28881_exterior_image_1_left_pair0.png,"Follow the markers in the image: the green box marks the object to grasp, the blue dot marks where to place it. Show the scene after the object has been moved to the marked location. Pick up the straw in the cup. Place the straw on the table."
/data/datasets/DROID/train_v8capinf/final/62252_exterior_image_1_left_pair0.png,/data/datasets/DROID/train_v8capinf/kontext/62252_exterior_image_1_left_pair0.png,"Follow the markers in the image: the green box marks the object to grasp, the blue dot marks where to place it. Show the scene after the object has been moved to the marked location. Pick up the cup on the table. Place the cup inside the sink."
/data/datasets/DROID/train_v8capinf/final/10727_exterior_image_1_left_pair0.png,/data/datasets/DROID/train_v8capinf/kontext/10727_exterior_image_1_left_pair0.png,"Follow the markers in the image: the green box marks the object to grasp, the blue dot marks where to place it. Show the scene after the object has been moved to the marked location. Pick up the green object on the cabinet. Place the green object in the center of the cabinet."
/data/datasets/DROID/train_v8capinf/final/35980_exterior_image_2_left_pair0.png,/data/datasets/DROID/train_v8capinf/kontext/35980_exterior_image_2_left_pair0.png,"Follow the markers in the image: the green box marks the object to grasp, the blue dot marks where to place it. Show the scene after the object has been moved to the marked location. Pick up the lid from the container. Place the lid on the table."
/data/datasets/DROID/train_v8capinf/final/19860_exterior_image_2_left_pair0.png,/data/datasets/DROID/train_v8capinf/kontext/19860_exterior_image_2_left_pair0.png,"Follow the markers in the image: the green box marks the object to grasp, the blue dot marks where to place it. Show the scene after the object has been moved to the marked location. Pick up the Rubik's cube from the table. Place the Rubik's cube on top of the green block."
/data/datasets/DROID/train_v8capinf/final/16106_exterior_image_1_left_pair0.png,/data/datasets/DROID/train_v8capinf/kontext/16106_exterior_image_1_left_pair0.png,"Follow the markers in the image: the green box marks the object to grasp, the blue dot marks where to place it. Show the scene after the object has been moved to the marked location. Pick up the cloth on the table. Place the cloth on the black stand."
/data/datasets/DROID/train_v8capinf/final/28999_exterior_image_1_left_pair0.png,/data/datasets/DROID/train_v8capinf/kontext/28999_exterior_image_1_left_pair0.png,"Follow the markers in the image: the green box marks the object to grasp, the blue dot marks where to place it. Show the scene after the object has been moved to the marked location. Pick up the clothes at the edge of the box. Place the clothes in the box."
/data/datasets/DROID/train_v8capinf/final/13724_exterior_image_1_left_pair0.png,/data/datasets/DROID/train_v8capinf/kontext/13724_exterior_image_1_left_pair0.png,"Follow the markers in the image: the green box marks the object to grasp, the blue dot marks where to place it. Show the scene after the object has been moved to the marked location. Pick up the pen on the table. Place the pen in the yellow cup."
/data/datasets/DROID/train_v8capinf/final/27727_exterior_image_1_left_pair0.png,/data/datasets/DROID/train_v8capinf/kontext/27727_exterior_image_1_left_pair0.png,"Follow the markers in the image: the green box marks the object to grasp, the blue dot marks where to place it. Show the scene after the object has been moved to the marked location. Pick up the red cup from the top cabinet. Place the red cup on the table."
/data/datasets/DROID/train_v8capinf/final/13741_exterior_image_1_left_pair0.png,/data/datasets/DROID/train_v8capinf/kontext/13741_exterior_image_1_left_pair0.png,"Follow the markers in the image: the green box marks the object to grasp, the blue dot marks where to place it. Show the scene after the object has been moved to the marked location. Pick up the object on the table. Place the object in the bowl."
/data/datasets/DROID/train_v8capinf/final/35397_exterior_image_1_left_pair0.png,/data/datasets/DROID/train_v8capinf/kontext/35397_exterior_image_1_left_pair0.png,"Follow the markers in the image: the green box marks the object to grasp, the blue dot marks where to place it. Show the scene after the object has been moved to the marked location. Pick up the green plush toy from the plate. Place the green plush toy on the table."
/data/datasets/DROID/train_v8capinf/final/16366_exterior_image_1_left_pair0.png,/data/datasets/DROID/train_v8capinf/kontext/16366_exterior_image_1_left_pair0.png,"Follow the markers in the image: the green box marks the object to grasp, the blue dot marks where to place it. Show the scene after the object has been moved to the marked location. Pick up the rectangular box of food from the side area of the wall-mounted shelf. Place the rectangular box of food in the middle area of the table."
/data/datasets/DROID/train_v8capinf/final/74758_exterior_image_2_left_pair0.png,/data/datasets/DROID/train_v8capinf/kontext/74758_exterior_image_2_left_pair0.png,"Follow the markers in the image: the green box marks the object to grasp, the blue dot marks where to place it. Show the scene after the object has been moved to the marked location. Pick up the red cube on the table. Place the red cube on top of the red cube."
/data/datasets/DROID/train_v8capinf/final/19044_exterior_image_1_left_pair0.png,/data/datasets/DROID/train_v8capinf/kontext/19044_exterior_image_1_left_pair0.png,"Follow the markers in the image: the green box marks the object to grasp, the blue dot marks where to place it. Show the scene after the object has been moved to the marked location. Pick up the glass lid from the black pot. Place the glass lid on the table."
/data/datasets/DROID/train_v8capinf/final/12370_exterior_image_2_left_pair0.png,/data/datasets/DROID/train_v8capinf/kontext/12370_exterior_image_2_left_pair0.png,"Follow the markers in the image: the green box marks the object to grasp, the blue dot marks where to place it. Show the scene after the object has been moved to the marked location. Pick up the cloth on the table. Place the cloth on the stand."
/data/datasets/DROID/train_v8capinf/final/15492_exterior_image_2_left_pair0.png,/data/datasets/DROID/train_v8capinf/kontext/15492_exterior_image_2_left_pair0.png,"Follow the markers in the image: the green box marks the object to grasp, the blue dot marks where to place it. Show the scene after the object has been moved to the marked location. Pick up the red object from the pot. Place the red object on the table."
/data/datasets/DROID/train_v8capinf/final/10831_exterior_image_2_left_pair0.png,/data/datasets/DROID/train_v8capinf/kontext/10831_exterior_image_2_left_pair0.png,"Follow the markers in the image: the green box marks the object to grasp, the blue dot marks where to place it. Show the scene after the object has been moved to the marked location. Pick up the sharpie from the surface of the table. Place the sharpie on the table."
/data/datasets/DROID/train_v8capinf/final/84627_exterior_image_2_left_pair0.png,/data/datasets/DROID/train_v8capinf/kontext/84627_exterior_image_2_left_pair0.png,"Follow the markers in the image: the green box marks the object to grasp, the blue dot marks where to place it. Show the scene after the object has been moved to the marked location. Pick up the orange block on the table. Place the orange block on the green block."
/data/datasets/DROID/train_v8capinf/final/10700_exterior_image_2_left_pair0.png,/data/datasets/DROID/train_v8capinf/kontext/10700_exterior_image_2_left_pair0.png,"Follow the markers in the image: the green box marks the object to grasp, the blue dot marks where to place it. Show the scene after the object has been moved to the marked location. Pick up the hoodie from the chair. Place the hoodie on the top of the TV stand."
/data/datasets/DROID/train_v8capinf/final/16810_exterior_image_1_left_pair0.png,/data/datasets/DROID/train_v8capinf/kontext/16810_exterior_image_1_left_pair0.png,"Follow the markers in the image: the green box marks the object to grasp, the blue dot marks where to place it. Show the scene after the object has been moved to the marked location. Pick up the marker from the cup. Place the marker on the table."
/data/datasets/DROID/train_v8capinf/final/44703_exterior_image_2_left_pair0.png,/data/datasets/DROID/train_v8capinf/kontext/44703_exterior_image_2_left_pair0.png,"Follow the markers in the image: the green box marks the object to grasp, the blue dot marks where to place it. Show the scene after the object has been moved to the marked location. Pick up the top plate on the table. Place the plate on the plate."
/data/datasets/DROID/train_v8capinf/final/53725_exterior_image_2_left_pair0.png,/data/datasets/DROID/train_v8capinf/kontext/53725_exterior_image_2_left_pair0.png,"Follow the markers in the image: the green box marks the object to grasp, the blue dot marks where to place it. Show the scene after the object has been moved to the marked location. Pick up the block on the table. Place the block on the green block."
/data/datasets/DROID/train_v8capinf/final/13911_exterior_image_1_left_pair0.png,/data/datasets/DROID/train_v8capinf/kontext/13911_exterior_image_1_left_pair0.png,"Follow the markers in the image: the green box marks the object to grasp, the blue dot marks where to place it. Show the scene after the object has been moved to the marked location. Pick up the spoon from the table. Place the spoon in the mug."
/data/datasets/DROID/train_v8capinf/final/13660_exterior_image_1_left_pair0.png,/data/datasets/DROID/train_v8capinf/kontext/13660_exterior_image_1_left_pair0.png,"Follow the markers in the image: the green box marks the object to grasp, the blue dot marks where to place it. Show the scene after the object has been moved to the marked location. Pick up the lid from the pot. Place the lid on the tabletop."
/data/datasets/DROID/train_v8capinf/final/16082_exterior_image_1_left_pair0.png,/data/datasets/DROID/train_v8capinf/kontext/16082_exterior_image_1_left_pair0.png,"Follow the markers in the image: the green box marks the object to grasp, the blue dot marks where to place it. Show the scene after the object has been moved to the marked location. Pick up the black object from the desktop. Place the black object at the original position."
/data/datasets/DROID/train_v8capinf/final/16202_exterior_image_2_left_pair0.png,/data/datasets/DROID/train_v8capinf/kontext/16202_exterior_image_2_left_pair0.png,"Follow the markers in the image: the green box marks the object to grasp, the blue dot marks where to place it. Show the scene after the object has been moved to the marked location. Pick up the brown drink from the tabletop. Place the brown drink in the sink."
/data/datasets/DROID/train_v8capinf/final/46444_exterior_image_1_left_pair0.png,/data/datasets/DROID/train_v8capinf/kontext/46444_exterior_image_1_left_pair0.png,"Follow the markers in the image: the green box marks the object to grasp, the blue dot marks where to place it. Show the scene after the object has been moved to the marked location. Pick up the straw from the cup. Place the straw on the tabletop."
/data/datasets/DROID/train_v8capinf/final/48713_exterior_image_2_left_pair0.png,/data/datasets/DROID/train_v8capinf/kontext/48713_exterior_image_2_left_pair0.png,"Follow the markers in the image: the green box marks the object to grasp, the blue dot marks where to place it. Show the scene after the object has been moved to the marked location. Pick up the cup on the table. Place the cup on top of another cup."
/data/datasets/DROID/train_v8capinf/final/11004_exterior_image_1_left_pair0.png,/data/datasets/DROID/train_v8capinf/kontext/11004_exterior_image_1_left_pair0.png,"Follow the markers in the image: the green box marks the object to grasp, the blue dot marks where to place it. Show the scene after the object has been moved to the marked location. Pick up the black glove above the table. Place the black glove in the middle of the table."
/data/datasets/DROID/train_v8capinf/final/20646_exterior_image_2_left_pair0.png,/data/datasets/DROID/train_v8capinf/kontext/20646_exterior_image_2_left_pair0.png,"Follow the markers in the image: the green box marks the object to grasp, the blue dot marks where to place it. Show the scene after the object has been moved to the marked location. Pick up the sauce bottle from the plate. Place the sauce bottle in the blue cup."
/data/datasets/DROID/train_v8capinf/final/14344_exterior_image_1_left_pair0.png,/data/datasets/DROID/train_v8capinf/kontext/14344_exterior_image_1_left_pair0.png,"Follow the markers in the image: the green box marks the object to grasp, the blue dot marks where to place it. Show the scene after the object has been moved to the marked location. Pick up the cup in the plate. Place the cup on the table."
/data/datasets/DROID/train_v8capinf/final/11066_exterior_image_2_left_pair0.png,/data/datasets/DROID/train_v8capinf/kontext/11066_exterior_image_2_left_pair0.png,"Follow the markers in the image: the green box marks the object to grasp, the blue dot marks where to place it. Show the scene after the object has been moved to the marked location. Pick up the marker from the brown table. Place the marker in the silver pot."
/data/datasets/DROID/train_v8capinf/final/10757_exterior_image_2_left_pair0.png,/data/datasets/DROID/train_v8capinf/kontext/10757_exterior_image_2_left_pair0.png,"Follow the markers in the image: the green box marks the object to grasp, the blue dot marks where to place it. Show the scene after the object has been moved to the marked location. Pick up the green block on the green surface. Place the green block inside the black bowl."
/data/datasets/DROID/train_v8capinf/final/15964_exterior_image_2_left_pair0.png,/data/datasets/DROID/train_v8capinf/kontext/15964_exterior_image_2_left_pair0.png,"Follow the markers in the image: the green box marks the object to grasp, the blue dot marks where to place it. Show the scene after the object has been moved to the marked location. Pick up the purple object on the black plate. Place the purple object in the black pot."
/data/datasets/DROID/train_v8capinf/final/12104_exterior_image_2_left_pair0.png,/data/datasets/DROID/train_v8capinf/kontext/12104_exterior_image_2_left_pair0.png,"Follow the markers in the image: the green box marks the object to grasp, the blue dot marks where to place it. Show the scene after the object has been moved to the marked location. Pick up the triangle block on the table. Place the triangle block on the top of the cube."
/data/datasets/DROID/train_v8capinf/final/18927_exterior_image_2_left_pair0.png,/data/datasets/DROID/train_v8capinf/kontext/18927_exterior_image_2_left_pair0.png,"Follow the markers in the image: the green box marks the object to grasp, the blue dot marks where to place it. Show the scene after the object has been moved to the marked location. Pick up the can from the kitchen countertop. Place the can in the cabinet."
/data/datasets/DROID/train_v8capinf/final/16946_exterior_image_1_left_pair0.png,/data/datasets/DROID/train_v8capinf/kontext/16946_exterior_image_1_left_pair0.png,"Follow the markers in the image: the green box marks the object to grasp, the blue dot marks where to place it. Show the scene after the object has been moved to the marked location. Pick up the black cloth from the packaging bag. Place the cloth at the table."
/data/datasets/DROID/train_v8capinf/final/17953_exterior_image_2_left_pair1.png,/data/datasets/DROID/train_v8capinf/kontext/17953_exterior_image_2_left_pair1.png,"Follow the markers in the image: the green box marks the object to grasp, the blue dot marks where to place it. Show the scene after the object has been moved to the marked location. Pick up the clothes from the backrest of the chair. Place the clothes on the box."
/data/datasets/DROID/train_v8capinf/final/13791_exterior_image_2_left_pair0.png,/data/datasets/DROID/train_v8capinf/kontext/13791_exterior_image_2_left_pair0.png,"Follow the markers in the image: the green box marks the object to grasp, the blue dot marks where to place it. Show the scene after the object has been moved to the marked location. Pick up the soldering iron from the workbench. Place the soldering iron on the workbench."
/data/datasets/DROID/train_v8capinf/final/20637_exterior_image_2_left_pair0.png,/data/datasets/DROID/train_v8capinf/kontext/20637_exterior_image_2_left_pair0.png,"Follow the markers in the image: the green box marks the object to grasp, the blue dot marks where to place it. Show the scene after the object has been moved to the marked location. Pick up the white cloth from the rack. Place the white cloth on the surface of the table."
/data/datasets/DROID/train_v8capinf/final/1771_exterior_image_1_left_pair0.png,/data/datasets/DROID/train_v8capinf/kontext/1771_exterior_image_1_left_pair0.png,"Follow the markers in the image: the green box marks the object to grasp, the blue dot marks where to place it. Show the scene after the object has been moved to the marked location. Pick up the glue stick on the table. Place the glue stick in the cup."
/data/datasets/DROID/train_v8capinf/final/18730_exterior_image_2_left_pair0.png,/data/datasets/DROID/train_v8capinf/kontext/18730_exterior_image_2_left_pair0.png,"Follow the markers in the image: the green box marks the object to grasp, the blue dot marks where to place it. Show the scene after the object has been moved to the marked location. Pick up the cup on the countertop. Place the cup on the plate."
/data/datasets/DROID/train_v8capinf/final/22128_exterior_image_1_left_pair0.png,/data/datasets/DROID/train_v8capinf/kontext/22128_exterior_image_1_left_pair0.png,"Follow the markers in the image: the green box marks the object to grasp, the blue dot marks where to place it. Show the scene after the object has been moved to the marked location. Pick up the teabag on the table. Place the teabag in the cup."
/data/datasets/DROID/train_v8capinf/final/1553_exterior_image_2_left_pair0.png,/data/datasets/DROID/train_v8capinf/kontext/1553_exterior_image_2_left_pair0.png,"Follow the markers in the image: the green box marks the object to grasp, the blue dot marks where to place it. Show the scene after the object has been moved to the marked location. Pick up the plastic bottle on the countertop. Place the plastic bottle inside the bowl."
/data/datasets/DROID/train_v8capinf/final/49745_exterior_image_2_left_pair1.png,/data/datasets/DROID/train_v8capinf/kontext/49745_exterior_image_2_left_pair1.png,"Follow the markers in the image: the green box marks the object to grasp, the blue dot marks where to place it. Show the scene after the object has been moved to the marked location. Pick up the black object on the tray. Place the black object on the table."
/data/datasets/DROID/train_v8capinf/final/13992_exterior_image_2_left_pair0.png,/data/datasets/DROID/train_v8capinf/kontext/13992_exterior_image_2_left_pair0.png,"Follow the markers in the image: the green box marks the object to grasp, the blue dot marks where to place it. Show the scene after the object has been moved to the marked location. Pick up the bag of snacks from the countertop. Place the pack of doritos in the sink."
/data/datasets/DROID/train_v8capinf/final/219_exterior_image_2_left_pair0.png,/data/datasets/DROID/train_v8capinf/kontext/219_exterior_image_2_left_pair0.png,"Follow the markers in the image: the green box marks the object to grasp, the blue dot marks where to place it. Show the scene after the object has been moved to the marked location. Pick up the object from the tray. Place the object on the desktop."
/data/datasets/DROID/train_v8capinf/final/1322_exterior_image_2_left_pair0.png,/data/datasets/DROID/train_v8capinf/kontext/1322_exterior_image_2_left_pair0.png,"Follow the markers in the image: the green box marks the object to grasp, the blue dot marks where to place it. Show the scene after the object has been moved to the marked location. Pick up the towel on the table. Place the towel in the bowl."
/data/datasets/DROID/train_v8capinf/final/22194_exterior_image_1_left_pair0.png,/data/datasets/DROID/train_v8capinf/kontext/22194_exterior_image_1_left_pair0.png,"Follow the markers in the image: the green box marks the object to grasp, the blue dot marks where to place it. Show the scene after the object has been moved to the marked location. Pick up the marker on the table. Place the marker in the cup."
/data/datasets/DROID/train_v8capinf/final/32363_exterior_image_1_left_pair0.png,/data/datasets/DROID/train_v8capinf/kontext/32363_exterior_image_1_left_pair0.png,"Follow the markers in the image: the green box marks the object to grasp, the blue dot marks where to place it. Show the scene after the object has been moved to the marked location. Pick up the can from the table. Place the can on the metal platform."
/data/datasets/DROID/train_v8capinf/final/11389_exterior_image_1_left_pair0.png,/data/datasets/DROID/train_v8capinf/kontext/11389_exterior_image_1_left_pair0.png,"Follow the markers in the image: the green box marks the object to grasp, the blue dot marks where to place it. Show the scene after the object has been moved to the marked location. Pick up the cup on the table. Place the cup at the side of the table."
/data/datasets/DROID/train_v8capinf/final/33215_exterior_image_1_left_pair0.png,/data/datasets/DROID/train_v8capinf/kontext/33215_exterior_image_1_left_pair0.png,"Follow the markers in the image: the green box marks the object to grasp, the blue dot marks where to place it. Show the scene after the object has been moved to the marked location. Pick up the grey hoodie from the hanger. Place the grey hoodie on the green chair."
/data/datasets/DROID/train_v8capinf/final/26010_exterior_image_1_left_pair0.png,/data/datasets/DROID/train_v8capinf/kontext/26010_exterior_image_1_left_pair0.png,"Follow the markers in the image: the green box marks the object to grasp, the blue dot marks where to place it. Show the scene after the object has been moved to the marked location. Pick up the whiteboard eraser from the whiteboard rack. Place the whiteboard eraser on the whiteboard rack."
/data/datasets/DROID/train_v8capinf/final/15706_exterior_image_2_left_pair0.png,/data/datasets/DROID/train_v8capinf/kontext/15706_exterior_image_2_left_pair0.png,"Follow the markers in the image: the green box marks the object to grasp, the blue dot marks where to place it. Show the scene after the object has been moved to the marked location. Pick up the pen on the table. Place the pen in the new position on the table."
/data/datasets/DROID/train_v8capinf/final/45213_exterior_image_2_left_pair0.png,/data/datasets/DROID/train_v8capinf/kontext/45213_exterior_image_2_left_pair0.png,"Follow the markers in the image: the green box marks the object to grasp, the blue dot marks where to place it. Show the scene after the object has been moved to the marked location. Pick up the orange block. Place the orange block on the green block."
/data/datasets/DROID/train_v8capinf/final/20821_exterior_image_1_left_pair0.png,/data/datasets/DROID/train_v8capinf/kontext/20821_exterior_image_1_left_pair0.png,"Follow the markers in the image: the green box marks the object to grasp, the blue dot marks where to place it. Show the scene after the object has been moved to the marked location. Pick up the inner cooking pan. Place the inner cooking pan in the sink."
/data/datasets/DROID/train_v8capinf/final/17889_exterior_image_2_left_pair0.png,/data/datasets/DROID/train_v8capinf/kontext/17889_exterior_image_2_left_pair0.png,"Follow the markers in the image: the green box marks the object to grasp, the blue dot marks where to place it. Show the scene after the object has been moved to the marked location. Pick up the purple stuffed toy on the countertop. Place the purple stuffed toy in the sink."
/data/datasets/DROID/train_v8capinf/final/11359_exterior_image_1_left_pair0.png,/data/datasets/DROID/train_v8capinf/kontext/11359_exterior_image_1_left_pair0.png,"Follow the markers in the image: the green box marks the object to grasp, the blue dot marks where to place it. Show the scene after the object has been moved to the marked location. Pick up the spoon in the sink. Place the spoon in the box."
/data/datasets/DROID/train_v8capinf/final/24291_exterior_image_2_left_pair0.png,/data/datasets/DROID/train_v8capinf/kontext/24291_exterior_image_2_left_pair0.png,"Follow the markers in the image: the green box marks the object to grasp, the blue dot marks where to place it. Show the scene after the object has been moved to the marked location. Pick up the gray tape on the table. Place the gray tape in the black bowl."
/data/datasets/DROID/train_v8capinf/final/24255_exterior_image_1_left_pair0.png,/data/datasets/DROID/train_v8capinf/kontext/24255_exterior_image_1_left_pair0.png,"Follow the markers in the image: the green box marks the object to grasp, the blue dot marks where to place it. Show the scene after the object has been moved to the marked location. Pick up the packet from the countertop. Place the packet in the open cabinet."
/data/datasets/DROID/train_v8capinf/final/12275_exterior_image_1_left_pair0.png,/data/datasets/DROID/train_v8capinf/kontext/12275_exterior_image_1_left_pair0.png,"Follow the markers in the image: the green box marks the object to grasp, the blue dot marks where to place it. Show the scene after the object has been moved to the marked location. Pick up the cup in the sink. Place the cup on the tabletop."
/data/datasets/DROID/train_v8capinf/final/14144_exterior_image_2_left_pair0.png,/data/datasets/DROID/train_v8capinf/kontext/14144_exterior_image_2_left_pair0.png,"Follow the markers in the image: the green box marks the object to grasp, the blue dot marks where to place it. Show the scene after the object has been moved to the marked location. Pick up the green block on the plate. Place the green block in the bowl."
/data/datasets/DROID/train_v8capinf/final/45722_exterior_image_2_left_pair0.png,/data/datasets/DROID/train_v8capinf/kontext/45722_exterior_image_2_left_pair0.png,"Follow the markers in the image: the green box marks the object to grasp, the blue dot marks where to place it. Show the scene after the object has been moved to the marked location. Pick up the marker on the table. Place the marker in the vase."
/data/datasets/DROID/train_v8capinf/final/13419_exterior_image_2_left_pair0.png,/data/datasets/DROID/train_v8capinf/kontext/13419_exterior_image_2_left_pair0.png,"Follow the markers in the image: the green box marks the object to grasp, the blue dot marks where to place it. Show the scene after the object has been moved to the marked location. Pick up the rabbit toy on the table. Place the rabbit toy in the drawer."
/data/datasets/DROID/train_v8capinf/final/4113_exterior_image_1_left_pair0.png,/data/datasets/DROID/train_v8capinf/kontext/4113_exterior_image_1_left_pair0.png,"Follow the markers in the image: the green box marks the object to grasp, the blue dot marks where to place it. Show the scene after the object has been moved to the marked location. Pick up the pen from the table. Place the pen in the cup."
/data/datasets/DROID/train_v8capinf/final/72313_exterior_image_2_left_pair0.png,/data/datasets/DROID/train_v8capinf/kontext/72313_exterior_image_2_left_pair0.png,"Follow the markers in the image: the green box marks the object to grasp, the blue dot marks where to place it. Show the scene after the object has been moved to the marked location. Pick up the cup on the counter. Place the cup on the counter."
/data/datasets/DROID/train_v8capinf/final/16066_exterior_image_1_left_pair0.png,/data/datasets/DROID/train_v8capinf/kontext/16066_exterior_image_1_left_pair0.png,"Follow the markers in the image: the green box marks the object to grasp, the blue dot marks where to place it. Show the scene after the object has been moved to the marked location. Pick up the lid from the pot. Place the lid on the tabletop."
/data/datasets/DROID/train_v8capinf/final/15135_exterior_image_2_left_pair0.png,/data/datasets/DROID/train_v8capinf/kontext/15135_exterior_image_2_left_pair0.png,"Follow the markers in the image: the green box marks the object to grasp, the blue dot marks where to place it. Show the scene after the object has been moved to the marked location. Pick up the lid on the table. Place the lid on the pot."
/data/datasets/DROID/train_v8capinf/final/26832_exterior_image_1_left_pair0.png,/data/datasets/DROID/train_v8capinf/kontext/26832_exterior_image_1_left_pair0.png,"Follow the markers in the image: the green box marks the object to grasp, the blue dot marks where to place it. Show the scene after the object has been moved to the marked location. Pick up a tissue from the tissue box. Place a tissue on the table."
/data/datasets/DROID/train_v8capinf/final/39845_exterior_image_2_left_pair0.png,/data/datasets/DROID/train_v8capinf/kontext/39845_exterior_image_2_left_pair0.png,"Follow the markers in the image: the green box marks the object to grasp, the blue dot marks where to place it. Show the scene after the object has been moved to the marked location. Pick up a small package from the box on the countertop. Place the small package on the upper part of the countertop."
/data/datasets/DROID/train_v8capinf/final/1359_exterior_image_2_left_pair0.png,/data/datasets/DROID/train_v8capinf/kontext/1359_exterior_image_2_left_pair0.png,"Follow the markers in the image: the green box marks the object to grasp, the blue dot marks where to place it. Show the scene after the object has been moved to the marked location. Pick up the object on the chair. Place the object on the backrest of the chair."
/data/datasets/DROID/train_v8capinf/final/38458_exterior_image_1_left_pair0.png,/data/datasets/DROID/train_v8capinf/kontext/38458_exterior_image_1_left_pair0.png,"Follow the markers in the image: the green box marks the object to grasp, the blue dot marks where to place it. Show the scene after the object has been moved to the marked location. Pick up the black object on the table. Place the black object in the drawer."
/data/datasets/DROID/train_v8capinf/final/12666_exterior_image_1_left_pair0.png,/data/datasets/DROID/train_v8capinf/kontext/12666_exterior_image_1_left_pair0.png,"Follow the markers in the image: the green box marks the object to grasp, the blue dot marks where to place it. Show the scene after the object has been moved to the marked location. Pick up the green cup on the desktop. Place the green cup on the desktop."
/data/datasets/DROID/train_v8capinf/final/9247_exterior_image_2_left_pair0.png,/data/datasets/DROID/train_v8capinf/kontext/9247_exterior_image_2_left_pair0.png,"Follow the markers in the image: the green box marks the object to grasp, the blue dot marks where to place it. Show the scene after the object has been moved to the marked location. Pick up the purple cup on the table. Place the purple cup in the green cup."
/data/datasets/DROID/train_v8capinf/final/9247_exterior_image_2_left_pair1.png,/data/datasets/DROID/train_v8capinf/kontext/9247_exterior_image_2_left_pair1.png,"Follow the markers in the image: the green box marks the object to grasp, the blue dot marks where to place it. Show the scene after the object has been moved to the marked location. Pick up the blue cup on the table. Place the blue cup in the green cup."
/data/datasets/DROID/train_v8capinf/final/15110_exterior_image_2_left_pair0.png,/data/datasets/DROID/train_v8capinf/kontext/15110_exterior_image_2_left_pair0.png,"Follow the markers in the image: the green box marks the object to grasp, the blue dot marks where to place it. Show the scene after the object has been moved to the marked location. Pick up the purple plush toy from the table. Place the purple plush toy in the bowl."
/data/datasets/DROID/train_v8capinf/final/61264_exterior_image_1_left_pair0.png,/data/datasets/DROID/train_v8capinf/kontext/61264_exterior_image_1_left_pair0.png,"Follow the markers in the image: the green box marks the object to grasp, the blue dot marks where to place it. Show the scene after the object has been moved to the marked location. Pick up the marker from the table. Place the marker in the bowl."
/data/datasets/DROID/train_v8capinf/final/14672_exterior_image_1_left_pair0.png,/data/datasets/DROID/train_v8capinf/kontext/14672_exterior_image_1_left_pair0.png,"Follow the markers in the image: the green box marks the object to grasp, the blue dot marks where to place it. Show the scene after the object has been moved to the marked location. Pick up the red marker from the yellow mug. Place the red marker on the table."
/data/datasets/DROID/train_v8capinf/final/31178_exterior_image_1_left_pair0.png,/data/datasets/DROID/train_v8capinf/kontext/31178_exterior_image_1_left_pair0.png,"Follow the markers in the image: the green box marks the object to grasp, the blue dot marks where to place it. Show the scene after the object has been moved to the marked location. Pick up the marker on the table. Place the marker inside the blue container."
/data/datasets/DROID/train_v8capinf/final/63515_exterior_image_2_left_pair0.png,/data/datasets/DROID/train_v8capinf/kontext/63515_exterior_image_2_left_pair0.png,"Follow the markers in the image: the green box marks the object to grasp, the blue dot marks where to place it. Show the scene after the object has been moved to the marked location. Pick up the orange block from the table. Place the orange block on top of the green block."
/data/datasets/DROID/train_v8capinf/final/36495_exterior_image_1_left_pair0.png,/data/datasets/DROID/train_v8capinf/kontext/36495_exterior_image_1_left_pair0.png,"Follow the markers in the image: the green box marks the object to grasp, the blue dot marks where to place it. Show the scene after the object has been moved to the marked location. Pick up the plush toy from the box. Place the plush toy on the tray."
/data/datasets/DROID/train_v8capinf/final/12565_exterior_image_1_left_pair0.png,/data/datasets/DROID/train_v8capinf/kontext/12565_exterior_image_1_left_pair0.png,"Follow the markers in the image: the green box marks the object to grasp, the blue dot marks where to place it. Show the scene after the object has been moved to the marked location. Pick up the lid from the pot. Place the lid on the counter."
/data/datasets/DROID/train_v8capinf/final/1469_exterior_image_1_left_pair0.png,/data/datasets/DROID/train_v8capinf/kontext/1469_exterior_image_1_left_pair0.png,"Follow the markers in the image: the green box marks the object to grasp, the blue dot marks where to place it. Show the scene after the object has been moved to the marked location. Pick up the pink bowl on the table. Place the pink bowl inside the black bowl."
/data/datasets/DROID/train_v8capinf/final/77546_exterior_image_2_left_pair0.png,/data/datasets/DROID/train_v8capinf/kontext/77546_exterior_image_2_left_pair0.png,"Follow the markers in the image: the green box marks the object to grasp, the blue dot marks where to place it. Show the scene after the object has been moved to the marked location. Pick up the lid from the pot. Place the lid on the table."
/data/datasets/DROID/train_v8capinf/final/12970_exterior_image_1_left_pair0.png,/data/datasets/DROID/train_v8capinf/kontext/12970_exterior_image_1_left_pair0.png,"Follow the markers in the image: the green box marks the object to grasp, the blue dot marks where to place it. Show the scene after the object has been moved to the marked location. Pick up the lid on the tray. Place the lid on the pot."
/data/datasets/DROID/train_v8capinf/final/21720_exterior_image_1_left_pair0.png,/data/datasets/DROID/train_v8capinf/kontext/21720_exterior_image_1_left_pair0.png,"Follow the markers in the image: the green box marks the object to grasp, the blue dot marks where to place it. Show the scene after the object has been moved to the marked location. Pick up the apple plush toy from the surface. Place the apple plush toy inside the basket."
/data/datasets/DROID/train_v8capinf/final/21720_exterior_image_1_left_pair1.png,/data/datasets/DROID/train_v8capinf/kontext/21720_exterior_image_1_left_pair1.png,"Follow the markers in the image: the green box marks the object to grasp, the blue dot marks where to place it. Show the scene after the object has been moved to the marked location. Pick up the orange plush toy from the surface. Place the orange plush toy inside the basket."
/data/datasets/DROID/train_v8capinf/final/23666_exterior_image_2_left_pair0.png,/data/datasets/DROID/train_v8capinf/kontext/23666_exterior_image_2_left_pair0.png,"Follow the markers in the image: the green box marks the object to grasp, the blue dot marks where to place it. Show the scene after the object has been moved to the marked location. Pick up the red can on the countertop. Place the red can in the cabinet."
/data/datasets/DROID/train_v8capinf/final/16921_exterior_image_2_left_pair0.png,/data/datasets/DROID/train_v8capinf/kontext/16921_exterior_image_2_left_pair0.png,"Follow the markers in the image: the green box marks the object to grasp, the blue dot marks where to place it. Show the scene after the object has been moved to the marked location. Pick up the bowl on the table. Place the bowl on the table."
/data/datasets/DROID/train_v8capinf/final/74854_exterior_image_2_left_pair0.png,/data/datasets/DROID/train_v8capinf/kontext/74854_exterior_image_2_left_pair0.png,"Follow the markers in the image: the green box marks the object to grasp, the blue dot marks where to place it. Show the scene after the object has been moved to the marked location. Pick up the pen from the desktop. Place the pen in the bowl."
/data/datasets/DROID/train_v8capinf/final/11794_exterior_image_2_left_pair0.png,/data/datasets/DROID/train_v8capinf/kontext/11794_exterior_image_2_left_pair0.png,"Follow the markers in the image: the green box marks the object to grasp, the blue dot marks where to place it. Show the scene after the object has been moved to the marked location. Pick up the object. Place the object on the table."
/data/datasets/DROID/train_v8capinf/final/16329_exterior_image_2_left_pair0.png,/data/datasets/DROID/train_v8capinf/kontext/16329_exterior_image_2_left_pair0.png,"Follow the markers in the image: the green box marks the object to grasp, the blue dot marks where to place it. Show the scene after the object has been moved to the marked location. Pick up the lid from the table. Place the lid on the teapot."
/data/datasets/DROID/train_v8capinf/final/26145_exterior_image_1_left_pair0.png,/data/datasets/DROID/train_v8capinf/kontext/26145_exterior_image_1_left_pair0.png,"Follow the markers in the image: the green box marks the object to grasp, the blue dot marks where to place it. Show the scene after the object has been moved to the marked location. Pick up the can from the sink. Place the can on the bottom shelf of the cabinet."
/data/datasets/DROID/train_v8capinf/final/39652_exterior_image_1_left_pair0.png,/data/datasets/DROID/train_v8capinf/kontext/39652_exterior_image_1_left_pair0.png,"Follow the markers in the image: the green box marks the object to grasp, the blue dot marks where to place it. Show the scene after the object has been moved to the marked location. Pick up the toy lid on the table. Place the toy lid on the toy black pot."
/data/datasets/DROID/train_v8capinf/final/15164_exterior_image_2_left_pair0.png,/data/datasets/DROID/train_v8capinf/kontext/15164_exterior_image_2_left_pair0.png,"Follow the markers in the image: the green box marks the object to grasp, the blue dot marks where to place it. Show the scene after the object has been moved to the marked location. Pick up the bottle by the table. Place the bottle in the middle of the table."
/data/datasets/DROID/train_v8capinf/final/12101_exterior_image_2_left_pair0.png,/data/datasets/DROID/train_v8capinf/kontext/12101_exterior_image_2_left_pair0.png,"Follow the markers in the image: the green box marks the object to grasp, the blue dot marks where to place it. Show the scene after the object has been moved to the marked location. Pick up the green object on the table. Place the green object in the basket."
/data/datasets/DROID/train_v8capinf/final/16325_exterior_image_2_left_pair0.png,/data/datasets/DROID/train_v8capinf/kontext/16325_exterior_image_2_left_pair0.png,"Follow the markers in the image: the green box marks the object to grasp, the blue dot marks where to place it. Show the scene after the object has been moved to the marked location. Pick up the purple plush toy on the table. Place the purple plush toy on the tray."
/data/datasets/DROID/train_v8capinf/final/10863_exterior_image_1_left_pair0.png,/data/datasets/DROID/train_v8capinf/kontext/10863_exterior_image_1_left_pair0.png,"Follow the markers in the image: the green box marks the object to grasp, the blue dot marks where to place it. Show the scene after the object has been moved to the marked location. Pick up the block on the block. Place the block on the yellow and dark blue blocks."
/data/datasets/DROID/train_v8capinf/final/13513_exterior_image_2_left_pair0.png,/data/datasets/DROID/train_v8capinf/kontext/13513_exterior_image_2_left_pair0.png,"Follow the markers in the image: the green box marks the object to grasp, the blue dot marks where to place it. Show the scene after the object has been moved to the marked location. Pick up the lid from the pot. Place the lid on the tray."
/data/datasets/DROID/train_v8capinf/final/80816_exterior_image_1_left_pair0.png,/data/datasets/DROID/train_v8capinf/kontext/80816_exterior_image_1_left_pair0.png,"Follow the markers in the image: the green box marks the object to grasp, the blue dot marks where to place it. Show the scene after the object has been moved to the marked location. Pick up the object on the plate. Place the object on the table."
/data/datasets/DROID/train_v8capinf/final/80816_exterior_image_1_left_pair1.png,/data/datasets/DROID/train_v8capinf/kontext/80816_exterior_image_1_left_pair1.png,"Follow the markers in the image: the green box marks the object to grasp, the blue dot marks where to place it. Show the scene after the object has been moved to the marked location. Pick up the object on the plate. Place the object on the table."
/data/datasets/DROID/train_v8capinf/final/14048_exterior_image_2_left_pair0.png,/data/datasets/DROID/train_v8capinf/kontext/14048_exterior_image_2_left_pair0.png,"Follow the markers in the image: the green box marks the object to grasp, the blue dot marks where to place it. Show the scene after the object has been moved to the marked location. Pick up the green object on the table. Place the green packet in the bowl."
/data/datasets/DROID/train_v8capinf/final/38994_exterior_image_1_left_pair0.png,/data/datasets/DROID/train_v8capinf/kontext/38994_exterior_image_1_left_pair0.png,"Follow the markers in the image: the green box marks the object to grasp, the blue dot marks where to place it. Show the scene after the object has been moved to the marked location. Pick up the red object from the grey bowl. Place the red object in the blue box."
/data/datasets/DROID/train_v8capinf/final/18544_exterior_image_1_left_pair0.png,/data/datasets/DROID/train_v8capinf/kontext/18544_exterior_image_1_left_pair0.png,"Follow the markers in the image: the green box marks the object to grasp, the blue dot marks where to place it. Show the scene after the object has been moved to the marked location. Pick up the green bag from the countertop. Place the green bag in the open upper cabinet."
/data/datasets/DROID/train_v8capinf/final/20488_exterior_image_2_left_pair0.png,/data/datasets/DROID/train_v8capinf/kontext/20488_exterior_image_2_left_pair0.png,"Follow the markers in the image: the green box marks the object to grasp, the blue dot marks where to place it. Show the scene after the object has been moved to the marked location. Pick up the green cup on the countertop. Place the green cup on the countertop."
/data/datasets/DROID/train_v8capinf/final/20488_exterior_image_2_left_pair1.png,/data/datasets/DROID/train_v8capinf/kontext/20488_exterior_image_2_left_pair1.png,"Follow the markers in the image: the green box marks the object to grasp, the blue dot marks where to place it. Show the scene after the object has been moved to the marked location. Pick up the bowl on the countertop. Place the bowl in the bowl."
/data/datasets/DROID/train_v8capinf/final/16355_exterior_image_2_left_pair0.png,/data/datasets/DROID/train_v8capinf/kontext/16355_exterior_image_2_left_pair0.png,"Follow the markers in the image: the green box marks the object to grasp, the blue dot marks where to place it. Show the scene after the object has been moved to the marked location. Pick up the clothing from the box. Place the clothing on the couch."
/data/datasets/DROID/train_v8capinf/final/20913_exterior_image_1_left_pair0.png,/data/datasets/DROID/train_v8capinf/kontext/20913_exterior_image_1_left_pair0.png,"Follow the markers in the image: the green box marks the object to grasp, the blue dot marks where to place it. Show the scene after the object has been moved to the marked location. Pick up the green can on the counter. Place the green can in the cabinet above."
/data/datasets/DROID/train_v8capinf/final/13090_exterior_image_1_left_pair0.png,/data/datasets/DROID/train_v8capinf/kontext/13090_exterior_image_1_left_pair0.png,"Follow the markers in the image: the green box marks the object to grasp, the blue dot marks where to place it. Show the scene after the object has been moved to the marked location. Pick up the small bottle from the table. Place the small bottle in the plastic box."
/data/datasets/DROID/train_v8capinf/final/19111_exterior_image_2_left_pair0.png,/data/datasets/DROID/train_v8capinf/kontext/19111_exterior_image_2_left_pair0.png,"Follow the markers in the image: the green box marks the object to grasp, the blue dot marks where to place it. Show the scene after the object has been moved to the marked location. Pick up the tulip plush toy on the table. Place the tulip plush toy inside the white bowl."
/data/datasets/DROID/train_v8capinf/final/12075_exterior_image_2_left_pair0.png,/data/datasets/DROID/train_v8capinf/kontext/12075_exterior_image_2_left_pair0.png,"Follow the markers in the image: the green box marks the object to grasp, the blue dot marks where to place it. Show the scene after the object has been moved to the marked location. Pick up the marker from the blue box. Place the marker in the cup."
/data/datasets/DROID/train_v8capinf/final/10985_exterior_image_2_left_pair0.png,/data/datasets/DROID/train_v8capinf/kontext/10985_exterior_image_2_left_pair0.png,"Follow the markers in the image: the green box marks the object to grasp, the blue dot marks where to place it. Show the scene after the object has been moved to the marked location. Pick up the object in the bowl. Place the object on the table."
/data/datasets/DROID/train_v8capinf/final/20424_exterior_image_1_left_pair0.png,/data/datasets/DROID/train_v8capinf/kontext/20424_exterior_image_1_left_pair0.png,"Follow the markers in the image: the green box marks the object to grasp, the blue dot marks where to place it. Show the scene after the object has been moved to the marked location. Pick up the jar from the plate. Place the jar on the table."
/data/datasets/DROID/train_v8capinf/final/20424_exterior_image_1_left_pair1.png,/data/datasets/DROID/train_v8capinf/kontext/20424_exterior_image_1_left_pair1.png,"Follow the markers in the image: the green box marks the object to grasp, the blue dot marks where to place it. Show the scene after the object has been moved to the marked location. Pick up the jar from the plate. Place the jar on the table."
/data/datasets/DROID/train_v8capinf/final/13280_exterior_image_1_left_pair0.png,/data/datasets/DROID/train_v8capinf/kontext/13280_exterior_image_1_left_pair0.png,"Follow the markers in the image: the green box marks the object to grasp, the blue dot marks where to place it. Show the scene after the object has been moved to the marked location. Pick up the toy banana from the sofa. Place the toy banana on the backrest of the sofa."
/data/datasets/DROID/train_v8capinf/final/30879_exterior_image_1_left_pair0.png,/data/datasets/DROID/train_v8capinf/kontext/30879_exterior_image_1_left_pair0.png,"Follow the markers in the image: the green box marks the object to grasp, the blue dot marks where to place it. Show the scene after the object has been moved to the marked location. Pick up the lid from the table. Place the lid on the pot."
/data/datasets/DROID/train_v8capinf/final/13595_exterior_image_1_left_pair0.png,/data/datasets/DROID/train_v8capinf/kontext/13595_exterior_image_1_left_pair0.png,"Follow the markers in the image: the green box marks the object to grasp, the blue dot marks where to place it. Show the scene after the object has been moved to the marked location. Pick up the orange tool from the shelf. Place the orange tool in the bowl."
/data/datasets/DROID/train_v8capinf/final/33005_exterior_image_2_left_pair0.png,/data/datasets/DROID/train_v8capinf/kontext/33005_exterior_image_2_left_pair0.png,"Follow the markers in the image: the green box marks the object to grasp, the blue dot marks where to place it. Show the scene after the object has been moved to the marked location. Pick up the bag from the countertop. Place the bag in the sink."
/data/datasets/DROID/train_v8capinf/final/14276_exterior_image_2_left_pair0.png,/data/datasets/DROID/train_v8capinf/kontext/14276_exterior_image_2_left_pair0.png,"Follow the markers in the image: the green box marks the object to grasp, the blue dot marks where to place it. Show the scene after the object has been moved to the marked location. Pick up the green block from the blue table. Place the green block in the bowl."
/data/datasets/DROID/train_v8capinf/final/80871_exterior_image_1_left_pair0.png,/data/datasets/DROID/train_v8capinf/kontext/80871_exterior_image_1_left_pair0.png,"Follow the markers in the image: the green box marks the object to grasp, the blue dot marks where to place it. Show the scene after the object has been moved to the marked location. Pick up the brown cup from the sink. Place the brown cup on the table."
/data/datasets/DROID/train_v8capinf/final/65387_exterior_image_2_left_pair0.png,/data/datasets/DROID/train_v8capinf/kontext/65387_exterior_image_2_left_pair0.png,"Follow the markers in the image: the green box marks the object to grasp, the blue dot marks where to place it. Show the scene after the object has been moved to the marked location. Pick up the orange block. Place the orange block on top of the green block."
/data/datasets/DROID/train_v8capinf/final/15660_exterior_image_2_left_pair0.png,/data/datasets/DROID/train_v8capinf/kontext/15660_exterior_image_2_left_pair0.png,"Follow the markers in the image: the green box marks the object to grasp, the blue dot marks where to place it. Show the scene after the object has been moved to the marked location. Pick up the cup next to the blue cup. Place the cup above the cup."
/data/datasets/DROID/train_v8capinf/final/15660_exterior_image_2_left_pair1.png,/data/datasets/DROID/train_v8capinf/kontext/15660_exterior_image_2_left_pair1.png,"Follow the markers in the image: the green box marks the object to grasp, the blue dot marks where to place it. Show the scene after the object has been moved to the marked location. Pick up the cup in front of the table. Place the cup above the cup."
/data/datasets/DROID/train_v8capinf/final/10763_exterior_image_1_left_pair0.png,/data/datasets/DROID/train_v8capinf/kontext/10763_exterior_image_1_left_pair0.png,"Follow the markers in the image: the green box marks the object to grasp, the blue dot marks where to place it. Show the scene after the object has been moved to the marked location. Pick up the lid from the countertop. Place the lid on the black pot."
/data/datasets/DROID/train_v8capinf/final/40254_exterior_image_2_left_pair0.png,/data/datasets/DROID/train_v8capinf/kontext/40254_exterior_image_2_left_pair0.png,"Follow the markers in the image: the green box marks the object to grasp, the blue dot marks where to place it. Show the scene after the object has been moved to the marked location. Pick up the cube on the table. Place the cube on top of the green cube."
/data/datasets/DROID/train_v8capinf/final/11947_exterior_image_2_left_pair0.png,/data/datasets/DROID/train_v8capinf/kontext/11947_exterior_image_2_left_pair0.png,"Follow the markers in the image: the green box marks the object to grasp, the blue dot marks where to place it. Show the scene after the object has been moved to the marked location. Pick up the purple object in the bowl. Place the purple object on the table."
/data/datasets/DROID/train_v8capinf/final/23118_exterior_image_1_left_pair0.png,/data/datasets/DROID/train_v8capinf/kontext/23118_exterior_image_1_left_pair0.png,"Follow the markers in the image: the green box marks the object to grasp, the blue dot marks where to place it. Show the scene after the object has been moved to the marked location. Pick up the drink from the cabinet. Place the drink on the countertop."
/data/datasets/DROID/train_v8capinf/final/20861_exterior_image_2_left_pair0.png,/data/datasets/DROID/train_v8capinf/kontext/20861_exterior_image_2_left_pair0.png,"Follow the markers in the image: the green box marks the object to grasp, the blue dot marks where to place it. Show the scene after the object has been moved to the marked location. Pick up the can on the desktop. Place the can on the silver base."
/data/datasets/DROID/train_v8capinf/final/29696_exterior_image_1_left_pair0.png,/data/datasets/DROID/train_v8capinf/kontext/29696_exterior_image_1_left_pair0.png,"Follow the markers in the image: the green box marks the object to grasp, the blue dot marks where to place it. Show the scene after the object has been moved to the marked location. Pick up the black object from the counter. Place the black object in the open drawer."
/data/datasets/DROID/train_v8capinf/final/11892_exterior_image_2_left_pair0.png,/data/datasets/DROID/train_v8capinf/kontext/11892_exterior_image_2_left_pair0.png,"Follow the markers in the image: the green box marks the object to grasp, the blue dot marks where to place it. Show the scene after the object has been moved to the marked location. Pick up the white tape on the table. Place the white tape on the white container."
/data/datasets/DROID/train_v8capinf/final/12967_exterior_image_1_left_pair0.png,/data/datasets/DROID/train_v8capinf/kontext/12967_exterior_image_1_left_pair0.png,"Follow the markers in the image: the green box marks the object to grasp, the blue dot marks where to place it. Show the scene after the object has been moved to the marked location. Pick up the object from the table. Place the object on the table."
/data/datasets/DROID/train_v8capinf/final/12900_exterior_image_2_left_pair0.png,/data/datasets/DROID/train_v8capinf/kontext/12900_exterior_image_2_left_pair0.png,"Follow the markers in the image: the green box marks the object to grasp, the blue dot marks where to place it. Show the scene after the object has been moved to the marked location. Pick up the pen from the table. Place the pen in the cup."
/data/datasets/DROID/train_v8capinf/final/12091_exterior_image_1_left_pair0.png,/data/datasets/DROID/train_v8capinf/kontext/12091_exterior_image_1_left_pair0.png,"Follow the markers in the image: the green box marks the object to grasp, the blue dot marks where to place it. Show the scene after the object has been moved to the marked location. Pick up the lid from the desktop. Place the lid on the pot."
/data/datasets/DROID/train_v8capinf/final/36154_exterior_image_2_left_pair0.png,/data/datasets/DROID/train_v8capinf/kontext/36154_exterior_image_2_left_pair0.png,"Follow the markers in the image: the green box marks the object to grasp, the blue dot marks where to place it. Show the scene after the object has been moved to the marked location. Pick up the egg on the tray. Place the egg in the cup."
/data/datasets/DROID/train_v8capinf/final/15773_exterior_image_1_left_pair0.png,/data/datasets/DROID/train_v8capinf/kontext/15773_exterior_image_1_left_pair0.png,"Follow the markers in the image: the green box marks the object to grasp, the blue dot marks where to place it. Show the scene after the object has been moved to the marked location. Pick up the marker from the bowl. Place the marker on the table."
/data/datasets/DROID/train_v8capinf/final/1660_exterior_image_1_left_pair0.png,/data/datasets/DROID/train_v8capinf/kontext/1660_exterior_image_1_left_pair0.png,"Follow the markers in the image: the green box marks the object to grasp, the blue dot marks where to place it. Show the scene after the object has been moved to the marked location. Pick up the orange plush toy from the blue basket. Place the orange plush toy on the countertop."
/data/datasets/DROID/train_v8capinf/final/19470_exterior_image_1_left_pair0.png,/data/datasets/DROID/train_v8capinf/kontext/19470_exterior_image_1_left_pair0.png,"Follow the markers in the image: the green box marks the object to grasp, the blue dot marks where to place it. Show the scene after the object has been moved to the marked location. Pick up the cloth hanging on the stand. Place the cloth on the table."
/data/datasets/DROID/train_v8capinf/final/66909_exterior_image_2_left_pair0.png,/data/datasets/DROID/train_v8capinf/kontext/66909_exterior_image_2_left_pair0.png,"Follow the markers in the image: the green box marks the object to grasp, the blue dot marks where to place it. Show the scene after the object has been moved to the marked location. Pick up the green block on the brown block. Place the green block on the countertop."
/data/datasets/DROID/train_v8capinf/final/21142_exterior_image_2_left_pair0.png,/data/datasets/DROID/train_v8capinf/kontext/21142_exterior_image_2_left_pair0.png,"Follow the markers in the image: the green box marks the object to grasp, the blue dot marks where to place it. Show the scene after the object has been moved to the marked location. Pick up the green can in the pool. Place the green can on the countertop."
/data/datasets/DROID/train_v8capinf/final/11179_exterior_image_1_left_pair0.png,/data/datasets/DROID/train_v8capinf/kontext/11179_exterior_image_1_left_pair0.png,"Follow the markers in the image: the green box marks the object to grasp, the blue dot marks where to place it. Show the scene after the object has been moved to the marked location. Pick up the yellow block on the table. Place the yellow block in the cup."
/data/datasets/DROID/train_v8capinf/final/18393_exterior_image_2_left_pair0.png,/data/datasets/DROID/train_v8capinf/kontext/18393_exterior_image_2_left_pair0.png,"Follow the markers in the image: the green box marks the object to grasp, the blue dot marks where to place it. Show the scene after the object has been moved to the marked location. Pick up the orange rubber duck from the table. Place the orange rubber duck inside the silver pot."
/data/datasets/DROID/train_v8capinf/final/13597_exterior_image_1_left_pair0.png,/data/datasets/DROID/train_v8capinf/kontext/13597_exterior_image_1_left_pair0.png,"Follow the markers in the image: the green box marks the object to grasp, the blue dot marks where to place it. Show the scene after the object has been moved to the marked location. Pick up the brown packet from the sink. Place the brown packet inside the sink."
/data/datasets/DROID/train_v8capinf/final/35422_exterior_image_2_left_pair0.png,/data/datasets/DROID/train_v8capinf/kontext/35422_exterior_image_2_left_pair0.png,"Follow the markers in the image: the green box marks the object to grasp, the blue dot marks where to place it. Show the scene after the object has been moved to the marked location. Pick up the bottle on the table. Place the bottle next to the white cup."
/data/datasets/DROID/train_v8capinf/final/32447_exterior_image_2_left_pair0.png,/data/datasets/DROID/train_v8capinf/kontext/32447_exterior_image_2_left_pair0.png,"Follow the markers in the image: the green box marks the object to grasp, the blue dot marks where to place it. Show the scene after the object has been moved to the marked location. Pick up the drink on the table. Place the drink in the sink."
/data/datasets/DROID/train_v8capinf/final/49891_exterior_image_1_left_pair0.png,/data/datasets/DROID/train_v8capinf/kontext/49891_exterior_image_1_left_pair0.png,"Follow the markers in the image: the green box marks the object to grasp, the blue dot marks where to place it. Show the scene after the object has been moved to the marked location. Pick up the green marker on the blue table. Place the green marker in the bowl."
/data/datasets/DROID/train_v8capinf/final/15838_exterior_image_1_left_pair0.png,/data/datasets/DROID/train_v8capinf/kontext/15838_exterior_image_1_left_pair0.png,"Follow the markers in the image: the green box marks the object to grasp, the blue dot marks where to place it. Show the scene after the object has been moved to the marked location. Pick up the marker from the box. Place the marker on the table."
/data/datasets/DROID/train_v8capinf/final/15804_exterior_image_2_left_pair1.png,/data/datasets/DROID/train_v8capinf/kontext/15804_exterior_image_2_left_pair1.png,"Follow the markers in the image: the green box marks the object to grasp, the blue dot marks where to place it. Show the scene after the object has been moved to the marked location. Pick up the fabric from the box. Place the fabric on the table."
/data/datasets/DROID/train_v8capinf/final/41358_exterior_image_2_left_pair0.png,/data/datasets/DROID/train_v8capinf/kontext/41358_exterior_image_2_left_pair0.png,"Follow the markers in the image: the green box marks the object to grasp, the blue dot marks where to place it. Show the scene after the object has been moved to the marked location. Pick up the straw on the table. Place the straw in the cup."
/data/datasets/DROID/train_v8capinf/final/11876_exterior_image_1_left_pair0.png,/data/datasets/DROID/train_v8capinf/kontext/11876_exterior_image_1_left_pair0.png,"Follow the markers in the image: the green box marks the object to grasp, the blue dot marks where to place it. Show the scene after the object has been moved to the marked location. Pick up the yellow cup on the table. Place the yellow cup in the orange cup."
/data/datasets/DROID/train_v8capinf/final/1938_exterior_image_2_left_pair0.png,/data/datasets/DROID/train_v8capinf/kontext/1938_exterior_image_2_left_pair0.png,"Follow the markers in the image: the green box marks the object to grasp, the blue dot marks where to place it. Show the scene after the object has been moved to the marked location. Pick up the jar on the countertop. Place the jar in the sink."
/data/datasets/DROID/train_v8capinf/final/23037_exterior_image_1_left_pair0.png,/data/datasets/DROID/train_v8capinf/kontext/23037_exterior_image_1_left_pair0.png,"Follow the markers in the image: the green box marks the object to grasp, the blue dot marks where to place it. Show the scene after the object has been moved to the marked location. Pick up the marker on the table. Place the marker in the bowl."
/data/datasets/DROID/train_v8capinf/final/16198_exterior_image_2_left_pair0.png,/data/datasets/DROID/train_v8capinf/kontext/16198_exterior_image_2_left_pair0.png,"Follow the markers in the image: the green box marks the object to grasp, the blue dot marks where to place it. Show the scene after the object has been moved to the marked location. Pick up the jar from the table. Place the jar on the metal object."
/data/datasets/DROID/train_v8capinf/final/33594_exterior_image_2_left_pair0.png,/data/datasets/DROID/train_v8capinf/kontext/33594_exterior_image_2_left_pair0.png,"Follow the markers in the image: the green box marks the object to grasp, the blue dot marks where to place it. Show the scene after the object has been moved to the marked location. Pick up the can on the table. Place the can inside the sink."
/data/datasets/DROID/train_v8capinf/final/39322_exterior_image_2_left_pair0.png,/data/datasets/DROID/train_v8capinf/kontext/39322_exterior_image_2_left_pair0.png,"Follow the markers in the image: the green box marks the object to grasp, the blue dot marks where to place it. Show the scene after the object has been moved to the marked location. Pick up the pear plush toy from the cup. Place the pear plush toy on the plate."
/data/datasets/DROID/train_v8capinf/final/39322_exterior_image_2_left_pair1.png,/data/datasets/DROID/train_v8capinf/kontext/39322_exterior_image_2_left_pair1.png,"Follow the markers in the image: the green box marks the object to grasp, the blue dot marks where to place it. Show the scene after the object has been moved to the marked location. Pick up the orange plush toy from the basket. Place the orange plush toy on the plate."
/data/datasets/DROID/train_v8capinf/final/17935_exterior_image_2_left_pair0.png,/data/datasets/DROID/train_v8capinf/kontext/17935_exterior_image_2_left_pair0.png,"Follow the markers in the image: the green box marks the object to grasp, the blue dot marks where to place it. Show the scene after the object has been moved to the marked location. Pick up the container on the table. Place the container near the apple."
/data/datasets/DROID/train_v8capinf/final/27894_exterior_image_1_left_pair0.png,/data/datasets/DROID/train_v8capinf/kontext/27894_exterior_image_1_left_pair0.png,"Follow the markers in the image: the green box marks the object to grasp, the blue dot marks where to place it. Show the scene after the object has been moved to the marked location. Pick up the green plush toy from the white basin. Place the green plush toy on the dish rack."
/data/datasets/DROID/train_v8capinf/final/14280_exterior_image_2_left_pair0.png,/data/datasets/DROID/train_v8capinf/kontext/14280_exterior_image_2_left_pair0.png,"Follow the markers in the image: the green box marks the object to grasp, the blue dot marks where to place it. Show the scene after the object has been moved to the marked location. Pick up the green object on the table. Place the green object inside the bowl."
/data/datasets/DROID/train_v8capinf/final/51399_exterior_image_2_left_pair0.png,/data/datasets/DROID/train_v8capinf/kontext/51399_exterior_image_2_left_pair0.png,"Follow the markers in the image: the green box marks the object to grasp, the blue dot marks where to place it. Show the scene after the object has been moved to the marked location. Pick up the marker on the table. Place the marker in the bowl."
/data/datasets/DROID/train_v8capinf/final/48349_exterior_image_1_left_pair0.png,/data/datasets/DROID/train_v8capinf/kontext/48349_exterior_image_1_left_pair0.png,"Follow the markers in the image: the green box marks the object to grasp, the blue dot marks where to place it. Show the scene after the object has been moved to the marked location. Pick up the small bottle from the wooden tray. Place the small bottle in the glass bowl."
/data/datasets/DROID/train_v8capinf/final/15365_exterior_image_2_left_pair0.png,/data/datasets/DROID/train_v8capinf/kontext/15365_exterior_image_2_left_pair0.png,"Follow the markers in the image: the green box marks the object to grasp, the blue dot marks where to place it. Show the scene after the object has been moved to the marked location. Pick up the clear lid from the table. Place the clear lid on the pot."
/data/datasets/DROID/train_v8capinf/final/17460_exterior_image_2_left_pair0.png,/data/datasets/DROID/train_v8capinf/kontext/17460_exterior_image_2_left_pair0.png,"Follow the markers in the image: the green box marks the object to grasp, the blue dot marks where to place it. Show the scene after the object has been moved to the marked location. Take the tape from the shelf. Place the tape on the desktop."
/data/datasets/DROID/train_v8capinf/final/14373_exterior_image_2_left_pair0.png,/data/datasets/DROID/train_v8capinf/kontext/14373_exterior_image_2_left_pair0.png,"Follow the markers in the image: the green box marks the object to grasp, the blue dot marks where to place it. Show the scene after the object has been moved to the marked location. Pick up the bottle on the tray. Place the bottle to the transparent container."
/data/datasets/DROID/train_v8capinf/final/49912_exterior_image_2_left_pair0.png,/data/datasets/DROID/train_v8capinf/kontext/49912_exterior_image_2_left_pair0.png,"Follow the markers in the image: the green box marks the object to grasp, the blue dot marks where to place it. Show the scene after the object has been moved to the marked location. Pick up the animal toy on the table. Place the animal toy in the pot."
/data/datasets/DROID/train_v8capinf/final/13140_exterior_image_2_left_pair0.png,/data/datasets/DROID/train_v8capinf/kontext/13140_exterior_image_2_left_pair0.png,"Follow the markers in the image: the green box marks the object to grasp, the blue dot marks where to place it. Show the scene after the object has been moved to the marked location. Pick up the blue block on the table. Place the blue block on the table."
/data/datasets/DROID/train_v8capinf/final/14586_exterior_image_1_left_pair0.png,/data/datasets/DROID/train_v8capinf/kontext/14586_exterior_image_1_left_pair0.png,"Follow the markers in the image: the green box marks the object to grasp, the blue dot marks where to place it. Show the scene after the object has been moved to the marked location. Pick up the yellow block from the table. Place the yellow block in the cup."
/data/datasets/DROID/train_v8capinf/final/19907_exterior_image_2_left_pair0.png,/data/datasets/DROID/train_v8capinf/kontext/19907_exterior_image_2_left_pair0.png,"Follow the markers in the image: the green box marks the object to grasp, the blue dot marks where to place it. Show the scene after the object has been moved to the marked location. Pick up the eraser from the whiteboard base. Place the eraser on the base."
/data/datasets/DROID/train_v8capinf/final/18691_exterior_image_2_left_pair0.png,/data/datasets/DROID/train_v8capinf/kontext/18691_exterior_image_2_left_pair0.png,"Follow the markers in the image: the green box marks the object to grasp, the blue dot marks where to place it. Show the scene after the object has been moved to the marked location. Pick up the marker on the table. Place the marker in the green cup."
/data/datasets/DROID/train_v8capinf/final/2431_exterior_image_2_left_pair0.png,/data/datasets/DROID/train_v8capinf/kontext/2431_exterior_image_2_left_pair0.png,"Follow the markers in the image: the green box marks the object to grasp, the blue dot marks where to place it. Show the scene after the object has been moved to the marked location. Pick up the marker on the table. Place the marker on the table."
/data/datasets/DROID/train_v8capinf/final/16988_exterior_image_2_left_pair0.png,/data/datasets/DROID/train_v8capinf/kontext/16988_exterior_image_2_left_pair0.png,"Follow the markers in the image: the green box marks the object to grasp, the blue dot marks where to place it. Show the scene after the object has been moved to the marked location. Pick up the white cloth from the table. Place the white cloth on the black stand."
/data/datasets/DROID/train_v8capinf/final/17697_exterior_image_1_left_pair0.png,/data/datasets/DROID/train_v8capinf/kontext/17697_exterior_image_1_left_pair0.png,"Follow the markers in the image: the green box marks the object to grasp, the blue dot marks where to place it. Show the scene after the object has been moved to the marked location. Pick up the marker on the table. Place the marker on the table."
/data/datasets/DROID/train_v8capinf/final/12877_exterior_image_2_left_pair0.png,/data/datasets/DROID/train_v8capinf/kontext/12877_exterior_image_2_left_pair0.png,"Follow the markers in the image: the green box marks the object to grasp, the blue dot marks where to place it. Show the scene after the object has been moved to the marked location. Pick up the green paper bag from the bed. Place the green paper bag in the plastic container."
/data/datasets/DROID/train_v8capinf/final/11738_exterior_image_2_left_pair0.png,/data/datasets/DROID/train_v8capinf/kontext/11738_exterior_image_2_left_pair0.png,"Follow the markers in the image: the green box marks the object to grasp, the blue dot marks where to place it. Show the scene after the object has been moved to the marked location. Pick up the blue bag of snacks on the countertop. Place the blue bag of snacks in the transparent bowl."
/data/datasets/DROID/train_v8capinf/final/11635_exterior_image_1_left_pair0.png,/data/datasets/DROID/train_v8capinf/kontext/11635_exterior_image_1_left_pair0.png,"Follow the markers in the image: the green box marks the object to grasp, the blue dot marks where to place it. Show the scene after the object has been moved to the marked location. Pick up the yellow cable from the shelf. Place the yellow cable into the toolbox."
/data/datasets/DROID/train_v8capinf/final/58705_exterior_image_2_left_pair0.png,/data/datasets/DROID/train_v8capinf/kontext/58705_exterior_image_2_left_pair0.png,"Follow the markers in the image: the green box marks the object to grasp, the blue dot marks where to place it. Show the scene after the object has been moved to the marked location. Pick up the spatula in the pot. Place the spatula on the table."
/data/datasets/DROID/train_v8capinf/final/17905_exterior_image_2_left_pair0.png,/data/datasets/DROID/train_v8capinf/kontext/17905_exterior_image_2_left_pair0.png,"Follow the markers in the image: the green box marks the object to grasp, the blue dot marks where to place it. Show the scene after the object has been moved to the marked location. Pick up the light blue cloth pin from the wooden stand. Place the light blue cloth pin on the table."
/data/datasets/DROID/train_v8capinf/final/11300_exterior_image_2_left_pair1.png,/data/datasets/DROID/train_v8capinf/kontext/11300_exterior_image_2_left_pair1.png,"Follow the markers in the image: the green box marks the object to grasp, the blue dot marks where to place it. Show the scene after the object has been moved to the marked location. Pick up the bowl from the counter. Place the bowl on the table."
/data/datasets/DROID/train_v8capinf/final/14887_exterior_image_2_left_pair0.png,/data/datasets/DROID/train_v8capinf/kontext/14887_exterior_image_2_left_pair0.png,"Follow the markers in the image: the green box marks the object to grasp, the blue dot marks where to place it. Show the scene after the object has been moved to the marked location. Pick up the towel in the bowl. Place the towel to the bowl."
/data/datasets/DROID/train_v8capinf/final/11106_exterior_image_1_left_pair0.png,/data/datasets/DROID/train_v8capinf/kontext/11106_exterior_image_1_left_pair0.png,"Follow the markers in the image: the green box marks the object to grasp, the blue dot marks where to place it. Show the scene after the object has been moved to the marked location. Pick up the green block on the table. Place the green block on the table."
/data/datasets/DROID/train_v8capinf/final/11438_exterior_image_2_left_pair0.png,/data/datasets/DROID/train_v8capinf/kontext/11438_exterior_image_2_left_pair0.png,"Follow the markers in the image: the green box marks the object to grasp, the blue dot marks where to place it. Show the scene after the object has been moved to the marked location. Pick up the pen from the cup. Place the pen on the desktop."
/data/datasets/DROID/train_v8capinf/final/14737_exterior_image_1_left_pair0.png,/data/datasets/DROID/train_v8capinf/kontext/14737_exterior_image_1_left_pair0.png,"Follow the markers in the image: the green box marks the object to grasp, the blue dot marks where to place it. Show the scene after the object has been moved to the marked location. Pick up the cup on the table. Place the cup in the position in front of the table."
/data/datasets/DROID/train_v8capinf/final/321_exterior_image_2_left_pair1.png,/data/datasets/DROID/train_v8capinf/kontext/321_exterior_image_2_left_pair1.png,"Follow the markers in the image: the green box marks the object to grasp, the blue dot marks where to place it. Show the scene after the object has been moved to the marked location. Pick up the orange jar from the tray. Place the orange jar on the table."
/data/datasets/DROID/train_v8capinf/final/18306_exterior_image_2_left_pair1.png,/data/datasets/DROID/train_v8capinf/kontext/18306_exterior_image_2_left_pair1.png,"Follow the markers in the image: the green box marks the object to grasp, the blue dot marks where to place it. Show the scene after the object has been moved to the marked location. Pick up the second cushion on the sofa. Place the second cushion in front of the first cushion, against the armrest."
/data/datasets/DROID/train_v8capinf/final/13285_exterior_image_2_left_pair0.png,/data/datasets/DROID/train_v8capinf/kontext/13285_exterior_image_2_left_pair0.png,"Follow the markers in the image: the green box marks the object to grasp, the blue dot marks where to place it. Show the scene after the object has been moved to the marked location. Pick up the cloth from the table. Place the cloth on the shelf."
/data/datasets/DROID/train_v8capinf/final/6875_exterior_image_1_left_pair0.png,/data/datasets/DROID/train_v8capinf/kontext/6875_exterior_image_1_left_pair0.png,"Follow the markers in the image: the green box marks the object to grasp, the blue dot marks where to place it. Show the scene after the object has been moved to the marked location. Pick up the paper on the countertop. Place the paper in the plastic box."
/data/datasets/DROID/train_v8capinf/final/11627_exterior_image_1_left_pair0.png,/data/datasets/DROID/train_v8capinf/kontext/11627_exterior_image_1_left_pair0.png,"Follow the markers in the image: the green box marks the object to grasp, the blue dot marks where to place it. Show the scene after the object has been moved to the marked location. Pick up the transparent big cup on the table. Place the transparent big cup on the table."
/data/datasets/DROID/train_v8capinf/final/28245_exterior_image_2_left_pair0.png,/data/datasets/DROID/train_v8capinf/kontext/28245_exterior_image_2_left_pair0.png,"Follow the markers in the image: the green box marks the object to grasp, the blue dot marks where to place it. Show the scene after the object has been moved to the marked location. Pick up the toy from the bowl on the table. Place the toy in the bottom drawer."
/data/datasets/DROID/train_v8capinf/final/11841_exterior_image_1_left_pair0.png,/data/datasets/DROID/train_v8capinf/kontext/11841_exterior_image_1_left_pair0.png,"Follow the markers in the image: the green box marks the object to grasp, the blue dot marks where to place it. Show the scene after the object has been moved to the marked location. Pick up the transparent bottle on the table. Place the bottle in the lunchbox."
/data/datasets/DROID/train_v8capinf/final/88558_exterior_image_1_left_pair0.png,/data/datasets/DROID/train_v8capinf/kontext/88558_exterior_image_1_left_pair0.png,"Follow the markers in the image: the green box marks the object to grasp, the blue dot marks where to place it. Show the scene after the object has been moved to the marked location. Pick up the marker from the table. Place the marker in the bowl."
/data/datasets/DROID/train_v8capinf/final/11120_exterior_image_2_left_pair0.png,/data/datasets/DROID/train_v8capinf/kontext/11120_exterior_image_2_left_pair0.png,"Follow the markers in the image: the green box marks the object to grasp, the blue dot marks where to place it. Show the scene after the object has been moved to the marked location. Pick up the green object on the counter. Place the green object inside the cabinet."
/data/datasets/DROID/train_v8capinf/final/2876_exterior_image_1_left_pair0.png,/data/datasets/DROID/train_v8capinf/kontext/2876_exterior_image_1_left_pair0.png,"Follow the markers in the image: the green box marks the object to grasp, the blue dot marks where to place it. Show the scene after the object has been moved to the marked location. Pick up the black block from the table. Place the black block on the green block."
/data/datasets/DROID/train_v8capinf/final/16519_exterior_image_2_left_pair0.png,/data/datasets/DROID/train_v8capinf/kontext/16519_exterior_image_2_left_pair0.png,"Follow the markers in the image: the green box marks the object to grasp, the blue dot marks where to place it. Show the scene after the object has been moved to the marked location. Pick up the bag of chips on the table. Place the bag of chips into the sink."
/data/datasets/DROID/train_v8capinf/final/15510_exterior_image_2_left_pair0.png,/data/datasets/DROID/train_v8capinf/kontext/15510_exterior_image_2_left_pair0.png,"Follow the markers in the image: the green box marks the object to grasp, the blue dot marks where to place it. Show the scene after the object has been moved to the marked location. Pick up the marker from the cup. Place the marker on the table."
/data/datasets/DROID/train_v8capinf/final/20788_exterior_image_1_left_pair1.png,/data/datasets/DROID/train_v8capinf/kontext/20788_exterior_image_1_left_pair1.png,"Follow the markers in the image: the green box marks the object to grasp, the blue dot marks where to place it. Show the scene after the object has been moved to the marked location. Pick up the basketball from the table. Place the basketball on the grey masking tape."
/data/datasets/DROID/train_v8capinf/final/37486_exterior_image_1_left_pair0.png,/data/datasets/DROID/train_v8capinf/kontext/37486_exterior_image_1_left_pair0.png,"Follow the markers in the image: the green box marks the object to grasp, the blue dot marks where to place it. Show the scene after the object has been moved to the marked location. Pick up the drink from the countertop. Place the drink in the cabinet."
/data/datasets/DROID/train_v8capinf/final/15690_exterior_image_2_left_pair1.png,/data/datasets/DROID/train_v8capinf/kontext/15690_exterior_image_2_left_pair1.png,"Follow the markers in the image: the green box marks the object to grasp, the blue dot marks where to place it. Show the scene after the object has been moved to the marked location. Pick up the second piece of clothing on the bed. Place the second piece of clothing on the bed."
/data/datasets/DROID/train_v8capinf/final/17810_exterior_image_2_left_pair0.png,/data/datasets/DROID/train_v8capinf/kontext/17810_exterior_image_2_left_pair0.png,"Follow the markers in the image: the green box marks the object to grasp, the blue dot marks where to place it. Show the scene after the object has been moved to the marked location. Pick up the marker on the table. Place the marker on the tabletop."
/data/datasets/DROID/train_v8capinf/final/7524_exterior_image_2_left_pair0.png,/data/datasets/DROID/train_v8capinf/kontext/7524_exterior_image_2_left_pair0.png,"Follow the markers in the image: the green box marks the object to grasp, the blue dot marks where to place it. Show the scene after the object has been moved to the marked location. Pick up the marker from the table. Place the marker in the bowl."
/data/datasets/DROID/train_v8capinf/final/53394_exterior_image_1_left_pair0.png,/data/datasets/DROID/train_v8capinf/kontext/53394_exterior_image_1_left_pair0.png,"Follow the markers in the image: the green box marks the object to grasp, the blue dot marks where to place it. Show the scene after the object has been moved to the marked location. Pick up the orange block on the table. Place the orange block on the green block."
/data/datasets/DROID/train_v8capinf/final/65324_exterior_image_2_left_pair0.png,/data/datasets/DROID/train_v8capinf/kontext/65324_exterior_image_2_left_pair0.png,"Follow the markers in the image: the green box marks the object to grasp, the blue dot marks where to place it. Show the scene after the object has been moved to the marked location. Pick up the white plate on the table. Place the white plate in the new position on the tabletop."
/data/datasets/DROID/train_v8capinf/final/32330_exterior_image_2_left_pair0.png,/data/datasets/DROID/train_v8capinf/kontext/32330_exterior_image_2_left_pair0.png,"Follow the markers in the image: the green box marks the object to grasp, the blue dot marks where to place it. Show the scene after the object has been moved to the marked location. Pick up the marker from the blue table. Place the marker in the bowl."
/data/datasets/DROID/train_v8capinf/final/15587_exterior_image_2_left_pair0.png,/data/datasets/DROID/train_v8capinf/kontext/15587_exterior_image_2_left_pair0.png,"Follow the markers in the image: the green box marks the object to grasp, the blue dot marks where to place it. Show the scene after the object has been moved to the marked location. Pick up the marker from the cup. Place the marker on the table."
/data/datasets/DROID/train_v8capinf/final/25553_exterior_image_2_left_pair0.png,/data/datasets/DROID/train_v8capinf/kontext/25553_exterior_image_2_left_pair0.png,"Follow the markers in the image: the green box marks the object to grasp, the blue dot marks where to place it. Show the scene after the object has been moved to the marked location. Pick up the pineapple on the table. Place the pineapple on the table."
/data/datasets/DROID/train_v8capinf/final/11377_exterior_image_1_left_pair0.png,/data/datasets/DROID/train_v8capinf/kontext/11377_exterior_image_1_left_pair0.png,"Follow the markers in the image: the green box marks the object to grasp, the blue dot marks where to place it. Show the scene after the object has been moved to the marked location. Pick up the bottle on the shelf. Place the bottle upright."
/data/datasets/DROID/train_v8capinf/final/14725_exterior_image_1_left_pair0.png,/data/datasets/DROID/train_v8capinf/kontext/14725_exterior_image_1_left_pair0.png,"Follow the markers in the image: the green box marks the object to grasp, the blue dot marks where to place it. Show the scene after the object has been moved to the marked location. Pick up the can from the countertop. Place the can on the grey tray."
/data/datasets/DROID/train_v8capinf/final/14725_exterior_image_1_left_pair1.png,/data/datasets/DROID/train_v8capinf/kontext/14725_exterior_image_1_left_pair1.png,"Follow the markers in the image: the green box marks the object to grasp, the blue dot marks where to place it. Show the scene after the object has been moved to the marked location. Pick up the can from the countertop. Place the can on the grey tray."
/data/datasets/DROID/train_v8capinf/final/37218_exterior_image_1_left_pair0.png,/data/datasets/DROID/train_v8capinf/kontext/37218_exterior_image_1_left_pair0.png,"Follow the markers in the image: the green box marks the object to grasp, the blue dot marks where to place it. Show the scene after the object has been moved to the marked location. Pick up the yellow block from the bowl. Place the yellow block on the table."
/data/datasets/DROID/train_v8capinf/final/33654_exterior_image_2_left_pair0.png,/data/datasets/DROID/train_v8capinf/kontext/33654_exterior_image_2_left_pair0.png,"Follow the markers in the image: the green box marks the object to grasp, the blue dot marks where to place it. Show the scene after the object has been moved to the marked location. Pick up the towel from the blue table. Place the towel inside the black cutlery holder."
/data/datasets/DROID/train_v8capinf/final/11777_exterior_image_2_left_pair0.png,/data/datasets/DROID/train_v8capinf/kontext/11777_exterior_image_2_left_pair0.png,"Follow the markers in the image: the green box marks the object to grasp, the blue dot marks where to place it. Show the scene after the object has been moved to the marked location. Pick up marker from cup. Place marker on table."
/data/datasets/DROID/train_v8capinf/final/49750_exterior_image_2_left_pair0.png,/data/datasets/DROID/train_v8capinf/kontext/49750_exterior_image_2_left_pair0.png,"Follow the markers in the image: the green box marks the object to grasp, the blue dot marks where to place it. Show the scene after the object has been moved to the marked location. Pick up the marker from the desktop. Place the marker in the green cup."
/data/datasets/DROID/train_v8capinf/final/17274_exterior_image_2_left_pair0.png,/data/datasets/DROID/train_v8capinf/kontext/17274_exterior_image_2_left_pair0.png,"Follow the markers in the image: the green box marks the object to grasp, the blue dot marks where to place it. Show the scene after the object has been moved to the marked location. Pick up the lid from the kitchen countertop. Place the lid on the pot."
/data/datasets/DROID/train_v8capinf/final/13179_exterior_image_2_left_pair0.png,/data/datasets/DROID/train_v8capinf/kontext/13179_exterior_image_2_left_pair0.png,"Follow the markers in the image: the green box marks the object to grasp, the blue dot marks where to place it. Show the scene after the object has been moved to the marked location. Pick up the orange bottle on the table. Place the orange bottle in the blue cup."
/data/datasets/DROID/train_v8capinf/final/17780_exterior_image_2_left_pair0.png,/data/datasets/DROID/train_v8capinf/kontext/17780_exterior_image_2_left_pair0.png,"Follow the markers in the image: the green box marks the object to grasp, the blue dot marks where to place it. Show the scene after the object has been moved to the marked location. Pick up the lid on the pot. Place the lid on the countertop."
/data/datasets/DROID/train_v8capinf/final/44016_exterior_image_1_left_pair0.png,/data/datasets/DROID/train_v8capinf/kontext/44016_exterior_image_1_left_pair0.png,"Follow the markers in the image: the green box marks the object to grasp, the blue dot marks where to place it. Show the scene after the object has been moved to the marked location. Pick up the banana from the desktop. Place the banana next to the original position."
/data/datasets/DROID/train_v8capinf/final/2109_exterior_image_1_left_pair1.png,/data/datasets/DROID/train_v8capinf/kontext/2109_exterior_image_1_left_pair1.png,"Follow the markers in the image: the green box marks the object to grasp, the blue dot marks where to place it. Show the scene after the object has been moved to the marked location. Pick up the green towel on the table. Place the green towel in the box."
/data/datasets/DROID/train_v8capinf/final/14516_exterior_image_1_left_pair0.png,/data/datasets/DROID/train_v8capinf/kontext/14516_exterior_image_1_left_pair0.png,"Follow the markers in the image: the green box marks the object to grasp, the blue dot marks where to place it. Show the scene after the object has been moved to the marked location. Pick up the plush toy from the table. Place the plush toy in the bowl."
/data/datasets/DROID/train_v8capinf/final/47023_exterior_image_1_left_pair0.png,/data/datasets/DROID/train_v8capinf/kontext/47023_exterior_image_1_left_pair0.png,"Follow the markers in the image: the green box marks the object to grasp, the blue dot marks where to place it. Show the scene after the object has been moved to the marked location. Pick up the charger head on the table. Place the charger head on the adapter."
/data/datasets/DROID/train_v8capinf/final/34407_exterior_image_1_left_pair0.png,/data/datasets/DROID/train_v8capinf/kontext/34407_exterior_image_1_left_pair0.png,"Follow the markers in the image: the green box marks the object to grasp, the blue dot marks where to place it. Show the scene after the object has been moved to the marked location. Pick up the black cloth from the sofa. Place the black cloth in the box."
/data/datasets/DROID/train_v8capinf/final/4043_exterior_image_1_left_pair0.png,/data/datasets/DROID/train_v8capinf/kontext/4043_exterior_image_1_left_pair0.png,"Follow the markers in the image: the green box marks the object to grasp, the blue dot marks where to place it. Show the scene after the object has been moved to the marked location. Pick up the marker from the table. Place the marker in the bowl."
/data/datasets/DROID/train_v8capinf/final/13984_exterior_image_1_left_pair0.png,/data/datasets/DROID/train_v8capinf/kontext/13984_exterior_image_1_left_pair0.png,"Follow the markers in the image: the green box marks the object to grasp, the blue dot marks where to place it. Show the scene after the object has been moved to the marked location. Pick up the clothes on the box. Place the clothes on the table."
/data/datasets/DROID/train_v8capinf/final/40009_exterior_image_2_left_pair0.png,/data/datasets/DROID/train_v8capinf/kontext/40009_exterior_image_2_left_pair0.png,"Follow the markers in the image: the green box marks the object to grasp, the blue dot marks where to place it. Show the scene after the object has been moved to the marked location. Pick up the pen on the table. Place the pen in the box."
/data/datasets/DROID/train_v8capinf/final/31549_exterior_image_2_left_pair0.png,/data/datasets/DROID/train_v8capinf/kontext/31549_exterior_image_2_left_pair0.png,"Follow the markers in the image: the green box marks the object to grasp, the blue dot marks where to place it. Show the scene after the object has been moved to the marked location. Pick up the first set of cloths from the table. Place the first set of cloths on the tray."
/data/datasets/DROID/train_v8capinf/final/31549_exterior_image_2_left_pair1.png,/data/datasets/DROID/train_v8capinf/kontext/31549_exterior_image_2_left_pair1.png,"Follow the markers in the image: the green box marks the object to grasp, the blue dot marks where to place it. Show the scene after the object has been moved to the marked location. Pick up the second set of cloths from the table. Place the second set of cloths on the tray."
/data/datasets/DROID/train_v8capinf/final/19177_exterior_image_2_left_pair0.png,/data/datasets/DROID/train_v8capinf/kontext/19177_exterior_image_2_left_pair0.png,"Follow the markers in the image: the green box marks the object to grasp, the blue dot marks where to place it. Show the scene after the object has been moved to the marked location. Pick up the candy bar from the countertop. Place the candy bar in the open cabinet."
/data/datasets/DROID/train_v8capinf/final/32387_exterior_image_1_left_pair0.png,/data/datasets/DROID/train_v8capinf/kontext/32387_exterior_image_1_left_pair0.png,"Follow the markers in the image: the green box marks the object to grasp, the blue dot marks where to place it. Show the scene after the object has been moved to the marked location. Pick up the towel from the open drawer. Place the towel on the table."
/data/datasets/DROID/train_v8capinf/final/50149_exterior_image_2_left_pair0.png,/data/datasets/DROID/train_v8capinf/kontext/50149_exterior_image_2_left_pair0.png,"Follow the markers in the image: the green box marks the object to grasp, the blue dot marks where to place it. Show the scene after the object has been moved to the marked location. Pick up the marker on the blue vase. Place the marker in the yellow cup."
/data/datasets/DROID/train_v8capinf/final/68495_exterior_image_2_left_pair1.png,/data/datasets/DROID/train_v8capinf/kontext/68495_exterior_image_2_left_pair1.png,"Follow the markers in the image: the green box marks the object to grasp, the blue dot marks where to place it. Show the scene after the object has been moved to the marked location. Pick up the second small pillow on the sofa. Place the second small pillow on the armrest of the sofa."
/data/datasets/DROID/train_v8capinf/final/20150_exterior_image_1_left_pair1.png,/data/datasets/DROID/train_v8capinf/kontext/20150_exterior_image_1_left_pair1.png,"Follow the markers in the image: the green box marks the object to grasp, the blue dot marks where to place it. Show the scene after the object has been moved to the marked location. Pick up the dark blue cup from the table. Place the dark blue cup onto the light blue cup."
/data/datasets/DROID/train_v8capinf/final/12584_exterior_image_1_left_pair0.png,/data/datasets/DROID/train_v8capinf/kontext/12584_exterior_image_1_left_pair0.png,"Follow the markers in the image: the green box marks the object to grasp, the blue dot marks where to place it. Show the scene after the object has been moved to the marked location. Pick up the object from the armrest of the sofa. Place the object on the armrest of the sofa."
/data/datasets/DROID/train_v8capinf/final/12349_exterior_image_1_left_pair0.png,/data/datasets/DROID/train_v8capinf/kontext/12349_exterior_image_1_left_pair0.png,"Follow the markers in the image: the green box marks the object to grasp, the blue dot marks where to place it. Show the scene after the object has been moved to the marked location. Pick up the cup by the sink. Place the cup in the sink."
/data/datasets/DROID/train_v8capinf/final/89768_exterior_image_1_left_pair0.png,/data/datasets/DROID/train_v8capinf/kontext/89768_exterior_image_1_left_pair0.png,"Follow the markers in the image: the green box marks the object to grasp, the blue dot marks where to place it. Show the scene after the object has been moved to the marked location. Pick up the dark block on the table. Place the dark block on top of the green block."
/data/datasets/DROID/train_v8capinf/final/1840_exterior_image_1_left_pair0.png,/data/datasets/DROID/train_v8capinf/kontext/1840_exterior_image_1_left_pair0.png,"Follow the markers in the image: the green box marks the object to grasp, the blue dot marks where to place it. Show the scene after the object has been moved to the marked location. Pick up the egg from the egg holder. Place the egg on the counter."
/data/datasets/DROID/train_v8capinf/final/40985_exterior_image_1_left_pair0.png,/data/datasets/DROID/train_v8capinf/kontext/40985_exterior_image_1_left_pair0.png,"Follow the markers in the image: the green box marks the object to grasp, the blue dot marks where to place it. Show the scene after the object has been moved to the marked location. Pick up the object from the bowl. Place the object on the table."
/data/datasets/DROID/train_v8capinf/final/37187_exterior_image_2_left_pair0.png,/data/datasets/DROID/train_v8capinf/kontext/37187_exterior_image_2_left_pair0.png,"Follow the markers in the image: the green box marks the object to grasp, the blue dot marks where to place it. Show the scene after the object has been moved to the marked location. Pick up the Rubik's cube on the table. Place the Rubik's cube in the bowl."
/data/datasets/DROID/train_v8capinf/final/16315_exterior_image_2_left_pair0.png,/data/datasets/DROID/train_v8capinf/kontext/16315_exterior_image_2_left_pair0.png,"Follow the markers in the image: the green box marks the object to grasp, the blue dot marks where to place it. Show the scene after the object has been moved to the marked location. Pick up the bottle on the table. Place the bottle in the tray."
/data/datasets/DROID/train_v8capinf/final/9074_exterior_image_2_left_pair0.png,/data/datasets/DROID/train_v8capinf/kontext/9074_exterior_image_2_left_pair0.png,"Follow the markers in the image: the green box marks the object to grasp, the blue dot marks where to place it. Show the scene after the object has been moved to the marked location. Pick up the orange block on the table. Place the orange block on the green block."
/data/datasets/DROID/train_v8capinf/final/15664_exterior_image_1_left_pair0.png,/data/datasets/DROID/train_v8capinf/kontext/15664_exterior_image_1_left_pair0.png,"Follow the markers in the image: the green box marks the object to grasp, the blue dot marks where to place it. Show the scene after the object has been moved to the marked location. Pick up the first cup on the table. Place the first cup in the second cup."
/data/datasets/DROID/train_v8capinf/final/25077_exterior_image_2_left_pair0.png,/data/datasets/DROID/train_v8capinf/kontext/25077_exterior_image_2_left_pair0.png,"Follow the markers in the image: the green box marks the object to grasp, the blue dot marks where to place it. Show the scene after the object has been moved to the marked location. Pick up the object in the sink. Pick up the object in the sink, transfer the object from the sink to the sink, and then place the object there."
/data/datasets/DROID/train_v8capinf/final/82991_exterior_image_2_left_pair1.png,/data/datasets/DROID/train_v8capinf/kontext/82991_exterior_image_2_left_pair1.png,"Follow the markers in the image: the green box marks the object to grasp, the blue dot marks where to place it. Show the scene after the object has been moved to the marked location. Pick up the grey can on the table. Place the grey can on the tray."
/data/datasets/DROID/train_v8capinf/final/3541_exterior_image_2_left_pair0.png,/data/datasets/DROID/train_v8capinf/kontext/3541_exterior_image_2_left_pair0.png,"Follow the markers in the image: the green box marks the object to grasp, the blue dot marks where to place it. Show the scene after the object has been moved to the marked location. Pick up the orange block from the table. Place the orange block on top of the green block."
/data/datasets/DROID/train_v8capinf/final/18099_exterior_image_2_left_pair0.png,/data/datasets/DROID/train_v8capinf/kontext/18099_exterior_image_2_left_pair0.png,"Follow the markers in the image: the green box marks the object to grasp, the blue dot marks where to place it. Show the scene after the object has been moved to the marked location. Pick up the grey towel from the table. Place the grey towel on the table."
/data/datasets/DROID/train_v8capinf/final/11598_exterior_image_1_left_pair0.png,/data/datasets/DROID/train_v8capinf/kontext/11598_exterior_image_1_left_pair0.png,"Follow the markers in the image: the green box marks the object to grasp, the blue dot marks where to place it. Show the scene after the object has been moved to the marked location. Pick up the marker from the green table. Place the marker in the cup."
/data/datasets/DROID/train_v8capinf/final/24593_exterior_image_1_left_pair0.png,/data/datasets/DROID/train_v8capinf/kontext/24593_exterior_image_1_left_pair0.png,"Follow the markers in the image: the green box marks the object to grasp, the blue dot marks where to place it. Show the scene after the object has been moved to the marked location. Pick up the can from the brown table. Place the can on the silver object."
/data/datasets/DROID/train_v8capinf/final/16645_exterior_image_1_left_pair0.png,/data/datasets/DROID/train_v8capinf/kontext/16645_exterior_image_1_left_pair0.png,"Follow the markers in the image: the green box marks the object to grasp, the blue dot marks where to place it. Show the scene after the object has been moved to the marked location. Pick up the yellow block from the table. Place the yellow block in the cup."
/data/datasets/DROID/train_v8capinf/final/62829_exterior_image_2_left_pair0.png,/data/datasets/DROID/train_v8capinf/kontext/62829_exterior_image_2_left_pair0.png,"Follow the markers in the image: the green box marks the object to grasp, the blue dot marks where to place it. Show the scene after the object has been moved to the marked location. Pick up the hanger on the rack. Place the hanger on the table."
/data/datasets/DROID/train_v8capinf/final/20166_exterior_image_2_left_pair0.png,/data/datasets/DROID/train_v8capinf/kontext/20166_exterior_image_2_left_pair0.png,"Follow the markers in the image: the green box marks the object to grasp, the blue dot marks where to place it. Show the scene after the object has been moved to the marked location. Pick up the blue marker on the table. Place the marker on the table."
/data/datasets/DROID/train_v8capinf/final/87833_exterior_image_1_left_pair0.png,/data/datasets/DROID/train_v8capinf/kontext/87833_exterior_image_1_left_pair0.png,"Follow the markers in the image: the green box marks the object to grasp, the blue dot marks where to place it. Show the scene after the object has been moved to the marked location. Pick up the marker on the table. Place the marker in the cup."
/data/datasets/DROID/train_v8capinf/final/1541_exterior_image_2_left_pair0.png,/data/datasets/DROID/train_v8capinf/kontext/1541_exterior_image_2_left_pair0.png,"Follow the markers in the image: the green box marks the object to grasp, the blue dot marks where to place it. Show the scene after the object has been moved to the marked location. Pick up the orange object on the table. Place the orange object on the pan."
/data/datasets/DROID/train_v8capinf/final/22576_exterior_image_2_left_pair0.png,/data/datasets/DROID/train_v8capinf/kontext/22576_exterior_image_2_left_pair0.png,"Follow the markers in the image: the green box marks the object to grasp, the blue dot marks where to place it. Show the scene after the object has been moved to the marked location. Pick up the object on the countertop. Place the object in the cabinet."
/data/datasets/DROID/train_v8capinf/final/13799_exterior_image_2_left_pair0.png,/data/datasets/DROID/train_v8capinf/kontext/13799_exterior_image_2_left_pair0.png,"Follow the markers in the image: the green box marks the object to grasp, the blue dot marks where to place it. Show the scene after the object has been moved to the marked location. Pick up the spoon from the counter. Place the spoon on the hook."
/data/datasets/DROID/train_v8capinf/final/42873_exterior_image_1_left_pair0.png,/data/datasets/DROID/train_v8capinf/kontext/42873_exterior_image_1_left_pair0.png,"Follow the markers in the image: the green box marks the object to grasp, the blue dot marks where to place it. Show the scene after the object has been moved to the marked location. Pick up the pen from the table. Place the pen in the bowl."
/data/datasets/DROID/train_v8capinf/final/16278_exterior_image_1_left_pair0.png,/data/datasets/DROID/train_v8capinf/kontext/16278_exterior_image_1_left_pair0.png,"Follow the markers in the image: the green box marks the object to grasp, the blue dot marks where to place it. Show the scene after the object has been moved to the marked location. Pick up the red bag on the sink. Place the red bag inside the sink."
/data/datasets/DROID/train_v8capinf/final/19681_exterior_image_2_left_pair0.png,/data/datasets/DROID/train_v8capinf/kontext/19681_exterior_image_2_left_pair0.png,"Follow the markers in the image: the green box marks the object to grasp, the blue dot marks where to place it. Show the scene after the object has been moved to the marked location. Pick up the green toy from the top of the cabinet. Place the green toy in the plate."
/data/datasets/DROID/train_v8capinf/final/29754_exterior_image_1_left_pair0.png,/data/datasets/DROID/train_v8capinf/kontext/29754_exterior_image_1_left_pair0.png,"Follow the markers in the image: the green box marks the object to grasp, the blue dot marks where to place it. Show the scene after the object has been moved to the marked location. Pick up the towel on the table. Place the towel in the box."
/data/datasets/DROID/train_v8capinf/final/22407_exterior_image_1_left_pair0.png,/data/datasets/DROID/train_v8capinf/kontext/22407_exterior_image_1_left_pair0.png,"Follow the markers in the image: the green box marks the object to grasp, the blue dot marks where to place it. Show the scene after the object has been moved to the marked location. Pick up the green bottle on the table. Place the green bottle on the table."
/data/datasets/DROID/train_v8capinf/final/10994_exterior_image_2_left_pair0.png,/data/datasets/DROID/train_v8capinf/kontext/10994_exterior_image_2_left_pair0.png,"Follow the markers in the image: the green box marks the object to grasp, the blue dot marks where to place it. Show the scene after the object has been moved to the marked location. Pick up the pan on the counter. Place the pan in the pot."
/data/datasets/DROID/train_v8capinf/final/20825_exterior_image_1_left_pair0.png,/data/datasets/DROID/train_v8capinf/kontext/20825_exterior_image_1_left_pair0.png,"Follow the markers in the image: the green box marks the object to grasp, the blue dot marks where to place it. Show the scene after the object has been moved to the marked location. Pick up the lid. Place the lid on the silver pan."
/data/datasets/DROID/train_v8capinf/final/42865_exterior_image_1_left_pair0.png,/data/datasets/DROID/train_v8capinf/kontext/42865_exterior_image_1_left_pair0.png,"Follow the markers in the image: the green box marks the object to grasp, the blue dot marks where to place it. Show the scene after the object has been moved to the marked location. Pick up the clothes on the table. Place the clothes on the black chair."
/data/datasets/DROID/train_v8capinf/final/88622_exterior_image_1_left_pair0.png,/data/datasets/DROID/train_v8capinf/kontext/88622_exterior_image_1_left_pair0.png,"Follow the markers in the image: the green box marks the object to grasp, the blue dot marks where to place it. Show the scene after the object has been moved to the marked location. Pick up the marker on the table. Place the marker in the bowl."
/data/datasets/DROID/train_v8capinf/final/14171_exterior_image_2_left_pair0.png,/data/datasets/DROID/train_v8capinf/kontext/14171_exterior_image_2_left_pair0.png,"Follow the markers in the image: the green box marks the object to grasp, the blue dot marks where to place it. Show the scene after the object has been moved to the marked location. Pick up the cloth on the table. Place the cloth on the stand."
/data/datasets/DROID/train_v8capinf/final/14602_exterior_image_1_left_pair0.png,/data/datasets/DROID/train_v8capinf/kontext/14602_exterior_image_1_left_pair0.png,"Follow the markers in the image: the green box marks the object to grasp, the blue dot marks where to place it. Show the scene after the object has been moved to the marked location. Pick up the coffee cup with the tongs. Place the coffee cup on top of another cup."
/data/datasets/DROID/train_v8capinf/final/11355_exterior_image_1_left_pair0.png,/data/datasets/DROID/train_v8capinf/kontext/11355_exterior_image_1_left_pair0.png,"Follow the markers in the image: the green box marks the object to grasp, the blue dot marks where to place it. Show the scene after the object has been moved to the marked location. Pick up the transparent bowl on the table. Place the transparent bowl on the table."
/data/datasets/DROID/train_v8capinf/final/31798_exterior_image_2_left_pair0.png,/data/datasets/DROID/train_v8capinf/kontext/31798_exterior_image_2_left_pair0.png,"Follow the markers in the image: the green box marks the object to grasp, the blue dot marks where to place it. Show the scene after the object has been moved to the marked location. Pick up the sprite can on the countertop. Place the sprite can in the kitchen sink."
/data/datasets/DROID/train_v8capinf/final/15631_exterior_image_2_left_pair0.png,/data/datasets/DROID/train_v8capinf/kontext/15631_exterior_image_2_left_pair0.png,"Follow the markers in the image: the green box marks the object to grasp, the blue dot marks where to place it. Show the scene after the object has been moved to the marked location. Pick up the purple object on the table. Place the purple object in the bowl."
/data/datasets/DROID/train_v8capinf/final/24613_exterior_image_1_left_pair1.png,/data/datasets/DROID/train_v8capinf/kontext/24613_exterior_image_1_left_pair1.png,"Follow the markers in the image: the green box marks the object to grasp, the blue dot marks where to place it. Show the scene after the object has been moved to the marked location. Pick up the second tissue on the table. Place the second tissue in the rubbish can."
/data/datasets/DROID/train_v8capinf/final/16847_exterior_image_1_left_pair0.png,/data/datasets/DROID/train_v8capinf/kontext/16847_exterior_image_1_left_pair0.png,"Follow the markers in the image: the green box marks the object to grasp, the blue dot marks where to place it. Show the scene after the object has been moved to the marked location. Pick up the blue cup on the table. Place the blue cup on the cup."
/data/datasets/DROID/train_v8capinf/final/44547_exterior_image_1_left_pair0.png,/data/datasets/DROID/train_v8capinf/kontext/44547_exterior_image_1_left_pair0.png,"Follow the markers in the image: the green box marks the object to grasp, the blue dot marks where to place it. Show the scene after the object has been moved to the marked location. Pick up the cloth from the tray. Place the cloth on the countertop."
/data/datasets/DROID/train_v8capinf/final/44547_exterior_image_1_left_pair1.png,/data/datasets/DROID/train_v8capinf/kontext/44547_exterior_image_1_left_pair1.png,"Follow the markers in the image: the green box marks the object to grasp, the blue dot marks where to place it. Show the scene after the object has been moved to the marked location. Pick up the cloth from the tray. Place the cloth on the countertop."
/data/datasets/DROID/train_v8capinf/final/18566_exterior_image_1_left_pair0.png,/data/datasets/DROID/train_v8capinf/kontext/18566_exterior_image_1_left_pair0.png,"Follow the markers in the image: the green box marks the object to grasp, the blue dot marks where to place it. Show the scene after the object has been moved to the marked location. Pick up the marker on the table. Place the marker on the purple mat."
/data/datasets/DROID/train_v8capinf/final/18032_exterior_image_2_left_pair0.png,/data/datasets/DROID/train_v8capinf/kontext/18032_exterior_image_2_left_pair0.png,"Follow the markers in the image: the green box marks the object to grasp, the blue dot marks where to place it. Show the scene after the object has been moved to the marked location. Pick up the green ball in the white plate. Put the green ball in the white bowl."
/data/datasets/DROID/train_v8capinf/final/29689_exterior_image_1_left_pair0.png,/data/datasets/DROID/train_v8capinf/kontext/29689_exterior_image_1_left_pair0.png,"Follow the markers in the image: the green box marks the object to grasp, the blue dot marks where to place it. Show the scene after the object has been moved to the marked location. Pick up the object on the table. Place the object in the sink."
/data/datasets/DROID/train_v8capinf/final/60509_exterior_image_2_left_pair0.png,/data/datasets/DROID/train_v8capinf/kontext/60509_exterior_image_2_left_pair0.png,"Follow the markers in the image: the green box marks the object to grasp, the blue dot marks where to place it. Show the scene after the object has been moved to the marked location. Pick up the green marker from the table. Place the green marker inside the grey bowl."
/data/datasets/DROID/train_v8capinf/final/12837_exterior_image_2_left_pair0.png,/data/datasets/DROID/train_v8capinf/kontext/12837_exterior_image_2_left_pair0.png,"Follow the markers in the image: the green box marks the object to grasp, the blue dot marks where to place it. Show the scene after the object has been moved to the marked location. Pick up the orange cup from the table. Place the orange cup in the black bowl."
/data/datasets/DROID/train_v8capinf/final/42219_exterior_image_2_left_pair0.png,/data/datasets/DROID/train_v8capinf/kontext/42219_exterior_image_2_left_pair0.png,"Follow the markers in the image: the green box marks the object to grasp, the blue dot marks where to place it. Show the scene after the object has been moved to the marked location. Pick up the cup in the sink. Place the cup on the countertop."
/data/datasets/DROID/train_v8capinf/final/24462_exterior_image_1_left_pair0.png,/data/datasets/DROID/train_v8capinf/kontext/24462_exterior_image_1_left_pair0.png,"Follow the markers in the image: the green box marks the object to grasp, the blue dot marks where to place it. Show the scene after the object has been moved to the marked location. Pick up the towel from the chair back. Place the towel on the opposite chair back."
/data/datasets/DROID/train_v8capinf/final/24462_exterior_image_1_left_pair1.png,/data/datasets/DROID/train_v8capinf/kontext/24462_exterior_image_1_left_pair1.png,"Follow the markers in the image: the green box marks the object to grasp, the blue dot marks where to place it. Show the scene after the object has been moved to the marked location. Pick up the towel from the opposite chair back. Place the towel back on the chair back."
/data/datasets/DROID/train_v8capinf/final/20300_exterior_image_2_left_pair0.png,/data/datasets/DROID/train_v8capinf/kontext/20300_exterior_image_2_left_pair0.png,"Follow the markers in the image: the green box marks the object to grasp, the blue dot marks where to place it. Show the scene after the object has been moved to the marked location. Pick up the clear container from the microwave. Place the clear container on the countertop."
/data/datasets/DROID/train_v8capinf/final/31022_exterior_image_1_left_pair0.png,/data/datasets/DROID/train_v8capinf/kontext/31022_exterior_image_1_left_pair0.png,"Follow the markers in the image: the green box marks the object to grasp, the blue dot marks where to place it. Show the scene after the object has been moved to the marked location. Pick up the plastic on the table. Place the plastic in the bag."
/data/datasets/DROID/train_v8capinf/final/38473_exterior_image_1_left_pair0.png,/data/datasets/DROID/train_v8capinf/kontext/38473_exterior_image_1_left_pair0.png,"Follow the markers in the image: the green box marks the object to grasp, the blue dot marks where to place it. Show the scene after the object has been moved to the marked location. Pick up the red straw from the white mug. Place the red straw on the tabletop."
/data/datasets/DROID/train_v8capinf/final/1321_exterior_image_1_left_pair0.png,/data/datasets/DROID/train_v8capinf/kontext/1321_exterior_image_1_left_pair0.png,"Follow the markers in the image: the green box marks the object to grasp, the blue dot marks where to place it. Show the scene after the object has been moved to the marked location. Pick up the can on the countertop. Place the can in the bowl."
/data/datasets/DROID/train_v8capinf/final/1845_exterior_image_1_left_pair0.png,/data/datasets/DROID/train_v8capinf/kontext/1845_exterior_image_1_left_pair0.png,"Follow the markers in the image: the green box marks the object to grasp, the blue dot marks where to place it. Show the scene after the object has been moved to the marked location. Pick up the cup on the table. Place the cup in the new position on the tabletop."
/data/datasets/DROID/train_v8capinf/final/51365_exterior_image_2_left_pair0.png,/data/datasets/DROID/train_v8capinf/kontext/51365_exterior_image_2_left_pair0.png,"Follow the markers in the image: the green box marks the object to grasp, the blue dot marks where to place it. Show the scene after the object has been moved to the marked location. Pick up the bottle on the table. Place the bottle on the built tower."
/data/datasets/DROID/train_v8capinf/final/30974_exterior_image_1_left_pair0.png,/data/datasets/DROID/train_v8capinf/kontext/30974_exterior_image_1_left_pair0.png,"Follow the markers in the image: the green box marks the object to grasp, the blue dot marks where to place it. Show the scene after the object has been moved to the marked location. Pick up the cup on the table. Place the cup on the table."
/data/datasets/DROID/train_v8capinf/final/80118_exterior_image_1_left_pair0.png,/data/datasets/DROID/train_v8capinf/kontext/80118_exterior_image_1_left_pair0.png,"Follow the markers in the image: the green box marks the object to grasp, the blue dot marks where to place it. Show the scene after the object has been moved to the marked location. Pick up the red object on the table. Place the red object inside the red bowl."
/data/datasets/DROID/train_v8capinf/final/82809_exterior_image_2_left_pair0.png,/data/datasets/DROID/train_v8capinf/kontext/82809_exterior_image_2_left_pair0.png,"Follow the markers in the image: the green box marks the object to grasp, the blue dot marks where to place it. Show the scene after the object has been moved to the marked location. Pick up the pineapple plush toy from the storage box. Place the pineapple plush toy in the drawer."
/data/datasets/DROID/train_v8capinf/final/11461_exterior_image_1_left_pair0.png,/data/datasets/DROID/train_v8capinf/kontext/11461_exterior_image_1_left_pair0.png,"Follow the markers in the image: the green box marks the object to grasp, the blue dot marks where to place it. Show the scene after the object has been moved to the marked location. Pick up the orange toy on the table. Place the orange toy in the bowl."
/data/datasets/DROID/train_v8capinf/final/31310_exterior_image_1_left_pair0.png,/data/datasets/DROID/train_v8capinf/kontext/31310_exterior_image_1_left_pair0.png,"Follow the markers in the image: the green box marks the object to grasp, the blue dot marks where to place it. Show the scene after the object has been moved to the marked location. Pick up the orange block. Place the orange block on the block."
/data/datasets/DROID/train_v8capinf/final/13060_exterior_image_1_left_pair0.png,/data/datasets/DROID/train_v8capinf/kontext/13060_exterior_image_1_left_pair0.png,"Follow the markers in the image: the green box marks the object to grasp, the blue dot marks where to place it. Show the scene after the object has been moved to the marked location. Pick up the cup on the table. Place the cup at the target position."
/data/datasets/DROID/train_v8capinf/final/16128_exterior_image_2_left_pair0.png,/data/datasets/DROID/train_v8capinf/kontext/16128_exterior_image_2_left_pair0.png,"Follow the markers in the image: the green box marks the object to grasp, the blue dot marks where to place it. Show the scene after the object has been moved to the marked location. Pick up the cup from the table. Place the cup in the new location."
/data/datasets/DROID/train_v8capinf/final/1214_exterior_image_2_left_pair0.png,/data/datasets/DROID/train_v8capinf/kontext/1214_exterior_image_2_left_pair0.png,"Follow the markers in the image: the green box marks the object to grasp, the blue dot marks where to place it. Show the scene after the object has been moved to the marked location. Pick up the cup on the table. Place the cup at the specified position on the table."
/data/datasets/DROID/train_v8capinf/final/45296_exterior_image_1_left_pair0.png,/data/datasets/DROID/train_v8capinf/kontext/45296_exterior_image_1_left_pair0.png,"Follow the markers in the image: the green box marks the object to grasp, the blue dot marks where to place it. Show the scene after the object has been moved to the marked location. Pick up the cup from the sink. Place the cup on the sink."
/data/datasets/DROID/train_v8capinf/final/17552_exterior_image_2_left_pair0.png,/data/datasets/DROID/train_v8capinf/kontext/17552_exterior_image_2_left_pair0.png,"Follow the markers in the image: the green box marks the object to grasp, the blue dot marks where to place it. Show the scene after the object has been moved to the marked location. Pick up the marker from the mug. Place the pen on the tabletop."
/data/datasets/DROID/train_v8capinf/final/41866_exterior_image_2_left_pair0.png,/data/datasets/DROID/train_v8capinf/kontext/41866_exterior_image_2_left_pair0.png,"Follow the markers in the image: the green box marks the object to grasp, the blue dot marks where to place it. Show the scene after the object has been moved to the marked location. Pick up the plate next to the table. Place the plate on the table."
/data/datasets/DROID/train_v8capinf/final/27491_exterior_image_1_left_pair0.png,/data/datasets/DROID/train_v8capinf/kontext/27491_exterior_image_1_left_pair0.png,"Follow the markers in the image: the green box marks the object to grasp, the blue dot marks where to place it. Show the scene after the object has been moved to the marked location. Pick up the blue can on the table. Place the blue can on the bottom shelf above the sink."
/data/datasets/DROID/train_v8capinf/final/1098_exterior_image_2_left_pair0.png,/data/datasets/DROID/train_v8capinf/kontext/1098_exterior_image_2_left_pair0.png,"Follow the markers in the image: the green box marks the object to grasp, the blue dot marks where to place it. Show the scene after the object has been moved to the marked location. Pick up the orange plush toy from the table. Place the orange plush toy in the pot on the stove."
/data/datasets/DROID/train_v8capinf/final/14777_exterior_image_2_left_pair0.png,/data/datasets/DROID/train_v8capinf/kontext/14777_exterior_image_2_left_pair0.png,"Follow the markers in the image: the green box marks the object to grasp, the blue dot marks where to place it. Show the scene after the object has been moved to the marked location. Pick up the pot from the table. Place the pot on the table."
/data/datasets/DROID/train_v8capinf/final/14962_exterior_image_2_left_pair0.png,/data/datasets/DROID/train_v8capinf/kontext/14962_exterior_image_2_left_pair0.png,"Follow the markers in the image: the green box marks the object to grasp, the blue dot marks where to place it. Show the scene after the object has been moved to the marked location. Pick up the clothes on the table. Place the clothes on the box."
/data/datasets/DROID/train_v8capinf/final/1737_exterior_image_2_left_pair0.png,/data/datasets/DROID/train_v8capinf/kontext/1737_exterior_image_2_left_pair0.png,"Follow the markers in the image: the green box marks the object to grasp, the blue dot marks where to place it. Show the scene after the object has been moved to the marked location. Pick up the small stick block on the black table. Place the small stick block on the top of the tower."
/data/datasets/DROID/train_v8capinf/final/48370_exterior_image_1_left_pair0.png,/data/datasets/DROID/train_v8capinf/kontext/48370_exterior_image_1_left_pair0.png,"Follow the markers in the image: the green box marks the object to grasp, the blue dot marks where to place it. Show the scene after the object has been moved to the marked location. Pick up the orange block from the table. Place the orange block on the green block."
/data/datasets/DROID/train_v8capinf/final/17234_exterior_image_2_left_pair0.png,/data/datasets/DROID/train_v8capinf/kontext/17234_exterior_image_2_left_pair0.png,"Follow the markers in the image: the green box marks the object to grasp, the blue dot marks where to place it. Show the scene after the object has been moved to the marked location. Pick up the transparent cup on the table. Place the transparent cup in the middle transparent cup."
/data/datasets/DROID/train_v8capinf/final/17234_exterior_image_2_left_pair1.png,/data/datasets/DROID/train_v8capinf/kontext/17234_exterior_image_2_left_pair1.png,"Follow the markers in the image: the green box marks the object to grasp, the blue dot marks where to place it. Show the scene after the object has been moved to the marked location. Pick up the transparent cup in the middle of the table. Place the middle transparent cup in the transparent cup."
/data/datasets/DROID/train_v8capinf/final/71343_exterior_image_2_left_pair1.png,/data/datasets/DROID/train_v8capinf/kontext/71343_exterior_image_2_left_pair1.png,"Follow the markers in the image: the green box marks the object to grasp, the blue dot marks where to place it. Show the scene after the object has been moved to the marked location. Pick up the bag in the plate. Place the bag on the table."
/data/datasets/DROID/train_v8capinf/final/26332_exterior_image_2_left_pair0.png,/data/datasets/DROID/train_v8capinf/kontext/26332_exterior_image_2_left_pair0.png,"Follow the markers in the image: the green box marks the object to grasp, the blue dot marks where to place it. Show the scene after the object has been moved to the marked location. Pick up the cola can from the top of the table. Place the cola can inside the open cabinet."
/data/datasets/DROID/train_v8capinf/final/87639_exterior_image_1_left_pair0.png,/data/datasets/DROID/train_v8capinf/kontext/87639_exterior_image_1_left_pair0.png,"Follow the markers in the image: the green box marks the object to grasp, the blue dot marks where to place it. Show the scene after the object has been moved to the marked location. Pick up the lid from the pot. Place the lid on the table."
/data/datasets/DROID/train_v8capinf/final/26557_exterior_image_2_left_pair1.png,/data/datasets/DROID/train_v8capinf/kontext/26557_exterior_image_2_left_pair1.png,"Follow the markers in the image: the green box marks the object to grasp, the blue dot marks where to place it. Show the scene after the object has been moved to the marked location. Pick up the purple plush toy from the table. Place the purple plush toy in the box."
/data/datasets/DROID/train_v8capinf/final/20762_exterior_image_2_left_pair0.png,/data/datasets/DROID/train_v8capinf/kontext/20762_exterior_image_2_left_pair0.png,"Follow the markers in the image: the green box marks the object to grasp, the blue dot marks where to place it. Show the scene after the object has been moved to the marked location. Pick up the object on the countertop. Place the object in the sink."
/data/datasets/DROID/train_v8capinf/final/3468_exterior_image_2_left_pair0.png,/data/datasets/DROID/train_v8capinf/kontext/3468_exterior_image_2_left_pair0.png,"Follow the markers in the image: the green box marks the object to grasp, the blue dot marks where to place it. Show the scene after the object has been moved to the marked location. Pick up the small plate on the large plate. Place the small plate on top of the black bag."
/data/datasets/DROID/train_v8capinf/final/22280_exterior_image_1_left_pair0.png,/data/datasets/DROID/train_v8capinf/kontext/22280_exterior_image_1_left_pair0.png,"Follow the markers in the image: the green box marks the object to grasp, the blue dot marks where to place it. Show the scene after the object has been moved to the marked location. Pick up the black bucket from the table. Place the black bucket on the silver bucket."
/data/datasets/DROID/train_v8capinf/final/16052_exterior_image_1_left_pair0.png,/data/datasets/DROID/train_v8capinf/kontext/16052_exterior_image_1_left_pair0.png,"Follow the markers in the image: the green box marks the object to grasp, the blue dot marks where to place it. Show the scene after the object has been moved to the marked location. Pick up the snacks on the counter. Place the snacks in the sink."
/data/datasets/DROID/train_v8capinf/final/51385_exterior_image_2_left_pair1.png,/data/datasets/DROID/train_v8capinf/kontext/51385_exterior_image_2_left_pair1.png,"Follow the markers in the image: the green box marks the object to grasp, the blue dot marks where to place it. Show the scene after the object has been moved to the marked location. Pick up the cloth on the table. Place the cloth on the tabletop."
/data/datasets/DROID/train_v8capinf/final/66843_exterior_image_2_left_pair0.png,/data/datasets/DROID/train_v8capinf/kontext/66843_exterior_image_2_left_pair0.png,"Follow the markers in the image: the green box marks the object to grasp, the blue dot marks where to place it. Show the scene after the object has been moved to the marked location. Pick up the tool in the cup. Place the tool in the cup."
/data/datasets/DROID/train_v8capinf/final/5009_exterior_image_2_left_pair0.png,/data/datasets/DROID/train_v8capinf/kontext/5009_exterior_image_2_left_pair0.png,"Follow the markers in the image: the green box marks the object to grasp, the blue dot marks where to place it. Show the scene after the object has been moved to the marked location. Pick up the first pillow from the sofa. Place the first pillow at the position in front of the arm rest."
/data/datasets/DROID/train_v8capinf/final/5009_exterior_image_2_left_pair1.png,/data/datasets/DROID/train_v8capinf/kontext/5009_exterior_image_2_left_pair1.png,"Follow the markers in the image: the green box marks the object to grasp, the blue dot marks where to place it. Show the scene after the object has been moved to the marked location. Pick up the second pillow from the sofa. Place the second pillow in front of the first pillow."
/data/datasets/DROID/train_v8capinf/final/10921_exterior_image_1_left_pair0.png,/data/datasets/DROID/train_v8capinf/kontext/10921_exterior_image_1_left_pair0.png,"Follow the markers in the image: the green box marks the object to grasp, the blue dot marks where to place it. Show the scene after the object has been moved to the marked location. Pick up the lid from the countertop. Place the lid on the container."
/data/datasets/DROID/train_v8capinf/final/33650_exterior_image_2_left_pair1.png,/data/datasets/DROID/train_v8capinf/kontext/33650_exterior_image_2_left_pair1.png,"Follow the markers in the image: the green box marks the object to grasp, the blue dot marks where to place it. Show the scene after the object has been moved to the marked location. Pick up the lid from the pot. Place the lid on the stove."
/data/datasets/DROID/train_v8capinf/final/74819_exterior_image_2_left_pair0.png,/data/datasets/DROID/train_v8capinf/kontext/74819_exterior_image_2_left_pair0.png,"Follow the markers in the image: the green box marks the object to grasp, the blue dot marks where to place it. Show the scene after the object has been moved to the marked location. Pick up the cup from the counter. Place the cup in the sink."
/data/datasets/DROID/train_v8capinf/final/41426_exterior_image_1_left_pair0.png,/data/datasets/DROID/train_v8capinf/kontext/41426_exterior_image_1_left_pair0.png,"Follow the markers in the image: the green box marks the object to grasp, the blue dot marks where to place it. Show the scene after the object has been moved to the marked location. Pick up the metal bowl on the countertop. Place the metal bowl on the stove in the cooker."
/data/datasets/DROID/train_v8capinf/final/69634_exterior_image_2_left_pair0.png,/data/datasets/DROID/train_v8capinf/kontext/69634_exterior_image_2_left_pair0.png,"Follow the markers in the image: the green box marks the object to grasp, the blue dot marks where to place it. Show the scene after the object has been moved to the marked location. Pick up the orange block from the table. Place the orange block on the green block."
/data/datasets/DROID/train_v8capinf/final/14011_exterior_image_2_left_pair0.png,/data/datasets/DROID/train_v8capinf/kontext/14011_exterior_image_2_left_pair0.png,"Follow the markers in the image: the green box marks the object to grasp, the blue dot marks where to place it. Show the scene after the object has been moved to the marked location. Pick up the yellow cylindrical block from the table. Place the yellow cylindrical block in the pot."
/data/datasets/DROID/train_v8capinf/final/28267_exterior_image_1_left_pair0.png,/data/datasets/DROID/train_v8capinf/kontext/28267_exterior_image_1_left_pair0.png,"Follow the markers in the image: the green box marks the object to grasp, the blue dot marks where to place it. Show the scene after the object has been moved to the marked location. Pick up the jar on the table. Place the jar on the metal plate."
/data/datasets/DROID/train_v8capinf/final/22380_exterior_image_2_left_pair0.png,/data/datasets/DROID/train_v8capinf/kontext/22380_exterior_image_2_left_pair0.png,"Follow the markers in the image: the green box marks the object to grasp, the blue dot marks where to place it. Show the scene after the object has been moved to the marked location. Pick up the jar on the counter. Place the jar in the cabinet."
/data/datasets/DROID/train_v8capinf/final/16183_exterior_image_2_left_pair0.png,/data/datasets/DROID/train_v8capinf/kontext/16183_exterior_image_2_left_pair0.png,"Follow the markers in the image: the green box marks the object to grasp, the blue dot marks where to place it. Show the scene after the object has been moved to the marked location. Pick up the small white container on the counter. Place the small white container in the box."
/data/datasets/DROID/train_v8capinf/final/53177_exterior_image_1_left_pair0.png,/data/datasets/DROID/train_v8capinf/kontext/53177_exterior_image_1_left_pair0.png,"Follow the markers in the image: the green box marks the object to grasp, the blue dot marks where to place it. Show the scene after the object has been moved to the marked location. Pick up the eraser under the whiteboard. Place the eraser under the whiteboard."
/data/datasets/DROID/train_v8capinf/final/12911_exterior_image_1_left_pair0.png,/data/datasets/DROID/train_v8capinf/kontext/12911_exterior_image_1_left_pair0.png,"Follow the markers in the image: the green box marks the object to grasp, the blue dot marks where to place it. Show the scene after the object has been moved to the marked location. Pick up the green object on the blue surface. Place the green object between the jar and the bowl."
/data/datasets/DROID/train_v8capinf/final/16178_exterior_image_1_left_pair0.png,/data/datasets/DROID/train_v8capinf/kontext/16178_exterior_image_1_left_pair0.png,"Follow the markers in the image: the green box marks the object to grasp, the blue dot marks where to place it. Show the scene after the object has been moved to the marked location. Pick up the ball from the table. Place the ball in the cup."
/data/datasets/DROID/train_v8capinf/final/11187_exterior_image_2_left_pair0.png,/data/datasets/DROID/train_v8capinf/kontext/11187_exterior_image_2_left_pair0.png,"Follow the markers in the image: the green box marks the object to grasp, the blue dot marks where to place it. Show the scene after the object has been moved to the marked location. Pick up the marker from the table. Place the marker in the silver pot."
/data/datasets/DROID/train_v8capinf/final/46582_exterior_image_2_left_pair0.png,/data/datasets/DROID/train_v8capinf/kontext/46582_exterior_image_2_left_pair0.png,"Follow the markers in the image: the green box marks the object to grasp, the blue dot marks where to place it. Show the scene after the object has been moved to the marked location. Pick up the marker. Place the marker of the shelf."
/data/datasets/DROID/train_v8capinf/final/54507_exterior_image_1_left_pair0.png,/data/datasets/DROID/train_v8capinf/kontext/54507_exterior_image_1_left_pair0.png,"Follow the markers in the image: the green box marks the object to grasp, the blue dot marks where to place it. Show the scene after the object has been moved to the marked location. Pick up the pen from the table. Place the pen in the bowl."
/data/datasets/DROID/train_v8capinf/final/12864_exterior_image_1_left_pair0.png,/data/datasets/DROID/train_v8capinf/kontext/12864_exterior_image_1_left_pair0.png,"Follow the markers in the image: the green box marks the object to grasp, the blue dot marks where to place it. Show the scene after the object has been moved to the marked location. Pick up the marker on the table. Place the marker in the cup."
/data/datasets/DROID/train_v8capinf/final/47046_exterior_image_2_left_pair0.png,/data/datasets/DROID/train_v8capinf/kontext/47046_exterior_image_2_left_pair0.png,"Follow the markers in the image: the green box marks the object to grasp, the blue dot marks where to place it. Show the scene after the object has been moved to the marked location. Pick up the snack bar from the tray. Place the snack bar on the countertop."
/data/datasets/DROID/train_v8capinf/final/47046_exterior_image_2_left_pair1.png,/data/datasets/DROID/train_v8capinf/kontext/47046_exterior_image_2_left_pair1.png,"Follow the markers in the image: the green box marks the object to grasp, the blue dot marks where to place it. Show the scene after the object has been moved to the marked location. Pick up the snack bar from the tray. Place the snack bar on the countertop."
/data/datasets/DROID/train_v8capinf/final/34227_exterior_image_1_left_pair0.png,/data/datasets/DROID/train_v8capinf/kontext/34227_exterior_image_1_left_pair0.png,"Follow the markers in the image: the green box marks the object to grasp, the blue dot marks where to place it. Show the scene after the object has been moved to the marked location. Pick up the orange block from the table. Place the orange block on top of the green block."
/data/datasets/DROID/train_v8capinf/final/29564_exterior_image_2_left_pair0.png,/data/datasets/DROID/train_v8capinf/kontext/29564_exterior_image_2_left_pair0.png,"Follow the markers in the image: the green box marks the object to grasp, the blue dot marks where to place it. Show the scene after the object has been moved to the marked location. Pick up the object from the plate. Place the object on the table."
/data/datasets/DROID/train_v8capinf/final/11261_exterior_image_1_left_pair0.png,/data/datasets/DROID/train_v8capinf/kontext/11261_exterior_image_1_left_pair0.png,"Follow the markers in the image: the green box marks the object to grasp, the blue dot marks where to place it. Show the scene after the object has been moved to the marked location. Pick up the ball on the table. Place the ball on the back side of the table."
/data/datasets/DROID/train_v8capinf/final/25767_exterior_image_1_left_pair0.png,/data/datasets/DROID/train_v8capinf/kontext/25767_exterior_image_1_left_pair0.png,"Follow the markers in the image: the green box marks the object to grasp, the blue dot marks where to place it. Show the scene after the object has been moved to the marked location. Pick up the can from the sink. Place the can on the counter."
/data/datasets/DROID/train_v8capinf/final/14667_exterior_image_2_left_pair0.png,/data/datasets/DROID/train_v8capinf/kontext/14667_exterior_image_2_left_pair0.png,"Follow the markers in the image: the green box marks the object to grasp, the blue dot marks where to place it. Show the scene after the object has been moved to the marked location. Pick up the packet from the sink. Place the packet on the table."
/data/datasets/DROID/train_v8capinf/final/11312_exterior_image_1_left_pair0.png,/data/datasets/DROID/train_v8capinf/kontext/11312_exterior_image_1_left_pair0.png,"Follow the markers in the image: the green box marks the object to grasp, the blue dot marks where to place it. Show the scene after the object has been moved to the marked location. Pick up the orange object. Place the orange object on the table."
/data/datasets/DROID/train_v8capinf/final/19756_exterior_image_1_left_pair0.png,/data/datasets/DROID/train_v8capinf/kontext/19756_exterior_image_1_left_pair0.png,"Follow the markers in the image: the green box marks the object to grasp, the blue dot marks where to place it. Show the scene after the object has been moved to the marked location. Pick up the towel from the chair. Place the towel on the chair."
/data/datasets/DROID/train_v8capinf/final/19756_exterior_image_1_left_pair1.png,/data/datasets/DROID/train_v8capinf/kontext/19756_exterior_image_1_left_pair1.png,"Follow the markers in the image: the green box marks the object to grasp, the blue dot marks where to place it. Show the scene after the object has been moved to the marked location. Pick up the towel from the chair. Place the towel on the chair."
/data/datasets/DROID/train_v8capinf/final/50478_exterior_image_2_left_pair0.png,/data/datasets/DROID/train_v8capinf/kontext/50478_exterior_image_2_left_pair0.png,"Follow the markers in the image: the green box marks the object to grasp, the blue dot marks where to place it. Show the scene after the object has been moved to the marked location. Pick up the cup from inside the microwave. Place the cup on the tabletop."
/data/datasets/DROID/train_v8capinf/final/50478_exterior_image_2_left_pair1.png,/data/datasets/DROID/train_v8capinf/kontext/50478_exterior_image_2_left_pair1.png,"Follow the markers in the image: the green box marks the object to grasp, the blue dot marks where to place it. Show the scene after the object has been moved to the marked location. Pick up the plate from the tabletop. Place the plate inside the microwave."
/data/datasets/DROID/train_v8capinf/final/19928_exterior_image_1_left_pair0.png,/data/datasets/DROID/train_v8capinf/kontext/19928_exterior_image_1_left_pair0.png,"Follow the markers in the image: the green box marks the object to grasp, the blue dot marks where to place it. Show the scene after the object has been moved to the marked location. Pick up the plush toy on the table. Place the plush toy on the plate."
/data/datasets/DROID/train_v8capinf/final/1254_exterior_image_2_left_pair0.png,/data/datasets/DROID/train_v8capinf/kontext/1254_exterior_image_2_left_pair0.png,"Follow the markers in the image: the green box marks the object to grasp, the blue dot marks where to place it. Show the scene after the object has been moved to the marked location. Pick up the white marker on the table. Place the white marker inside the green cup."
/data/datasets/DROID/train_v8capinf/final/34537_exterior_image_2_left_pair1.png,/data/datasets/DROID/train_v8capinf/kontext/34537_exterior_image_2_left_pair1.png,"Follow the markers in the image: the green box marks the object to grasp, the blue dot marks where to place it. Show the scene after the object has been moved to the marked location. Pick up the stuffed fruits from the black tray. Place the stuffed fruits in the plate."
/data/datasets/DROID/train_v8capinf/final/16665_exterior_image_1_left_pair0.png,/data/datasets/DROID/train_v8capinf/kontext/16665_exterior_image_1_left_pair0.png,"Follow the markers in the image: the green box marks the object to grasp, the blue dot marks where to place it. Show the scene after the object has been moved to the marked location. Pick up the candy bar on the countertop. Place the candy bar on the shelf."
/data/datasets/DROID/train_v8capinf/final/25469_exterior_image_1_left_pair0.png,/data/datasets/DROID/train_v8capinf/kontext/25469_exterior_image_1_left_pair0.png,"Follow the markers in the image: the green box marks the object to grasp, the blue dot marks where to place it. Show the scene after the object has been moved to the marked location. Pick up the bowl side of the microwave. Place the bowl on the top of the air fryer."
/data/datasets/DROID/train_v8capinf/final/38607_exterior_image_2_left_pair0.png,/data/datasets/DROID/train_v8capinf/kontext/38607_exterior_image_2_left_pair0.png,"Follow the markers in the image: the green box marks the object to grasp, the blue dot marks where to place it. Show the scene after the object has been moved to the marked location. Pick up the bottle in the tray. Place the bottle next to the plate."
/data/datasets/DROID/train_v8capinf/final/69425_exterior_image_1_left_pair1.png,/data/datasets/DROID/train_v8capinf/kontext/69425_exterior_image_1_left_pair1.png,"Follow the markers in the image: the green box marks the object to grasp, the blue dot marks where to place it. Show the scene after the object has been moved to the marked location. Pick up the jar from the tabletop. Place the jar in the drawer."
/data/datasets/DROID/train_v8capinf/final/11018_exterior_image_2_left_pair0.png,/data/datasets/DROID/train_v8capinf/kontext/11018_exterior_image_2_left_pair0.png,"Follow the markers in the image: the green box marks the object to grasp, the blue dot marks where to place it. Show the scene after the object has been moved to the marked location. Pick up the top coffee cup from the stack. Place the top coffee cup on the countertop."
/data/datasets/DROID/train_v8capinf/final/25542_exterior_image_1_left_pair0.png,/data/datasets/DROID/train_v8capinf/kontext/25542_exterior_image_1_left_pair0.png,"Follow the markers in the image: the green box marks the object to grasp, the blue dot marks where to place it. Show the scene after the object has been moved to the marked location. Pick up the banana next to the sink. Place the banana next to the green cloth."
/data/datasets/DROID/train_v8capinf/final/13103_exterior_image_2_left_pair0.png,/data/datasets/DROID/train_v8capinf/kontext/13103_exterior_image_2_left_pair0.png,"Follow the markers in the image: the green box marks the object to grasp, the blue dot marks where to place it. Show the scene after the object has been moved to the marked location. Pick up the bag in the cabinet. Place the orange object on the tabletop."
/data/datasets/DROID/train_v8capinf/final/40597_exterior_image_1_left_pair0.png,/data/datasets/DROID/train_v8capinf/kontext/40597_exterior_image_1_left_pair0.png,"Follow the markers in the image: the green box marks the object to grasp, the blue dot marks where to place it. Show the scene after the object has been moved to the marked location. Pick up the plate above the microwave. Place the clear plate into the big bowl."
/data/datasets/DROID/train_v8capinf/final/85798_exterior_image_1_left_pair0.png,/data/datasets/DROID/train_v8capinf/kontext/85798_exterior_image_1_left_pair0.png,"Follow the markers in the image: the green box marks the object to grasp, the blue dot marks where to place it. Show the scene after the object has been moved to the marked location. Pick up the single book on the table. Place the book on top of the other books."
/data/datasets/DROID/train_v8capinf/final/10899_exterior_image_2_left_pair0.png,/data/datasets/DROID/train_v8capinf/kontext/10899_exterior_image_2_left_pair0.png,"Follow the markers in the image: the green box marks the object to grasp, the blue dot marks where to place it. Show the scene after the object has been moved to the marked location. Pick up the carrot toy from the table. Place the carrot toy on the pan."
/data/datasets/DROID/train_v8capinf/final/13540_exterior_image_2_left_pair0.png,/data/datasets/DROID/train_v8capinf/kontext/13540_exterior_image_2_left_pair0.png,"Follow the markers in the image: the green box marks the object to grasp, the blue dot marks where to place it. Show the scene after the object has been moved to the marked location. Pick up the object on the purple paper. Place the object in the colourless box."
/data/datasets/DROID/train_v8capinf/final/19845_exterior_image_2_left_pair0.png,/data/datasets/DROID/train_v8capinf/kontext/19845_exterior_image_2_left_pair0.png,"Follow the markers in the image: the green box marks the object to grasp, the blue dot marks where to place it. Show the scene after the object has been moved to the marked location. Pick up the white cloth from the table. Place the white cloth into the black box."
/data/datasets/DROID/train_v8capinf/final/12488_exterior_image_1_left_pair0.png,/data/datasets/DROID/train_v8capinf/kontext/12488_exterior_image_1_left_pair0.png,"Follow the markers in the image: the green box marks the object to grasp, the blue dot marks where to place it. Show the scene after the object has been moved to the marked location. Pick up the napkin on the bowl. Place the napkin on the plate."
/data/datasets/DROID/train_v8capinf/final/18240_exterior_image_2_left_pair0.png,/data/datasets/DROID/train_v8capinf/kontext/18240_exterior_image_2_left_pair0.png,"Follow the markers in the image: the green box marks the object to grasp, the blue dot marks where to place it. Show the scene after the object has been moved to the marked location. Pick up the masking tape on the table. Place the masking tape on the rack."
/data/datasets/DROID/train_v8capinf/final/11620_exterior_image_1_left_pair1.png,/data/datasets/DROID/train_v8capinf/kontext/11620_exterior_image_1_left_pair1.png,"Follow the markers in the image: the green box marks the object to grasp, the blue dot marks where to place it. Show the scene after the object has been moved to the marked location. Pick up the clothes from the box. Place the clothes on the table."
/data/datasets/DROID/train_v8capinf/final/31679_exterior_image_2_left_pair0.png,/data/datasets/DROID/train_v8capinf/kontext/31679_exterior_image_2_left_pair0.png,"Follow the markers in the image: the green box marks the object to grasp, the blue dot marks where to place it. Show the scene after the object has been moved to the marked location. Pick up the pencil on the table. Place the pencil on the table."
/data/datasets/DROID/train_v8capinf/final/53763_exterior_image_1_left_pair0.png,/data/datasets/DROID/train_v8capinf/kontext/53763_exterior_image_1_left_pair0.png,"Follow the markers in the image: the green box marks the object to grasp, the blue dot marks where to place it. Show the scene after the object has been moved to the marked location. Pick up the cup on the table. Place the cup on the table."
/data/datasets/DROID/train_v8capinf/final/5336_exterior_image_1_left_pair0.png,/data/datasets/DROID/train_v8capinf/kontext/5336_exterior_image_1_left_pair0.png,"Follow the markers in the image: the green box marks the object to grasp, the blue dot marks where to place it. Show the scene after the object has been moved to the marked location. Pick up the green object from the box on the counter. Place the green object in the drawer."
/data/datasets/DROID/train_v8capinf/final/15353_exterior_image_2_left_pair0.png,/data/datasets/DROID/train_v8capinf/kontext/15353_exterior_image_2_left_pair0.png,"Follow the markers in the image: the green box marks the object to grasp, the blue dot marks where to place it. Show the scene after the object has been moved to the marked location. Pick up the bottle from the silver object. Place the bottle on the table."
/data/datasets/DROID/train_v8capinf/final/63758_exterior_image_1_left_pair0.png,/data/datasets/DROID/train_v8capinf/kontext/63758_exterior_image_1_left_pair0.png,"Follow the markers in the image: the green box marks the object to grasp, the blue dot marks where to place it. Show the scene after the object has been moved to the marked location. Pick up the green towel on the table. Place the green towel in the original position."
/data/datasets/DROID/train_v8capinf/final/37150_exterior_image_2_left_pair0.png,/data/datasets/DROID/train_v8capinf/kontext/37150_exterior_image_2_left_pair0.png,"Follow the markers in the image: the green box marks the object to grasp, the blue dot marks where to place it. Show the scene after the object has been moved to the marked location. Pick up the black object on the chair. Place the black object on the table."
/data/datasets/DROID/train_v8capinf/final/9250_exterior_image_2_left_pair0.png,/data/datasets/DROID/train_v8capinf/kontext/9250_exterior_image_2_left_pair0.png,"Follow the markers in the image: the green box marks the object to grasp, the blue dot marks where to place it. Show the scene after the object has been moved to the marked location. Pick up the orange block from the table. Place the orange block on the green block."
/data/datasets/DROID/train_v8capinf/final/14328_exterior_image_1_left_pair0.png,/data/datasets/DROID/train_v8capinf/kontext/14328_exterior_image_1_left_pair0.png,"Follow the markers in the image: the green box marks the object to grasp, the blue dot marks where to place it. Show the scene after the object has been moved to the marked location. Pick up the tablecloth. Place the cloth in the bowl."
/data/datasets/DROID/train_v8capinf/final/11907_exterior_image_1_left_pair0.png,/data/datasets/DROID/train_v8capinf/kontext/11907_exterior_image_1_left_pair0.png,"Follow the markers in the image: the green box marks the object to grasp, the blue dot marks where to place it. Show the scene after the object has been moved to the marked location. Pick up the cup on the device. Place the cup on the desktop."
/data/datasets/DROID/train_v8capinf/final/41953_exterior_image_1_left_pair0.png,/data/datasets/DROID/train_v8capinf/kontext/41953_exterior_image_1_left_pair0.png,"Follow the markers in the image: the green box marks the object to grasp, the blue dot marks where to place it. Show the scene after the object has been moved to the marked location. Pick up a chip from the table. Place the chip in the red bowl."
/data/datasets/DROID/train_v8capinf/final/28126_exterior_image_2_left_pair0.png,/data/datasets/DROID/train_v8capinf/kontext/28126_exterior_image_2_left_pair0.png,"Follow the markers in the image: the green box marks the object to grasp, the blue dot marks where to place it. Show the scene after the object has been moved to the marked location. Pick up the purple object from the white bowl. Place the purple object on the white plate."
/data/datasets/DROID/train_v8capinf/final/79009_exterior_image_1_left_pair0.png,/data/datasets/DROID/train_v8capinf/kontext/79009_exterior_image_1_left_pair0.png,"Follow the markers in the image: the green box marks the object to grasp, the blue dot marks where to place it. Show the scene after the object has been moved to the marked location. Pick up the watermelon toy on the table. Place the watermelon toy in the basket."
/data/datasets/DROID/train_v8capinf/final/27363_exterior_image_1_left_pair1.png,/data/datasets/DROID/train_v8capinf/kontext/27363_exterior_image_1_left_pair1.png,"Follow the markers in the image: the green box marks the object to grasp, the blue dot marks where to place it. Show the scene after the object has been moved to the marked location. Pick up the white paper bag from the box. Place the white paper bag on the surface next to the box."
/data/datasets/DROID/train_v8capinf/final/16858_exterior_image_1_left_pair0.png,/data/datasets/DROID/train_v8capinf/kontext/16858_exterior_image_1_left_pair0.png,"Follow the markers in the image: the green box marks the object to grasp, the blue dot marks where to place it. Show the scene after the object has been moved to the marked location. Pick up the cup from the middle of the counter. Place the stack of paper cups."
/data/datasets/DROID/train_v8capinf/final/24136_exterior_image_2_left_pair0.png,/data/datasets/DROID/train_v8capinf/kontext/24136_exterior_image_2_left_pair0.png,"Follow the markers in the image: the green box marks the object to grasp, the blue dot marks where to place it. Show the scene after the object has been moved to the marked location. Pick up the bear from the shelf. Place the bear in front of the shelf."
/data/datasets/DROID/train_v8capinf/final/22433_exterior_image_1_left_pair0.png,/data/datasets/DROID/train_v8capinf/kontext/22433_exterior_image_1_left_pair0.png,"Follow the markers in the image: the green box marks the object to grasp, the blue dot marks where to place it. Show the scene after the object has been moved to the marked location. Pick up the marker from the blue table. Place the marker into the white bowl."
/data/datasets/DROID/train_v8capinf/final/17927_exterior_image_2_left_pair0.png,/data/datasets/DROID/train_v8capinf/kontext/17927_exterior_image_2_left_pair0.png,"Follow the markers in the image: the green box marks the object to grasp, the blue dot marks where to place it. Show the scene after the object has been moved to the marked location. Pick up banana plush toy and green plush toy on the black tray. Place banana plush toy and green plush toy in the blue box."
/data/datasets/DROID/train_v8capinf/final/30550_exterior_image_2_left_pair0.png,/data/datasets/DROID/train_v8capinf/kontext/30550_exterior_image_2_left_pair0.png,"Follow the markers in the image: the green box marks the object to grasp, the blue dot marks where to place it. Show the scene after the object has been moved to the marked location. Pick up the can on the countertop. Place the can inside the cabinet."
/data/datasets/DROID/train_v8capinf/final/18883_exterior_image_2_left_pair0.png,/data/datasets/DROID/train_v8capinf/kontext/18883_exterior_image_2_left_pair0.png,"Follow the markers in the image: the green box marks the object to grasp, the blue dot marks where to place it. Show the scene after the object has been moved to the marked location. Pick up the pineapple plush toy from the table. Place the pineapple toy on the table."
/data/datasets/DROID/train_v8capinf/final/11850_exterior_image_1_left_pair0.png,/data/datasets/DROID/train_v8capinf/kontext/11850_exterior_image_1_left_pair0.png,"Follow the markers in the image: the green box marks the object to grasp, the blue dot marks where to place it. Show the scene after the object has been moved to the marked location. Pick up the cup on the table. Place the cup among the other cups."
/data/datasets/DROID/train_v8capinf/final/14445_exterior_image_2_left_pair0.png,/data/datasets/DROID/train_v8capinf/kontext/14445_exterior_image_2_left_pair0.png,"Follow the markers in the image: the green box marks the object to grasp, the blue dot marks where to place it. Show the scene after the object has been moved to the marked location. Pick up the green block on the table. Place the green block in the new position."
/data/datasets/DROID/train_v8capinf/final/51669_exterior_image_2_left_pair0.png,/data/datasets/DROID/train_v8capinf/kontext/51669_exterior_image_2_left_pair0.png,"Follow the markers in the image: the green box marks the object to grasp, the blue dot marks where to place it. Show the scene after the object has been moved to the marked location. Pick up the plate from the plate. Place the plate on the table next to the cup."
/data/datasets/DROID/train_v8capinf/final/85067_exterior_image_2_left_pair0.png,/data/datasets/DROID/train_v8capinf/kontext/85067_exterior_image_2_left_pair0.png,"Follow the markers in the image: the green box marks the object to grasp, the blue dot marks where to place it. Show the scene after the object has been moved to the marked location. Pick up the lid from the table. Place the lid on the pot."
/data/datasets/DROID/train_v8capinf/final/21840_exterior_image_2_left_pair0.png,/data/datasets/DROID/train_v8capinf/kontext/21840_exterior_image_2_left_pair0.png,"Follow the markers in the image: the green box marks the object to grasp, the blue dot marks where to place it. Show the scene after the object has been moved to the marked location. Pick up the Coca-Cola can from the sink. Place the Coca-Cola can on the counter."
/data/datasets/DROID/train_v8capinf/final/12493_exterior_image_2_left_pair0.png,/data/datasets/DROID/train_v8capinf/kontext/12493_exterior_image_2_left_pair0.png,"Follow the markers in the image: the green box marks the object to grasp, the blue dot marks where to place it. Show the scene after the object has been moved to the marked location. Pick up the snack bar on the side table. Place the snack bar in the sink."
/data/datasets/DROID/train_v8capinf/final/14397_exterior_image_1_left_pair0.png,/data/datasets/DROID/train_v8capinf/kontext/14397_exterior_image_1_left_pair0.png,"Follow the markers in the image: the green box marks the object to grasp, the blue dot marks where to place it. Show the scene after the object has been moved to the marked location. Pick up the pen from the table. Place the pen in the cup."
/data/datasets/DROID/train_v8capinf/final/35593_exterior_image_2_left_pair0.png,/data/datasets/DROID/train_v8capinf/kontext/35593_exterior_image_2_left_pair0.png,"Follow the markers in the image: the green box marks the object to grasp, the blue dot marks where to place it. Show the scene after the object has been moved to the marked location. Pick up the clip on the desktop. Place the clip on the desktop."
/data/datasets/DROID/train_v8capinf/final/36668_exterior_image_2_left_pair0.png,/data/datasets/DROID/train_v8capinf/kontext/36668_exterior_image_2_left_pair0.png,"Follow the markers in the image: the green box marks the object to grasp, the blue dot marks where to place it. Show the scene after the object has been moved to the marked location. Pick up the bread from the bowl. Place the bread on the table."
/data/datasets/DROID/train_v8capinf/final/11171_exterior_image_2_left_pair0.png,/data/datasets/DROID/train_v8capinf/kontext/11171_exterior_image_2_left_pair0.png,"Follow the markers in the image: the green box marks the object to grasp, the blue dot marks where to place it. Show the scene after the object has been moved to the marked location. Pick up the black cloth from the top of the chair. Place the black cloth on the table."
/data/datasets/DROID/train_v8capinf/final/20932_exterior_image_2_left_pair0.png,/data/datasets/DROID/train_v8capinf/kontext/20932_exterior_image_2_left_pair0.png,"Follow the markers in the image: the green box marks the object to grasp, the blue dot marks where to place it. Show the scene after the object has been moved to the marked location. Pick up the empty water bottle from the bottom countertop. Place the empty water bottle on the bottom countertop."
/data/datasets/DROID/train_v8capinf/final/1826_exterior_image_2_left_pair0.png,/data/datasets/DROID/train_v8capinf/kontext/1826_exterior_image_2_left_pair0.png,"Follow the markers in the image: the green box marks the object to grasp, the blue dot marks where to place it. Show the scene after the object has been moved to the marked location. Pick up the object on the table. Place the object in the grey bin."
/data/datasets/DROID/train_v8capinf/final/5081_exterior_image_1_left_pair1.png,/data/datasets/DROID/train_v8capinf/kontext/5081_exterior_image_1_left_pair1.png,"Follow the markers in the image: the green box marks the object to grasp, the blue dot marks where to place it. Show the scene after the object has been moved to the marked location. Pick up the soda can from the tabletop. Place the soda can in the drawer."
/data/datasets/DROID/train_v8capinf/final/20316_exterior_image_1_left_pair0.png,/data/datasets/DROID/train_v8capinf/kontext/20316_exterior_image_1_left_pair0.png,"Follow the markers in the image: the green box marks the object to grasp, the blue dot marks where to place it. Show the scene after the object has been moved to the marked location. Pick up the tissue box on the table. Place the tissue box on another tissue box."
/data/datasets/DROID/train_v8capinf/final/37942_exterior_image_1_left_pair0.png,/data/datasets/DROID/train_v8capinf/kontext/37942_exterior_image_1_left_pair0.png,"Follow the markers in the image: the green box marks the object to grasp, the blue dot marks where to place it. Show the scene after the object has been moved to the marked location. Pick up the cloth from the chair. Place the cloth on the chair."
/data/datasets/DROID/train_v8capinf/final/11164_exterior_image_2_left_pair0.png,/data/datasets/DROID/train_v8capinf/kontext/11164_exterior_image_2_left_pair0.png,"Follow the markers in the image: the green box marks the object to grasp, the blue dot marks where to place it. Show the scene after the object has been moved to the marked location. Pick up the object from the sink. Place the object on the tabletop."
/data/datasets/DROID/train_v8capinf/final/12237_exterior_image_2_left_pair0.png,/data/datasets/DROID/train_v8capinf/kontext/12237_exterior_image_2_left_pair0.png,"Follow the markers in the image: the green box marks the object to grasp, the blue dot marks where to place it. Show the scene after the object has been moved to the marked location. Pick up three balls on the bowl. Place three balls in the blue box."
/data/datasets/DROID/train_v8capinf/final/28397_exterior_image_1_left_pair0.png,/data/datasets/DROID/train_v8capinf/kontext/28397_exterior_image_1_left_pair0.png,"Follow the markers in the image: the green box marks the object to grasp, the blue dot marks where to place it. Show the scene after the object has been moved to the marked location. Pick up the sweater from the chair. Place the sweater on the table."
/data/datasets/DROID/train_v8capinf/final/13944_exterior_image_1_left_pair0.png,/data/datasets/DROID/train_v8capinf/kontext/13944_exterior_image_1_left_pair0.png,"Follow the markers in the image: the green box marks the object to grasp, the blue dot marks where to place it. Show the scene after the object has been moved to the marked location. Pick up the cup from the table. Place the cup near the center of the table."
/data/datasets/DROID/train_v8capinf/final/12607_exterior_image_2_left_pair0.png,/data/datasets/DROID/train_v8capinf/kontext/12607_exterior_image_2_left_pair0.png,"Follow the markers in the image: the green box marks the object to grasp, the blue dot marks where to place it. Show the scene after the object has been moved to the marked location. Pick up the yellow toy from the table. Place the yellow toy in the white bowl."
/data/datasets/DROID/train_v8capinf/final/86830_exterior_image_1_left_pair0.png,/data/datasets/DROID/train_v8capinf/kontext/86830_exterior_image_1_left_pair0.png,"Follow the markers in the image: the green box marks the object to grasp, the blue dot marks where to place it. Show the scene after the object has been moved to the marked location. Pick up the pen from the table. Place the pen in the bowl."
/data/datasets/DROID/train_v8capinf/final/15999_exterior_image_1_left_pair0.png,/data/datasets/DROID/train_v8capinf/kontext/15999_exterior_image_1_left_pair0.png,"Follow the markers in the image: the green box marks the object to grasp, the blue dot marks where to place it. Show the scene after the object has been moved to the marked location. Pick up the bag on the oven. Place the bag in the cabinet."
/data/datasets/DROID/train_v8capinf/final/73348_exterior_image_2_left_pair0.png,/data/datasets/DROID/train_v8capinf/kontext/73348_exterior_image_2_left_pair0.png,"Follow the markers in the image: the green box marks the object to grasp, the blue dot marks where to place it. Show the scene after the object has been moved to the marked location. Pick up the green marker on the table. Place the green marker inside the clear bowl."
/data/datasets/DROID/train_v8capinf/final/17248_exterior_image_2_left_pair0.png,/data/datasets/DROID/train_v8capinf/kontext/17248_exterior_image_2_left_pair0.png,"Follow the markers in the image: the green box marks the object to grasp, the blue dot marks where to place it. Show the scene after the object has been moved to the marked location. Pick up the snack on the counter. Place the snack in the sink."
/data/datasets/DROID/train_v8capinf/final/2193_exterior_image_2_left_pair0.png,/data/datasets/DROID/train_v8capinf/kontext/2193_exterior_image_2_left_pair0.png,"Follow the markers in the image: the green box marks the object to grasp, the blue dot marks where to place it. Show the scene after the object has been moved to the marked location. Pick up the banana plushy from the box. Place the banana plushy on the tray."
/data/datasets/DROID/train_v8capinf/final/27910_exterior_image_1_left_pair0.png,/data/datasets/DROID/train_v8capinf/kontext/27910_exterior_image_1_left_pair0.png,"Follow the markers in the image: the green box marks the object to grasp, the blue dot marks where to place it. Show the scene after the object has been moved to the marked location. Pick up the orange cube from the table. Place the orange cube on the green cube."
/data/datasets/DROID/train_v8capinf/final/43217_exterior_image_1_left_pair0.png,/data/datasets/DROID/train_v8capinf/kontext/43217_exterior_image_1_left_pair0.png,"Follow the markers in the image: the green box marks the object to grasp, the blue dot marks where to place it. Show the scene after the object has been moved to the marked location. Pick up the bottle on the table. Place the bottle in the container."
/data/datasets/DROID/train_v8capinf/final/23144_exterior_image_1_left_pair0.png,/data/datasets/DROID/train_v8capinf/kontext/23144_exterior_image_1_left_pair0.png,"Follow the markers in the image: the green box marks the object to grasp, the blue dot marks where to place it. Show the scene after the object has been moved to the marked location. Pick up the snack bag on the countertop. Place the green packet in the sink."
/data/datasets/DROID/train_v8capinf/final/85903_exterior_image_1_left_pair0.png,/data/datasets/DROID/train_v8capinf/kontext/85903_exterior_image_1_left_pair0.png,"Follow the markers in the image: the green box marks the object to grasp, the blue dot marks where to place it. Show the scene after the object has been moved to the marked location. Pick up the bag from the tray. Place the bag on the table."
/data/datasets/DROID/train_v8capinf/final/85903_exterior_image_1_left_pair1.png,/data/datasets/DROID/train_v8capinf/kontext/85903_exterior_image_1_left_pair1.png,"Follow the markers in the image: the green box marks the object to grasp, the blue dot marks where to place it. Show the scene after the object has been moved to the marked location. Pick up the bag from the tray. Place the bag on the table."
/data/datasets/DROID/train_v8capinf/final/85903_exterior_image_1_left_pair2.png,/data/datasets/DROID/train_v8capinf/kontext/85903_exterior_image_1_left_pair2.png,"Follow the markers in the image: the green box marks the object to grasp, the blue dot marks where to place it. Show the scene after the object has been moved to the marked location. Pick up the bag from the tray. Place the bag on the table."
/data/datasets/DROID/train_v8capinf/final/25403_exterior_image_2_left_pair0.png,/data/datasets/DROID/train_v8capinf/kontext/25403_exterior_image_2_left_pair0.png,"Follow the markers in the image: the green box marks the object to grasp, the blue dot marks where to place it. Show the scene after the object has been moved to the marked location. Pick up the red block from the table. Place the red block on top of the green block."
/data/datasets/DROID/train_v8capinf/final/1581_exterior_image_1_left_pair0.png,/data/datasets/DROID/train_v8capinf/kontext/1581_exterior_image_1_left_pair0.png,"Follow the markers in the image: the green box marks the object to grasp, the blue dot marks where to place it. Show the scene after the object has been moved to the marked location. Pick up the cable from the plastic bag. Place the cable on the table."
/data/datasets/DROID/train_v8capinf/final/11541_exterior_image_2_left_pair0.png,/data/datasets/DROID/train_v8capinf/kontext/11541_exterior_image_2_left_pair0.png,"Follow the markers in the image: the green box marks the object to grasp, the blue dot marks where to place it. Show the scene after the object has been moved to the marked location. Pick up the lid from the silver pot. Place the lid on the countertop."
/data/datasets/DROID/train_v8capinf/final/33445_exterior_image_2_left_pair0.png,/data/datasets/DROID/train_v8capinf/kontext/33445_exterior_image_2_left_pair0.png,"Follow the markers in the image: the green box marks the object to grasp, the blue dot marks where to place it. Show the scene after the object has been moved to the marked location. Pick up the orange block from the table. Place the orange block on top of the green block."
/data/datasets/DROID/train_v8capinf/final/38001_exterior_image_1_left_pair0.png,/data/datasets/DROID/train_v8capinf/kontext/38001_exterior_image_1_left_pair0.png,"Follow the markers in the image: the green box marks the object to grasp, the blue dot marks where to place it. Show the scene after the object has been moved to the marked location. Pick up the pear from the black tray. Place the pear in the basket."
/data/datasets/DROID/train_v8capinf/final/43351_exterior_image_2_left_pair0.png,/data/datasets/DROID/train_v8capinf/kontext/43351_exterior_image_2_left_pair0.png,"Follow the markers in the image: the green box marks the object to grasp, the blue dot marks where to place it. Show the scene after the object has been moved to the marked location. Pick up the marker on the blue table. Place the marker in the blue container."
/data/datasets/DROID/train_v8capinf/final/121_exterior_image_2_left_pair0.png,/data/datasets/DROID/train_v8capinf/kontext/121_exterior_image_2_left_pair0.png,"Follow the markers in the image: the green box marks the object to grasp, the blue dot marks where to place it. Show the scene after the object has been moved to the marked location. Pick up the gray doll on the table. Place the gray doll in the position."
/data/datasets/DROID/train_v8capinf/final/1253_exterior_image_2_left_pair0.png,/data/datasets/DROID/train_v8capinf/kontext/1253_exterior_image_2_left_pair0.png,"Follow the markers in the image: the green box marks the object to grasp, the blue dot marks where to place it. Show the scene after the object has been moved to the marked location. Pick up the bottle on the table. Place the bottle in the box."
/data/datasets/DROID/train_v8capinf/final/12182_exterior_image_1_left_pair0.png,/data/datasets/DROID/train_v8capinf/kontext/12182_exterior_image_1_left_pair0.png,"Follow the markers in the image: the green box marks the object to grasp, the blue dot marks where to place it. Show the scene after the object has been moved to the marked location. Pick up the black object on the cabinet. Place the black object on the top of the cupboard."
/data/datasets/DROID/train_v8capinf/final/11227_exterior_image_2_left_pair0.png,/data/datasets/DROID/train_v8capinf/kontext/11227_exterior_image_2_left_pair0.png,"Follow the markers in the image: the green box marks the object to grasp, the blue dot marks where to place it. Show the scene after the object has been moved to the marked location. Pick up the orange cup from the table. Place the orange cup in the black bowl."
/data/datasets/DROID/train_v8capinf/final/19034_exterior_image_2_left_pair0.png,/data/datasets/DROID/train_v8capinf/kontext/19034_exterior_image_2_left_pair0.png,"Follow the markers in the image: the green box marks the object to grasp, the blue dot marks where to place it. Show the scene after the object has been moved to the marked location. Pick up the watermelon plush toy beside the sink. Place the watermelon plush toy in the box."
/data/datasets/DROID/train_v8capinf/final/11127_exterior_image_2_left_pair0.png,/data/datasets/DROID/train_v8capinf/kontext/11127_exterior_image_2_left_pair0.png,"Follow the markers in the image: the green box marks the object to grasp, the blue dot marks where to place it. Show the scene after the object has been moved to the marked location. Pick up the toy on the table. Place the toy in front of the table."
/data/datasets/DROID/train_v8capinf/final/13762_exterior_image_1_left_pair0.png,/data/datasets/DROID/train_v8capinf/kontext/13762_exterior_image_1_left_pair0.png,"Follow the markers in the image: the green box marks the object to grasp, the blue dot marks where to place it. Show the scene after the object has been moved to the marked location. Pick up the pot lid from the desktop. Place the pot lid on the pot."
/data/datasets/DROID/train_v8capinf/final/38332_exterior_image_1_left_pair0.png,/data/datasets/DROID/train_v8capinf/kontext/38332_exterior_image_1_left_pair0.png,"Follow the markers in the image: the green box marks the object to grasp, the blue dot marks where to place it. Show the scene after the object has been moved to the marked location. Pick up the lid on the table. Place the lid on the black pot."
/data/datasets/DROID/train_v8capinf/final/17836_exterior_image_1_left_pair0.png,/data/datasets/DROID/train_v8capinf/kontext/17836_exterior_image_1_left_pair0.png,"Follow the markers in the image: the green box marks the object to grasp, the blue dot marks where to place it. Show the scene after the object has been moved to the marked location. Pick up the small silver pot from the table. Place the small silver pot on the table."
/data/datasets/DROID/train_v8capinf/final/1475_exterior_image_1_left_pair0.png,/data/datasets/DROID/train_v8capinf/kontext/1475_exterior_image_1_left_pair0.png,"Follow the markers in the image: the green box marks the object to grasp, the blue dot marks where to place it. Show the scene after the object has been moved to the marked location. Pick up the clear bottle from the countertop. Place the clear bottle near the wall."
/data/datasets/DROID/train_v8capinf/final/19454_exterior_image_1_left_pair0.png,/data/datasets/DROID/train_v8capinf/kontext/19454_exterior_image_1_left_pair0.png,"Follow the markers in the image: the green box marks the object to grasp, the blue dot marks where to place it. Show the scene after the object has been moved to the marked location. Pick up the plush toy from the bowl. Place the plush toy on the table."
/data/datasets/DROID/train_v8capinf/final/66422_exterior_image_2_left_pair0.png,/data/datasets/DROID/train_v8capinf/kontext/66422_exterior_image_2_left_pair0.png,"Follow the markers in the image: the green box marks the object to grasp, the blue dot marks where to place it. Show the scene after the object has been moved to the marked location. Pick up the orange block on the table. Place the orange block on top of the green block."
/data/datasets/DROID/train_v8capinf/final/15314_exterior_image_2_left_pair0.png,/data/datasets/DROID/train_v8capinf/kontext/15314_exterior_image_2_left_pair0.png,"Follow the markers in the image: the green box marks the object to grasp, the blue dot marks where to place it. Show the scene after the object has been moved to the marked location. Pick up the measuring tape on the table. Place the measuring tape on the table."
/data/datasets/DROID/train_v8capinf/final/15314_exterior_image_2_left_pair1.png,/data/datasets/DROID/train_v8capinf/kontext/15314_exterior_image_2_left_pair1.png,"Follow the markers in the image: the green box marks the object to grasp, the blue dot marks where to place it. Show the scene after the object has been moved to the marked location. Pick up the measuring tape on the table. Place the measuring tape on the table."
/data/datasets/DROID/train_v8capinf/final/12710_exterior_image_2_left_pair0.png,/data/datasets/DROID/train_v8capinf/kontext/12710_exterior_image_2_left_pair0.png,"Follow the markers in the image: the green box marks the object to grasp, the blue dot marks where to place it. Show the scene after the object has been moved to the marked location. Pick up the cup on the table. Place the cup on the table."
/data/datasets/DROID/train_v8capinf/final/14211_exterior_image_1_left_pair0.png,/data/datasets/DROID/train_v8capinf/kontext/14211_exterior_image_1_left_pair0.png,"Follow the markers in the image: the green box marks the object to grasp, the blue dot marks where to place it. Show the scene after the object has been moved to the marked location. Pick up the screwdriver on the table. Place the screwdriver in the top drawer."
/data/datasets/DROID/train_v8capinf/final/17955_exterior_image_2_left_pair0.png,/data/datasets/DROID/train_v8capinf/kontext/17955_exterior_image_2_left_pair0.png,"Follow the markers in the image: the green box marks the object to grasp, the blue dot marks where to place it. Show the scene after the object has been moved to the marked location. Pick up the green can from the cabinet. Place the green can on the counter."
/data/datasets/DROID/train_v8capinf/final/69008_exterior_image_2_left_pair0.png,/data/datasets/DROID/train_v8capinf/kontext/69008_exterior_image_2_left_pair0.png,"Follow the markers in the image: the green box marks the object to grasp, the blue dot marks where to place it. Show the scene after the object has been moved to the marked location. Pick up the toy from the basket. Place the toy on the plate."
/data/datasets/DROID/train_v8capinf/final/79670_exterior_image_2_left_pair2.png,/data/datasets/DROID/train_v8capinf/kontext/79670_exterior_image_2_left_pair2.png,"Follow the markers in the image: the green box marks the object to grasp, the blue dot marks where to place it. Show the scene after the object has been moved to the marked location. Pick up the jar on the table. Place the jar on the plate."
/data/datasets/DROID/train_v8capinf/final/79670_exterior_image_2_left_pair3.png,/data/datasets/DROID/train_v8capinf/kontext/79670_exterior_image_2_left_pair3.png,"Follow the markers in the image: the green box marks the object to grasp, the blue dot marks where to place it. Show the scene after the object has been moved to the marked location. Pick up the jar on the table. Place the jar on the plate."
/data/datasets/DROID/train_v8capinf/final/66788_exterior_image_1_left_pair0.png,/data/datasets/DROID/train_v8capinf/kontext/66788_exterior_image_1_left_pair0.png,"Follow the markers in the image: the green box marks the object to grasp, the blue dot marks where to place it. Show the scene after the object has been moved to the marked location. Pick up the marker from the table. Place the marker in the bowl."
/data/datasets/DROID/train_v8capinf/final/10793_exterior_image_1_left_pair0.png,/data/datasets/DROID/train_v8capinf/kontext/10793_exterior_image_1_left_pair0.png,"Follow the markers in the image: the green box marks the object to grasp, the blue dot marks where to place it. Show the scene after the object has been moved to the marked location. Pick up the lid from the table. Place the lid on the pot."
/data/datasets/DROID/train_v8capinf/final/88152_exterior_image_1_left_pair0.png,/data/datasets/DROID/train_v8capinf/kontext/88152_exterior_image_1_left_pair0.png,"Follow the markers in the image: the green box marks the object to grasp, the blue dot marks where to place it. Show the scene after the object has been moved to the marked location. Pick up the object on the surface. Place the object in the cabinet."
/data/datasets/DROID/train_v8capinf/final/27722_exterior_image_1_left_pair0.png,/data/datasets/DROID/train_v8capinf/kontext/27722_exterior_image_1_left_pair0.png,"Follow the markers in the image: the green box marks the object to grasp, the blue dot marks where to place it. Show the scene after the object has been moved to the marked location. Pick up the water-related items from the sink. Place the bowl on the second shelf of the cupboard."
/data/datasets/DROID/train_v8capinf/final/90971_exterior_image_1_left_pair0.png,/data/datasets/DROID/train_v8capinf/kontext/90971_exterior_image_1_left_pair0.png,"Follow the markers in the image: the green box marks the object to grasp, the blue dot marks where to place it. Show the scene after the object has been moved to the marked location. Pick up the orange block on the table. Place the orange block on top of the green block."
/data/datasets/DROID/train_v8capinf/final/12022_exterior_image_1_left_pair0.png,/data/datasets/DROID/train_v8capinf/kontext/12022_exterior_image_1_left_pair0.png,"Follow the markers in the image: the green box marks the object to grasp, the blue dot marks where to place it. Show the scene after the object has been moved to the marked location. Pick up the mouse from the table. Place the mouse in the center of the table."
/data/datasets/DROID/train_v8capinf/final/36405_exterior_image_1_left_pair1.png,/data/datasets/DROID/train_v8capinf/kontext/36405_exterior_image_1_left_pair1.png,"Follow the markers in the image: the green box marks the object to grasp, the blue dot marks where to place it. Show the scene after the object has been moved to the marked location. Pick up the orange cube on the blue table. Place the orange cube in the black bowl."
/data/datasets/DROID/train_v8capinf/final/43535_exterior_image_2_left_pair0.png,/data/datasets/DROID/train_v8capinf/kontext/43535_exterior_image_2_left_pair0.png,"Follow the markers in the image: the green box marks the object to grasp, the blue dot marks where to place it. Show the scene after the object has been moved to the marked location. Pick up the ball on the table. Place the ball in the plate."
/data/datasets/DROID/train_v8capinf/final/15751_exterior_image_2_left_pair0.png,/data/datasets/DROID/train_v8capinf/kontext/15751_exterior_image_2_left_pair0.png,"Follow the markers in the image: the green box marks the object to grasp, the blue dot marks where to place it. Show the scene after the object has been moved to the marked location. Pick up a tissue from the tissue box. Place the first tissue on the table."
/data/datasets/DROID/train_v8capinf/final/15751_exterior_image_2_left_pair1.png,/data/datasets/DROID/train_v8capinf/kontext/15751_exterior_image_2_left_pair1.png,"Follow the markers in the image: the green box marks the object to grasp, the blue dot marks where to place it. Show the scene after the object has been moved to the marked location. Pick up a second tissue from the tissue box. Place the second tissue on the table."
/data/datasets/DROID/train_v8capinf/final/36195_exterior_image_2_left_pair0.png,/data/datasets/DROID/train_v8capinf/kontext/36195_exterior_image_2_left_pair0.png,"Follow the markers in the image: the green box marks the object to grasp, the blue dot marks where to place it. Show the scene after the object has been moved to the marked location. Pick up the towel from the table. Place the towel inside the cabinet."
/data/datasets/DROID/train_v8capinf/final/1339_exterior_image_1_left_pair0.png,/data/datasets/DROID/train_v8capinf/kontext/1339_exterior_image_1_left_pair0.png,"Follow the markers in the image: the green box marks the object to grasp, the blue dot marks where to place it. Show the scene after the object has been moved to the marked location. Pick up the drink from the countertop. Place the drink in the bowl."
/data/datasets/DROID/train_v8capinf/final/1244_exterior_image_1_left_pair0.png,/data/datasets/DROID/train_v8capinf/kontext/1244_exterior_image_1_left_pair0.png,"Follow the markers in the image: the green box marks the object to grasp, the blue dot marks where to place it. Show the scene after the object has been moved to the marked location. Pick up the cloth on the chair. Place the cloth on the backrest of the chair."
/data/datasets/DROID/train_v8capinf/final/47026_exterior_image_2_left_pair0.png,/data/datasets/DROID/train_v8capinf/kontext/47026_exterior_image_2_left_pair0.png,"Follow the markers in the image: the green box marks the object to grasp, the blue dot marks where to place it. Show the scene after the object has been moved to the marked location. Pick up the cup on the table. Place the cup in the front."
/data/datasets/DROID/train_v8capinf/final/47026_exterior_image_2_left_pair1.png,/data/datasets/DROID/train_v8capinf/kontext/47026_exterior_image_2_left_pair1.png,"Follow the markers in the image: the green box marks the object to grasp, the blue dot marks where to place it. Show the scene after the object has been moved to the marked location. Pick up the cup on the table. Place the cup in the front."
/data/datasets/DROID/train_v8capinf/final/25998_exterior_image_1_left_pair0.png,/data/datasets/DROID/train_v8capinf/kontext/25998_exterior_image_1_left_pair0.png,"Follow the markers in the image: the green box marks the object to grasp, the blue dot marks where to place it. Show the scene after the object has been moved to the marked location. Pick up the black plate on the table. Place the black lunch box on the dishwasher rack."
/data/datasets/DROID/train_v8capinf/final/12920_exterior_image_2_left_pair1.png,/data/datasets/DROID/train_v8capinf/kontext/12920_exterior_image_2_left_pair1.png,"Follow the markers in the image: the green box marks the object to grasp, the blue dot marks where to place it. Show the scene after the object has been moved to the marked location. Pick up the ball from the window. Place the ball on the counter."
/data/datasets/DROID/train_v8capinf/final/10946_exterior_image_1_left_pair0.png,/data/datasets/DROID/train_v8capinf/kontext/10946_exterior_image_1_left_pair0.png,"Follow the markers in the image: the green box marks the object to grasp, the blue dot marks where to place it. Show the scene after the object has been moved to the marked location. Pick up the marker from the cup. Place the marker on the desktop."
/data/datasets/DROID/train_v8capinf/final/2265_exterior_image_1_left_pair0.png,/data/datasets/DROID/train_v8capinf/kontext/2265_exterior_image_1_left_pair0.png,"Follow the markers in the image: the green box marks the object to grasp, the blue dot marks where to place it. Show the scene after the object has been moved to the marked location. Pick up the pineapple toy on the table. Place the pineapple toy on the top of the flower pot."
/data/datasets/DROID/train_v8capinf/final/35704_exterior_image_1_left_pair0.png,/data/datasets/DROID/train_v8capinf/kontext/35704_exterior_image_1_left_pair0.png,"Follow the markers in the image: the green box marks the object to grasp, the blue dot marks where to place it. Show the scene after the object has been moved to the marked location. Pick up the marker on the table. Place the marker inside the bowl."
/data/datasets/DROID/train_v8capinf/final/9984_exterior_image_1_left_pair0.png,/data/datasets/DROID/train_v8capinf/kontext/9984_exterior_image_1_left_pair0.png,"Follow the markers in the image: the green box marks the object to grasp, the blue dot marks where to place it. Show the scene after the object has been moved to the marked location. Pick up the pillow on the sofa. Place the pillow upright on the armrest."
/data/datasets/DROID/train_v8capinf/final/15083_exterior_image_2_left_pair0.png,/data/datasets/DROID/train_v8capinf/kontext/15083_exterior_image_2_left_pair0.png,"Follow the markers in the image: the green box marks the object to grasp, the blue dot marks where to place it. Show the scene after the object has been moved to the marked location. Pick up the bowl on the table. Place the bowl on the table at the position on the towel."
/data/datasets/DROID/train_v8capinf/final/23621_exterior_image_2_left_pair0.png,/data/datasets/DROID/train_v8capinf/kontext/23621_exterior_image_2_left_pair0.png,"Follow the markers in the image: the green box marks the object to grasp, the blue dot marks where to place it. Show the scene after the object has been moved to the marked location. Pick up the pen from the table. Place the pen at the table."
/data/datasets/DROID/train_v8capinf/final/2683_exterior_image_1_left_pair0.png,/data/datasets/DROID/train_v8capinf/kontext/2683_exterior_image_1_left_pair0.png,"Follow the markers in the image: the green box marks the object to grasp, the blue dot marks where to place it. Show the scene after the object has been moved to the marked location. Pick up the blue book between two books. Place the blue book on the white book."
/data/datasets/DROID/train_v8capinf/final/28932_exterior_image_1_left_pair0.png,/data/datasets/DROID/train_v8capinf/kontext/28932_exterior_image_1_left_pair0.png,"Follow the markers in the image: the green box marks the object to grasp, the blue dot marks where to place it. Show the scene after the object has been moved to the marked location. Pick up the green plush toy from the sink. Place the green plush toy on the countertop."
/data/datasets/DROID/train_v8capinf/final/13488_exterior_image_1_left_pair0.png,/data/datasets/DROID/train_v8capinf/kontext/13488_exterior_image_1_left_pair0.png,"Follow the markers in the image: the green box marks the object to grasp, the blue dot marks where to place it. Show the scene after the object has been moved to the marked location. Pick up the box on the table. Place the box on the container."
/data/datasets/DROID/train_v8capinf/final/13519_exterior_image_1_left_pair0.png,/data/datasets/DROID/train_v8capinf/kontext/13519_exterior_image_1_left_pair0.png,"Follow the markers in the image: the green box marks the object to grasp, the blue dot marks where to place it. Show the scene after the object has been moved to the marked location. Pick up the plastic corn on the blue table. Place the plastic corn in the basin."
/data/datasets/DROID/train_v8capinf/final/17820_exterior_image_1_left_pair1.png,/data/datasets/DROID/train_v8capinf/kontext/17820_exterior_image_1_left_pair1.png,"Follow the markers in the image: the green box marks the object to grasp, the blue dot marks where to place it. Show the scene after the object has been moved to the marked location. Pick up the bottle on the countertop. Place the bottle in the tray."
/data/datasets/DROID/train_v8capinf/final/11748_exterior_image_2_left_pair0.png,/data/datasets/DROID/train_v8capinf/kontext/11748_exterior_image_2_left_pair0.png,"Follow the markers in the image: the green box marks the object to grasp, the blue dot marks where to place it. Show the scene after the object has been moved to the marked location. Pick up the white plate from the dishwasher. Place the white plate on the top of the white plate on the kitchen counter."
/data/datasets/DROID/train_v8capinf/final/57565_exterior_image_2_left_pair0.png,/data/datasets/DROID/train_v8capinf/kontext/57565_exterior_image_2_left_pair0.png,"Follow the markers in the image: the green box marks the object to grasp, the blue dot marks where to place it. Show the scene after the object has been moved to the marked location. Pick up the black object from the bowl. Place the black object on the table."
/data/datasets/DROID/train_v8capinf/final/40966_exterior_image_1_left_pair0.png,/data/datasets/DROID/train_v8capinf/kontext/40966_exterior_image_1_left_pair0.png,"Follow the markers in the image: the green box marks the object to grasp, the blue dot marks where to place it. Show the scene after the object has been moved to the marked location. Pick up the hanger on the table. Place the hanger on the rod above the table."
/data/datasets/DROID/train_v8capinf/final/25123_exterior_image_1_left_pair0.png,/data/datasets/DROID/train_v8capinf/kontext/25123_exterior_image_1_left_pair0.png,"Follow the markers in the image: the green box marks the object to grasp, the blue dot marks where to place it. Show the scene after the object has been moved to the marked location. Pick up the watermelon plushie from the basket. Place the watermelon plushie in the black pot."
/data/datasets/DROID/train_v8capinf/final/22102_exterior_image_1_left_pair0.png,/data/datasets/DROID/train_v8capinf/kontext/22102_exterior_image_1_left_pair0.png,"Follow the markers in the image: the green box marks the object to grasp, the blue dot marks where to place it. Show the scene after the object has been moved to the marked location. Pick up the bowl next to the table. Place the bowl on the tabletop."
/data/datasets/DROID/train_v8capinf/final/1969_exterior_image_1_left_pair0.png,/data/datasets/DROID/train_v8capinf/kontext/1969_exterior_image_1_left_pair0.png,"Follow the markers in the image: the green box marks the object to grasp, the blue dot marks where to place it. Show the scene after the object has been moved to the marked location. Pick up the white cup on the table. Place the cup on the table."
/data/datasets/DROID/train_v8capinf/final/11299_exterior_image_1_left_pair0.png,/data/datasets/DROID/train_v8capinf/kontext/11299_exterior_image_1_left_pair0.png,"Follow the markers in the image: the green box marks the object to grasp, the blue dot marks where to place it. Show the scene after the object has been moved to the marked location. Pick up the blue cup from the drawer. Place the blue cup on the counter."
/data/datasets/DROID/train_v8capinf/final/11470_exterior_image_1_left_pair0.png,/data/datasets/DROID/train_v8capinf/kontext/11470_exterior_image_1_left_pair0.png,"Follow the markers in the image: the green box marks the object to grasp, the blue dot marks where to place it. Show the scene after the object has been moved to the marked location. Remove the spice bottle from the stove. Place the spice bottle on the table."
/data/datasets/DROID/train_v8capinf/final/10957_exterior_image_2_left_pair0.png,/data/datasets/DROID/train_v8capinf/kontext/10957_exterior_image_2_left_pair0.png,"Follow the markers in the image: the green box marks the object to grasp, the blue dot marks where to place it. Show the scene after the object has been moved to the marked location. Pick up the apple on the table. Place the apple on the towel."
/data/datasets/DROID/train_v8capinf/final/10957_exterior_image_2_left_pair1.png,/data/datasets/DROID/train_v8capinf/kontext/10957_exterior_image_2_left_pair1.png,"Follow the markers in the image: the green box marks the object to grasp, the blue dot marks where to place it. Show the scene after the object has been moved to the marked location. Pick up the folded towel from the table. Place the folded towel in the box."
/data/datasets/DROID/train_v8capinf/final/12306_exterior_image_2_left_pair0.png,/data/datasets/DROID/train_v8capinf/kontext/12306_exterior_image_2_left_pair0.png,"Follow the markers in the image: the green box marks the object to grasp, the blue dot marks where to place it. Show the scene after the object has been moved to the marked location. Pick up the object in the cup. Place the object on the table."
/data/datasets/DROID/train_v8capinf/final/8518_exterior_image_2_left_pair0.png,/data/datasets/DROID/train_v8capinf/kontext/8518_exterior_image_2_left_pair0.png,"Follow the markers in the image: the green box marks the object to grasp, the blue dot marks where to place it. Show the scene after the object has been moved to the marked location. Pick up the orange block from the table. Place the orange block on top of the green block."
/data/datasets/DROID/train_v8capinf/final/12458_exterior_image_2_left_pair0.png,/data/datasets/DROID/train_v8capinf/kontext/12458_exterior_image_2_left_pair0.png,"Follow the markers in the image: the green box marks the object to grasp, the blue dot marks where to place it. Show the scene after the object has been moved to the marked location. Pick up the lid from the table. Place the lid on the pot."
/data/datasets/DROID/train_v8capinf/final/48301_exterior_image_1_left_pair0.png,/data/datasets/DROID/train_v8capinf/kontext/48301_exterior_image_1_left_pair0.png,"Follow the markers in the image: the green box marks the object to grasp, the blue dot marks where to place it. Show the scene after the object has been moved to the marked location. Pick up the board eraser on the shelf. Place the board eraser at the shelf."
/data/datasets/DROID/train_v8capinf/final/45661_exterior_image_1_left_pair1.png,/data/datasets/DROID/train_v8capinf/kontext/45661_exterior_image_1_left_pair1.png,"Follow the markers in the image: the green box marks the object to grasp, the blue dot marks where to place it. Show the scene after the object has been moved to the marked location. Pick up the pillow on the sofa. Place the pillow on the sofa."
/data/datasets/DROID/train_v8capinf/final/12397_exterior_image_2_left_pair0.png,/data/datasets/DROID/train_v8capinf/kontext/12397_exterior_image_2_left_pair0.png,"Follow the markers in the image: the green box marks the object to grasp, the blue dot marks where to place it. Show the scene after the object has been moved to the marked location. Pick up the wrench from the tool box. Place the wrench in the bowl."
/data/datasets/DROID/train_v8capinf/final/12270_exterior_image_2_left_pair0.png,/data/datasets/DROID/train_v8capinf/kontext/12270_exterior_image_2_left_pair0.png,"Follow the markers in the image: the green box marks the object to grasp, the blue dot marks where to place it. Show the scene after the object has been moved to the marked location. Pick up the pen from the table. Place the pen in the cup."
/data/datasets/DROID/train_v8capinf/final/1340_exterior_image_2_left_pair1.png,/data/datasets/DROID/train_v8capinf/kontext/1340_exterior_image_2_left_pair1.png,"Follow the markers in the image: the green box marks the object to grasp, the blue dot marks where to place it. Show the scene after the object has been moved to the marked location. Pick up the clothes from the chair back. Place the clothes on the box."
/data/datasets/DROID/train_v8capinf/final/18005_exterior_image_2_left_pair0.png,/data/datasets/DROID/train_v8capinf/kontext/18005_exterior_image_2_left_pair0.png,"Follow the markers in the image: the green box marks the object to grasp, the blue dot marks where to place it. Show the scene after the object has been moved to the marked location. Pick up the marker from the desktop. Place the marker on the desktop."
/data/datasets/DROID/train_v8capinf/final/16701_exterior_image_1_left_pair0.png,/data/datasets/DROID/train_v8capinf/kontext/16701_exterior_image_1_left_pair0.png,"Follow the markers in the image: the green box marks the object to grasp, the blue dot marks where to place it. Show the scene after the object has been moved to the marked location. Pick up the glue stick on the table. Place the glue stick in the green cup."
/data/datasets/DROID/train_v8capinf/final/11642_exterior_image_2_left_pair0.png,/data/datasets/DROID/train_v8capinf/kontext/11642_exterior_image_2_left_pair0.png,"Follow the markers in the image: the green box marks the object to grasp, the blue dot marks where to place it. Show the scene after the object has been moved to the marked location. Pick up the yellow marker from the table. Place the yellow marker in the blue cup."
/data/datasets/DROID/train_v8capinf/final/23288_exterior_image_2_left_pair0.png,/data/datasets/DROID/train_v8capinf/kontext/23288_exterior_image_2_left_pair0.png,"Follow the markers in the image: the green box marks the object to grasp, the blue dot marks where to place it. Show the scene after the object has been moved to the marked location. Pick up the wallet on the table. Place the wallet inside the backpack."
/data/datasets/DROID/train_v8capinf/final/35818_exterior_image_1_left_pair0.png,/data/datasets/DROID/train_v8capinf/kontext/35818_exterior_image_1_left_pair0.png,"Follow the markers in the image: the green box marks the object to grasp, the blue dot marks where to place it. Show the scene after the object has been moved to the marked location. Pick up the bowl above the table. Place the bowl below the table."
/data/datasets/DROID/train_v8capinf/final/12483_exterior_image_1_left_pair0.png,/data/datasets/DROID/train_v8capinf/kontext/12483_exterior_image_1_left_pair0.png,"Follow the markers in the image: the green box marks the object to grasp, the blue dot marks where to place it. Show the scene after the object has been moved to the marked location. Pick up the object on the desktop. Place the orange object on the table."
/data/datasets/DROID/train_v8capinf/final/12939_exterior_image_2_left_pair0.png,/data/datasets/DROID/train_v8capinf/kontext/12939_exterior_image_2_left_pair0.png,"Follow the markers in the image: the green box marks the object to grasp, the blue dot marks where to place it. Show the scene after the object has been moved to the marked location. Pick up the black measuring tape on the table. Place the black measuring tape in the center of the table."
/data/datasets/DROID/train_v8capinf/final/13414_exterior_image_2_left_pair0.png,/data/datasets/DROID/train_v8capinf/kontext/13414_exterior_image_2_left_pair0.png,"Follow the markers in the image: the green box marks the object to grasp, the blue dot marks where to place it. Show the scene after the object has been moved to the marked location. Pick up the snack packet from the countertop. Place the snack packet in the sink."
/data/datasets/DROID/train_v8capinf/final/21483_exterior_image_1_left_pair0.png,/data/datasets/DROID/train_v8capinf/kontext/21483_exterior_image_1_left_pair0.png,"Follow the markers in the image: the green box marks the object to grasp, the blue dot marks where to place it. Show the scene after the object has been moved to the marked location. Pick up the can in the sink. Place the can on the countertop."
/data/datasets/DROID/train_v8capinf/final/16944_exterior_image_1_left_pair0.png,/data/datasets/DROID/train_v8capinf/kontext/16944_exterior_image_1_left_pair0.png,"Follow the markers in the image: the green box marks the object to grasp, the blue dot marks where to place it. Show the scene after the object has been moved to the marked location. Pick up the blue sponge from the sink. Place the blue sponge in the bottom cabinet."
/data/datasets/DROID/train_v8capinf/final/16090_exterior_image_2_left_pair0.png,/data/datasets/DROID/train_v8capinf/kontext/16090_exterior_image_2_left_pair0.png,"Follow the markers in the image: the green box marks the object to grasp, the blue dot marks where to place it. Show the scene after the object has been moved to the marked location. Pick up the brush from the desktop. Place the brush on the desktop."
/data/datasets/DROID/train_v8capinf/final/19004_exterior_image_2_left_pair0.png,/data/datasets/DROID/train_v8capinf/kontext/19004_exterior_image_2_left_pair0.png,"Follow the markers in the image: the green box marks the object to grasp, the blue dot marks where to place it. Show the scene after the object has been moved to the marked location. Pick up the green block from the table. Place the green block in the black bowl."
/data/datasets/DROID/train_v8capinf/final/83574_exterior_image_2_left_pair0.png,/data/datasets/DROID/train_v8capinf/kontext/83574_exterior_image_2_left_pair0.png,"Follow the markers in the image: the green box marks the object to grasp, the blue dot marks where to place it. Show the scene after the object has been moved to the marked location. Pick up the white pillow on the couch. Place the white pillow on the armrest of the couch."
/data/datasets/DROID/train_v8capinf/final/11265_exterior_image_1_left_pair0.png,/data/datasets/DROID/train_v8capinf/kontext/11265_exterior_image_1_left_pair0.png,"Follow the markers in the image: the green box marks the object to grasp, the blue dot marks where to place it. Show the scene after the object has been moved to the marked location. Pick up the beige bowl from the table. Place the beige bowl in the new position."
/data/datasets/DROID/train_v8capinf/final/48828_exterior_image_2_left_pair0.png,/data/datasets/DROID/train_v8capinf/kontext/48828_exterior_image_2_left_pair0.png,"Follow the markers in the image: the green box marks the object to grasp, the blue dot marks where to place it. Show the scene after the object has been moved to the marked location. Pick up the bottle from the cup. Place the bottle on the table."
/data/datasets/DROID/train_v8capinf/final/13528_exterior_image_1_left_pair0.png,/data/datasets/DROID/train_v8capinf/kontext/13528_exterior_image_1_left_pair0.png,"Follow the markers in the image: the green box marks the object to grasp, the blue dot marks where to place it. Show the scene after the object has been moved to the marked location. Pick up the bottle on the table. Place the bottle in the middle of the table."
/data/datasets/DROID/train_v8capinf/final/10958_exterior_image_2_left_pair0.png,/data/datasets/DROID/train_v8capinf/kontext/10958_exterior_image_2_left_pair0.png,"Follow the markers in the image: the green box marks the object to grasp, the blue dot marks where to place it. Show the scene after the object has been moved to the marked location. Pick up the green doll from the table. Place the green doll in the pot."
/data/datasets/DROID/train_v8capinf/final/12499_exterior_image_2_left_pair0.png,/data/datasets/DROID/train_v8capinf/kontext/12499_exterior_image_2_left_pair0.png,"Follow the markers in the image: the green box marks the object to grasp, the blue dot marks where to place it. Show the scene after the object has been moved to the marked location. Pick up the utensils on the counter. Place the utensils in the sink."
/data/datasets/DROID/train_v8capinf/final/13198_exterior_image_1_left_pair0.png,/data/datasets/DROID/train_v8capinf/kontext/13198_exterior_image_1_left_pair0.png,"Follow the markers in the image: the green box marks the object to grasp, the blue dot marks where to place it. Show the scene after the object has been moved to the marked location. Pick up the marker from the mug. Place the marker on the table."
/data/datasets/DROID/train_v8capinf/final/17191_exterior_image_2_left_pair0.png,/data/datasets/DROID/train_v8capinf/kontext/17191_exterior_image_2_left_pair0.png,"Follow the markers in the image: the green box marks the object to grasp, the blue dot marks where to place it. Show the scene after the object has been moved to the marked location. Pick up the object from the countertop. Place the object next to the table."
/data/datasets/DROID/train_v8capinf/final/11161_exterior_image_2_left_pair0.png,/data/datasets/DROID/train_v8capinf/kontext/11161_exterior_image_2_left_pair0.png,"Follow the markers in the image: the green box marks the object to grasp, the blue dot marks where to place it. Show the scene after the object has been moved to the marked location. Pick up the lid from the pot. Place the lid on the table."
/data/datasets/DROID/train_v8capinf/final/92139_exterior_image_1_left_pair0.png,/data/datasets/DROID/train_v8capinf/kontext/92139_exterior_image_1_left_pair0.png,"Follow the markers in the image: the green box marks the object to grasp, the blue dot marks where to place it. Show the scene after the object has been moved to the marked location. Pick up the orange block on the table. Place the orange block on top of the green block."
/data/datasets/DROID/train_v8capinf/final/90678_exterior_image_2_left_pair0.png,/data/datasets/DROID/train_v8capinf/kontext/90678_exterior_image_2_left_pair0.png,"Follow the markers in the image: the green box marks the object to grasp, the blue dot marks where to place it. Show the scene after the object has been moved to the marked location. Pick up the red marker from the blue table. Place the red marker in the bowl."
/data/datasets/DROID/train_v8capinf/final/15274_exterior_image_1_left_pair0.png,/data/datasets/DROID/train_v8capinf/kontext/15274_exterior_image_1_left_pair0.png,"Follow the markers in the image: the green box marks the object to grasp, the blue dot marks where to place it. Show the scene after the object has been moved to the marked location. Pick up the spice bottle from the table. Place the spice bottle back on the table."
/data/datasets/DROID/train_v8capinf/final/68643_exterior_image_2_left_pair0.png,/data/datasets/DROID/train_v8capinf/kontext/68643_exterior_image_2_left_pair0.png,"Follow the markers in the image: the green box marks the object to grasp, the blue dot marks where to place it. Show the scene after the object has been moved to the marked location. Pick up the pen from the counter. Place the pen in the plastic bowl."
/data/datasets/DROID/train_v8capinf/final/13601_exterior_image_2_left_pair0.png,/data/datasets/DROID/train_v8capinf/kontext/13601_exterior_image_2_left_pair0.png,"Follow the markers in the image: the green box marks the object to grasp, the blue dot marks where to place it. Show the scene after the object has been moved to the marked location. Pick up the marker from the cup. Place the marker on the table."
/data/datasets/DROID/train_v8capinf/final/10877_exterior_image_1_left_pair0.png,/data/datasets/DROID/train_v8capinf/kontext/10877_exterior_image_1_left_pair0.png,"Follow the markers in the image: the green box marks the object to grasp, the blue dot marks where to place it. Show the scene after the object has been moved to the marked location. Pick up the object on the table. Place the object at the specified position on the table."
/data/datasets/DROID/train_v8capinf/final/10867_exterior_image_1_left_pair0.png,/data/datasets/DROID/train_v8capinf/kontext/10867_exterior_image_1_left_pair0.png,"Follow the markers in the image: the green box marks the object to grasp, the blue dot marks where to place it. Show the scene after the object has been moved to the marked location. Pick up the coffee cup on the table. Place the coffee cup in the storage cabinet."
/data/datasets/DROID/train_v8capinf/final/16256_exterior_image_1_left_pair0.png,/data/datasets/DROID/train_v8capinf/kontext/16256_exterior_image_1_left_pair0.png,"Follow the markers in the image: the green box marks the object to grasp, the blue dot marks where to place it. Show the scene after the object has been moved to the marked location. Pick up the object on the table. Place the object upwards."
/data/datasets/DROID/train_v8capinf/final/11046_exterior_image_1_left_pair0.png,/data/datasets/DROID/train_v8capinf/kontext/11046_exterior_image_1_left_pair0.png,"Follow the markers in the image: the green box marks the object to grasp, the blue dot marks where to place it. Show the scene after the object has been moved to the marked location. Pick up the transparent lid from the table. Place the lid on the pot."
/data/datasets/DROID/train_v8capinf/final/54794_exterior_image_1_left_pair0.png,/data/datasets/DROID/train_v8capinf/kontext/54794_exterior_image_1_left_pair0.png,"Follow the markers in the image: the green box marks the object to grasp, the blue dot marks where to place it. Show the scene after the object has been moved to the marked location. Pick up the plate on the table. Place the plate on the original position."
/data/datasets/DROID/train_v8capinf/final/16103_exterior_image_1_left_pair0.png,/data/datasets/DROID/train_v8capinf/kontext/16103_exterior_image_1_left_pair0.png,"Follow the markers in the image: the green box marks the object to grasp, the blue dot marks where to place it. Show the scene after the object has been moved to the marked location. Pick up the marker from the cup. Place the marker on the table."
/data/datasets/DROID/train_v8capinf/final/15458_exterior_image_1_left_pair0.png,/data/datasets/DROID/train_v8capinf/kontext/15458_exterior_image_1_left_pair0.png,"Follow the markers in the image: the green box marks the object to grasp, the blue dot marks where to place it. Show the scene after the object has been moved to the marked location. Pick up the cap of the spray bottle on the table. Place the cap of the spray bottle on the spray bottle."
/data/datasets/DROID/train_v8capinf/final/43213_exterior_image_1_left_pair0.png,/data/datasets/DROID/train_v8capinf/kontext/43213_exterior_image_1_left_pair0.png,"Follow the markers in the image: the green box marks the object to grasp, the blue dot marks where to place it. Show the scene after the object has been moved to the marked location. Pick up the straw on the cup. Place the straw on the table."
/data/datasets/DROID/train_v8capinf/final/1279_exterior_image_1_left_pair0.png,/data/datasets/DROID/train_v8capinf/kontext/1279_exterior_image_1_left_pair0.png,"Follow the markers in the image: the green box marks the object to grasp, the blue dot marks where to place it. Show the scene after the object has been moved to the marked location. Pick up the cloth on the table. Place the cloth in the black box."
/data/datasets/DROID/train_v8capinf/final/18751_exterior_image_2_left_pair0.png,/data/datasets/DROID/train_v8capinf/kontext/18751_exterior_image_2_left_pair0.png,"Follow the markers in the image: the green box marks the object to grasp, the blue dot marks where to place it. Show the scene after the object has been moved to the marked location. Pick up the object on the table. Place the object in the upper part of the box."
/data/datasets/DROID/train_v8capinf/final/15779_exterior_image_1_left_pair0.png,/data/datasets/DROID/train_v8capinf/kontext/15779_exterior_image_1_left_pair0.png,"Follow the markers in the image: the green box marks the object to grasp, the blue dot marks where to place it. Show the scene after the object has been moved to the marked location. Pick up the orange object on the table. Place the orange object on the wooden board."
/data/datasets/DROID/train_v8capinf/final/20595_exterior_image_2_left_pair0.png,/data/datasets/DROID/train_v8capinf/kontext/20595_exterior_image_2_left_pair0.png,"Follow the markers in the image: the green box marks the object to grasp, the blue dot marks where to place it. Show the scene after the object has been moved to the marked location. Pick up the green towel from the blue surface. Place the green towel on the table."
/data/datasets/DROID/train_v8capinf/final/21305_exterior_image_1_left_pair0.png,/data/datasets/DROID/train_v8capinf/kontext/21305_exterior_image_1_left_pair0.png,"Follow the markers in the image: the green box marks the object to grasp, the blue dot marks where to place it. Show the scene after the object has been moved to the marked location. Pick up the transparent cup on the table. Place the transparent cup at the water dispenser."
/data/datasets/DROID/train_v8capinf/final/30825_exterior_image_1_left_pair0.png,/data/datasets/DROID/train_v8capinf/kontext/30825_exterior_image_1_left_pair0.png,"Follow the markers in the image: the green box marks the object to grasp, the blue dot marks where to place it. Show the scene after the object has been moved to the marked location. Pick up the banana toy in the black plate. Place the banana toy in the blue basket."
/data/datasets/DROID/train_v8capinf/final/24951_exterior_image_2_left_pair0.png,/data/datasets/DROID/train_v8capinf/kontext/24951_exterior_image_2_left_pair0.png,"Follow the markers in the image: the green box marks the object to grasp, the blue dot marks where to place it. Show the scene after the object has been moved to the marked location. Pick up the pineapple toy from the box. Place the pineapple toy in the black pot."
/data/datasets/DROID/train_v8capinf/final/4955_exterior_image_2_left_pair0.png,/data/datasets/DROID/train_v8capinf/kontext/4955_exterior_image_2_left_pair0.png,"Follow the markers in the image: the green box marks the object to grasp, the blue dot marks where to place it. Show the scene after the object has been moved to the marked location. Pick up the pot lid from the table. Place the pot lid in the pot."
/data/datasets/DROID/train_v8capinf/final/71485_exterior_image_1_left_pair0.png,/data/datasets/DROID/train_v8capinf/kontext/71485_exterior_image_1_left_pair0.png,"Follow the markers in the image: the green box marks the object to grasp, the blue dot marks where to place it. Show the scene after the object has been moved to the marked location. Pick up the pen on the blue table. Place the pen in the bowl."
/data/datasets/DROID/train_v8capinf/final/1266_exterior_image_2_left_pair1.png,/data/datasets/DROID/train_v8capinf/kontext/1266_exterior_image_2_left_pair1.png,"Follow the markers in the image: the green box marks the object to grasp, the blue dot marks where to place it. Show the scene after the object has been moved to the marked location. Pick up the block from the top of the table. Place the block on the coffee pod."
/data/datasets/DROID/train_v8capinf/final/25742_exterior_image_1_left_pair0.png,/data/datasets/DROID/train_v8capinf/kontext/25742_exterior_image_1_left_pair0.png,"Follow the markers in the image: the green box marks the object to grasp, the blue dot marks where to place it. Show the scene after the object has been moved to the marked location. Pick up the cup from the table. Place the cup in the dishwasher."
/data/datasets/DROID/train_v8capinf/final/12062_exterior_image_1_left_pair0.png,/data/datasets/DROID/train_v8capinf/kontext/12062_exterior_image_1_left_pair0.png,"Follow the markers in the image: the green box marks the object to grasp, the blue dot marks where to place it. Show the scene after the object has been moved to the marked location. Pick up the blue cloth from the back of the chair. Place the blue cloth on the tabletop."
/data/datasets/DROID/train_v8capinf/final/69422_exterior_image_1_left_pair0.png,/data/datasets/DROID/train_v8capinf/kontext/69422_exterior_image_1_left_pair0.png,"Follow the markers in the image: the green box marks the object to grasp, the blue dot marks where to place it. Show the scene after the object has been moved to the marked location. Pick up the object from the transparent container. Place the object on the table."
/data/datasets/DROID/train_v8capinf/final/69422_exterior_image_1_left_pair1.png,/data/datasets/DROID/train_v8capinf/kontext/69422_exterior_image_1_left_pair1.png,"Follow the markers in the image: the green box marks the object to grasp, the blue dot marks where to place it. Show the scene after the object has been moved to the marked location. Pick up the blue object from the transparent container. Place the blue object on the table."
/data/datasets/DROID/train_v8capinf/final/12475_exterior_image_2_left_pair0.png,/data/datasets/DROID/train_v8capinf/kontext/12475_exterior_image_2_left_pair0.png,"Follow the markers in the image: the green box marks the object to grasp, the blue dot marks where to place it. Show the scene after the object has been moved to the marked location. Pick up the brush from the tabletop. Place the brush on the tabletop."
/data/datasets/DROID/train_v8capinf/final/41494_exterior_image_1_left_pair0.png,/data/datasets/DROID/train_v8capinf/kontext/41494_exterior_image_1_left_pair0.png,"Follow the markers in the image: the green box marks the object to grasp, the blue dot marks where to place it. Show the scene after the object has been moved to the marked location. Pick up the cup from the table. Place the cup in the center of the table."
/data/datasets/DROID/train_v8capinf/final/35810_exterior_image_1_left_pair0.png,/data/datasets/DROID/train_v8capinf/kontext/35810_exterior_image_1_left_pair0.png,"Follow the markers in the image: the green box marks the object to grasp, the blue dot marks where to place it. Show the scene after the object has been moved to the marked location. Pick up the white plate from the middle of the side table. Place the white plate at the side table."
/data/datasets/DROID/train_v8capinf/final/82531_exterior_image_2_left_pair0.png,/data/datasets/DROID/train_v8capinf/kontext/82531_exterior_image_2_left_pair0.png,"Follow the markers in the image: the green box marks the object to grasp, the blue dot marks where to place it. Show the scene after the object has been moved to the marked location. Pick up the orange block on the table. Place the orange block on the green block."
/data/datasets/DROID/train_v8capinf/final/20673_exterior_image_1_left_pair0.png,/data/datasets/DROID/train_v8capinf/kontext/20673_exterior_image_1_left_pair0.png,"Follow the markers in the image: the green box marks the object to grasp, the blue dot marks where to place it. Show the scene after the object has been moved to the marked location. Pick up the bottle from the sink. Place the bottle on the counter."
/data/datasets/DROID/train_v8capinf/final/13664_exterior_image_2_left_pair1.png,/data/datasets/DROID/train_v8capinf/kontext/13664_exterior_image_2_left_pair1.png,"Follow the markers in the image: the green box marks the object to grasp, the blue dot marks where to place it. Show the scene after the object has been moved to the marked location. Pick up the watermelon plushie from the gray plate. Place the watermelon plushie on the black plate."
/data/datasets/DROID/train_v8capinf/final/12779_exterior_image_2_left_pair0.png,/data/datasets/DROID/train_v8capinf/kontext/12779_exterior_image_2_left_pair0.png,"Follow the markers in the image: the green box marks the object to grasp, the blue dot marks where to place it. Show the scene after the object has been moved to the marked location. Pick up the lid. Place the lid on the table."
/data/datasets/DROID/train_v8capinf/final/12462_exterior_image_2_left_pair0.png,/data/datasets/DROID/train_v8capinf/kontext/12462_exterior_image_2_left_pair0.png,"Follow the markers in the image: the green box marks the object to grasp, the blue dot marks where to place it. Show the scene after the object has been moved to the marked location. Pick up the towel from the partition. Place the towel on the table."
/data/datasets/DROID/train_v8capinf/final/44484_exterior_image_1_left_pair0.png,/data/datasets/DROID/train_v8capinf/kontext/44484_exterior_image_1_left_pair0.png,"Follow the markers in the image: the green box marks the object to grasp, the blue dot marks where to place it. Show the scene after the object has been moved to the marked location. Pick up the object in the container. Place the object on the surface."
/data/datasets/DROID/train_v8capinf/final/14623_exterior_image_1_left_pair1.png,/data/datasets/DROID/train_v8capinf/kontext/14623_exterior_image_1_left_pair1.png,"Follow the markers in the image: the green box marks the object to grasp, the blue dot marks where to place it. Show the scene after the object has been moved to the marked location. Pick up the fabric from the container. Place the fabric on the table."
/data/datasets/DROID/train_v8capinf/final/2773_exterior_image_1_left_pair0.png,/data/datasets/DROID/train_v8capinf/kontext/2773_exterior_image_1_left_pair0.png,"Follow the markers in the image: the green box marks the object to grasp, the blue dot marks where to place it. Show the scene after the object has been moved to the marked location. Pick up the cup on the coffee machine. Place the cup on the coffee machine."
/data/datasets/DROID/train_v8capinf/final/46627_exterior_image_1_left_pair0.png,/data/datasets/DROID/train_v8capinf/kontext/46627_exterior_image_1_left_pair0.png,"Follow the markers in the image: the green box marks the object to grasp, the blue dot marks where to place it. Show the scene after the object has been moved to the marked location. Pick up the bottle on the table. Place the bottle in the transparent box."
/data/datasets/DROID/train_v8capinf/final/38919_exterior_image_1_left_pair0.png,/data/datasets/DROID/train_v8capinf/kontext/38919_exterior_image_1_left_pair0.png,"Follow the markers in the image: the green box marks the object to grasp, the blue dot marks where to place it. Show the scene after the object has been moved to the marked location. Pick up the green can on the table. Place the green can in the cabinet."
/data/datasets/DROID/train_v8capinf/final/22550_exterior_image_1_left_pair0.png,/data/datasets/DROID/train_v8capinf/kontext/22550_exterior_image_1_left_pair0.png,"Follow the markers in the image: the green box marks the object to grasp, the blue dot marks where to place it. Show the scene after the object has been moved to the marked location. Pick up the marker on the box. Place the marker in the cup."
/data/datasets/DROID/train_v8capinf/final/11997_exterior_image_2_left_pair0.png,/data/datasets/DROID/train_v8capinf/kontext/11997_exterior_image_2_left_pair0.png,"Follow the markers in the image: the green box marks the object to grasp, the blue dot marks where to place it. Show the scene after the object has been moved to the marked location. Pick up the pen from the cup. Place the pen on the table."
/data/datasets/DROID/train_v8capinf/final/37039_exterior_image_1_left_pair0.png,/data/datasets/DROID/train_v8capinf/kontext/37039_exterior_image_1_left_pair0.png,"Follow the markers in the image: the green box marks the object to grasp, the blue dot marks where to place it. Show the scene after the object has been moved to the marked location. Pick up the white cup on the table. Place the white cup on top of other white cups."
/data/datasets/DROID/train_v8capinf/final/37039_exterior_image_1_left_pair1.png,/data/datasets/DROID/train_v8capinf/kontext/37039_exterior_image_1_left_pair1.png,"Follow the markers in the image: the green box marks the object to grasp, the blue dot marks where to place it. Show the scene after the object has been moved to the marked location. Pick up the marker on the table. Place the marker inside the white cup."
/data/datasets/DROID/train_v8capinf/final/22494_exterior_image_1_left_pair0.png,/data/datasets/DROID/train_v8capinf/kontext/22494_exterior_image_1_left_pair0.png,"Follow the markers in the image: the green box marks the object to grasp, the blue dot marks where to place it. Show the scene after the object has been moved to the marked location. Pick up the snack bar on the table. Place the snack bar in the sink."
/data/datasets/DROID/train_v8capinf/final/12424_exterior_image_1_left_pair0.png,/data/datasets/DROID/train_v8capinf/kontext/12424_exterior_image_1_left_pair0.png,"Follow the markers in the image: the green box marks the object to grasp, the blue dot marks where to place it. Show the scene after the object has been moved to the marked location. Pick up the lid on the pot. Place the lid on the tabletop."
/data/datasets/DROID/train_v8capinf/final/22841_exterior_image_1_left_pair0.png,/data/datasets/DROID/train_v8capinf/kontext/22841_exterior_image_1_left_pair0.png,"Follow the markers in the image: the green box marks the object to grasp, the blue dot marks where to place it. Show the scene after the object has been moved to the marked location. Pick up the cup from the plate. Place the cup on the table."
/data/datasets/DROID/train_v8capinf/final/22841_exterior_image_1_left_pair1.png,/data/datasets/DROID/train_v8capinf/kontext/22841_exterior_image_1_left_pair1.png,"Follow the markers in the image: the green box marks the object to grasp, the blue dot marks where to place it. Show the scene after the object has been moved to the marked location. Pick up the blue cup from the plate. Place the purple cup on the table."
/data/datasets/DROID/train_v8capinf/final/12711_exterior_image_2_left_pair0.png,/data/datasets/DROID/train_v8capinf/kontext/12711_exterior_image_2_left_pair0.png,"Follow the markers in the image: the green box marks the object to grasp, the blue dot marks where to place it. Show the scene after the object has been moved to the marked location. Pick up the pineapple toy on the table. Place the pineapple toy inside the basket."
/data/datasets/DROID/train_v8capinf/final/17674_exterior_image_2_left_pair0.png,/data/datasets/DROID/train_v8capinf/kontext/17674_exterior_image_2_left_pair0.png,"Follow the markers in the image: the green box marks the object to grasp, the blue dot marks where to place it. Show the scene after the object has been moved to the marked location. Pick up the blue marker from the yellow mug. Place the blue marker on the table."
/data/datasets/DROID/train_v8capinf/final/51304_exterior_image_1_left_pair0.png,/data/datasets/DROID/train_v8capinf/kontext/51304_exterior_image_1_left_pair0.png,"Follow the markers in the image: the green box marks the object to grasp, the blue dot marks where to place it. Show the scene after the object has been moved to the marked location. Pick up the orange block on the table. Place the orange block on another orange block."
/data/datasets/DROID/train_v8capinf/final/15636_exterior_image_2_left_pair0.png,/data/datasets/DROID/train_v8capinf/kontext/15636_exterior_image_2_left_pair0.png,"Follow the markers in the image: the green box marks the object to grasp, the blue dot marks where to place it. Show the scene after the object has been moved to the marked location. Pick up the grey masking tape from the table. Place the grey masking tape in the black bowl."
/data/datasets/DROID/train_v8capinf/final/11390_exterior_image_1_left_pair0.png,/data/datasets/DROID/train_v8capinf/kontext/11390_exterior_image_1_left_pair0.png,"Follow the markers in the image: the green box marks the object to grasp, the blue dot marks where to place it. Show the scene after the object has been moved to the marked location. Pick up the black pot on the table. Place the black pot on the table surface."
/data/datasets/DROID/train_v8capinf/final/16977_exterior_image_1_left_pair0.png,/data/datasets/DROID/train_v8capinf/kontext/16977_exterior_image_1_left_pair0.png,"Follow the markers in the image: the green box marks the object to grasp, the blue dot marks where to place it. Show the scene after the object has been moved to the marked location. Pick up the toy on the counter. Place the purple object in the bowl."
/data/datasets/DROID/train_v8capinf/final/2000_exterior_image_2_left_pair0.png,/data/datasets/DROID/train_v8capinf/kontext/2000_exterior_image_2_left_pair0.png,"Follow the markers in the image: the green box marks the object to grasp, the blue dot marks where to place it. Show the scene after the object has been moved to the marked location. Pick up the crayon on the table. Place the crayon inside the box."
/data/datasets/DROID/train_v8capinf/final/13133_exterior_image_2_left_pair0.png,/data/datasets/DROID/train_v8capinf/kontext/13133_exterior_image_2_left_pair0.png,"Follow the markers in the image: the green box marks the object to grasp, the blue dot marks where to place it. Show the scene after the object has been moved to the marked location. Pick up the white paper on the and place it on the table. Place the white paper into the bin."
/data/datasets/DROID/train_v8capinf/final/19718_exterior_image_1_left_pair0.png,/data/datasets/DROID/train_v8capinf/kontext/19718_exterior_image_1_left_pair0.png,"Follow the markers in the image: the green box marks the object to grasp, the blue dot marks where to place it. Show the scene after the object has been moved to the marked location. Pick up the lid from the silver pot. Place the lid on the table."
/data/datasets/DROID/train_v8capinf/final/19822_exterior_image_2_left_pair1.png,/data/datasets/DROID/train_v8capinf/kontext/19822_exterior_image_2_left_pair1.png,"Follow the markers in the image: the green box marks the object to grasp, the blue dot marks where to place it. Show the scene after the object has been moved to the marked location. Pick up the folded cloth on the table. Place the folded cloth into the box."
/data/datasets/DROID/train_v8capinf/final/17514_exterior_image_2_left_pair0.png,/data/datasets/DROID/train_v8capinf/kontext/17514_exterior_image_2_left_pair0.png,"Follow the markers in the image: the green box marks the object to grasp, the blue dot marks where to place it. Show the scene after the object has been moved to the marked location. Pick up the purple plushy on the table. Place the purple plushy on the blue plate."
/data/datasets/DROID/train_v8capinf/final/9515_exterior_image_1_left_pair0.png,/data/datasets/DROID/train_v8capinf/kontext/9515_exterior_image_1_left_pair0.png,"Follow the markers in the image: the green box marks the object to grasp, the blue dot marks where to place it. Show the scene after the object has been moved to the marked location. Pick up the orange block from the table. Place the orange block on the green block."
/data/datasets/DROID/train_v8capinf/final/5570_exterior_image_2_left_pair0.png,/data/datasets/DROID/train_v8capinf/kontext/5570_exterior_image_2_left_pair0.png,"Follow the markers in the image: the green box marks the object to grasp, the blue dot marks where to place it. Show the scene after the object has been moved to the marked location. Pick up the bottle on the table. Place the bottle inside the white bowl."
/data/datasets/DROID/train_v8capinf/final/21219_exterior_image_1_left_pair0.png,/data/datasets/DROID/train_v8capinf/kontext/21219_exterior_image_1_left_pair0.png,"Follow the markers in the image: the green box marks the object to grasp, the blue dot marks where to place it. Show the scene after the object has been moved to the marked location. Pick up the cup from the desktop. Place the cup on the desktop."
/data/datasets/DROID/train_v8capinf/final/68830_exterior_image_1_left_pair1.png,/data/datasets/DROID/train_v8capinf/kontext/68830_exterior_image_1_left_pair1.png,"Follow the markers in the image: the green box marks the object to grasp, the blue dot marks where to place it. Show the scene after the object has been moved to the marked location. Pick up the bag from the countertop. Place the bag into the drawer."
/data/datasets/DROID/train_v8capinf/final/18042_exterior_image_1_left_pair1.png,/data/datasets/DROID/train_v8capinf/kontext/18042_exterior_image_1_left_pair1.png,"Follow the markers in the image: the green box marks the object to grasp, the blue dot marks where to place it. Show the scene after the object has been moved to the marked location. Pick up the bowl containing the bottle from the table. Place the bowl on the counter."
/data/datasets/DROID/train_v8capinf/final/48583_exterior_image_2_left_pair0.png,/data/datasets/DROID/train_v8capinf/kontext/48583_exterior_image_2_left_pair0.png,"Follow the markers in the image: the green box marks the object to grasp, the blue dot marks where to place it. Show the scene after the object has been moved to the marked location. Pick up the fork on the plate. Place the fork on the plate."
/data/datasets/DROID/train_v8capinf/final/10739_exterior_image_1_left_pair0.png,/data/datasets/DROID/train_v8capinf/kontext/10739_exterior_image_1_left_pair0.png,"Follow the markers in the image: the green box marks the object to grasp, the blue dot marks where to place it. Show the scene after the object has been moved to the marked location. Pick up the cable on the shelf. Place the cable in the tray behind the shelf."
/data/datasets/DROID/train_v8capinf/final/22287_exterior_image_1_left_pair1.png,/data/datasets/DROID/train_v8capinf/kontext/22287_exterior_image_1_left_pair1.png,"Follow the markers in the image: the green box marks the object to grasp, the blue dot marks where to place it. Show the scene after the object has been moved to the marked location. Pick up the white cup on the table. Place the white cup in front of the table."
/data/datasets/DROID/train_v8capinf/final/31979_exterior_image_1_left_pair0.png,/data/datasets/DROID/train_v8capinf/kontext/31979_exterior_image_1_left_pair0.png,"Follow the markers in the image: the green box marks the object to grasp, the blue dot marks where to place it. Show the scene after the object has been moved to the marked location. Pick up the jar from the tabletop. Place the jar in the sink."
/data/datasets/DROID/train_v8capinf/final/88223_exterior_image_1_left_pair0.png,/data/datasets/DROID/train_v8capinf/kontext/88223_exterior_image_1_left_pair0.png,"Follow the markers in the image: the green box marks the object to grasp, the blue dot marks where to place it. Show the scene after the object has been moved to the marked location. Pick up the toy on the desktop. Place the toy in the pot."
/data/datasets/DROID/train_v8capinf/final/65592_exterior_image_1_left_pair1.png,/data/datasets/DROID/train_v8capinf/kontext/65592_exterior_image_1_left_pair1.png,"Follow the markers in the image: the green box marks the object to grasp, the blue dot marks where to place it. Show the scene after the object has been moved to the marked location. Pick up the block. Place the block on the green block."
/data/datasets/DROID/train_v8capinf/final/49699_exterior_image_2_left_pair0.png,/data/datasets/DROID/train_v8capinf/kontext/49699_exterior_image_2_left_pair0.png,"Follow the markers in the image: the green box marks the object to grasp, the blue dot marks where to place it. Show the scene after the object has been moved to the marked location. Pick up the orange block from the table. Place the orange block on top of the green block."
/data/datasets/DROID/train_v8capinf/final/9255_exterior_image_2_left_pair2.png,/data/datasets/DROID/train_v8capinf/kontext/9255_exterior_image_2_left_pair2.png,"Follow the markers in the image: the green box marks the object to grasp, the blue dot marks where to place it. Show the scene after the object has been moved to the marked location. Pick up the towel from the table. Place the towel on the tray."
/data/datasets/DROID/train_v8capinf/final/15858_exterior_image_2_left_pair0.png,/data/datasets/DROID/train_v8capinf/kontext/15858_exterior_image_2_left_pair0.png,"Follow the markers in the image: the green box marks the object to grasp, the blue dot marks where to place it. Show the scene after the object has been moved to the marked location. Pick up the marker in the cup. Place the marker on the table."
/data/datasets/DROID/train_v8capinf/final/35777_exterior_image_1_left_pair0.png,/data/datasets/DROID/train_v8capinf/kontext/35777_exterior_image_1_left_pair0.png,"Follow the markers in the image: the green box marks the object to grasp, the blue dot marks where to place it. Show the scene after the object has been moved to the marked location. Pick up the blue plush toy from the top shelf of the fridge. Place the blue plush toy on the bottom shelf of the fridge."
/data/datasets/DROID/train_v8capinf/final/23734_exterior_image_2_left_pair1.png,/data/datasets/DROID/train_v8capinf/kontext/23734_exterior_image_2_left_pair1.png,"Follow the markers in the image: the green box marks the object to grasp, the blue dot marks where to place it. Show the scene after the object has been moved to the marked location. Pick up the two cans on the table. Place the two cans on the tray."
/data/datasets/DROID/train_v8capinf/final/12833_exterior_image_1_left_pair0.png,/data/datasets/DROID/train_v8capinf/kontext/12833_exterior_image_1_left_pair0.png,"Follow the markers in the image: the green box marks the object to grasp, the blue dot marks where to place it. Show the scene after the object has been moved to the marked location. Pick up the rectangular block on the blue surface. Place the rectangular block on the table."
/data/datasets/DROID/train_v8capinf/final/15634_exterior_image_2_left_pair0.png,/data/datasets/DROID/train_v8capinf/kontext/15634_exterior_image_2_left_pair0.png,"Follow the markers in the image: the green box marks the object to grasp, the blue dot marks where to place it. Show the scene after the object has been moved to the marked location. Take off the lid from the pot. Place the lid on the table."
/data/datasets/DROID/train_v8capinf/final/13638_exterior_image_1_left_pair0.png,/data/datasets/DROID/train_v8capinf/kontext/13638_exterior_image_1_left_pair0.png,"Follow the markers in the image: the green box marks the object to grasp, the blue dot marks where to place it. Show the scene after the object has been moved to the marked location. Pick up the green object from the rack. Place the green object inside the bowl."
/data/datasets/DROID/train_v8capinf/final/22068_exterior_image_1_left_pair0.png,/data/datasets/DROID/train_v8capinf/kontext/22068_exterior_image_1_left_pair0.png,"Follow the markers in the image: the green box marks the object to grasp, the blue dot marks where to place it. Show the scene after the object has been moved to the marked location. Pick up the marker from the cup. Place the marker on the box on the table."
/data/datasets/DROID/train_v8capinf/final/45762_exterior_image_2_left_pair0.png,/data/datasets/DROID/train_v8capinf/kontext/45762_exterior_image_2_left_pair0.png,"Follow the markers in the image: the green box marks the object to grasp, the blue dot marks where to place it. Show the scene after the object has been moved to the marked location. Pick up the paper tube from the bowl. Place the paper tube on the countertop."
/data/datasets/DROID/train_v8capinf/final/20636_exterior_image_1_left_pair0.png,/data/datasets/DROID/train_v8capinf/kontext/20636_exterior_image_1_left_pair0.png,"Follow the markers in the image: the green box marks the object to grasp, the blue dot marks where to place it. Show the scene after the object has been moved to the marked location. Pick up the folder from the box. Place the folder on the couch."
/data/datasets/DROID/train_v8capinf/final/19237_exterior_image_2_left_pair0.png,/data/datasets/DROID/train_v8capinf/kontext/19237_exterior_image_2_left_pair0.png,"Follow the markers in the image: the green box marks the object to grasp, the blue dot marks where to place it. Show the scene after the object has been moved to the marked location. Pick up the wrapped cloth on the table. Place the wrapped cloth in the box."
/data/datasets/DROID/train_v8capinf/final/15693_exterior_image_2_left_pair0.png,/data/datasets/DROID/train_v8capinf/kontext/15693_exterior_image_2_left_pair0.png,"Follow the markers in the image: the green box marks the object to grasp, the blue dot marks where to place it. Show the scene after the object has been moved to the marked location. Pick up the metal can from the countertop. Place the metal can into the sink."
/data/datasets/DROID/train_v8capinf/final/61324_exterior_image_2_left_pair0.png,/data/datasets/DROID/train_v8capinf/kontext/61324_exterior_image_2_left_pair0.png,"Follow the markers in the image: the green box marks the object to grasp, the blue dot marks where to place it. Show the scene after the object has been moved to the marked location. Take the bottle from the bowl. Place the bottle in the bottom compartment of the box."
/data/datasets/DROID/train_v8capinf/final/41325_exterior_image_2_left_pair0.png,/data/datasets/DROID/train_v8capinf/kontext/41325_exterior_image_2_left_pair0.png,"Follow the markers in the image: the green box marks the object to grasp, the blue dot marks where to place it. Show the scene after the object has been moved to the marked location. Pick up the marker on the table. Place the marker in the bowl."
/data/datasets/DROID/train_v8capinf/final/61393_exterior_image_2_left_pair0.png,/data/datasets/DROID/train_v8capinf/kontext/61393_exterior_image_2_left_pair0.png,"Follow the markers in the image: the green box marks the object to grasp, the blue dot marks where to place it. Show the scene after the object has been moved to the marked location. Pick up the spatula from the table. Place the spatula into the pot."
/data/datasets/DROID/train_v8capinf/final/1294_exterior_image_2_left_pair0.png,/data/datasets/DROID/train_v8capinf/kontext/1294_exterior_image_2_left_pair0.png,"Follow the markers in the image: the green box marks the object to grasp, the blue dot marks where to place it. Show the scene after the object has been moved to the marked location. Pick up the snack from the sink. Place the snack on the counter."
/data/datasets/DROID/train_v8capinf/final/2788_exterior_image_1_left_pair0.png,/data/datasets/DROID/train_v8capinf/kontext/2788_exterior_image_1_left_pair0.png,"Follow the markers in the image: the green box marks the object to grasp, the blue dot marks where to place it. Show the scene after the object has been moved to the marked location. Pick up the shirt from the arm rest. Place the shirt on the back of the chair."
/data/datasets/DROID/train_v8capinf/final/15520_exterior_image_2_left_pair0.png,/data/datasets/DROID/train_v8capinf/kontext/15520_exterior_image_2_left_pair0.png,"Follow the markers in the image: the green box marks the object to grasp, the blue dot marks where to place it. Show the scene after the object has been moved to the marked location. Pick up a tissue paper from the tissue box. Place the tissue paper on the table."
/data/datasets/DROID/train_v8capinf/final/53010_exterior_image_2_left_pair1.png,/data/datasets/DROID/train_v8capinf/kontext/53010_exterior_image_2_left_pair1.png,"Follow the markers in the image: the green box marks the object to grasp, the blue dot marks where to place it. Show the scene after the object has been moved to the marked location. Pick up the green block on the table. Place the green block on top of the green block."
/data/datasets/DROID/train_v8capinf/final/1498_exterior_image_2_left_pair0.png,/data/datasets/DROID/train_v8capinf/kontext/1498_exterior_image_2_left_pair0.png,"Follow the markers in the image: the green box marks the object to grasp, the blue dot marks where to place it. Show the scene after the object has been moved to the marked location. Remove the lid from the glass jug. Place the lid on the tabletop."
/data/datasets/DROID/train_v8capinf/final/23178_exterior_image_1_left_pair0.png,/data/datasets/DROID/train_v8capinf/kontext/23178_exterior_image_1_left_pair0.png,"Follow the markers in the image: the green box marks the object to grasp, the blue dot marks where to place it. Show the scene after the object has been moved to the marked location. Pick up the marker from the silver cup. Place the marker on the table."
/data/datasets/DROID/train_v8capinf/final/13627_exterior_image_2_left_pair0.png,/data/datasets/DROID/train_v8capinf/kontext/13627_exterior_image_2_left_pair0.png,"Follow the markers in the image: the green box marks the object to grasp, the blue dot marks where to place it. Show the scene after the object has been moved to the marked location. Pick up the silver lid from the table. Place the silver lid on the small silver pot."
/data/datasets/DROID/train_v8capinf/final/12014_exterior_image_1_left_pair0.png,/data/datasets/DROID/train_v8capinf/kontext/12014_exterior_image_1_left_pair0.png,"Follow the markers in the image: the green box marks the object to grasp, the blue dot marks where to place it. Show the scene after the object has been moved to the marked location. Pick up the white paper in the middle of the table. Place the white paper at the edge of the table."
/data/datasets/DROID/train_v8capinf/final/14360_exterior_image_1_left_pair0.png,/data/datasets/DROID/train_v8capinf/kontext/14360_exterior_image_1_left_pair0.png,"Follow the markers in the image: the green box marks the object to grasp, the blue dot marks where to place it. Show the scene after the object has been moved to the marked location. Pick up the object from the sink. Place the object on the counter."
/data/datasets/DROID/train_v8capinf/final/45281_exterior_image_1_left_pair0.png,/data/datasets/DROID/train_v8capinf/kontext/45281_exterior_image_1_left_pair0.png,"Follow the markers in the image: the green box marks the object to grasp, the blue dot marks where to place it. Show the scene after the object has been moved to the marked location. Pick up the power strip from the table. Place the power strip on the black cloth."
/data/datasets/DROID/train_v8capinf/final/1751_exterior_image_2_left_pair0.png,/data/datasets/DROID/train_v8capinf/kontext/1751_exterior_image_2_left_pair0.png,"Follow the markers in the image: the green box marks the object to grasp, the blue dot marks where to place it. Show the scene after the object has been moved to the marked location. Pick up the paper glue on the table. Place the paper glue in the cup."
/data/datasets/DROID/train_v8capinf/final/8731_exterior_image_1_left_pair0.png,/data/datasets/DROID/train_v8capinf/kontext/8731_exterior_image_1_left_pair0.png,"Follow the markers in the image: the green box marks the object to grasp, the blue dot marks where to place it. Show the scene after the object has been moved to the marked location. Pick up the jar from the table. Place the jar in the drawer."
/data/datasets/DROID/train_v8capinf/final/8731_exterior_image_1_left_pair1.png,/data/datasets/DROID/train_v8capinf/kontext/8731_exterior_image_1_left_pair1.png,"Follow the markers in the image: the green box marks the object to grasp, the blue dot marks where to place it. Show the scene after the object has been moved to the marked location. Pick up the jar from the table. Place the jar on the drawer."
/data/datasets/DROID/train_v8capinf/final/11053_exterior_image_1_left_pair0.png,/data/datasets/DROID/train_v8capinf/kontext/11053_exterior_image_1_left_pair0.png,"Follow the markers in the image: the green box marks the object to grasp, the blue dot marks where to place it. Show the scene after the object has been moved to the marked location. Pick up the tabletop cover. Place the cover on the bottle."
/data/datasets/DROID/train_v8capinf/final/22165_exterior_image_2_left_pair0.png,/data/datasets/DROID/train_v8capinf/kontext/22165_exterior_image_2_left_pair0.png,"Follow the markers in the image: the green box marks the object to grasp, the blue dot marks where to place it. Show the scene after the object has been moved to the marked location. Pick up the checkered shirt from the desk. Place the checkered shirt on the box."
/data/datasets/DROID/train_v8capinf/final/22165_exterior_image_2_left_pair1.png,/data/datasets/DROID/train_v8capinf/kontext/22165_exterior_image_2_left_pair1.png,"Follow the markers in the image: the green box marks the object to grasp, the blue dot marks where to place it. Show the scene after the object has been moved to the marked location. Pick up the checkered shirt from the box. Place the checkered shirt on the desk."
/data/datasets/DROID/train_v8capinf/final/11778_exterior_image_2_left_pair0.png,/data/datasets/DROID/train_v8capinf/kontext/11778_exterior_image_2_left_pair0.png,"Follow the markers in the image: the green box marks the object to grasp, the blue dot marks where to place it. Show the scene after the object has been moved to the marked location. Pick up the glue stick on the table. Place the glue stick in the cup."
/data/datasets/DROID/train_v8capinf/final/15959_exterior_image_2_left_pair0.png,/data/datasets/DROID/train_v8capinf/kontext/15959_exterior_image_2_left_pair0.png,"Follow the markers in the image: the green box marks the object to grasp, the blue dot marks where to place it. Show the scene after the object has been moved to the marked location. Pick up the glass lid from the table. Place the glass lid on the pot."
/data/datasets/DROID/train_v8capinf/final/27246_exterior_image_2_left_pair0.png,/data/datasets/DROID/train_v8capinf/kontext/27246_exterior_image_2_left_pair0.png,"Follow the markers in the image: the green box marks the object to grasp, the blue dot marks where to place it. Show the scene after the object has been moved to the marked location. Pick up the packaging bag from the countertop. Place the packaging bag in the open cabinet."
/data/datasets/DROID/train_v8capinf/final/22104_exterior_image_1_left_pair0.png,/data/datasets/DROID/train_v8capinf/kontext/22104_exterior_image_1_left_pair0.png,"Follow the markers in the image: the green box marks the object to grasp, the blue dot marks where to place it. Show the scene after the object has been moved to the marked location. Pick up the object on the sink. Place the object in the white bowl."
/data/datasets/DROID/train_v8capinf/final/10908_exterior_image_1_left_pair0.png,/data/datasets/DROID/train_v8capinf/kontext/10908_exterior_image_1_left_pair0.png,"Follow the markers in the image: the green box marks the object to grasp, the blue dot marks where to place it. Show the scene after the object has been moved to the marked location. Pick up the bottle on the desktop. Place the bottle in the drawer."
/data/datasets/DROID/train_v8capinf/final/12328_exterior_image_2_left_pair0.png,/data/datasets/DROID/train_v8capinf/kontext/12328_exterior_image_2_left_pair0.png,"Follow the markers in the image: the green box marks the object to grasp, the blue dot marks where to place it. Show the scene after the object has been moved to the marked location. Pick up the blue block. Place the blue block on top of the orange block."
/data/datasets/DROID/train_v8capinf/final/17073_exterior_image_1_left_pair0.png,/data/datasets/DROID/train_v8capinf/kontext/17073_exterior_image_1_left_pair0.png,"Follow the markers in the image: the green box marks the object to grasp, the blue dot marks where to place it. Show the scene after the object has been moved to the marked location. Pick up the serviette from the box. Place the serviette on the table."
/data/datasets/DROID/train_v8capinf/final/22803_exterior_image_1_left_pair0.png,/data/datasets/DROID/train_v8capinf/kontext/22803_exterior_image_1_left_pair0.png,"Follow the markers in the image: the green box marks the object to grasp, the blue dot marks where to place it. Show the scene after the object has been moved to the marked location. Pick up the lid from the table. Place the lid on the pot."
/data/datasets/DROID/train_v8capinf/final/17288_exterior_image_2_left_pair0.png,/data/datasets/DROID/train_v8capinf/kontext/17288_exterior_image_2_left_pair0.png,"Follow the markers in the image: the green box marks the object to grasp, the blue dot marks where to place it. Show the scene after the object has been moved to the marked location. Pick up the wooden spoon from the counter. Place the wooden spoon in the metal container."
/data/datasets/DROID/train_v8capinf/final/19650_exterior_image_1_left_pair0.png,/data/datasets/DROID/train_v8capinf/kontext/19650_exterior_image_1_left_pair0.png,"Follow the markers in the image: the green box marks the object to grasp, the blue dot marks where to place it. Show the scene after the object has been moved to the marked location. Pick up the tiger plush toy on the blue table. Place the tiger plush toy in the black bowl."
/data/datasets/DROID/train_v8capinf/final/78616_exterior_image_2_left_pair0.png,/data/datasets/DROID/train_v8capinf/kontext/78616_exterior_image_2_left_pair0.png,"Follow the markers in the image: the green box marks the object to grasp, the blue dot marks where to place it. Show the scene after the object has been moved to the marked location. Pick up the marker on the table. Place the marker in the bowl."
/data/datasets/DROID/train_v8capinf/final/31373_exterior_image_2_left_pair0.png,/data/datasets/DROID/train_v8capinf/kontext/31373_exterior_image_2_left_pair0.png,"Follow the markers in the image: the green box marks the object to grasp, the blue dot marks where to place it. Show the scene after the object has been moved to the marked location. Pick up the red block on the table. Place the red block on top of the green block."
/data/datasets/DROID/train_v8capinf/final/11318_exterior_image_2_left_pair0.png,/data/datasets/DROID/train_v8capinf/kontext/11318_exterior_image_2_left_pair0.png,"Follow the markers in the image: the green box marks the object to grasp, the blue dot marks where to place it. Show the scene after the object has been moved to the marked location. Pick up the towel on the table. Place the towel in the pen holder."
/data/datasets/DROID/train_v8capinf/final/31770_exterior_image_2_left_pair0.png,/data/datasets/DROID/train_v8capinf/kontext/31770_exterior_image_2_left_pair0.png,"Follow the markers in the image: the green box marks the object to grasp, the blue dot marks where to place it. Show the scene after the object has been moved to the marked location. Pick up the cup from the middle of the table. Place the cup on the table."
/data/datasets/DROID/train_v8capinf/final/13855_exterior_image_1_left_pair0.png,/data/datasets/DROID/train_v8capinf/kontext/13855_exterior_image_1_left_pair0.png,"Follow the markers in the image: the green box marks the object to grasp, the blue dot marks where to place it. Show the scene after the object has been moved to the marked location. Pick up the lid from the pot. Place the lid on the table."
/data/datasets/DROID/train_v8capinf/final/12856_exterior_image_1_left_pair0.png,/data/datasets/DROID/train_v8capinf/kontext/12856_exterior_image_1_left_pair0.png,"Follow the markers in the image: the green box marks the object to grasp, the blue dot marks where to place it. Show the scene after the object has been moved to the marked location. Pick up the plush toy from the countertop. Place the plush toy in the basket."
/data/datasets/DROID/train_v8capinf/final/12650_exterior_image_2_left_pair0.png,/data/datasets/DROID/train_v8capinf/kontext/12650_exterior_image_2_left_pair0.png,"Follow the markers in the image: the green box marks the object to grasp, the blue dot marks where to place it. Show the scene after the object has been moved to the marked location. Pick up the mug from the table. Place the mug at the center of the table."
/data/datasets/DROID/train_v8capinf/final/87169_exterior_image_1_left_pair0.png,/data/datasets/DROID/train_v8capinf/kontext/87169_exterior_image_1_left_pair0.png,"Follow the markers in the image: the green box marks the object to grasp, the blue dot marks where to place it. Show the scene after the object has been moved to the marked location. Pick up the teabag from the countertop. Place the teabag in the cup on top of the brown box."
/data/datasets/DROID/train_v8capinf/final/113_exterior_image_1_left_pair0.png,/data/datasets/DROID/train_v8capinf/kontext/113_exterior_image_1_left_pair0.png,"Follow the markers in the image: the green box marks the object to grasp, the blue dot marks where to place it. Show the scene after the object has been moved to the marked location. Pick up the lid from the pot. Place the lid on the tabletop."
/data/datasets/DROID/train_v8capinf/final/12479_exterior_image_1_left_pair0.png,/data/datasets/DROID/train_v8capinf/kontext/12479_exterior_image_1_left_pair0.png,"Follow the markers in the image: the green box marks the object to grasp, the blue dot marks where to place it. Show the scene after the object has been moved to the marked location. Pick up the watermelon plushie from the black bowl. Place the watermelon plushie in the blue bowl."
/data/datasets/DROID/train_v8capinf/final/11244_exterior_image_1_left_pair0.png,/data/datasets/DROID/train_v8capinf/kontext/11244_exterior_image_1_left_pair0.png,"Follow the markers in the image: the green box marks the object to grasp, the blue dot marks where to place it. Show the scene after the object has been moved to the marked location. Pick up the green block on the table. Place the green block on the table."
/data/datasets/DROID/train_v8capinf/final/37789_exterior_image_1_left_pair0.png,/data/datasets/DROID/train_v8capinf/kontext/37789_exterior_image_1_left_pair0.png,"Follow the markers in the image: the green box marks the object to grasp, the blue dot marks where to place it. Show the scene after the object has been moved to the marked location. Pick up the first packaging bag from the countertop. Place the first packaging bag in the drawer."
/data/datasets/DROID/train_v8capinf/final/11172_exterior_image_2_left_pair0.png,/data/datasets/DROID/train_v8capinf/kontext/11172_exterior_image_2_left_pair0.png,"Follow the markers in the image: the green box marks the object to grasp, the blue dot marks where to place it. Show the scene after the object has been moved to the marked location. Pick up the cup on the table. Place the cup on the table."
/data/datasets/DROID/train_v8capinf/final/11172_exterior_image_2_left_pair1.png,/data/datasets/DROID/train_v8capinf/kontext/11172_exterior_image_2_left_pair1.png,"Follow the markers in the image: the green box marks the object to grasp, the blue dot marks where to place it. Show the scene after the object has been moved to the marked location. Pick up the cup on the table. Place the cup on the table."
/data/datasets/DROID/train_v8capinf/final/15444_exterior_image_1_left_pair0.png,/data/datasets/DROID/train_v8capinf/kontext/15444_exterior_image_1_left_pair0.png,"Follow the markers in the image: the green box marks the object to grasp, the blue dot marks where to place it. Show the scene after the object has been moved to the marked location. Pick up the lid from the spray bottle. Place the lid on the table."
/data/datasets/DROID/train_v8capinf/final/12629_exterior_image_1_left_pair0.png,/data/datasets/DROID/train_v8capinf/kontext/12629_exterior_image_1_left_pair0.png,"Follow the markers in the image: the green box marks the object to grasp, the blue dot marks where to place it. Show the scene after the object has been moved to the marked location. Pick up the orange item on the table. Place the orange item in the cup."
/data/datasets/DROID/train_v8capinf/final/17176_exterior_image_2_left_pair0.png,/data/datasets/DROID/train_v8capinf/kontext/17176_exterior_image_2_left_pair0.png,"Follow the markers in the image: the green box marks the object to grasp, the blue dot marks where to place it. Show the scene after the object has been moved to the marked location. Pick up the blackboard eraser on the table. Place the blackboard eraser on the table."
/data/datasets/DROID/train_v8capinf/final/13040_exterior_image_1_left_pair0.png,/data/datasets/DROID/train_v8capinf/kontext/13040_exterior_image_1_left_pair0.png,"Follow the markers in the image: the green box marks the object to grasp, the blue dot marks where to place it. Show the scene after the object has been moved to the marked location. Pick up the white cloth on the table. Place the white cloth on the black rack."
/data/datasets/DROID/train_v8capinf/final/17860_exterior_image_1_left_pair0.png,/data/datasets/DROID/train_v8capinf/kontext/17860_exterior_image_1_left_pair0.png,"Follow the markers in the image: the green box marks the object to grasp, the blue dot marks where to place it. Show the scene after the object has been moved to the marked location. Pick up the kitchen utensils on the table. Place the kitchen utensils at the specified position on the table."
/data/datasets/DROID/train_v8capinf/final/12598_exterior_image_2_left_pair0.png,/data/datasets/DROID/train_v8capinf/kontext/12598_exterior_image_2_left_pair0.png,"Follow the markers in the image: the green box marks the object to grasp, the blue dot marks where to place it. Show the scene after the object has been moved to the marked location. Pick up the green packet from the countertop. Place the green packet in the open cabinet."
/data/datasets/DROID/train_v8capinf/final/14852_exterior_image_2_left_pair0.png,/data/datasets/DROID/train_v8capinf/kontext/14852_exterior_image_2_left_pair0.png,"Follow the markers in the image: the green box marks the object to grasp, the blue dot marks where to place it. Show the scene after the object has been moved to the marked location. Pick up the brown cup in the brown cup. Place the brown cup in the sink."
/data/datasets/DROID/train_v8capinf/final/30390_exterior_image_1_left_pair0.png,/data/datasets/DROID/train_v8capinf/kontext/30390_exterior_image_1_left_pair0.png,"Follow the markers in the image: the green box marks the object to grasp, the blue dot marks where to place it. Show the scene after the object has been moved to the marked location. Pick up the marker from the table. Place the marker in the bowl."
/data/datasets/DROID/train_v8capinf/final/87699_exterior_image_1_left_pair0.png,/data/datasets/DROID/train_v8capinf/kontext/87699_exterior_image_1_left_pair0.png,"Follow the markers in the image: the green box marks the object to grasp, the blue dot marks where to place it. Show the scene after the object has been moved to the marked location. Pick up the books on the table. Place the books in the middle of the table."
/data/datasets/DROID/train_v8capinf/final/11791_exterior_image_1_left_pair0.png,/data/datasets/DROID/train_v8capinf/kontext/11791_exterior_image_1_left_pair0.png,"Follow the markers in the image: the green box marks the object to grasp, the blue dot marks where to place it. Show the scene after the object has been moved to the marked location. Pick up the cup on the desk. Place the cup on the plate."
/data/datasets/DROID/train_v8capinf/final/18094_exterior_image_1_left_pair0.png,/data/datasets/DROID/train_v8capinf/kontext/18094_exterior_image_1_left_pair0.png,"Follow the markers in the image: the green box marks the object to grasp, the blue dot marks where to place it. Show the scene after the object has been moved to the marked location. Pick up the pen from the grey table. Place the pen in the grey bowl."
/data/datasets/DROID/train_v8capinf/final/1087_exterior_image_1_left_pair0.png,/data/datasets/DROID/train_v8capinf/kontext/1087_exterior_image_1_left_pair0.png,"Follow the markers in the image: the green box marks the object to grasp, the blue dot marks where to place it. Show the scene after the object has been moved to the marked location. Pick up the orange plush toy from the box. Place the orange plush toy on the plate."
/data/datasets/DROID/train_v8capinf/final/15923_exterior_image_1_left_pair0.png,/data/datasets/DROID/train_v8capinf/kontext/15923_exterior_image_1_left_pair0.png,"Follow the markers in the image: the green box marks the object to grasp, the blue dot marks where to place it. Show the scene after the object has been moved to the marked location. Pick up the object on the table. Place the object in the center of the table."
/data/datasets/DROID/train_v8capinf/final/12946_exterior_image_2_left_pair0.png,/data/datasets/DROID/train_v8capinf/kontext/12946_exterior_image_2_left_pair0.png,"Follow the markers in the image: the green box marks the object to grasp, the blue dot marks where to place it. Show the scene after the object has been moved to the marked location. Pick up the plate from the shelf. Place the plate on the black pot."
/data/datasets/DROID/train_v8capinf/final/11611_exterior_image_1_left_pair0.png,/data/datasets/DROID/train_v8capinf/kontext/11611_exterior_image_1_left_pair0.png,"Follow the markers in the image: the green box marks the object to grasp, the blue dot marks where to place it. Show the scene after the object has been moved to the marked location. Pick up the pink box in the basket. Place the pink box on the table."
/data/datasets/DROID/train_v8capinf/final/10661_exterior_image_2_left_pair0.png,/data/datasets/DROID/train_v8capinf/kontext/10661_exterior_image_2_left_pair0.png,"Follow the markers in the image: the green box marks the object to grasp, the blue dot marks where to place it. Show the scene after the object has been moved to the marked location. Pick up the white object on the table. Place the white object in the open drawer."
/data/datasets/DROID/train_v8capinf/final/25367_exterior_image_2_left_pair1.png,/data/datasets/DROID/train_v8capinf/kontext/25367_exterior_image_2_left_pair1.png,"Follow the markers in the image: the green box marks the object to grasp, the blue dot marks where to place it. Show the scene after the object has been moved to the marked location. Pick up the yellow object on the table. Place the yellow object on the table."
/data/datasets/DROID/train_v8capinf/final/10814_exterior_image_1_left_pair0.png,/data/datasets/DROID/train_v8capinf/kontext/10814_exterior_image_1_left_pair0.png,"Follow the markers in the image: the green box marks the object to grasp, the blue dot marks where to place it. Show the scene after the object has been moved to the marked location. Grab the red can. Place the red can in the sink."
/data/datasets/DROID/train_v8capinf/final/12020_exterior_image_2_left_pair0.png,/data/datasets/DROID/train_v8capinf/kontext/12020_exterior_image_2_left_pair0.png,"Follow the markers in the image: the green box marks the object to grasp, the blue dot marks where to place it. Show the scene after the object has been moved to the marked location. Pick up the lid on the tray. Place the lid on the pot."
/data/datasets/DROID/train_v8capinf/final/13261_exterior_image_1_left_pair0.png,/data/datasets/DROID/train_v8capinf/kontext/13261_exterior_image_1_left_pair0.png,"Follow the markers in the image: the green box marks the object to grasp, the blue dot marks where to place it. Show the scene after the object has been moved to the marked location. Pick up the marker on the table. Place the marker on the table."
/data/datasets/DROID/train_v8capinf/final/15261_exterior_image_1_left_pair0.png,/data/datasets/DROID/train_v8capinf/kontext/15261_exterior_image_1_left_pair0.png,"Follow the markers in the image: the green box marks the object to grasp, the blue dot marks where to place it. Show the scene after the object has been moved to the marked location. Pick up the orange cube from the table. Place the orange cube on top of the green cube."
/data/datasets/DROID/train_v8capinf/final/11238_exterior_image_2_left_pair0.png,/data/datasets/DROID/train_v8capinf/kontext/11238_exterior_image_2_left_pair0.png,"Follow the markers in the image: the green box marks the object to grasp, the blue dot marks where to place it. Show the scene after the object has been moved to the marked location. Pick up the lid from the pot. Place the lid on the table."
/data/datasets/DROID/train_v8capinf/final/22937_exterior_image_1_left_pair0.png,/data/datasets/DROID/train_v8capinf/kontext/22937_exterior_image_1_left_pair0.png,"Follow the markers in the image: the green box marks the object to grasp, the blue dot marks where to place it. Show the scene after the object has been moved to the marked location. Pick up the pineapple plushie from the box. Place the pineapple plushie next to the white plate."
/data/datasets/DROID/train_v8capinf/final/27639_exterior_image_1_left_pair0.png,/data/datasets/DROID/train_v8capinf/kontext/27639_exterior_image_1_left_pair0.png,"Follow the markers in the image: the green box marks the object to grasp, the blue dot marks where to place it. Show the scene after the object has been moved to the marked location. Pick up the block on the block. Place the block on the table."
/data/datasets/DROID/train_v8capinf/final/27639_exterior_image_1_left_pair1.png,/data/datasets/DROID/train_v8capinf/kontext/27639_exterior_image_1_left_pair1.png,"Follow the markers in the image: the green box marks the object to grasp, the blue dot marks where to place it. Show the scene after the object has been moved to the marked location. Pick up the block on the two blocks. Place the block on the shelf."
/data/datasets/DROID/train_v8capinf/final/11236_exterior_image_1_left_pair1.png,/data/datasets/DROID/train_v8capinf/kontext/11236_exterior_image_1_left_pair1.png,"Follow the markers in the image: the green box marks the object to grasp, the blue dot marks where to place it. Show the scene after the object has been moved to the marked location. Pick up the blue cube on the table. Place the blue cube in the cube-shaped object."
/data/datasets/DROID/train_v8capinf/final/10849_exterior_image_2_left_pair0.png,/data/datasets/DROID/train_v8capinf/kontext/10849_exterior_image_2_left_pair0.png,"Follow the markers in the image: the green box marks the object to grasp, the blue dot marks where to place it. Show the scene after the object has been moved to the marked location. Pick up the marker on the table. Place the marker in the bowl."
/data/datasets/DROID/train_v8capinf/final/11423_exterior_image_1_left_pair0.png,/data/datasets/DROID/train_v8capinf/kontext/11423_exterior_image_1_left_pair0.png,"Follow the markers in the image: the green box marks the object to grasp, the blue dot marks where to place it. Show the scene after the object has been moved to the marked location. Pick up the black cloth on the chair. Place the black cloth in the gray basket."
/data/datasets/DROID/train_v8capinf/final/12361_exterior_image_1_left_pair0.png,/data/datasets/DROID/train_v8capinf/kontext/12361_exterior_image_1_left_pair0.png,"Follow the markers in the image: the green box marks the object to grasp, the blue dot marks where to place it. Show the scene after the object has been moved to the marked location. Pick up the can on the table. Place the can on the metal plate."
/data/datasets/DROID/train_v8capinf/final/65787_exterior_image_1_left_pair1.png,/data/datasets/DROID/train_v8capinf/kontext/65787_exterior_image_1_left_pair1.png,"Follow the markers in the image: the green box marks the object to grasp, the blue dot marks where to place it. Show the scene after the object has been moved to the marked location. Pick up the drink on the square plate. Place the drink on the plate."
/data/datasets/DROID/train_v8capinf/final/11357_exterior_image_2_left_pair0.png,/data/datasets/DROID/train_v8capinf/kontext/11357_exterior_image_2_left_pair0.png,"Follow the markers in the image: the green box marks the object to grasp, the blue dot marks where to place it. Show the scene after the object has been moved to the marked location. Pick up the object on the table. Place the object on the table."
/data/datasets/DROID/train_v8capinf/final/20196_exterior_image_1_left_pair0.png,/data/datasets/DROID/train_v8capinf/kontext/20196_exterior_image_1_left_pair0.png,"Follow the markers in the image: the green box marks the object to grasp, the blue dot marks where to place it. Show the scene after the object has been moved to the marked location. Pick up the first cushion on the sofa. Place the first cushion against the armrest."
/data/datasets/DROID/train_v8capinf/final/20196_exterior_image_1_left_pair1.png,/data/datasets/DROID/train_v8capinf/kontext/20196_exterior_image_1_left_pair1.png,"Follow the markers in the image: the green box marks the object to grasp, the blue dot marks where to place it. Show the scene after the object has been moved to the marked location. Pick up the second cushion on the sofa. Place the second cushion in front of the first cushion, against the armrest."
/data/datasets/DROID/train_v8capinf/final/11020_exterior_image_1_left_pair0.png,/data/datasets/DROID/train_v8capinf/kontext/11020_exterior_image_1_left_pair0.png,"Follow the markers in the image: the green box marks the object to grasp, the blue dot marks where to place it. Show the scene after the object has been moved to the marked location. Pick up the pineapple in the blue box. Place the pineapple on the tray."
/data/datasets/DROID/train_v8capinf/final/25770_exterior_image_2_left_pair1.png,/data/datasets/DROID/train_v8capinf/kontext/25770_exterior_image_2_left_pair1.png,"Follow the markers in the image: the green box marks the object to grasp, the blue dot marks where to place it. Show the scene after the object has been moved to the marked location. Pick up the object from the table. Place the object in the drawer."
/data/datasets/DROID/train_v8capinf/final/1127_exterior_image_1_left_pair0.png,/data/datasets/DROID/train_v8capinf/kontext/1127_exterior_image_1_left_pair0.png,"Follow the markers in the image: the green box marks the object to grasp, the blue dot marks where to place it. Show the scene after the object has been moved to the marked location. Pick up the purple object from the table. Place the purple object in the bowl."
/data/datasets/DROID/train_v8capinf/final/13508_exterior_image_1_left_pair0.png,/data/datasets/DROID/train_v8capinf/kontext/13508_exterior_image_1_left_pair0.png,"Follow the markers in the image: the green box marks the object to grasp, the blue dot marks where to place it. Show the scene after the object has been moved to the marked location. Pick up the seal tape on the blue table. Place the seal tape at the front of the table."
/data/datasets/DROID/train_v8capinf/final/11955_exterior_image_2_left_pair0.png,/data/datasets/DROID/train_v8capinf/kontext/11955_exterior_image_2_left_pair0.png,"Follow the markers in the image: the green box marks the object to grasp, the blue dot marks where to place it. Show the scene after the object has been moved to the marked location. Pick up the transparent lid on the table. Place the transparent lid on the black cup."
/data/datasets/DROID/train_v8capinf/final/14749_exterior_image_2_left_pair0.png,/data/datasets/DROID/train_v8capinf/kontext/14749_exterior_image_2_left_pair0.png,"Follow the markers in the image: the green box marks the object to grasp, the blue dot marks where to place it. Show the scene after the object has been moved to the marked location. Pick up the first towel on the countertop. Place the first towel in the white bag."
/data/datasets/DROID/train_v8capinf/final/14749_exterior_image_2_left_pair1.png,/data/datasets/DROID/train_v8capinf/kontext/14749_exterior_image_2_left_pair1.png,"Follow the markers in the image: the green box marks the object to grasp, the blue dot marks where to place it. Show the scene after the object has been moved to the marked location. Pick up the second towel on the countertop. Place the second towel in the white bag."
/data/datasets/DROID/train_v8capinf/final/67849_exterior_image_2_left_pair0.png,/data/datasets/DROID/train_v8capinf/kontext/67849_exterior_image_2_left_pair0.png,"Follow the markers in the image: the green box marks the object to grasp, the blue dot marks where to place it. Show the scene after the object has been moved to the marked location. Pick up the lid from the table. Place the lid on the pot."
/data/datasets/DROID/train_v8capinf/final/11317_exterior_image_1_left_pair0.png,/data/datasets/DROID/train_v8capinf/kontext/11317_exterior_image_1_left_pair0.png,"Follow the markers in the image: the green box marks the object to grasp, the blue dot marks where to place it. Show the scene after the object has been moved to the marked location. Pick up the can on the table. Place the can on the metal object."
/data/datasets/DROID/train_v8capinf/final/33196_exterior_image_1_left_pair0.png,/data/datasets/DROID/train_v8capinf/kontext/33196_exterior_image_1_left_pair0.png,"Follow the markers in the image: the green box marks the object to grasp, the blue dot marks where to place it. Show the scene after the object has been moved to the marked location. Pick up the book on the table. Place the book at the edge of the table."
/data/datasets/DROID/train_v8capinf/final/2817_exterior_image_2_left_pair1.png,/data/datasets/DROID/train_v8capinf/kontext/2817_exterior_image_2_left_pair1.png,"Follow the markers in the image: the green box marks the object to grasp, the blue dot marks where to place it. Show the scene after the object has been moved to the marked location. Pick up the cushion on the sofa. Place the cushion to the sofa."
/data/datasets/DROID/train_v8capinf/final/10958_exterior_image_1_left_pair0.png,/data/datasets/DROID/train_v8capinf/kontext/10958_exterior_image_1_left_pair0.png,"Follow the markers in the image: the green box marks the object to grasp, the blue dot marks where to place it. Show the scene after the object has been moved to the marked location. Pick up the green doll from the table. Place the green doll in the pot."
/data/datasets/DROID/train_v8capinf/final/12244_exterior_image_1_left_pair0.png,/data/datasets/DROID/train_v8capinf/kontext/12244_exterior_image_1_left_pair0.png,"Follow the markers in the image: the green box marks the object to grasp, the blue dot marks where to place it. Show the scene after the object has been moved to the marked location. Pick up the orange can from the kitchen counter. Place the orange can in the sink."
/data/datasets/DROID/train_v8capinf/final/12657_exterior_image_2_left_pair1.png,/data/datasets/DROID/train_v8capinf/kontext/12657_exterior_image_2_left_pair1.png,"Follow the markers in the image: the green box marks the object to grasp, the blue dot marks where to place it. Show the scene after the object has been moved to the marked location. Pick up the towel on the tray. Place the towel on the table."
/data/datasets/DROID/train_v8capinf/final/13089_exterior_image_2_left_pair0.png,/data/datasets/DROID/train_v8capinf/kontext/13089_exterior_image_2_left_pair0.png,"Follow the markers in the image: the green box marks the object to grasp, the blue dot marks where to place it. Show the scene after the object has been moved to the marked location. Pick up the yellow mug from the table. Place the yellow mug at the new position on the table."
/data/datasets/DROID/train_v8capinf/final/11379_exterior_image_2_left_pair0.png,/data/datasets/DROID/train_v8capinf/kontext/11379_exterior_image_2_left_pair0.png,"Follow the markers in the image: the green box marks the object to grasp, the blue dot marks where to place it. Show the scene after the object has been moved to the marked location. Pick up the bottle on the countertop. Place the bottle in the sink."
/data/datasets/DROID/train_v8capinf/final/19914_exterior_image_2_left_pair0.png,/data/datasets/DROID/train_v8capinf/kontext/19914_exterior_image_2_left_pair0.png,"Follow the markers in the image: the green box marks the object to grasp, the blue dot marks where to place it. Show the scene after the object has been moved to the marked location. Pick up the marker from the table. Place the marker in the transparent cup."
/data/datasets/DROID/train_v8capinf/final/11652_exterior_image_1_left_pair0.png,/data/datasets/DROID/train_v8capinf/kontext/11652_exterior_image_1_left_pair0.png,"Follow the markers in the image: the green box marks the object to grasp, the blue dot marks where to place it. Show the scene after the object has been moved to the marked location. Pick up the green packet from the sink. Place the green packet on the countertop."
/data/datasets/DROID/train_v8capinf/final/12033_exterior_image_2_left_pair0.png,/data/datasets/DROID/train_v8capinf/kontext/12033_exterior_image_2_left_pair0.png,"Follow the markers in the image: the green box marks the object to grasp, the blue dot marks where to place it. Show the scene after the object has been moved to the marked location. Pick up the bottle from the table. Place the bottle in the clear container."
/data/datasets/DROID/train_v8capinf/final/17232_exterior_image_1_left_pair0.png,/data/datasets/DROID/train_v8capinf/kontext/17232_exterior_image_1_left_pair0.png,"Follow the markers in the image: the green box marks the object to grasp, the blue dot marks where to place it. Show the scene after the object has been moved to the marked location. Pick up the egg from the table. Place the egg in the cup."
/data/datasets/DROID/train_v8capinf/final/11794_exterior_image_1_left_pair0.png,/data/datasets/DROID/train_v8capinf/kontext/11794_exterior_image_1_left_pair0.png,"Follow the markers in the image: the green box marks the object to grasp, the blue dot marks where to place it. Show the scene after the object has been moved to the marked location. Pick up the object. Place the object on the table."
/data/datasets/DROID/train_v8capinf/final/18100_exterior_image_1_left_pair0.png,/data/datasets/DROID/train_v8capinf/kontext/18100_exterior_image_1_left_pair0.png,"Follow the markers in the image: the green box marks the object to grasp, the blue dot marks where to place it. Show the scene after the object has been moved to the marked location. Pick up the red block from the table. Place the red block on the green block."
/data/datasets/DROID/train_v8capinf/final/12075_exterior_image_1_left_pair0.png,/data/datasets/DROID/train_v8capinf/kontext/12075_exterior_image_1_left_pair0.png,"Follow the markers in the image: the green box marks the object to grasp, the blue dot marks where to place it. Show the scene after the object has been moved to the marked location. Pick up the marker from the blue box. Place the marker in the cup."
/data/datasets/DROID/train_v8capinf/final/19243_exterior_image_1_left_pair0.png,/data/datasets/DROID/train_v8capinf/kontext/19243_exterior_image_1_left_pair0.png,"Follow the markers in the image: the green box marks the object to grasp, the blue dot marks where to place it. Show the scene after the object has been moved to the marked location. Pick up the mug on the table. Place the mug in the sink."
/data/datasets/DROID/train_v8capinf/final/63141_exterior_image_1_left_pair0.png,/data/datasets/DROID/train_v8capinf/kontext/63141_exterior_image_1_left_pair0.png,"Follow the markers in the image: the green box marks the object to grasp, the blue dot marks where to place it. Show the scene after the object has been moved to the marked location. Pick up the green plush toy from the box. Place the green plush toy on the table."
/data/datasets/DROID/train_v8capinf/final/12660_exterior_image_2_left_pair0.png,/data/datasets/DROID/train_v8capinf/kontext/12660_exterior_image_2_left_pair0.png,"Follow the markers in the image: the green box marks the object to grasp, the blue dot marks where to place it. Show the scene after the object has been moved to the marked location. Pick up the pen in the cup. Place the pen on the desktop."
/data/datasets/DROID/train_v8capinf/final/17163_exterior_image_2_left_pair0.png,/data/datasets/DROID/train_v8capinf/kontext/17163_exterior_image_2_left_pair0.png,"Follow the markers in the image: the green box marks the object to grasp, the blue dot marks where to place it. Show the scene after the object has been moved to the marked location. Pick up the marker from the table. Place the marker in the cup."
/data/datasets/DROID/train_v8capinf/final/86050_exterior_image_1_left_pair0.png,/data/datasets/DROID/train_v8capinf/kontext/86050_exterior_image_1_left_pair0.png,"Follow the markers in the image: the green box marks the object to grasp, the blue dot marks where to place it. Show the scene after the object has been moved to the marked location. Pick up the orange object on the table. Place the orange object in the metal bowl."
/data/datasets/DROID/train_v8capinf/final/11948_exterior_image_1_left_pair0.png,/data/datasets/DROID/train_v8capinf/kontext/11948_exterior_image_1_left_pair0.png,"Follow the markers in the image: the green box marks the object to grasp, the blue dot marks where to place it. Show the scene after the object has been moved to the marked location. Pick up the green object from the tabletop. Place the green object in the sink."
/data/datasets/DROID/train_v8capinf/final/21739_exterior_image_1_left_pair0.png,/data/datasets/DROID/train_v8capinf/kontext/21739_exterior_image_1_left_pair0.png,"Follow the markers in the image: the green box marks the object to grasp, the blue dot marks where to place it. Show the scene after the object has been moved to the marked location. Pick up the marker on the table. Place the marker on the green towel."
/data/datasets/DROID/train_v8capinf/final/10913_exterior_image_1_left_pair0.png,/data/datasets/DROID/train_v8capinf/kontext/10913_exterior_image_1_left_pair0.png,"Follow the markers in the image: the green box marks the object to grasp, the blue dot marks where to place it. Show the scene after the object has been moved to the marked location. Pick up the bowl on the table. Place the bowl on the blue plate."
/data/datasets/DROID/train_v8capinf/final/11052_exterior_image_1_left_pair0.png,/data/datasets/DROID/train_v8capinf/kontext/11052_exterior_image_1_left_pair0.png,"Follow the markers in the image: the green box marks the object to grasp, the blue dot marks where to place it. Show the scene after the object has been moved to the marked location. Pick up the marker from the table. Place the marker in the pot."
/data/datasets/DROID/train_v8capinf/final/10769_exterior_image_1_left_pair0.png,/data/datasets/DROID/train_v8capinf/kontext/10769_exterior_image_1_left_pair0.png,"Follow the markers in the image: the green box marks the object to grasp, the blue dot marks where to place it. Show the scene after the object has been moved to the marked location. Pick up the can from the sink. Place the can on the table on the sink."
/data/datasets/DROID/train_v8capinf/final/14208_exterior_image_2_left_pair0.png,/data/datasets/DROID/train_v8capinf/kontext/14208_exterior_image_2_left_pair0.png,"Follow the markers in the image: the green box marks the object to grasp, the blue dot marks where to place it. Show the scene after the object has been moved to the marked location. Pick up the green marker on the table. Place the green marker inside the yellow bowl."
/data/datasets/DROID/train_v8capinf/final/2472_exterior_image_1_left_pair0.png,/data/datasets/DROID/train_v8capinf/kontext/2472_exterior_image_1_left_pair0.png,"Follow the markers in the image: the green box marks the object to grasp, the blue dot marks where to place it. Show the scene after the object has been moved to the marked location. Pick up the orange block on the table. Place the orange block on top of the green block."
/data/datasets/DROID/train_v8capinf/final/11722_exterior_image_2_left_pair0.png,/data/datasets/DROID/train_v8capinf/kontext/11722_exterior_image_2_left_pair0.png,"Follow the markers in the image: the green box marks the object to grasp, the blue dot marks where to place it. Show the scene after the object has been moved to the marked location. Pick up the plate from the dishwasher. Place the plate on the counter."
/data/datasets/DROID/train_v8capinf/final/21478_exterior_image_2_left_pair1.png,/data/datasets/DROID/train_v8capinf/kontext/21478_exterior_image_2_left_pair1.png,"Follow the markers in the image: the green box marks the object to grasp, the blue dot marks where to place it. Show the scene after the object has been moved to the marked location. Pick up the second pillow from the sofa. Place the second pillow neatly next to the first pillow on the sofa."
/data/datasets/DROID/train_v8capinf/final/10787_exterior_image_1_left_pair0.png,/data/datasets/DROID/train_v8capinf/kontext/10787_exterior_image_1_left_pair0.png,"Follow the markers in the image: the green box marks the object to grasp, the blue dot marks where to place it. Show the scene after the object has been moved to the marked location. Pick up the tissue box on the bed. Place the tissue box on the bed frame."
/data/datasets/DROID/train_v8capinf/final/12983_exterior_image_2_left_pair0.png,/data/datasets/DROID/train_v8capinf/kontext/12983_exterior_image_2_left_pair0.png,"Follow the markers in the image: the green box marks the object to grasp, the blue dot marks where to place it. Show the scene after the object has been moved to the marked location. Take out the paper bag from the box. Place the paper bag on the table."
/data/datasets/DROID/train_v8capinf/final/1070_exterior_image_1_left_pair0.png,/data/datasets/DROID/train_v8capinf/kontext/1070_exterior_image_1_left_pair0.png,"Follow the markers in the image: the green box marks the object to grasp, the blue dot marks where to place it. Show the scene after the object has been moved to the marked location. Pick up the jar on the counter. Place the jar in the bowl."
/data/datasets/DROID/train_v8capinf/final/16361_exterior_image_1_left_pair0.png,/data/datasets/DROID/train_v8capinf/kontext/16361_exterior_image_1_left_pair0.png,"Follow the markers in the image: the green box marks the object to grasp, the blue dot marks where to place it. Show the scene after the object has been moved to the marked location. Pick up the banana from the green cloth table. Place the banana on the green cloth table."
/data/datasets/DROID/train_v8capinf/final/17938_exterior_image_2_left_pair0.png,/data/datasets/DROID/train_v8capinf/kontext/17938_exterior_image_2_left_pair0.png,"Follow the markers in the image: the green box marks the object to grasp, the blue dot marks where to place it. Show the scene after the object has been moved to the marked location. Pick up the green marker on the table. Place the green marker inside the green cup."
/data/datasets/DROID/train_v8capinf/final/10720_exterior_image_1_left_pair0.png,/data/datasets/DROID/train_v8capinf/kontext/10720_exterior_image_1_left_pair0.png,"Follow the markers in the image: the green box marks the object to grasp, the blue dot marks where to place it. Show the scene after the object has been moved to the marked location. Pick up the bottle on the table. Place the bottle on the original position."
/data/datasets/DROID/train_v8capinf/final/14336_exterior_image_2_left_pair0.png,/data/datasets/DROID/train_v8capinf/kontext/14336_exterior_image_2_left_pair0.png,"Follow the markers in the image: the green box marks the object to grasp, the blue dot marks where to place it. Show the scene after the object has been moved to the marked location. Pick up the lid from the rice cooker. Place the lid in the sink."
/data/datasets/DROID/train_v8capinf/final/20018_exterior_image_2_left_pair0.png,/data/datasets/DROID/train_v8capinf/kontext/20018_exterior_image_2_left_pair0.png,"Follow the markers in the image: the green box marks the object to grasp, the blue dot marks where to place it. Show the scene after the object has been moved to the marked location. Pick up the hanger from the rail. Place the hanger on the table."
/data/datasets/DROID/train_v8capinf/final/10806_exterior_image_1_left_pair0.png,/data/datasets/DROID/train_v8capinf/kontext/10806_exterior_image_1_left_pair0.png,"Follow the markers in the image: the green box marks the object to grasp, the blue dot marks where to place it. Show the scene after the object has been moved to the marked location. Pick up the pink ball from the plate on the table. Place the pink ball in the white bowl."
/data/datasets/DROID/train_v8capinf/final/29195_exterior_image_1_left_pair0.png,/data/datasets/DROID/train_v8capinf/kontext/29195_exterior_image_1_left_pair0.png,"Follow the markers in the image: the green box marks the object to grasp, the blue dot marks where to place it. Show the scene after the object has been moved to the marked location. Pick up the towel on the table. Place the towel on the table."
/data/datasets/DROID/train_v8capinf/final/16762_exterior_image_1_left_pair0.png,/data/datasets/DROID/train_v8capinf/kontext/16762_exterior_image_1_left_pair0.png,"Follow the markers in the image: the green box marks the object to grasp, the blue dot marks where to place it. Show the scene after the object has been moved to the marked location. Pick up the cable on the table. Place the cable in the center of the table."
/data/datasets/DROID/train_v8capinf/final/1143_exterior_image_1_left_pair0.png,/data/datasets/DROID/train_v8capinf/kontext/1143_exterior_image_1_left_pair0.png,"Follow the markers in the image: the green box marks the object to grasp, the blue dot marks where to place it. Show the scene after the object has been moved to the marked location. Pick up the coffee pod from the box. Place the coffee pod on the countertop."
/data/datasets/DROID/train_v8capinf/final/15377_exterior_image_2_left_pair0.png,/data/datasets/DROID/train_v8capinf/kontext/15377_exterior_image_2_left_pair0.png,"Follow the markers in the image: the green box marks the object to grasp, the blue dot marks where to place it. Show the scene after the object has been moved to the marked location. Pick up the jersey on the table. Place the jersey on the back of the chair."
/data/datasets/DROID/train_v8capinf/final/12650_exterior_image_1_left_pair0.png,/data/datasets/DROID/train_v8capinf/kontext/12650_exterior_image_1_left_pair0.png,"Follow the markers in the image: the green box marks the object to grasp, the blue dot marks where to place it. Show the scene after the object has been moved to the marked location. Pick up the mug from the table. Place the mug at the center of the table."
/data/datasets/DROID/train_v8capinf/final/12495_exterior_image_1_left_pair0.png,/data/datasets/DROID/train_v8capinf/kontext/12495_exterior_image_1_left_pair0.png,"Follow the markers in the image: the green box marks the object to grasp, the blue dot marks where to place it. Show the scene after the object has been moved to the marked location. Pick up the red can from the sink. Place the red can on the countertop."
/data/datasets/DROID/train_v8capinf/final/15293_exterior_image_2_left_pair0.png,/data/datasets/DROID/train_v8capinf/kontext/15293_exterior_image_2_left_pair0.png,"Follow the markers in the image: the green box marks the object to grasp, the blue dot marks where to place it. Show the scene after the object has been moved to the marked location. Pick up the faucet on the sink. Place the faucet on the sink."
/data/datasets/DROID/train_v8capinf/final/13360_exterior_image_1_left_pair0.png,/data/datasets/DROID/train_v8capinf/kontext/13360_exterior_image_1_left_pair0.png,"Follow the markers in the image: the green box marks the object to grasp, the blue dot marks where to place it. Show the scene after the object has been moved to the marked location. Pick up the lid from the table. Place the lid on the black pot."
/data/datasets/DROID/train_v8capinf/final/10831_exterior_image_1_left_pair0.png,/data/datasets/DROID/train_v8capinf/kontext/10831_exterior_image_1_left_pair0.png,"Follow the markers in the image: the green box marks the object to grasp, the blue dot marks where to place it. Show the scene after the object has been moved to the marked location. Pick up the sharpie from the surface of the table. Place the sharpie on the table."
/data/datasets/DROID/train_v8capinf/final/15075_exterior_image_2_left_pair0.png,/data/datasets/DROID/train_v8capinf/kontext/15075_exterior_image_2_left_pair0.png,"Follow the markers in the image: the green box marks the object to grasp, the blue dot marks where to place it. Show the scene after the object has been moved to the marked location. Pick up the white object on the table. Place the white object in the open drawer."
/data/datasets/DROID/train_v8capinf/final/11687_exterior_image_1_left_pair0.png,/data/datasets/DROID/train_v8capinf/kontext/11687_exterior_image_1_left_pair0.png,"Follow the markers in the image: the green box marks the object to grasp, the blue dot marks where to place it. Show the scene after the object has been moved to the marked location. Pick up the fork from the table. Place the fork on the table."
/data/datasets/DROID/train_v8capinf/final/15934_exterior_image_1_left_pair0.png,/data/datasets/DROID/train_v8capinf/kontext/15934_exterior_image_1_left_pair0.png,"Follow the markers in the image: the green box marks the object to grasp, the blue dot marks where to place it. Show the scene after the object has been moved to the marked location. Pick up the brown block on the table. Place the brown block on the green block."
/data/datasets/DROID/train_v8capinf/final/12198_exterior_image_1_left_pair0.png,/data/datasets/DROID/train_v8capinf/kontext/12198_exterior_image_1_left_pair0.png,"Follow the markers in the image: the green box marks the object to grasp, the blue dot marks where to place it. Show the scene after the object has been moved to the marked location. Pick up the white basin from the table. Place the white basin on the table."
/data/datasets/DROID/train_v8capinf/final/10796_exterior_image_1_left_pair0.png,/data/datasets/DROID/train_v8capinf/kontext/10796_exterior_image_1_left_pair0.png,"Follow the markers in the image: the green box marks the object to grasp, the blue dot marks where to place it. Show the scene after the object has been moved to the marked location. Pick up the marker from the container on the table. Place the marker on the table."
/data/datasets/DROID/train_v8capinf/final/10709_exterior_image_1_left_pair0.png,/data/datasets/DROID/train_v8capinf/kontext/10709_exterior_image_1_left_pair0.png,"Follow the markers in the image: the green box marks the object to grasp, the blue dot marks where to place it. Show the scene after the object has been moved to the marked location. Move the blue sauce bottle to the cup. Place the blue sauce bottle on the table."
/data/datasets/DROID/train_v8capinf/final/10753_exterior_image_2_left_pair0.png,/data/datasets/DROID/train_v8capinf/kontext/10753_exterior_image_2_left_pair0.png,"Follow the markers in the image: the green box marks the object to grasp, the blue dot marks where to place it. Show the scene after the object has been moved to the marked location. Pick up the marker on the table. Place the marker in the mug."
/data/datasets/DROID/train_v8capinf/final/11420_exterior_image_1_left_pair0.png,/data/datasets/DROID/train_v8capinf/kontext/11420_exterior_image_1_left_pair0.png,"Follow the markers in the image: the green box marks the object to grasp, the blue dot marks where to place it. Show the scene after the object has been moved to the marked location. Pick up the cup on the table. Place the cup on the table."
/data/datasets/DROID/train_v8capinf/final/18112_exterior_image_2_left_pair0.png,/data/datasets/DROID/train_v8capinf/kontext/18112_exterior_image_2_left_pair0.png,"Follow the markers in the image: the green box marks the object to grasp, the blue dot marks where to place it. Show the scene after the object has been moved to the marked location. Pick up the marker on the blue table. Place the marker inside the cup."
/data/datasets/DROID/train_v8capinf/final/11908_exterior_image_1_left_pair0.png,/data/datasets/DROID/train_v8capinf/kontext/11908_exterior_image_1_left_pair0.png,"Follow the markers in the image: the green box marks the object to grasp, the blue dot marks where to place it. Show the scene after the object has been moved to the marked location. Pick up the marker from the cup. Place the marker on the table."
/data/datasets/DROID/train_v8capinf/final/14263_exterior_image_2_left_pair0.png,/data/datasets/DROID/train_v8capinf/kontext/14263_exterior_image_2_left_pair0.png,"Follow the markers in the image: the green box marks the object to grasp, the blue dot marks where to place it. Show the scene after the object has been moved to the marked location. Pick up the orange block from the table. Place the orange block on the green block."
/data/datasets/DROID/train_v8capinf/final/10893_exterior_image_2_left_pair0.png,/data/datasets/DROID/train_v8capinf/kontext/10893_exterior_image_2_left_pair0.png,"Follow the markers in the image: the green box marks the object to grasp, the blue dot marks where to place it. Show the scene after the object has been moved to the marked location. Pick up the small book from the shelf. Place the small book."
/data/datasets/DROID/train_v8capinf/final/34812_exterior_image_2_left_pair0.png,/data/datasets/DROID/train_v8capinf/kontext/34812_exterior_image_2_left_pair0.png,"Follow the markers in the image: the green box marks the object to grasp, the blue dot marks where to place it. Show the scene after the object has been moved to the marked location. Pick up the block from on top of the table. Place the green block on the blue block."
/data/datasets/DROID/train_v8capinf/final/11454_exterior_image_2_left_pair0.png,/data/datasets/DROID/train_v8capinf/kontext/11454_exterior_image_2_left_pair0.png,"Follow the markers in the image: the green box marks the object to grasp, the blue dot marks where to place it. Show the scene after the object has been moved to the marked location. Pick up the screwdriver on the table. Place the screwdriver in the open drawer."
/data/datasets/DROID/train_v8capinf/final/19633_exterior_image_1_left_pair0.png,/data/datasets/DROID/train_v8capinf/kontext/19633_exterior_image_1_left_pair0.png,"Follow the markers in the image: the green box marks the object to grasp, the blue dot marks where to place it. Show the scene after the object has been moved to the marked location. Pick up the spoon on the plate. Place the spoon in the bowl."
/data/datasets/DROID/train_v8capinf/final/17704_exterior_image_2_left_pair0.png,/data/datasets/DROID/train_v8capinf/kontext/17704_exterior_image_2_left_pair0.png,"Follow the markers in the image: the green box marks the object to grasp, the blue dot marks where to place it. Show the scene after the object has been moved to the marked location. Pick up the marker. Place the marker in the bowl."
/data/datasets/DROID/train_v8capinf/final/18747_exterior_image_2_left_pair0.png,/data/datasets/DROID/train_v8capinf/kontext/18747_exterior_image_2_left_pair0.png,"Follow the markers in the image: the green box marks the object to grasp, the blue dot marks where to place it. Show the scene after the object has been moved to the marked location. Pick up the marker on the counter. Place the marker in the bowl."
/data/datasets/DROID/train_v8capinf/final/25166_exterior_image_1_left_pair0.png,/data/datasets/DROID/train_v8capinf/kontext/25166_exterior_image_1_left_pair0.png,"Follow the markers in the image: the green box marks the object to grasp, the blue dot marks where to place it. Show the scene after the object has been moved to the marked location. Pick up the pillow from the table. Place the pillow on the armrest of the sofa."
/data/datasets/DROID/train_v8capinf/final/25166_exterior_image_1_left_pair1.png,/data/datasets/DROID/train_v8capinf/kontext/25166_exterior_image_1_left_pair1.png,"Follow the markers in the image: the green box marks the object to grasp, the blue dot marks where to place it. Show the scene after the object has been moved to the marked location. Pick up the pillow from the sofa. Place the pillow next to another pillow."
/data/datasets/DROID/train_v8capinf/final/2206_exterior_image_2_left_pair0.png,/data/datasets/DROID/train_v8capinf/kontext/2206_exterior_image_2_left_pair0.png,"Follow the markers in the image: the green box marks the object to grasp, the blue dot marks where to place it. Show the scene after the object has been moved to the marked location. Pick up the bottle from the table. Place the bottle on the tray."
/data/datasets/DROID/train_v8capinf/final/11160_exterior_image_2_left_pair0.png,/data/datasets/DROID/train_v8capinf/kontext/11160_exterior_image_2_left_pair0.png,"Follow the markers in the image: the green box marks the object to grasp, the blue dot marks where to place it. Show the scene after the object has been moved to the marked location. Pick up the cup in the sink. Place the cup on the countertop."
/data/datasets/DROID/train_v8capinf/final/15669_exterior_image_1_left_pair0.png,/data/datasets/DROID/train_v8capinf/kontext/15669_exterior_image_1_left_pair0.png,"Follow the markers in the image: the green box marks the object to grasp, the blue dot marks where to place it. Show the scene after the object has been moved to the marked location. Pick up the tape from the shelf. Place the tape on the table."
/data/datasets/DROID/train_v8capinf/final/16737_exterior_image_2_left_pair0.png,/data/datasets/DROID/train_v8capinf/kontext/16737_exterior_image_2_left_pair0.png,"Follow the markers in the image: the green box marks the object to grasp, the blue dot marks where to place it. Show the scene after the object has been moved to the marked location. Pick up the purple toy in the basket. Place the toy on the grey plate."
/data/datasets/DROID/train_v8capinf/final/1184_exterior_image_2_left_pair0.png,/data/datasets/DROID/train_v8capinf/kontext/1184_exterior_image_2_left_pair0.png,"Follow the markers in the image: the green box marks the object to grasp, the blue dot marks where to place it. Show the scene after the object has been moved to the marked location. Grab the shoelace from the table. Place the shoelace onto the clothes."
/data/datasets/DROID/train_v8capinf/final/1184_exterior_image_2_left_pair1.png,/data/datasets/DROID/train_v8capinf/kontext/1184_exterior_image_2_left_pair1.png,"Follow the markers in the image: the green box marks the object to grasp, the blue dot marks where to place it. Show the scene after the object has been moved to the marked location. Grab the plush toy from the table. Place the plush toy onto the clothes."
/data/datasets/DROID/train_v8capinf/final/10937_exterior_image_2_left_pair0.png,/data/datasets/DROID/train_v8capinf/kontext/10937_exterior_image_2_left_pair0.png,"Follow the markers in the image: the green box marks the object to grasp, the blue dot marks where to place it. Show the scene after the object has been moved to the marked location. Pick up the cup from the plate. Place the cup lying down on the plate."
/data/datasets/DROID/train_v8capinf/final/18969_exterior_image_2_left_pair0.png,/data/datasets/DROID/train_v8capinf/kontext/18969_exterior_image_2_left_pair0.png,"Follow the markers in the image: the green box marks the object to grasp, the blue dot marks where to place it. Show the scene after the object has been moved to the marked location. Pick up the plush toy from the silver pot. Place the plush toy on the countertop."
/data/datasets/DROID/train_v8capinf/final/15556_exterior_image_1_left_pair0.png,/data/datasets/DROID/train_v8capinf/kontext/15556_exterior_image_1_left_pair0.png,"Follow the markers in the image: the green box marks the object to grasp, the blue dot marks where to place it. Show the scene after the object has been moved to the marked location. Pick up the object on the transparent box. Place the object on the transparent box."
/data/datasets/DROID/train_v8capinf/final/12290_exterior_image_2_left_pair0.png,/data/datasets/DROID/train_v8capinf/kontext/12290_exterior_image_2_left_pair0.png,"Follow the markers in the image: the green box marks the object to grasp, the blue dot marks where to place it. Show the scene after the object has been moved to the marked location. Pick up the brown doll on the table. Place the brown doll in the white bowl."
/data/datasets/DROID/train_v8capinf/final/24826_exterior_image_2_left_pair0.png,/data/datasets/DROID/train_v8capinf/kontext/24826_exterior_image_2_left_pair0.png,"Follow the markers in the image: the green box marks the object to grasp, the blue dot marks where to place it. Show the scene after the object has been moved to the marked location. Pick up the plastic bottle on the table. Place the plastic bottle inside the container."
/data/datasets/DROID/train_v8capinf/final/11835_exterior_image_2_left_pair0.png,/data/datasets/DROID/train_v8capinf/kontext/11835_exterior_image_2_left_pair0.png,"Follow the markers in the image: the green box marks the object to grasp, the blue dot marks where to place it. Show the scene after the object has been moved to the marked location. Pick up the remote control on the bed. Place the remote control on the bed."
/data/datasets/DROID/train_v8capinf/final/13815_exterior_image_1_left_pair0.png,/data/datasets/DROID/train_v8capinf/kontext/13815_exterior_image_1_left_pair0.png,"Follow the markers in the image: the green box marks the object to grasp, the blue dot marks where to place it. Show the scene after the object has been moved to the marked location. Pick up the wire scourer from the countertop. Place the wire scourer in the pot."
/data/datasets/DROID/train_v8capinf/final/11422_exterior_image_1_left_pair0.png,/data/datasets/DROID/train_v8capinf/kontext/11422_exterior_image_1_left_pair0.png,"Follow the markers in the image: the green box marks the object to grasp, the blue dot marks where to place it. Show the scene after the object has been moved to the marked location. Pick up the black bowl on the table. Place the black bowl on top of the bowl."
/data/datasets/DROID/train_v8capinf/final/16605_exterior_image_1_left_pair0.png,/data/datasets/DROID/train_v8capinf/kontext/16605_exterior_image_1_left_pair0.png,"Follow the markers in the image: the green box marks the object to grasp, the blue dot marks where to place it. Show the scene after the object has been moved to the marked location. Pick up the plush toy from the surface. Place the plush toy on the shelf."
/data/datasets/DROID/train_v8capinf/final/15775_exterior_image_1_left_pair0.png,/data/datasets/DROID/train_v8capinf/kontext/15775_exterior_image_1_left_pair0.png,"Follow the markers in the image: the green box marks the object to grasp, the blue dot marks where to place it. Show the scene after the object has been moved to the marked location. Pick up the silver tape from the shelf. Place the silver tape on the table."
/data/datasets/DROID/train_v8capinf/final/10722_exterior_image_1_left_pair0.png,/data/datasets/DROID/train_v8capinf/kontext/10722_exterior_image_1_left_pair0.png,"Follow the markers in the image: the green box marks the object to grasp, the blue dot marks where to place it. Show the scene after the object has been moved to the marked location. Pick up the white paper from the orange fabric softener box. Place the white paper on the table."
/data/datasets/DROID/train_v8capinf/final/20787_exterior_image_1_left_pair0.png,/data/datasets/DROID/train_v8capinf/kontext/20787_exterior_image_1_left_pair0.png,"Follow the markers in the image: the green box marks the object to grasp, the blue dot marks where to place it. Show the scene after the object has been moved to the marked location. Pick up the orange towel from the back of the chair. Place the orange towel on the chair."
/data/datasets/DROID/train_v8capinf/final/14351_exterior_image_2_left_pair0.png,/data/datasets/DROID/train_v8capinf/kontext/14351_exterior_image_2_left_pair0.png,"Follow the markers in the image: the green box marks the object to grasp, the blue dot marks where to place it. Show the scene after the object has been moved to the marked location. Pick up the metal can from the countertop. Place the metal can into the cupboard."
/data/datasets/DROID/train_v8capinf/final/14189_exterior_image_2_left_pair0.png,/data/datasets/DROID/train_v8capinf/kontext/14189_exterior_image_2_left_pair0.png,"Follow the markers in the image: the green box marks the object to grasp, the blue dot marks where to place it. Show the scene after the object has been moved to the marked location. Pick up the can from the countertop. Place the can in the drawer."
/data/datasets/DROID/train_v8capinf/final/11164_exterior_image_1_left_pair0.png,/data/datasets/DROID/train_v8capinf/kontext/11164_exterior_image_1_left_pair0.png,"Follow the markers in the image: the green box marks the object to grasp, the blue dot marks where to place it. Show the scene after the object has been moved to the marked location. Pick up the object from the sink. Place the object on the tabletop."
/data/datasets/DROID/train_v8capinf/final/16142_exterior_image_2_left_pair0.png,/data/datasets/DROID/train_v8capinf/kontext/16142_exterior_image_2_left_pair0.png,"Follow the markers in the image: the green box marks the object to grasp, the blue dot marks where to place it. Show the scene after the object has been moved to the marked location. Pick up the rope on the black platform. Place the rope on the tabletop."
/data/datasets/DROID/train_v8capinf/final/21175_exterior_image_2_left_pair1.png,/data/datasets/DROID/train_v8capinf/kontext/21175_exterior_image_2_left_pair1.png,"Follow the markers in the image: the green box marks the object to grasp, the blue dot marks where to place it. Show the scene after the object has been moved to the marked location. Pick up the snack on the countertop. Place the orange packet and the purple packet on the tray."
/data/datasets/DROID/train_v8capinf/final/12515_exterior_image_1_left_pair0.png,/data/datasets/DROID/train_v8capinf/kontext/12515_exterior_image_1_left_pair0.png,"Follow the markers in the image: the green box marks the object to grasp, the blue dot marks where to place it. Show the scene after the object has been moved to the marked location. Pick up the jar on the table. Place the jar on the scale."
/data/datasets/DROID/train_v8capinf/final/20518_exterior_image_2_left_pair1.png,/data/datasets/DROID/train_v8capinf/kontext/20518_exterior_image_2_left_pair1.png,"Follow the markers in the image: the green box marks the object to grasp, the blue dot marks where to place it. Show the scene after the object has been moved to the marked location. Pick up the towel in the tray. Place the towel on the countertop."
/data/datasets/DROID/train_v8capinf/final/1520_exterior_image_2_left_pair0.png,/data/datasets/DROID/train_v8capinf/kontext/1520_exterior_image_2_left_pair0.png,"Follow the markers in the image: the green box marks the object to grasp, the blue dot marks where to place it. Show the scene after the object has been moved to the marked location. Pick up the marker from the table. Place the marker in the cup."
/data/datasets/DROID/train_v8capinf/final/12401_exterior_image_2_left_pair0.png,/data/datasets/DROID/train_v8capinf/kontext/12401_exterior_image_2_left_pair0.png,"Follow the markers in the image: the green box marks the object to grasp, the blue dot marks where to place it. Show the scene after the object has been moved to the marked location. Pick up the pineapple plush toy from the basket. Place the pineapple plush toy on the black tray."
/data/datasets/DROID/train_v8capinf/final/10841_exterior_image_2_left_pair0.png,/data/datasets/DROID/train_v8capinf/kontext/10841_exterior_image_2_left_pair0.png,"Follow the markers in the image: the green box marks the object to grasp, the blue dot marks where to place it. Show the scene after the object has been moved to the marked location. Pick up the cloth on the table. Place the cloth on the black rod."
/data/datasets/DROID/train_v8capinf/final/118_exterior_image_2_left_pair0.png,/data/datasets/DROID/train_v8capinf/kontext/118_exterior_image_2_left_pair0.png,"Follow the markers in the image: the green box marks the object to grasp, the blue dot marks where to place it. Show the scene after the object has been moved to the marked location. Pick up the bottle from the table. Place the bottle in front of the original position."
/data/datasets/DROID/train_v8capinf/final/19405_exterior_image_1_left_pair1.png,/data/datasets/DROID/train_v8capinf/kontext/19405_exterior_image_1_left_pair1.png,"Follow the markers in the image: the green box marks the object to grasp, the blue dot marks where to place it. Show the scene after the object has been moved to the marked location. Pick up the second black object. Place the second black object on the tabletop."
/data/datasets/DROID/train_v8capinf/final/13375_exterior_image_1_left_pair0.png,/data/datasets/DROID/train_v8capinf/kontext/13375_exterior_image_1_left_pair0.png,"Follow the markers in the image: the green box marks the object to grasp, the blue dot marks where to place it. Show the scene after the object has been moved to the marked location. Pick up the silver lid on the shelf. Place the silver lid at the edge of the shelf."
/data/datasets/DROID/train_v8capinf/final/12344_exterior_image_2_left_pair0.png,/data/datasets/DROID/train_v8capinf/kontext/12344_exterior_image_2_left_pair0.png,"Follow the markers in the image: the green box marks the object to grasp, the blue dot marks where to place it. Show the scene after the object has been moved to the marked location. Pick up the marker on the table. Place the marker inside the clear cup."
/data/datasets/DROID/train_v8capinf/final/10668_exterior_image_2_left_pair0.png,/data/datasets/DROID/train_v8capinf/kontext/10668_exterior_image_2_left_pair0.png,"Follow the markers in the image: the green box marks the object to grasp, the blue dot marks where to place it. Show the scene after the object has been moved to the marked location. Pick up the orange object from the drying rack. Place the orange cup inside the sink."
/data/datasets/DROID/train_v8capinf/final/12184_exterior_image_1_left_pair0.png,/data/datasets/DROID/train_v8capinf/kontext/12184_exterior_image_1_left_pair0.png,"Follow the markers in the image: the green box marks the object to grasp, the blue dot marks where to place it. Show the scene after the object has been moved to the marked location. Pick up the pear plush toy from the tray. Place the pear plush toy in the box."
/data/datasets/DROID/train_v8capinf/final/15824_exterior_image_1_left_pair0.png,/data/datasets/DROID/train_v8capinf/kontext/15824_exterior_image_1_left_pair0.png,"Follow the markers in the image: the green box marks the object to grasp, the blue dot marks where to place it. Show the scene after the object has been moved to the marked location. Pick up the bag on the table. Place the bag in the basket."
/data/datasets/DROID/train_v8capinf/final/13221_exterior_image_2_left_pair0.png,/data/datasets/DROID/train_v8capinf/kontext/13221_exterior_image_2_left_pair0.png,"Follow the markers in the image: the green box marks the object to grasp, the blue dot marks where to place it. Show the scene after the object has been moved to the marked location. Pick up the marker from the table. Place the marker in the cup."
/data/datasets/DROID/train_v8capinf/final/1551_exterior_image_1_left_pair0.png,/data/datasets/DROID/train_v8capinf/kontext/1551_exterior_image_1_left_pair0.png,"Follow the markers in the image: the green box marks the object to grasp, the blue dot marks where to place it. Show the scene after the object has been moved to the marked location. Pick up the cup from the sink. Place the cup on the backside of the table."
/data/datasets/DROID/train_v8capinf/final/53353_exterior_image_1_left_pair0.png,/data/datasets/DROID/train_v8capinf/kontext/53353_exterior_image_1_left_pair0.png,"Follow the markers in the image: the green box marks the object to grasp, the blue dot marks where to place it. Show the scene after the object has been moved to the marked location. Pick up the screwdriver from the white cup. Place the screwdriver on the table."
/data/datasets/DROID/train_v8capinf/final/11862_exterior_image_2_left_pair0.png,/data/datasets/DROID/train_v8capinf/kontext/11862_exterior_image_2_left_pair0.png,"Follow the markers in the image: the green box marks the object to grasp, the blue dot marks where to place it. Show the scene after the object has been moved to the marked location. Pick up the metal can from the kitchen countertop. Place the metal can in the sink."
/data/datasets/DROID/train_v8capinf/final/14756_exterior_image_2_left_pair0.png,/data/datasets/DROID/train_v8capinf/kontext/14756_exterior_image_2_left_pair0.png,"Follow the markers in the image: the green box marks the object to grasp, the blue dot marks where to place it. Show the scene after the object has been moved to the marked location. Pick up the green block on the table. Place the green block on the table."
/data/datasets/DROID/train_v8capinf/final/10671_exterior_image_1_left_pair0.png,/data/datasets/DROID/train_v8capinf/kontext/10671_exterior_image_1_left_pair0.png,"Follow the markers in the image: the green box marks the object to grasp, the blue dot marks where to place it. Show the scene after the object has been moved to the marked location. Pick up the bowl on the table. Place the bowl in the cupboard."
/data/datasets/DROID/train_v8capinf/final/10935_exterior_image_2_left_pair0.png,/data/datasets/DROID/train_v8capinf/kontext/10935_exterior_image_2_left_pair0.png,"Follow the markers in the image: the green box marks the object to grasp, the blue dot marks where to place it. Show the scene after the object has been moved to the marked location. Pick up the marker from the table. Place the marker in the pot."
/data/datasets/DROID/train_v8capinf/final/10824_exterior_image_1_left_pair0.png,/data/datasets/DROID/train_v8capinf/kontext/10824_exterior_image_1_left_pair0.png,"Follow the markers in the image: the green box marks the object to grasp, the blue dot marks where to place it. Show the scene after the object has been moved to the marked location. Pick up the towel on the table. Place the towel inside the middle shelf."
/data/datasets/DROID/train_v8capinf/final/14396_exterior_image_1_left_pair0.png,/data/datasets/DROID/train_v8capinf/kontext/14396_exterior_image_1_left_pair0.png,"Follow the markers in the image: the green box marks the object to grasp, the blue dot marks where to place it. Show the scene after the object has been moved to the marked location. Pick up the can from the counter. Place the can in the cabinet."
/data/datasets/DROID/train_v8capinf/final/48757_exterior_image_1_left_pair0.png,/data/datasets/DROID/train_v8capinf/kontext/48757_exterior_image_1_left_pair0.png,"Follow the markers in the image: the green box marks the object to grasp, the blue dot marks where to place it. Show the scene after the object has been moved to the marked location. Pick up the marker from the cup. Place the marker on the tabletop."
/data/datasets/DROID/train_v8capinf/final/13797_exterior_image_1_left_pair0.png,/data/datasets/DROID/train_v8capinf/kontext/13797_exterior_image_1_left_pair0.png,"Follow the markers in the image: the green box marks the object to grasp, the blue dot marks where to place it. Show the scene after the object has been moved to the marked location. Pick up the object from the bowl. Place the object on the table."
/data/datasets/DROID/train_v8capinf/final/18677_exterior_image_2_left_pair0.png,/data/datasets/DROID/train_v8capinf/kontext/18677_exterior_image_2_left_pair0.png,"Follow the markers in the image: the green box marks the object to grasp, the blue dot marks where to place it. Show the scene after the object has been moved to the marked location. Pick up the cup on top of the microwave. Place the cup on the counter."
/data/datasets/DROID/train_v8capinf/final/11802_exterior_image_1_left_pair0.png,/data/datasets/DROID/train_v8capinf/kontext/11802_exterior_image_1_left_pair0.png,"Follow the markers in the image: the green box marks the object to grasp, the blue dot marks where to place it. Show the scene after the object has been moved to the marked location. Pick up the container on the table. Place the container in the cabinet."
/data/datasets/DROID/train_v8capinf/final/73787_exterior_image_1_left_pair0.png,/data/datasets/DROID/train_v8capinf/kontext/73787_exterior_image_1_left_pair0.png,"Follow the markers in the image: the green box marks the object to grasp, the blue dot marks where to place it. Show the scene after the object has been moved to the marked location. Pick up the green block on the table. Place the green block on another green block."
/data/datasets/DROID/train_v8capinf/final/14252_exterior_image_2_left_pair0.png,/data/datasets/DROID/train_v8capinf/kontext/14252_exterior_image_2_left_pair0.png,"Follow the markers in the image: the green box marks the object to grasp, the blue dot marks where to place it. Show the scene after the object has been moved to the marked location. Pick up the first light blue sphere on the table. Place the light blue sphere in the red cup."
/data/datasets/DROID/train_v8capinf/final/14561_exterior_image_2_left_pair0.png,/data/datasets/DROID/train_v8capinf/kontext/14561_exterior_image_2_left_pair0.png,"Follow the markers in the image: the green box marks the object to grasp, the blue dot marks where to place it. Show the scene after the object has been moved to the marked location. Pick up the red object on the counter. Place the red object inside the sink."
/data/datasets/DROID/train_v8capinf/final/10836_exterior_image_2_left_pair0.png,/data/datasets/DROID/train_v8capinf/kontext/10836_exterior_image_2_left_pair0.png,"Follow the markers in the image: the green box marks the object to grasp, the blue dot marks where to place it. Show the scene after the object has been moved to the marked location. Pick up the pear plush toy from the black box. Place the pear plush toy on the black tray."
/data/datasets/DROID/train_v8capinf/final/32287_exterior_image_1_left_pair0.png,/data/datasets/DROID/train_v8capinf/kontext/32287_exterior_image_1_left_pair0.png,"Follow the markers in the image: the green box marks the object to grasp, the blue dot marks where to place it. Show the scene after the object has been moved to the marked location. Pick up the packaging bag on the table. Place the packaging bag in the bowl."
/data/datasets/DROID/train_v8capinf/final/32287_exterior_image_1_left_pair1.png,/data/datasets/DROID/train_v8capinf/kontext/32287_exterior_image_1_left_pair1.png,"Follow the markers in the image: the green box marks the object to grasp, the blue dot marks where to place it. Show the scene after the object has been moved to the marked location. Pick up the packaging bag on the table. Place the packaging bag in the purple plate."
/data/datasets/DROID/train_v8capinf/final/12464_exterior_image_2_left_pair1.png,/data/datasets/DROID/train_v8capinf/kontext/12464_exterior_image_2_left_pair1.png,"Follow the markers in the image: the green box marks the object to grasp, the blue dot marks where to place it. Show the scene after the object has been moved to the marked location. Pick up the second pillow on the sofa. Place the second pillow on the sofa."
/data/datasets/DROID/train_v8capinf/final/10931_exterior_image_1_left_pair0.png,/data/datasets/DROID/train_v8capinf/kontext/10931_exterior_image_1_left_pair0.png,"Follow the markers in the image: the green box marks the object to grasp, the blue dot marks where to place it. Show the scene after the object has been moved to the marked location. Pick up the wooden block on the table. Place the wooden block on the top of the wooden block."
/data/datasets/DROID/train_v8capinf/final/10853_exterior_image_2_left_pair0.png,/data/datasets/DROID/train_v8capinf/kontext/10853_exterior_image_2_left_pair0.png,"Follow the markers in the image: the green box marks the object to grasp, the blue dot marks where to place it. Show the scene after the object has been moved to the marked location. Pick up the cup from the table. Place the cup at the center of the table."
/data/datasets/DROID/train_v8capinf/final/11221_exterior_image_2_left_pair0.png,/data/datasets/DROID/train_v8capinf/kontext/11221_exterior_image_2_left_pair0.png,"Follow the markers in the image: the green box marks the object to grasp, the blue dot marks where to place it. Show the scene after the object has been moved to the marked location. Pick up the black remote on the sofa. Place the remote on the white pillow."
/data/datasets/DROID/train_v8capinf/final/24992_exterior_image_2_left_pair0.png,/data/datasets/DROID/train_v8capinf/kontext/24992_exterior_image_2_left_pair0.png,"Follow the markers in the image: the green box marks the object to grasp, the blue dot marks where to place it. Show the scene after the object has been moved to the marked location. Pick up the first cushion on the sofa. Place the cushion on the sofa."
/data/datasets/DROID/train_v8capinf/final/32229_exterior_image_1_left_pair0.png,/data/datasets/DROID/train_v8capinf/kontext/32229_exterior_image_1_left_pair0.png,"Follow the markers in the image: the green box marks the object to grasp, the blue dot marks where to place it. Show the scene after the object has been moved to the marked location. Pick up the pillow on the couch. Place the pillow on the couch."
/data/datasets/DROID/train_v8capinf/final/18340_exterior_image_1_left_pair0.png,/data/datasets/DROID/train_v8capinf/kontext/18340_exterior_image_1_left_pair0.png,"Follow the markers in the image: the green box marks the object to grasp, the blue dot marks where to place it. Show the scene after the object has been moved to the marked location. Pick up the purple plush toy from the sink. Place the purple plush toy in the pot."
/data/datasets/DROID/train_v8capinf/final/1083_exterior_image_2_left_pair0.png,/data/datasets/DROID/train_v8capinf/kontext/1083_exterior_image_2_left_pair0.png,"Follow the markers in the image: the green box marks the object to grasp, the blue dot marks where to place it. Show the scene after the object has been moved to the marked location. Pick up the carrot plushie from the table. Place the carrot plushie on the pan."
/data/datasets/DROID/train_v8capinf/final/11395_exterior_image_2_left_pair0.png,/data/datasets/DROID/train_v8capinf/kontext/11395_exterior_image_2_left_pair0.png,"Follow the markers in the image: the green box marks the object to grasp, the blue dot marks where to place it. Show the scene after the object has been moved to the marked location. Pick up the bottle in front of the table. Place the bottle on the tray."
/data/datasets/DROID/train_v8capinf/final/14466_exterior_image_2_left_pair0.png,/data/datasets/DROID/train_v8capinf/kontext/14466_exterior_image_2_left_pair0.png,"Follow the markers in the image: the green box marks the object to grasp, the blue dot marks where to place it. Show the scene after the object has been moved to the marked location. Pick up the pink hanger that is hanging on the shelf. Place the pink hanger on the table."
/data/datasets/DROID/train_v8capinf/final/13186_exterior_image_1_left_pair0.png,/data/datasets/DROID/train_v8capinf/kontext/13186_exterior_image_1_left_pair0.png,"Follow the markers in the image: the green box marks the object to grasp, the blue dot marks where to place it. Show the scene after the object has been moved to the marked location. Pick up the paper in the transparent box. Place the paper on the countertop."
/data/datasets/DROID/train_v8capinf/final/23831_exterior_image_2_left_pair0.png,/data/datasets/DROID/train_v8capinf/kontext/23831_exterior_image_2_left_pair0.png,"Follow the markers in the image: the green box marks the object to grasp, the blue dot marks where to place it. Show the scene after the object has been moved to the marked location. Pick up the cushion on the sofa. Place the cushion on the sofa."
/data/datasets/DROID/train_v8capinf/final/13950_exterior_image_1_left_pair0.png,/data/datasets/DROID/train_v8capinf/kontext/13950_exterior_image_1_left_pair0.png,"Follow the markers in the image: the green box marks the object to grasp, the blue dot marks where to place it. Show the scene after the object has been moved to the marked location. Pick up the orange block on the table. Place the orange block on the green block."
/data/datasets/DROID/train_v8capinf/final/18788_exterior_image_1_left_pair0.png,/data/datasets/DROID/train_v8capinf/kontext/18788_exterior_image_1_left_pair0.png,"Follow the markers in the image: the green box marks the object to grasp, the blue dot marks where to place it. Show the scene after the object has been moved to the marked location. Pick up the plate on the table. Place the plate at the edge of the table."
/data/datasets/DROID/train_v8capinf/final/13262_exterior_image_1_left_pair0.png,/data/datasets/DROID/train_v8capinf/kontext/13262_exterior_image_1_left_pair0.png,"Follow the markers in the image: the green box marks the object to grasp, the blue dot marks where to place it. Show the scene after the object has been moved to the marked location. Pick up the can from the sink. Place the can on the countertop."
/data/datasets/DROID/train_v8capinf/final/12146_exterior_image_1_left_pair0.png,/data/datasets/DROID/train_v8capinf/kontext/12146_exterior_image_1_left_pair0.png,"Follow the markers in the image: the green box marks the object to grasp, the blue dot marks where to place it. Show the scene after the object has been moved to the marked location. Pick up the orange object from the shelf. Place the orange object into the black bowl."
/data/datasets/DROID/train_v8capinf/final/16520_exterior_image_1_left_pair0.png,/data/datasets/DROID/train_v8capinf/kontext/16520_exterior_image_1_left_pair0.png,"Follow the markers in the image: the green box marks the object to grasp, the blue dot marks where to place it. Show the scene after the object has been moved to the marked location. Pick up the marker from the table. Place the marker in the bowl."
/data/datasets/DROID/train_v8capinf/final/17280_exterior_image_1_left_pair0.png,/data/datasets/DROID/train_v8capinf/kontext/17280_exterior_image_1_left_pair0.png,"Follow the markers in the image: the green box marks the object to grasp, the blue dot marks where to place it. Show the scene after the object has been moved to the marked location. Pick up the straw on the table. Place the straw in the cup."
/data/datasets/DROID/train_v8capinf/final/11298_exterior_image_1_left_pair0.png,/data/datasets/DROID/train_v8capinf/kontext/11298_exterior_image_1_left_pair0.png,"Follow the markers in the image: the green box marks the object to grasp, the blue dot marks where to place it. Show the scene after the object has been moved to the marked location. Pick up the peach from the bookshelf. Place the peach on the top of the bookshelf."
/data/datasets/DROID/train_v8capinf/final/12891_exterior_image_1_left_pair0.png,/data/datasets/DROID/train_v8capinf/kontext/12891_exterior_image_1_left_pair0.png,"Follow the markers in the image: the green box marks the object to grasp, the blue dot marks where to place it. Show the scene after the object has been moved to the marked location. Pick up a paper towel from the box. Place a paper towel on the tabletop."
/data/datasets/DROID/train_v8capinf/final/19681_exterior_image_1_left_pair0.png,/data/datasets/DROID/train_v8capinf/kontext/19681_exterior_image_1_left_pair0.png,"Follow the markers in the image: the green box marks the object to grasp, the blue dot marks where to place it. Show the scene after the object has been moved to the marked location. Pick up the green toy from the top of the cabinet. Place the green toy in the plate."
/data/datasets/DROID/train_v8capinf/final/1102_exterior_image_1_left_pair0.png,/data/datasets/DROID/train_v8capinf/kontext/1102_exterior_image_1_left_pair0.png,"Follow the markers in the image: the green box marks the object to grasp, the blue dot marks where to place it. Show the scene after the object has been moved to the marked location. Pick up the shoe on the table. Place the shoe upright on the table."
/data/datasets/DROID/train_v8capinf/final/17495_exterior_image_1_left_pair0.png,/data/datasets/DROID/train_v8capinf/kontext/17495_exterior_image_1_left_pair0.png,"Follow the markers in the image: the green box marks the object to grasp, the blue dot marks where to place it. Show the scene after the object has been moved to the marked location. Pick up the plastic from the bottom part of the table. Place the plastic on the top part of the table."
/data/datasets/DROID/train_v8capinf/final/14211_exterior_image_2_left_pair0.png,/data/datasets/DROID/train_v8capinf/kontext/14211_exterior_image_2_left_pair0.png,"Follow the markers in the image: the green box marks the object to grasp, the blue dot marks where to place it. Show the scene after the object has been moved to the marked location. Pick up the screwdriver on the table. Place the screwdriver in the top drawer."
/data/datasets/DROID/train_v8capinf/final/18691_exterior_image_1_left_pair0.png,/data/datasets/DROID/train_v8capinf/kontext/18691_exterior_image_1_left_pair0.png,"Follow the markers in the image: the green box marks the object to grasp, the blue dot marks where to place it. Show the scene after the object has been moved to the marked location. Pick up the marker on the table. Place the marker in the green cup."
/data/datasets/DROID/train_v8capinf/final/11470_exterior_image_2_left_pair0.png,/data/datasets/DROID/train_v8capinf/kontext/11470_exterior_image_2_left_pair0.png,"Follow the markers in the image: the green box marks the object to grasp, the blue dot marks where to place it. Show the scene after the object has been moved to the marked location. Remove the spice bottle from the stove. Place the spice bottle on the table."
/data/datasets/DROID/train_v8capinf/final/50183_exterior_image_2_left_pair0.png,/data/datasets/DROID/train_v8capinf/kontext/50183_exterior_image_2_left_pair0.png,"Follow the markers in the image: the green box marks the object to grasp, the blue dot marks where to place it. Show the scene after the object has been moved to the marked location. Pick up the pencil in the white cup. Place the pencil in the cup."
/data/datasets/DROID/train_v8capinf/final/40505_exterior_image_1_left_pair0.png,/data/datasets/DROID/train_v8capinf/kontext/40505_exterior_image_1_left_pair0.png,"Follow the markers in the image: the green box marks the object to grasp, the blue dot marks where to place it. Show the scene after the object has been moved to the marked location. Pick up the paper on the counter. Place the paper on the panel."
/data/datasets/DROID/train_v8capinf/final/11892_exterior_image_1_left_pair0.png,/data/datasets/DROID/train_v8capinf/kontext/11892_exterior_image_1_left_pair0.png,"Follow the markers in the image: the green box marks the object to grasp, the blue dot marks where to place it. Show the scene after the object has been moved to the marked location. Pick up the white tape on the table. Place the white tape on the white container."
/data/datasets/DROID/train_v8capinf/final/16910_exterior_image_2_left_pair0.png,/data/datasets/DROID/train_v8capinf/kontext/16910_exterior_image_2_left_pair0.png,"Follow the markers in the image: the green box marks the object to grasp, the blue dot marks where to place it. Show the scene after the object has been moved to the marked location. Pick up the cup on the water dispenser. Place the cup on the table."
/data/datasets/DROID/train_v8capinf/final/15164_exterior_image_1_left_pair0.png,/data/datasets/DROID/train_v8capinf/kontext/15164_exterior_image_1_left_pair0.png,"Follow the markers in the image: the green box marks the object to grasp, the blue dot marks where to place it. Show the scene after the object has been moved to the marked location. Pick up the bottle by the table. Place the bottle in the middle of the table."
/data/datasets/DROID/train_v8capinf/final/25486_exterior_image_2_left_pair0.png,/data/datasets/DROID/train_v8capinf/kontext/25486_exterior_image_2_left_pair0.png,"Follow the markers in the image: the green box marks the object to grasp, the blue dot marks where to place it. Show the scene after the object has been moved to the marked location. Pick up the cup from the desktop. Place the cup in the sink."
/data/datasets/DROID/train_v8capinf/final/12284_exterior_image_2_left_pair0.png,/data/datasets/DROID/train_v8capinf/kontext/12284_exterior_image_2_left_pair0.png,"Follow the markers in the image: the green box marks the object to grasp, the blue dot marks where to place it. Show the scene after the object has been moved to the marked location. Pick up the towel on the table. Place the towel at a position closer to me."
/data/datasets/DROID/train_v8capinf/final/19228_exterior_image_2_left_pair0.png,/data/datasets/DROID/train_v8capinf/kontext/19228_exterior_image_2_left_pair0.png,"Follow the markers in the image: the green box marks the object to grasp, the blue dot marks where to place it. Show the scene after the object has been moved to the marked location. Pick up the object on the table. Place the object on the tray."
/data/datasets/DROID/train_v8capinf/final/18489_exterior_image_1_left_pair0.png,/data/datasets/DROID/train_v8capinf/kontext/18489_exterior_image_1_left_pair0.png,"Follow the markers in the image: the green box marks the object to grasp, the blue dot marks where to place it. Show the scene after the object has been moved to the marked location. Pick up the yellow object from the ground. Place the yellow object into the bag."
/data/datasets/DROID/train_v8capinf/final/14154_exterior_image_2_left_pair0.png,/data/datasets/DROID/train_v8capinf/kontext/14154_exterior_image_2_left_pair0.png,"Follow the markers in the image: the green box marks the object to grasp, the blue dot marks where to place it. Show the scene after the object has been moved to the marked location. Pick up the marker from the table. Place the marker on the table."
/data/datasets/DROID/train_v8capinf/final/13271_exterior_image_2_left_pair0.png,/data/datasets/DROID/train_v8capinf/kontext/13271_exterior_image_2_left_pair0.png,"Follow the markers in the image: the green box marks the object to grasp, the blue dot marks where to place it. Show the scene after the object has been moved to the marked location. Take down the black shirt from the chair. Place the black shirt on the table."
/data/datasets/DROID/train_v8capinf/final/29111_exterior_image_1_left_pair0.png,/data/datasets/DROID/train_v8capinf/kontext/29111_exterior_image_1_left_pair0.png,"Follow the markers in the image: the green box marks the object to grasp, the blue dot marks where to place it. Show the scene after the object has been moved to the marked location. Pick up the pen from the transparent bowl. Place the pen to the transparent bowl."
/data/datasets/DROID/train_v8capinf/final/43229_exterior_image_1_left_pair0.png,/data/datasets/DROID/train_v8capinf/kontext/43229_exterior_image_1_left_pair0.png,"Follow the markers in the image: the green box marks the object to grasp, the blue dot marks where to place it. Show the scene after the object has been moved to the marked location. Pick up the black clothes from the top of the chair. Place the black clothes on the table."
/data/datasets/DROID/train_v8capinf/final/3808_exterior_image_1_left_pair0.png,/data/datasets/DROID/train_v8capinf/kontext/3808_exterior_image_1_left_pair0.png,"Follow the markers in the image: the green box marks the object to grasp, the blue dot marks where to place it. Show the scene after the object has been moved to the marked location. Pick up the marker on the table. Place the marker on the cloth."
/data/datasets/DROID/train_v8capinf/final/3808_exterior_image_1_left_pair1.png,/data/datasets/DROID/train_v8capinf/kontext/3808_exterior_image_1_left_pair1.png,"Follow the markers in the image: the green box marks the object to grasp, the blue dot marks where to place it. Show the scene after the object has been moved to the marked location. Pick up the folded cloth from the table. Place the folded cloth in the box."
/data/datasets/DROID/train_v8capinf/final/122_exterior_image_1_left_pair0.png,/data/datasets/DROID/train_v8capinf/kontext/122_exterior_image_1_left_pair0.png,"Follow the markers in the image: the green box marks the object to grasp, the blue dot marks where to place it. Show the scene after the object has been moved to the marked location. Pick up the blue object from the desktop. Place the blue object inside the drawer."
/data/datasets/DROID/train_v8capinf/final/79747_exterior_image_2_left_pair0.png,/data/datasets/DROID/train_v8capinf/kontext/79747_exterior_image_2_left_pair0.png,"Follow the markers in the image: the green box marks the object to grasp, the blue dot marks where to place it. Show the scene after the object has been moved to the marked location. Pick up a pile of items on the table. Place the pile of items in the designated area."
/data/datasets/DROID/train_v8capinf/final/70274_exterior_image_2_left_pair0.png,/data/datasets/DROID/train_v8capinf/kontext/70274_exterior_image_2_left_pair0.png,"Follow the markers in the image: the green box marks the object to grasp, the blue dot marks where to place it. Show the scene after the object has been moved to the marked location. Pick up the green marker. Place the marker inside the bowl."
/data/datasets/DROID/train_v8capinf/final/14719_exterior_image_1_left_pair0.png,/data/datasets/DROID/train_v8capinf/kontext/14719_exterior_image_1_left_pair0.png,"Follow the markers in the image: the green box marks the object to grasp, the blue dot marks where to place it. Show the scene after the object has been moved to the marked location. Pick up the plush toy from the metal pot. Place the plush toy on the table."
/data/datasets/DROID/train_v8capinf/final/11739_exterior_image_1_left_pair0.png,/data/datasets/DROID/train_v8capinf/kontext/11739_exterior_image_1_left_pair0.png,"Follow the markers in the image: the green box marks the object to grasp, the blue dot marks where to place it. Show the scene after the object has been moved to the marked location. Pick up the marker from the jar on the table. Place the marker on the table."
/data/datasets/DROID/train_v8capinf/final/47931_exterior_image_1_left_pair0.png,/data/datasets/DROID/train_v8capinf/kontext/47931_exterior_image_1_left_pair0.png,"Follow the markers in the image: the green box marks the object to grasp, the blue dot marks where to place it. Show the scene after the object has been moved to the marked location. Pick up the marker on the table. Place the marker in the bowl."
/data/datasets/DROID/train_v8capinf/final/20424_exterior_image_2_left_pair0.png,/data/datasets/DROID/train_v8capinf/kontext/20424_exterior_image_2_left_pair0.png,"Follow the markers in the image: the green box marks the object to grasp, the blue dot marks where to place it. Show the scene after the object has been moved to the marked location. Pick up the jar from the plate. Place the jar on the table."
/data/datasets/DROID/train_v8capinf/final/20424_exterior_image_2_left_pair1.png,/data/datasets/DROID/train_v8capinf/kontext/20424_exterior_image_2_left_pair1.png,"Follow the markers in the image: the green box marks the object to grasp, the blue dot marks where to place it. Show the scene after the object has been moved to the marked location. Pick up the jar from the plate. Place the jar on the table."
/data/datasets/DROID/train_v8capinf/final/22931_exterior_image_1_left_pair0.png,/data/datasets/DROID/train_v8capinf/kontext/22931_exterior_image_1_left_pair0.png,"Follow the markers in the image: the green box marks the object to grasp, the blue dot marks where to place it. Show the scene after the object has been moved to the marked location. Pick up the watermelon plush toy from the basket. Place the watermelon plush toy on the black tray."
/data/datasets/DROID/train_v8capinf/final/15939_exterior_image_1_left_pair0.png,/data/datasets/DROID/train_v8capinf/kontext/15939_exterior_image_1_left_pair0.png,"Follow the markers in the image: the green box marks the object to grasp, the blue dot marks where to place it. Show the scene after the object has been moved to the marked location. Pick up the white object from the table. Place the white object on top of the box."
/data/datasets/DROID/train_v8capinf/final/37838_exterior_image_1_left_pair0.png,/data/datasets/DROID/train_v8capinf/kontext/37838_exterior_image_1_left_pair0.png,"Follow the markers in the image: the green box marks the object to grasp, the blue dot marks where to place it. Show the scene after the object has been moved to the marked location. Pick up the lid from the black pot. Place the lid on the blue pot."
/data/datasets/DROID/train_v8capinf/final/59578_exterior_image_2_left_pair0.png,/data/datasets/DROID/train_v8capinf/kontext/59578_exterior_image_2_left_pair0.png,"Follow the markers in the image: the green box marks the object to grasp, the blue dot marks where to place it. Show the scene after the object has been moved to the marked location. Pick up the pan from the stove. Place the pan on the plate on the stove."
/data/datasets/DROID/train_v8capinf/final/3419_exterior_image_1_left_pair1.png,/data/datasets/DROID/train_v8capinf/kontext/3419_exterior_image_1_left_pair1.png,"Follow the markers in the image: the green box marks the object to grasp, the blue dot marks where to place it. Show the scene after the object has been moved to the marked location. Pick up the towel on the desktop. Place the towel in the storage box."
/data/datasets/DROID/train_v8capinf/final/19808_exterior_image_1_left_pair0.png,/data/datasets/DROID/train_v8capinf/kontext/19808_exterior_image_1_left_pair0.png,"Follow the markers in the image: the green box marks the object to grasp, the blue dot marks where to place it. Show the scene after the object has been moved to the marked location. Pick up the yellow block from the table. Place the yellow block in the cup."
/data/datasets/DROID/train_v8capinf/final/23834_exterior_image_1_left_pair0.png,/data/datasets/DROID/train_v8capinf/kontext/23834_exterior_image_1_left_pair0.png,"Follow the markers in the image: the green box marks the object to grasp, the blue dot marks where to place it. Show the scene after the object has been moved to the marked location. Pick up the bread plush toy from the top of the container. Place the bread plush toy in the drawer."
/data/datasets/DROID/train_v8capinf/final/23834_exterior_image_1_left_pair1.png,/data/datasets/DROID/train_v8capinf/kontext/23834_exterior_image_1_left_pair1.png,"Follow the markers in the image: the green box marks the object to grasp, the blue dot marks where to place it. Show the scene after the object has been moved to the marked location. Pick up the bread plush toy from above the drawer. Place the bread plush toy on the drawer."
/data/datasets/DROID/train_v8capinf/final/19603_exterior_image_1_left_pair0.png,/data/datasets/DROID/train_v8capinf/kontext/19603_exterior_image_1_left_pair0.png,"Follow the markers in the image: the green box marks the object to grasp, the blue dot marks where to place it. Show the scene after the object has been moved to the marked location. Pick up the red mug on the table. Place the red mug on the table."
/data/datasets/DROID/train_v8capinf/final/12542_exterior_image_2_left_pair0.png,/data/datasets/DROID/train_v8capinf/kontext/12542_exterior_image_2_left_pair0.png,"Follow the markers in the image: the green box marks the object to grasp, the blue dot marks where to place it. Show the scene after the object has been moved to the marked location. Pick up the horizontal small white cup on the countertop. Place the small white cup upright on the countertop."
/data/datasets/DROID/train_v8capinf/final/55716_exterior_image_1_left_pair0.png,/data/datasets/DROID/train_v8capinf/kontext/55716_exterior_image_1_left_pair0.png,"Follow the markers in the image: the green box marks the object to grasp, the blue dot marks where to place it. Show the scene after the object has been moved to the marked location. Pick up the cloth in the transparent bowl. Place the cloth on the table."
/data/datasets/DROID/train_v8capinf/final/16491_exterior_image_2_left_pair0.png,/data/datasets/DROID/train_v8capinf/kontext/16491_exterior_image_2_left_pair0.png,"Follow the markers in the image: the green box marks the object to grasp, the blue dot marks where to place it. Show the scene after the object has been moved to the marked location. Pick up the white piece of clothing from the back of the chair. Place the white piece of clothing on the seat."
/data/datasets/DROID/train_v8capinf/final/12738_exterior_image_1_left_pair0.png,/data/datasets/DROID/train_v8capinf/kontext/12738_exterior_image_1_left_pair0.png,"Follow the markers in the image: the green box marks the object to grasp, the blue dot marks where to place it. Show the scene after the object has been moved to the marked location. Pick up the black masking tape from the table. Place the black masking tape on the white plate."
/data/datasets/DROID/train_v8capinf/final/28718_exterior_image_2_left_pair0.png,/data/datasets/DROID/train_v8capinf/kontext/28718_exterior_image_2_left_pair0.png,"Follow the markers in the image: the green box marks the object to grasp, the blue dot marks where to place it. Show the scene after the object has been moved to the marked location. Pick up the orange block. Place the orange block on the green block."
/data/datasets/DROID/train_v8capinf/final/5081_exterior_image_2_left_pair0.png,/data/datasets/DROID/train_v8capinf/kontext/5081_exterior_image_2_left_pair0.png,"Follow the markers in the image: the green box marks the object to grasp, the blue dot marks where to place it. Show the scene after the object has been moved to the marked location. Pick up the soda can from the tabletop. Place the soda can in the drawer."
/data/datasets/DROID/train_v8capinf/final/63515_exterior_image_1_left_pair0.png,/data/datasets/DROID/train_v8capinf/kontext/63515_exterior_image_1_left_pair0.png,"Follow the markers in the image: the green box marks the object to grasp, the blue dot marks where to place it. Show the scene after the object has been moved to the marked location. Pick up the orange block from the table. Place the orange block on top of the green block."
/data/datasets/DROID/train_v8capinf/final/28915_exterior_image_2_left_pair2.png,/data/datasets/DROID/train_v8capinf/kontext/28915_exterior_image_2_left_pair2.png,"Follow the markers in the image: the green box marks the object to grasp, the blue dot marks where to place it. Show the scene after the object has been moved to the marked location. Pick up the cup on the table. Place the cup on another cup."
/data/datasets/DROID/train_v8capinf/final/85335_exterior_image_2_left_pair0.png,/data/datasets/DROID/train_v8capinf/kontext/85335_exterior_image_2_left_pair0.png,"Follow the markers in the image: the green box marks the object to grasp, the blue dot marks where to place it. Show the scene after the object has been moved to the marked location. Pick up the marker on the table. Place the marker in the bowl."
/data/datasets/DROID/train_v8capinf/final/21544_exterior_image_1_left_pair0.png,/data/datasets/DROID/train_v8capinf/kontext/21544_exterior_image_1_left_pair0.png,"Follow the markers in the image: the green box marks the object to grasp, the blue dot marks where to place it. Show the scene after the object has been moved to the marked location. Pick up the cup on the table. Place the cup at a position close to the edge of the table."
/data/datasets/DROID/train_v8capinf/final/16066_exterior_image_2_left_pair0.png,/data/datasets/DROID/train_v8capinf/kontext/16066_exterior_image_2_left_pair0.png,"Follow the markers in the image: the green box marks the object to grasp, the blue dot marks where to place it. Show the scene after the object has been moved to the marked location. Pick up the lid from the pot. Place the lid on the tabletop."
/data/datasets/DROID/train_v8capinf/final/14667_exterior_image_1_left_pair0.png,/data/datasets/DROID/train_v8capinf/kontext/14667_exterior_image_1_left_pair0.png,"Follow the markers in the image: the green box marks the object to grasp, the blue dot marks where to place it. Show the scene after the object has been moved to the marked location. Pick up the packet from the sink. Place the packet on the table."
/data/datasets/DROID/train_v8capinf/final/1668_exterior_image_2_left_pair0.png,/data/datasets/DROID/train_v8capinf/kontext/1668_exterior_image_2_left_pair0.png,"Follow the markers in the image: the green box marks the object to grasp, the blue dot marks where to place it. Show the scene after the object has been moved to the marked location. Pick up the orange toy from the table. Place the toy in the silver pot."
/data/datasets/DROID/train_v8capinf/final/10867_exterior_image_2_left_pair0.png,/data/datasets/DROID/train_v8capinf/kontext/10867_exterior_image_2_left_pair0.png,"Follow the markers in the image: the green box marks the object to grasp, the blue dot marks where to place it. Show the scene after the object has been moved to the marked location. Pick up the coffee cup on the table. Place the coffee cup in the storage cabinet."
/data/datasets/DROID/train_v8capinf/final/16462_exterior_image_2_left_pair0.png,/data/datasets/DROID/train_v8capinf/kontext/16462_exterior_image_2_left_pair0.png,"Follow the markers in the image: the green box marks the object to grasp, the blue dot marks where to place it. Show the scene after the object has been moved to the marked location. Pick up the creamer cup from the box. Place the creamer cup on the counter."
/data/datasets/DROID/train_v8capinf/final/15110_exterior_image_1_left_pair0.png,/data/datasets/DROID/train_v8capinf/kontext/15110_exterior_image_1_left_pair0.png,"Follow the markers in the image: the green box marks the object to grasp, the blue dot marks where to place it. Show the scene after the object has been moved to the marked location. Pick up the purple plush toy from the table. Place the purple plush toy in the bowl."
/data/datasets/DROID/train_v8capinf/final/5738_exterior_image_1_left_pair0.png,/data/datasets/DROID/train_v8capinf/kontext/5738_exterior_image_1_left_pair0.png,"Follow the markers in the image: the green box marks the object to grasp, the blue dot marks where to place it. Show the scene after the object has been moved to the marked location. Pick up the cloth on the table. Place the cloth neatly on the table."
/data/datasets/DROID/train_v8capinf/final/29884_exterior_image_1_left_pair0.png,/data/datasets/DROID/train_v8capinf/kontext/29884_exterior_image_1_left_pair0.png,"Follow the markers in the image: the green box marks the object to grasp, the blue dot marks where to place it. Show the scene after the object has been moved to the marked location. Pick up the towel on the table. Place the towel on the table."
/data/datasets/DROID/train_v8capinf/final/13715_exterior_image_1_left_pair0.png,/data/datasets/DROID/train_v8capinf/kontext/13715_exterior_image_1_left_pair0.png,"Follow the markers in the image: the green box marks the object to grasp, the blue dot marks where to place it. Show the scene after the object has been moved to the marked location. Pick up the bag on the cabinet. Place the bag on the countertop."
/data/datasets/DROID/train_v8capinf/final/16103_exterior_image_2_left_pair0.png,/data/datasets/DROID/train_v8capinf/kontext/16103_exterior_image_2_left_pair0.png,"Follow the markers in the image: the green box marks the object to grasp, the blue dot marks where to place it. Show the scene after the object has been moved to the marked location. Pick up the marker from the cup. Place the marker on the table."
/data/datasets/DROID/train_v8capinf/final/18154_exterior_image_1_left_pair0.png,/data/datasets/DROID/train_v8capinf/kontext/18154_exterior_image_1_left_pair0.png,"Follow the markers in the image: the green box marks the object to grasp, the blue dot marks where to place it. Show the scene after the object has been moved to the marked location. Pick up the pen in the cup. Place the pen on the table."
/data/datasets/DROID/train_v8capinf/final/42553_exterior_image_2_left_pair0.png,/data/datasets/DROID/train_v8capinf/kontext/42553_exterior_image_2_left_pair0.png,"Follow the markers in the image: the green box marks the object to grasp, the blue dot marks where to place it. Show the scene after the object has been moved to the marked location. Pick up the pen on the table. Place the pen in the bowl."
/data/datasets/DROID/train_v8capinf/final/5503_exterior_image_1_left_pair0.png,/data/datasets/DROID/train_v8capinf/kontext/5503_exterior_image_1_left_pair0.png,"Follow the markers in the image: the green box marks the object to grasp, the blue dot marks where to place it. Show the scene after the object has been moved to the marked location. Pick up the cloth on the table. Place the cloth on the table."
/data/datasets/DROID/train_v8capinf/final/17274_exterior_image_1_left_pair0.png,/data/datasets/DROID/train_v8capinf/kontext/17274_exterior_image_1_left_pair0.png,"Follow the markers in the image: the green box marks the object to grasp, the blue dot marks where to place it. Show the scene after the object has been moved to the marked location. Pick up the lid from the kitchen countertop. Place the lid on the pot."
/data/datasets/DROID/train_v8capinf/final/13747_exterior_image_2_left_pair0.png,/data/datasets/DROID/train_v8capinf/kontext/13747_exterior_image_2_left_pair0.png,"Follow the markers in the image: the green box marks the object to grasp, the blue dot marks where to place it. Show the scene after the object has been moved to the marked location. Pick up the yellow cube on the green cylinder. Place the yellow cube on the green block."
/data/datasets/DROID/train_v8capinf/final/12862_exterior_image_1_left_pair0.png,/data/datasets/DROID/train_v8capinf/kontext/12862_exterior_image_1_left_pair0.png,"Follow the markers in the image: the green box marks the object to grasp, the blue dot marks where to place it. Show the scene after the object has been moved to the marked location. Pick up the bowl on the kitchen countertop. Place the bowl at the upper position of the countertop."
/data/datasets/DROID/train_v8capinf/final/14964_exterior_image_1_left_pair0.png,/data/datasets/DROID/train_v8capinf/kontext/14964_exterior_image_1_left_pair0.png,"Follow the markers in the image: the green box marks the object to grasp, the blue dot marks where to place it. Show the scene after the object has been moved to the marked location. Pick up the packaging bag from the table. Place the packaging bag in the sink."
/data/datasets/DROID/train_v8capinf/final/2788_exterior_image_2_left_pair0.png,/data/datasets/DROID/train_v8capinf/kontext/2788_exterior_image_2_left_pair0.png,"Follow the markers in the image: the green box marks the object to grasp, the blue dot marks where to place it. Show the scene after the object has been moved to the marked location. Pick up the shirt from the arm rest. Place the shirt on the back of the chair."
/data/datasets/DROID/train_v8capinf/final/80404_exterior_image_2_left_pair0.png,/data/datasets/DROID/train_v8capinf/kontext/80404_exterior_image_2_left_pair0.png,"Follow the markers in the image: the green box marks the object to grasp, the blue dot marks where to place it. Show the scene after the object has been moved to the marked location. Pick up the cup on the countertop. Place the cup in the drawer."
/data/datasets/DROID/train_v8capinf/final/13087_exterior_image_2_left_pair0.png,/data/datasets/DROID/train_v8capinf/kontext/13087_exterior_image_2_left_pair0.png,"Follow the markers in the image: the green box marks the object to grasp, the blue dot marks where to place it. Show the scene after the object has been moved to the marked location. Pick up the bottle on the table. Place the bottle on the table in front."
/data/datasets/DROID/train_v8capinf/final/13500_exterior_image_1_left_pair0.png,/data/datasets/DROID/train_v8capinf/kontext/13500_exterior_image_1_left_pair0.png,"Follow the markers in the image: the green box marks the object to grasp, the blue dot marks where to place it. Show the scene after the object has been moved to the marked location. Pick up the bottle with the red lid from the top of the washing machine. Place the bottle with the red lid on the shelf."
/data/datasets/DROID/train_v8capinf/final/14299_exterior_image_1_left_pair0.png,/data/datasets/DROID/train_v8capinf/kontext/14299_exterior_image_1_left_pair0.png,"Follow the markers in the image: the green box marks the object to grasp, the blue dot marks where to place it. Show the scene after the object has been moved to the marked location. Pick up the object on the object. Place the yellow block on the object."
/data/datasets/DROID/train_v8capinf/final/18116_exterior_image_1_left_pair1.png,/data/datasets/DROID/train_v8capinf/kontext/18116_exterior_image_1_left_pair1.png,"Follow the markers in the image: the green box marks the object to grasp, the blue dot marks where to place it. Show the scene after the object has been moved to the marked location. Pick up the cup on the tray. Place the cup on the tray."
/data/datasets/DROID/train_v8capinf/final/13720_exterior_image_1_left_pair0.png,/data/datasets/DROID/train_v8capinf/kontext/13720_exterior_image_1_left_pair0.png,"Follow the markers in the image: the green box marks the object to grasp, the blue dot marks where to place it. Show the scene after the object has been moved to the marked location. Pick up the marker from the white mug. Place the marker on the table."
/data/datasets/DROID/train_v8capinf/final/65444_exterior_image_2_left_pair0.png,/data/datasets/DROID/train_v8capinf/kontext/65444_exterior_image_2_left_pair0.png,"Follow the markers in the image: the green box marks the object to grasp, the blue dot marks where to place it. Show the scene after the object has been moved to the marked location. Pick up the plate from the dish. Place the dish on the tabletop."
/data/datasets/DROID/train_v8capinf/final/13701_exterior_image_1_left_pair0.png,/data/datasets/DROID/train_v8capinf/kontext/13701_exterior_image_1_left_pair0.png,"Follow the markers in the image: the green box marks the object to grasp, the blue dot marks where to place it. Show the scene after the object has been moved to the marked location. Pick up the fabric on the box. Place the fabric on the backrest of the seat."
/data/datasets/DROID/train_v8capinf/final/4475_exterior_image_1_left_pair0.png,/data/datasets/DROID/train_v8capinf/kontext/4475_exterior_image_1_left_pair0.png,"Follow the markers in the image: the green box marks the object to grasp, the blue dot marks where to place it. Show the scene after the object has been moved to the marked location. Pick up the green pen on the blue table. Place the green pen in the bowl."
/data/datasets/DROID/train_v8capinf/final/1581_exterior_image_2_left_pair0.png,/data/datasets/DROID/train_v8capinf/kontext/1581_exterior_image_2_left_pair0.png,"Follow the markers in the image: the green box marks the object to grasp, the blue dot marks where to place it. Show the scene after the object has been moved to the marked location. Pick up the cable from the plastic bag. Place the cable on the table."
/data/datasets/DROID/train_v8capinf/final/12224_exterior_image_2_left_pair0.png,/data/datasets/DROID/train_v8capinf/kontext/12224_exterior_image_2_left_pair0.png,"Follow the markers in the image: the green box marks the object to grasp, the blue dot marks where to place it. Show the scene after the object has been moved to the marked location. Pick up the cup from the sink. Place the cup on the tabletop."
/data/datasets/DROID/train_v8capinf/final/10957_exterior_image_1_left_pair0.png,/data/datasets/DROID/train_v8capinf/kontext/10957_exterior_image_1_left_pair0.png,"Follow the markers in the image: the green box marks the object to grasp, the blue dot marks where to place it. Show the scene after the object has been moved to the marked location. Pick up the apple on the table. Place the apple on the towel."
/data/datasets/DROID/train_v8capinf/final/10957_exterior_image_1_left_pair1.png,/data/datasets/DROID/train_v8capinf/kontext/10957_exterior_image_1_left_pair1.png,"Follow the markers in the image: the green box marks the object to grasp, the blue dot marks where to place it. Show the scene after the object has been moved to the marked location. Pick up the folded towel from the table. Place the folded towel in the box."
/data/datasets/DROID/train_v8capinf/final/1518_exterior_image_1_left_pair0.png,/data/datasets/DROID/train_v8capinf/kontext/1518_exterior_image_1_left_pair0.png,"Follow the markers in the image: the green box marks the object to grasp, the blue dot marks where to place it. Show the scene after the object has been moved to the marked location. Pick up the tissue box from the table. Place the tissue box on the white bottle."
/data/datasets/DROID/train_v8capinf/final/1524_exterior_image_1_left_pair0.png,/data/datasets/DROID/train_v8capinf/kontext/1524_exterior_image_1_left_pair0.png,"Follow the markers in the image: the green box marks the object to grasp, the blue dot marks where to place it. Show the scene after the object has been moved to the marked location. Pick up the positive clamp from the rack on the power box. Place the positive clamp on the table."
/data/datasets/DROID/train_v8capinf/final/74980_exterior_image_1_left_pair0.png,/data/datasets/DROID/train_v8capinf/kontext/74980_exterior_image_1_left_pair0.png,"Follow the markers in the image: the green box marks the object to grasp, the blue dot marks where to place it. Show the scene after the object has been moved to the marked location. Pick up the clothes from the hanger. Place the clothes on the box."
/data/datasets/DROID/train_v8capinf/final/12711_exterior_image_1_left_pair0.png,/data/datasets/DROID/train_v8capinf/kontext/12711_exterior_image_1_left_pair0.png,"Follow the markers in the image: the green box marks the object to grasp, the blue dot marks where to place it. Show the scene after the object has been moved to the marked location. Pick up the pineapple toy on the table. Place the pineapple toy inside the basket."
/data/datasets/DROID/train_v8capinf/final/10856_exterior_image_2_left_pair0.png,/data/datasets/DROID/train_v8capinf/kontext/10856_exterior_image_2_left_pair0.png,"Follow the markers in the image: the green box marks the object to grasp, the blue dot marks where to place it. Show the scene after the object has been moved to the marked location. Pick up the Coca Cola bottle from the kitchen countertop. Place the Coca Cola bottle on top of the microwave."
/data/datasets/DROID/train_v8capinf/final/24462_exterior_image_2_left_pair1.png,/data/datasets/DROID/train_v8capinf/kontext/24462_exterior_image_2_left_pair1.png,"Follow the markers in the image: the green box marks the object to grasp, the blue dot marks where to place it. Show the scene after the object has been moved to the marked location. Pick up the towel from the opposite chair back. Place the towel back on the chair back."
/data/datasets/DROID/train_v8capinf/final/51669_exterior_image_1_left_pair0.png,/data/datasets/DROID/train_v8capinf/kontext/51669_exterior_image_1_left_pair0.png,"Follow the markers in the image: the green box marks the object to grasp, the blue dot marks where to place it. Show the scene after the object has been moved to the marked location. Pick up the plate from the plate. Place the plate on the table next to the cup."
/data/datasets/DROID/train_v8capinf/final/27187_exterior_image_2_left_pair0.png,/data/datasets/DROID/train_v8capinf/kontext/27187_exterior_image_2_left_pair0.png,"Follow the markers in the image: the green box marks the object to grasp, the blue dot marks where to place it. Show the scene after the object has been moved to the marked location. Pick up the object in the bowl. Place the object on the table."
/data/datasets/DROID/train_v8capinf/final/15875_exterior_image_1_left_pair0.png,/data/datasets/DROID/train_v8capinf/kontext/15875_exterior_image_1_left_pair0.png,"Follow the markers in the image: the green box marks the object to grasp, the blue dot marks where to place it. Show the scene after the object has been moved to the marked location. Pick up the cloth from the table. Place the cloth on the bowl."
/data/datasets/DROID/train_v8capinf/final/84424_exterior_image_1_left_pair0.png,/data/datasets/DROID/train_v8capinf/kontext/84424_exterior_image_1_left_pair0.png,"Follow the markers in the image: the green box marks the object to grasp, the blue dot marks where to place it. Show the scene after the object has been moved to the marked location. Pick up the marker from the table. Place the marker in the bowl."
/data/datasets/DROID/train_v8capinf/final/31770_exterior_image_1_left_pair0.png,/data/datasets/DROID/train_v8capinf/kontext/31770_exterior_image_1_left_pair0.png,"Follow the markers in the image: the green box marks the object to grasp, the blue dot marks where to place it. Show the scene after the object has been moved to the marked location. Pick up the cup from the middle of the table. Place the cup on the table."
/data/datasets/DROID/train_v8capinf/final/11250_exterior_image_2_left_pair0.png,/data/datasets/DROID/train_v8capinf/kontext/11250_exterior_image_2_left_pair0.png,"Follow the markers in the image: the green box marks the object to grasp, the blue dot marks where to place it. Show the scene after the object has been moved to the marked location. Pick up the blue object from the wooden holder. Place the blue object on the table."
/data/datasets/DROID/train_v8capinf/final/36613_exterior_image_1_left_pair0.png,/data/datasets/DROID/train_v8capinf/kontext/36613_exterior_image_1_left_pair0.png,"Follow the markers in the image: the green box marks the object to grasp, the blue dot marks where to place it. Show the scene after the object has been moved to the marked location. Pick up the small cushion on the sofa. Place the small cushion by the armrest."
/data/datasets/DROID/train_v8capinf/final/36613_exterior_image_1_left_pair1.png,/data/datasets/DROID/train_v8capinf/kontext/36613_exterior_image_1_left_pair1.png,"Follow the markers in the image: the green box marks the object to grasp, the blue dot marks where to place it. Show the scene after the object has been moved to the marked location. Pick up the large cushion on the sofa. Place the large cushion by the armrest."
/data/datasets/DROID/train_v8capinf/final/12059_exterior_image_1_left_pair0.png,/data/datasets/DROID/train_v8capinf/kontext/12059_exterior_image_1_left_pair0.png,"Follow the markers in the image: the green box marks the object to grasp, the blue dot marks where to place it. Show the scene after the object has been moved to the marked location. Pick up the brown bowl on the pink bowl. Place the brown bowl on the table."
/data/datasets/DROID/train_v8capinf/final/16198_exterior_image_1_left_pair0.png,/data/datasets/DROID/train_v8capinf/kontext/16198_exterior_image_1_left_pair0.png,"Follow the markers in the image: the green box marks the object to grasp, the blue dot marks where to place it. Show the scene after the object has been moved to the marked location. Pick up the jar from the table. Place the jar on the metal object."
/data/datasets/DROID/train_v8capinf/final/31_exterior_image_2_left_pair0.png,/data/datasets/DROID/train_v8capinf/kontext/31_exterior_image_2_left_pair0.png,"Follow the markers in the image: the green box marks the object to grasp, the blue dot marks where to place it. Show the scene after the object has been moved to the marked location. Pick up the can on the table. Place the can on the metal object."
/data/datasets/DROID/train_v8capinf/final/15568_exterior_image_1_left_pair0.png,/data/datasets/DROID/train_v8capinf/kontext/15568_exterior_image_1_left_pair0.png,"Follow the markers in the image: the green box marks the object to grasp, the blue dot marks where to place it. Show the scene after the object has been moved to the marked location. Pick up the bottle from the countertop. Place the bottle on the shelf."
/data/datasets/DROID/train_v8capinf/final/16050_exterior_image_2_left_pair0.png,/data/datasets/DROID/train_v8capinf/kontext/16050_exterior_image_2_left_pair0.png,"Follow the markers in the image: the green box marks the object to grasp, the blue dot marks where to place it. Show the scene after the object has been moved to the marked location. Pick up the coffee cup from the counter. Place the coffee cup on the stack at the front of the counter."
/data/datasets/DROID/train_v8capinf/final/25403_exterior_image_1_left_pair0.png,/data/datasets/DROID/train_v8capinf/kontext/25403_exterior_image_1_left_pair0.png,"Follow the markers in the image: the green box marks the object to grasp, the blue dot marks where to place it. Show the scene after the object has been moved to the marked location. Pick up the red block from the table. Place the red block on top of the green block."
/data/datasets/DROID/train_v8capinf/final/11151_exterior_image_1_left_pair0.png,/data/datasets/DROID/train_v8capinf/kontext/11151_exterior_image_1_left_pair0.png,"Follow the markers in the image: the green box marks the object to grasp, the blue dot marks where to place it. Show the scene after the object has been moved to the marked location. Pick up banana on blue surface. Place banana on side of table."
/data/datasets/DROID/train_v8capinf/final/88519_exterior_image_1_left_pair0.png,/data/datasets/DROID/train_v8capinf/kontext/88519_exterior_image_1_left_pair0.png,"Follow the markers in the image: the green box marks the object to grasp, the blue dot marks where to place it. Show the scene after the object has been moved to the marked location. Pick up the orange block on the table. Place the orange block on the green block."
/data/datasets/DROID/train_v8capinf/final/80860_exterior_image_2_left_pair1.png,/data/datasets/DROID/train_v8capinf/kontext/80860_exterior_image_2_left_pair1.png,"Follow the markers in the image: the green box marks the object to grasp, the blue dot marks where to place it. Show the scene after the object has been moved to the marked location. Pick up the packaging bag from the desktop. Put the packaging bag in the drawer."
/data/datasets/DROID/train_v8capinf/final/45848_exterior_image_2_left_pair0.png,/data/datasets/DROID/train_v8capinf/kontext/45848_exterior_image_2_left_pair0.png,"Follow the markers in the image: the green box marks the object to grasp, the blue dot marks where to place it. Show the scene after the object has been moved to the marked location. Pick up the green packaged snack from the countertop. Place the green packaged snack in the sink."
/data/datasets/DROID/train_v8capinf/final/31245_exterior_image_2_left_pair0.png,/data/datasets/DROID/train_v8capinf/kontext/31245_exterior_image_2_left_pair0.png,"Follow the markers in the image: the green box marks the object to grasp, the blue dot marks where to place it. Show the scene after the object has been moved to the marked location. Pick up the candy bar from the kitchen sink. Place the candy bar on the tabletop."
/data/datasets/DROID/train_v8capinf/final/14922_exterior_image_2_left_pair0.png,/data/datasets/DROID/train_v8capinf/kontext/14922_exterior_image_2_left_pair0.png,"Follow the markers in the image: the green box marks the object to grasp, the blue dot marks where to place it. Show the scene after the object has been moved to the marked location. Pick up the marker from the cup. Place the marker on the desk."
/data/datasets/DROID/train_v8capinf/final/15458_exterior_image_2_left_pair0.png,/data/datasets/DROID/train_v8capinf/kontext/15458_exterior_image_2_left_pair0.png,"Follow the markers in the image: the green box marks the object to grasp, the blue dot marks where to place it. Show the scene after the object has been moved to the marked location. Pick up the cap of the spray bottle on the table. Place the cap of the spray bottle on the spray bottle."
/data/datasets/DROID/train_v8capinf/final/2109_exterior_image_2_left_pair0.png,/data/datasets/DROID/train_v8capinf/kontext/2109_exterior_image_2_left_pair0.png,"Follow the markers in the image: the green box marks the object to grasp, the blue dot marks where to place it. Show the scene after the object has been moved to the marked location. Pick up the marker on the table. Place the marker on the green towel."
/data/datasets/DROID/train_v8capinf/final/22380_exterior_image_1_left_pair0.png,/data/datasets/DROID/train_v8capinf/kontext/22380_exterior_image_1_left_pair0.png,"Follow the markers in the image: the green box marks the object to grasp, the blue dot marks where to place it. Show the scene after the object has been moved to the marked location. Pick up the jar on the counter. Place the jar in the cabinet."
/data/datasets/DROID/train_v8capinf/final/14137_exterior_image_1_left_pair0.png,/data/datasets/DROID/train_v8capinf/kontext/14137_exterior_image_1_left_pair0.png,"Follow the markers in the image: the green box marks the object to grasp, the blue dot marks where to place it. Show the scene after the object has been moved to the marked location. Pick up the beetroot plushie from the bowl. Place the beetroot plushie on the tabletop."
/data/datasets/DROID/train_v8capinf/final/9074_exterior_image_1_left_pair0.png,/data/datasets/DROID/train_v8capinf/kontext/9074_exterior_image_1_left_pair0.png,"Follow the markers in the image: the green box marks the object to grasp, the blue dot marks where to place it. Show the scene after the object has been moved to the marked location. Pick up the orange block on the table. Place the orange block on the green block."
/data/datasets/DROID/train_v8capinf/final/65324_exterior_image_1_left_pair0.png,/data/datasets/DROID/train_v8capinf/kontext/65324_exterior_image_1_left_pair0.png,"Follow the markers in the image: the green box marks the object to grasp, the blue dot marks where to place it. Show the scene after the object has been moved to the marked location. Pick up the white plate on the table. Place the white plate in the new position on the tabletop."
/data/datasets/DROID/train_v8capinf/final/20725_exterior_image_1_left_pair0.png,/data/datasets/DROID/train_v8capinf/kontext/20725_exterior_image_1_left_pair0.png,"Follow the markers in the image: the green box marks the object to grasp, the blue dot marks where to place it. Show the scene after the object has been moved to the marked location. Remove the fork from the tissue. Place the fork inside the open drawer."
/data/datasets/DROID/train_v8capinf/final/40297_exterior_image_1_left_pair0.png,/data/datasets/DROID/train_v8capinf/kontext/40297_exterior_image_1_left_pair0.png,"Follow the markers in the image: the green box marks the object to grasp, the blue dot marks where to place it. Show the scene after the object has been moved to the marked location. Pick up the object on the desktop. Place the object in the basin."
/data/datasets/DROID/train_v8capinf/final/10863_exterior_image_2_left_pair0.png,/data/datasets/DROID/train_v8capinf/kontext/10863_exterior_image_2_left_pair0.png,"Follow the markers in the image: the green box marks the object to grasp, the blue dot marks where to place it. Show the scene after the object has been moved to the marked location. Pick up the yellow block on the block. Place the yellow block on the green and dark blue blocks."
/data/datasets/DROID/train_v8capinf/final/30550_exterior_image_1_left_pair0.png,/data/datasets/DROID/train_v8capinf/kontext/30550_exterior_image_1_left_pair0.png,"Follow the markers in the image: the green box marks the object to grasp, the blue dot marks where to place it. Show the scene after the object has been moved to the marked location. Pick up the can on the countertop. Place the can inside the cabinet."
/data/datasets/DROID/train_v8capinf/final/21182_exterior_image_2_left_pair0.png,/data/datasets/DROID/train_v8capinf/kontext/21182_exterior_image_2_left_pair0.png,"Follow the markers in the image: the green box marks the object to grasp, the blue dot marks where to place it. Show the scene after the object has been moved to the marked location. Pick up the cup on the table. Place the cup on the tabletop."
/data/datasets/DROID/train_v8capinf/final/60654_exterior_image_2_left_pair0.png,/data/datasets/DROID/train_v8capinf/kontext/60654_exterior_image_2_left_pair0.png,"Follow the markers in the image: the green box marks the object to grasp, the blue dot marks where to place it. Show the scene after the object has been moved to the marked location. Pick up the object on the table. Place the bottle in the drawer."
/data/datasets/DROID/train_v8capinf/final/25606_exterior_image_2_left_pair0.png,/data/datasets/DROID/train_v8capinf/kontext/25606_exterior_image_2_left_pair0.png,"Follow the markers in the image: the green box marks the object to grasp, the blue dot marks where to place it. Show the scene after the object has been moved to the marked location. Pick up the object on the table. Place the object in the red container."
/data/datasets/DROID/train_v8capinf/final/11447_exterior_image_2_left_pair0.png,/data/datasets/DROID/train_v8capinf/kontext/11447_exterior_image_2_left_pair0.png,"Follow the markers in the image: the green box marks the object to grasp, the blue dot marks where to place it. Show the scene after the object has been moved to the marked location. Pick up the golden object on the table. Place the golden object in the blue cup."
/data/datasets/DROID/train_v8capinf/final/25767_exterior_image_2_left_pair0.png,/data/datasets/DROID/train_v8capinf/kontext/25767_exterior_image_2_left_pair0.png,"Follow the markers in the image: the green box marks the object to grasp, the blue dot marks where to place it. Show the scene after the object has been moved to the marked location. Pick up the can from the sink. Place the can on the counter."
/data/datasets/DROID/train_v8capinf/final/22764_exterior_image_2_left_pair0.png,/data/datasets/DROID/train_v8capinf/kontext/22764_exterior_image_2_left_pair0.png,"Follow the markers in the image: the green box marks the object to grasp, the blue dot marks where to place it. Show the scene after the object has been moved to the marked location. Pick up the gray object on the countertop. Place the gray object in the sink."
/data/datasets/DROID/train_v8capinf/final/20591_exterior_image_1_left_pair0.png,/data/datasets/DROID/train_v8capinf/kontext/20591_exterior_image_1_left_pair0.png,"Follow the markers in the image: the green box marks the object to grasp, the blue dot marks where to place it. Show the scene after the object has been moved to the marked location. Pick up the bowl on the table. Place the blue bowl on top of the air fryer."
/data/datasets/DROID/train_v8capinf/final/20591_exterior_image_1_left_pair1.png,/data/datasets/DROID/train_v8capinf/kontext/20591_exterior_image_1_left_pair1.png,"Follow the markers in the image: the green box marks the object to grasp, the blue dot marks where to place it. Show the scene after the object has been moved to the marked location. Pick up the blue bowl on top of the air fryer. Place the blue bowl on the table."
/data/datasets/DROID/train_v8capinf/final/12493_exterior_image_1_left_pair0.png,/data/datasets/DROID/train_v8capinf/kontext/12493_exterior_image_1_left_pair0.png,"Follow the markers in the image: the green box marks the object to grasp, the blue dot marks where to place it. Show the scene after the object has been moved to the marked location. Pick up the snack bar on the side table. Place the snack bar in the sink."
/data/datasets/DROID/train_v8capinf/final/19019_exterior_image_1_left_pair0.png,/data/datasets/DROID/train_v8capinf/kontext/19019_exterior_image_1_left_pair0.png,"Follow the markers in the image: the green box marks the object to grasp, the blue dot marks where to place it. Show the scene after the object has been moved to the marked location. Pick up the can from the table. Place the can on the metal item."
/data/datasets/DROID/train_v8capinf/final/10973_exterior_image_1_left_pair0.png,/data/datasets/DROID/train_v8capinf/kontext/10973_exterior_image_1_left_pair0.png,"Follow the markers in the image: the green box marks the object to grasp, the blue dot marks where to place it. Show the scene after the object has been moved to the marked location. Pick up the marker from the cup. Place the marker on the table."
/data/datasets/DROID/train_v8capinf/final/21503_exterior_image_2_left_pair0.png,/data/datasets/DROID/train_v8capinf/kontext/21503_exterior_image_2_left_pair0.png,"Follow the markers in the image: the green box marks the object to grasp, the blue dot marks where to place it. Show the scene after the object has been moved to the marked location. Pick up the marker from the table. Place the marker in the bowl."
/data/datasets/DROID/train_v8capinf/final/21373_exterior_image_1_left_pair0.png,/data/datasets/DROID/train_v8capinf/kontext/21373_exterior_image_1_left_pair0.png,"Follow the markers in the image: the green box marks the object to grasp, the blue dot marks where to place it. Show the scene after the object has been moved to the marked location. Pick up the object in the sink. Place the object on the sink."
/data/datasets/DROID/train_v8capinf/final/26589_exterior_image_1_left_pair0.png,/data/datasets/DROID/train_v8capinf/kontext/26589_exterior_image_1_left_pair0.png,"Follow the markers in the image: the green box marks the object to grasp, the blue dot marks where to place it. Show the scene after the object has been moved to the marked location. Pick up the white rope from the table. Place the white rope on the black board."
/data/datasets/DROID/train_v8capinf/final/15109_exterior_image_1_left_pair0.png,/data/datasets/DROID/train_v8capinf/kontext/15109_exterior_image_1_left_pair0.png,"Follow the markers in the image: the green box marks the object to grasp, the blue dot marks where to place it. Show the scene after the object has been moved to the marked location. Pick up the light blue cup from the sink. Place the cup in the orange cup."
/data/datasets/DROID/train_v8capinf/final/219_exterior_image_1_left_pair0.png,/data/datasets/DROID/train_v8capinf/kontext/219_exterior_image_1_left_pair0.png,"Follow the markers in the image: the green box marks the object to grasp, the blue dot marks where to place it. Show the scene after the object has been moved to the marked location. Pick up the object from the tray. Place the object on the desktop."
/data/datasets/DROID/train_v8capinf/final/19111_exterior_image_1_left_pair0.png,/data/datasets/DROID/train_v8capinf/kontext/19111_exterior_image_1_left_pair0.png,"Follow the markers in the image: the green box marks the object to grasp, the blue dot marks where to place it. Show the scene after the object has been moved to the marked location. Pick up the tulip plush toy on the table. Place the tulip plush toy inside the white bowl."
/data/datasets/DROID/train_v8capinf/final/38795_exterior_image_2_left_pair0.png,/data/datasets/DROID/train_v8capinf/kontext/38795_exterior_image_2_left_pair0.png,"Follow the markers in the image: the green box marks the object to grasp, the blue dot marks where to place it. Show the scene after the object has been moved to the marked location. Pick up the first cup on the table. Place the first cup on top of the second cup."
/data/datasets/DROID/train_v8capinf/final/11952_exterior_image_1_left_pair0.png,/data/datasets/DROID/train_v8capinf/kontext/11952_exterior_image_1_left_pair0.png,"Follow the markers in the image: the green box marks the object to grasp, the blue dot marks where to place it. Show the scene after the object has been moved to the marked location. Pick up the marker on the table. Place the marker into the bowl."
/data/datasets/DROID/train_v8capinf/final/14897_exterior_image_2_left_pair0.png,/data/datasets/DROID/train_v8capinf/kontext/14897_exterior_image_2_left_pair0.png,"Follow the markers in the image: the green box marks the object to grasp, the blue dot marks where to place it. Show the scene after the object has been moved to the marked location. Pick up the grapes from the top of the stove. Place the grapes in the pot in the sink."
/data/datasets/DROID/train_v8capinf/final/16495_exterior_image_2_left_pair0.png,/data/datasets/DROID/train_v8capinf/kontext/16495_exterior_image_2_left_pair0.png,"Follow the markers in the image: the green box marks the object to grasp, the blue dot marks where to place it. Show the scene after the object has been moved to the marked location. Pick up the bottle from the bowl. Place the bottle in the upper layer of the tray."
/data/datasets/DROID/train_v8capinf/final/34185_exterior_image_1_left_pair0.png,/data/datasets/DROID/train_v8capinf/kontext/34185_exterior_image_1_left_pair0.png,"Follow the markers in the image: the green box marks the object to grasp, the blue dot marks where to place it. Show the scene after the object has been moved to the marked location. Pick up the orange block on the table. Place the orange block on the green block."
/data/datasets/DROID/train_v8capinf/final/13944_exterior_image_2_left_pair0.png,/data/datasets/DROID/train_v8capinf/kontext/13944_exterior_image_2_left_pair0.png,"Follow the markers in the image: the green box marks the object to grasp, the blue dot marks where to place it. Show the scene after the object has been moved to the marked location. Pick up the cup from the table. Place the cup near the center of the table."
/data/datasets/DROID/train_v8capinf/final/24515_exterior_image_1_left_pair0.png,/data/datasets/DROID/train_v8capinf/kontext/24515_exterior_image_1_left_pair0.png,"Follow the markers in the image: the green box marks the object to grasp, the blue dot marks where to place it. Show the scene after the object has been moved to the marked location. Pick up the salt cellar on the table. Place the salt cellar on the table."
/data/datasets/DROID/train_v8capinf/final/29276_exterior_image_1_left_pair0.png,/data/datasets/DROID/train_v8capinf/kontext/29276_exterior_image_1_left_pair0.png,"Follow the markers in the image: the green box marks the object to grasp, the blue dot marks where to place it. Show the scene after the object has been moved to the marked location. Pick up the banana plush toy from the plate. Place the banana plush toy in the box."
/data/datasets/DROID/train_v8capinf/final/65949_exterior_image_2_left_pair0.png,/data/datasets/DROID/train_v8capinf/kontext/65949_exterior_image_2_left_pair0.png,"Follow the markers in the image: the green box marks the object to grasp, the blue dot marks where to place it. Show the scene after the object has been moved to the marked location. Pick up the marker on the table. Place the marker in the bowl."
/data/datasets/DROID/train_v8capinf/final/22725_exterior_image_2_left_pair0.png,/data/datasets/DROID/train_v8capinf/kontext/22725_exterior_image_2_left_pair0.png,"Follow the markers in the image: the green box marks the object to grasp, the blue dot marks where to place it. Show the scene after the object has been moved to the marked location. Pick up the pineapple plush toy from the box. Place the pineapple plush toy at the designated position."
/data/datasets/DROID/train_v8capinf/final/29138_exterior_image_1_left_pair0.png,/data/datasets/DROID/train_v8capinf/kontext/29138_exterior_image_1_left_pair0.png,"Follow the markers in the image: the green box marks the object to grasp, the blue dot marks where to place it. Show the scene after the object has been moved to the marked location. Pick up the jar on the table. Place the jar on the gray object."
/data/datasets/DROID/train_v8capinf/final/11602_exterior_image_1_left_pair0.png,/data/datasets/DROID/train_v8capinf/kontext/11602_exterior_image_1_left_pair0.png,"Follow the markers in the image: the green box marks the object to grasp, the blue dot marks where to place it. Show the scene after the object has been moved to the marked location. Pick up the carrot from the table. Place the carrot on the silver pot."
/data/datasets/DROID/train_v8capinf/final/90815_exterior_image_1_left_pair0.png,/data/datasets/DROID/train_v8capinf/kontext/90815_exterior_image_1_left_pair0.png,"Follow the markers in the image: the green box marks the object to grasp, the blue dot marks where to place it. Show the scene after the object has been moved to the marked location. Pick up the towel on the table. Place the white and brown towels on the tray."
/data/datasets/DROID/train_v8capinf/final/90815_exterior_image_1_left_pair1.png,/data/datasets/DROID/train_v8capinf/kontext/90815_exterior_image_1_left_pair1.png,"Follow the markers in the image: the green box marks the object to grasp, the blue dot marks where to place it. Show the scene after the object has been moved to the marked location. Pick up the towel on the table. Place the white and brown towels on the tray."
/data/datasets/DROID/train_v8capinf/final/90971_exterior_image_2_left_pair0.png,/data/datasets/DROID/train_v8capinf/kontext/90971_exterior_image_2_left_pair0.png,"Follow the markers in the image: the green box marks the object to grasp, the blue dot marks where to place it. Show the scene after the object has been moved to the marked location. Pick up the orange block on the table. Place the orange block on top of the green block."
/data/datasets/DROID/train_v8capinf/final/3600_exterior_image_2_left_pair0.png,/data/datasets/DROID/train_v8capinf/kontext/3600_exterior_image_2_left_pair0.png,"Follow the markers in the image: the green box marks the object to grasp, the blue dot marks where to place it. Show the scene after the object has been moved to the marked location. Pick up the can from the table. Place the can on the metal item."
/data/datasets/DROID/train_v8capinf/final/41788_exterior_image_1_left_pair0.png,/data/datasets/DROID/train_v8capinf/kontext/41788_exterior_image_1_left_pair0.png,"Follow the markers in the image: the green box marks the object to grasp, the blue dot marks where to place it. Show the scene after the object has been moved to the marked location. Pick up the green cloth on the counter. Place the green cloth at the desired position on the counter."
/data/datasets/DROID/train_v8capinf/final/36127_exterior_image_1_left_pair0.png,/data/datasets/DROID/train_v8capinf/kontext/36127_exterior_image_1_left_pair0.png,"Follow the markers in the image: the green box marks the object to grasp, the blue dot marks where to place it. Show the scene after the object has been moved to the marked location. Pick up the first drink from the tray. Place the first drink on the tabletop."
/data/datasets/DROID/train_v8capinf/final/36127_exterior_image_1_left_pair1.png,/data/datasets/DROID/train_v8capinf/kontext/36127_exterior_image_1_left_pair1.png,"Follow the markers in the image: the green box marks the object to grasp, the blue dot marks where to place it. Show the scene after the object has been moved to the marked location. Pick up the second drink from the tray. Place the second drink on the tabletop."
/data/datasets/DROID/train_v8capinf/final/41494_exterior_image_2_left_pair0.png,/data/datasets/DROID/train_v8capinf/kontext/41494_exterior_image_2_left_pair0.png,"Follow the markers in the image: the green box marks the object to grasp, the blue dot marks where to place it. Show the scene after the object has been moved to the marked location. Pick up the cup from the table. Place the cup in the center of the table."
/data/datasets/DROID/train_v8capinf/final/16944_exterior_image_2_left_pair0.png,/data/datasets/DROID/train_v8capinf/kontext/16944_exterior_image_2_left_pair0.png,"Follow the markers in the image: the green box marks the object to grasp, the blue dot marks where to place it. Show the scene after the object has been moved to the marked location. Pick up the blue sponge from the sink. Place the blue sponge in the bottom cabinet."
/data/datasets/DROID/train_v8capinf/final/2321_exterior_image_1_left_pair0.png,/data/datasets/DROID/train_v8capinf/kontext/2321_exterior_image_1_left_pair0.png,"Follow the markers in the image: the green box marks the object to grasp, the blue dot marks where to place it. Show the scene after the object has been moved to the marked location. Pick up the toy in the white pot. Place the toy in the white pot."
/data/datasets/DROID/train_v8capinf/final/10664_exterior_image_2_left_pair0.png,/data/datasets/DROID/train_v8capinf/kontext/10664_exterior_image_2_left_pair0.png,"Follow the markers in the image: the green box marks the object to grasp, the blue dot marks where to place it. Show the scene after the object has been moved to the marked location. Pick up the pen from the cup. Place the pen on the table."
/data/datasets/DROID/train_v8capinf/final/35777_exterior_image_2_left_pair0.png,/data/datasets/DROID/train_v8capinf/kontext/35777_exterior_image_2_left_pair0.png,"Follow the markers in the image: the green box marks the object to grasp, the blue dot marks where to place it. Show the scene after the object has been moved to the marked location. Pick up the blue plush toy from the top shelf of the fridge. Place the blue plush toy on the bottom shelf of the fridge."
/data/datasets/DROID/train_v8capinf/final/1264_exterior_image_1_left_pair0.png,/data/datasets/DROID/train_v8capinf/kontext/1264_exterior_image_1_left_pair0.png,"Follow the markers in the image: the green box marks the object to grasp, the blue dot marks where to place it. Show the scene after the object has been moved to the marked location. Pick up the soda can from the sink. Place the soda can on the counter."
/data/datasets/DROID/train_v8capinf/final/19602_exterior_image_1_left_pair0.png,/data/datasets/DROID/train_v8capinf/kontext/19602_exterior_image_1_left_pair0.png,"Follow the markers in the image: the green box marks the object to grasp, the blue dot marks where to place it. Show the scene after the object has been moved to the marked location. Pick up the jar in the sink. Place the jar on the tabletop."
/data/datasets/DROID/train_v8capinf/final/59848_exterior_image_2_left_pair0.png,/data/datasets/DROID/train_v8capinf/kontext/59848_exterior_image_2_left_pair0.png,"Follow the markers in the image: the green box marks the object to grasp, the blue dot marks where to place it. Show the scene after the object has been moved to the marked location. Pick up the yellow cube on the table. Place the yellow cube in the bowl."
/data/datasets/DROID/train_v8capinf/final/29349_exterior_image_1_left_pair0.png,/data/datasets/DROID/train_v8capinf/kontext/29349_exterior_image_1_left_pair0.png,"Follow the markers in the image: the green box marks the object to grasp, the blue dot marks where to place it. Show the scene after the object has been moved to the marked location. Pick up the banana toy from the basket. Place the banana toy on the plate."
/data/datasets/DROID/train_v8capinf/final/38372_exterior_image_1_left_pair0.png,/data/datasets/DROID/train_v8capinf/kontext/38372_exterior_image_1_left_pair0.png,"Follow the markers in the image: the green box marks the object to grasp, the blue dot marks where to place it. Show the scene after the object has been moved to the marked location. Pick up the small bottle from the container. Place the small bottle on the table."
/data/datasets/DROID/train_v8capinf/final/14022_exterior_image_2_left_pair0.png,/data/datasets/DROID/train_v8capinf/kontext/14022_exterior_image_2_left_pair0.png,"Follow the markers in the image: the green box marks the object to grasp, the blue dot marks where to place it. Show the scene after the object has been moved to the marked location. Pick up the lid from the pot. Place the lid on the table."
/data/datasets/DROID/train_v8capinf/final/11265_exterior_image_2_left_pair0.png,/data/datasets/DROID/train_v8capinf/kontext/11265_exterior_image_2_left_pair0.png,"Follow the markers in the image: the green box marks the object to grasp, the blue dot marks where to place it. Show the scene after the object has been moved to the marked location. Pick up the beige bowl from the table. Place the beige bowl in the new position."
/data/datasets/DROID/train_v8capinf/final/15706_exterior_image_1_left_pair0.png,/data/datasets/DROID/train_v8capinf/kontext/15706_exterior_image_1_left_pair0.png,"Follow the markers in the image: the green box marks the object to grasp, the blue dot marks where to place it. Show the scene after the object has been moved to the marked location. Pick up the pen on the table. Place the pen in the new position on the table."
/data/datasets/DROID/train_v8capinf/final/14772_exterior_image_1_left_pair1.png,/data/datasets/DROID/train_v8capinf/kontext/14772_exterior_image_1_left_pair1.png,"Follow the markers in the image: the green box marks the object to grasp, the blue dot marks where to place it. Show the scene after the object has been moved to the marked location. Pick up the second shirt at the edge of the box. Place the second shirt inside the box."
/data/datasets/DROID/train_v8capinf/final/16916_exterior_image_2_left_pair0.png,/data/datasets/DROID/train_v8capinf/kontext/16916_exterior_image_2_left_pair0.png,"Follow the markers in the image: the green box marks the object to grasp, the blue dot marks where to place it. Show the scene after the object has been moved to the marked location. Pick up the toy in the box. Place the toy on the shelf."
/data/datasets/DROID/train_v8capinf/final/37995_exterior_image_2_left_pair0.png,/data/datasets/DROID/train_v8capinf/kontext/37995_exterior_image_2_left_pair0.png,"Follow the markers in the image: the green box marks the object to grasp, the blue dot marks where to place it. Show the scene after the object has been moved to the marked location. Pick up the lid on the pot. Place the lid on the pot."
/data/datasets/DROID/train_v8capinf/final/16202_exterior_image_1_left_pair0.png,/data/datasets/DROID/train_v8capinf/kontext/16202_exterior_image_1_left_pair0.png,"Follow the markers in the image: the green box marks the object to grasp, the blue dot marks where to place it. Show the scene after the object has been moved to the marked location. Pick up the brown drink from the tabletop. Place the brown drink in the sink."
/data/datasets/DROID/train_v8capinf/final/14335_exterior_image_1_left_pair0.png,/data/datasets/DROID/train_v8capinf/kontext/14335_exterior_image_1_left_pair0.png,"Follow the markers in the image: the green box marks the object to grasp, the blue dot marks where to place it. Show the scene after the object has been moved to the marked location. Pick up the bottle on the table. Place the bottle on the box."
/data/datasets/DROID/train_v8capinf/final/12272_exterior_image_1_left_pair0.png,/data/datasets/DROID/train_v8capinf/kontext/12272_exterior_image_1_left_pair0.png,"Follow the markers in the image: the green box marks the object to grasp, the blue dot marks where to place it. Show the scene after the object has been moved to the marked location. Pick up the object on the table. Place the object in the center of the table."
/data/datasets/DROID/train_v8capinf/final/1145_exterior_image_1_left_pair0.png,/data/datasets/DROID/train_v8capinf/kontext/1145_exterior_image_1_left_pair0.png,"Follow the markers in the image: the green box marks the object to grasp, the blue dot marks where to place it. Show the scene after the object has been moved to the marked location. Pick up the object in the box. Place the object on the tabletop."
/data/datasets/DROID/train_v8capinf/final/40517_exterior_image_2_left_pair0.png,/data/datasets/DROID/train_v8capinf/kontext/40517_exterior_image_2_left_pair0.png,"Follow the markers in the image: the green box marks the object to grasp, the blue dot marks where to place it. Show the scene after the object has been moved to the marked location. Pick up the blue toy from the hook. Place the blue toy on the table."
/data/datasets/DROID/train_v8capinf/final/21159_exterior_image_1_left_pair0.png,/data/datasets/DROID/train_v8capinf/kontext/21159_exterior_image_1_left_pair0.png,"Follow the markers in the image: the green box marks the object to grasp, the blue dot marks where to place it. Show the scene after the object has been moved to the marked location. Pick up the marker from the table. Place the marker in the cup."
/data/datasets/DROID/train_v8capinf/final/78960_exterior_image_1_left_pair0.png,/data/datasets/DROID/train_v8capinf/kontext/78960_exterior_image_1_left_pair0.png,"Follow the markers in the image: the green box marks the object to grasp, the blue dot marks where to place it. Show the scene after the object has been moved to the marked location. Pick up the drink on the table. Place the drink in the drawer."
/data/datasets/DROID/train_v8capinf/final/80483_exterior_image_2_left_pair0.png,/data/datasets/DROID/train_v8capinf/kontext/80483_exterior_image_2_left_pair0.png,"Follow the markers in the image: the green box marks the object to grasp, the blue dot marks where to place it. Show the scene after the object has been moved to the marked location. Pick up the marker from the table. Place the marker inside the cup."
/data/datasets/DROID/train_v8capinf/final/26264_exterior_image_1_left_pair0.png,/data/datasets/DROID/train_v8capinf/kontext/26264_exterior_image_1_left_pair0.png,"Follow the markers in the image: the green box marks the object to grasp, the blue dot marks where to place it. Show the scene after the object has been moved to the marked location. Pick up the granola bar from the counter. Place the granola bar in the cabinet above."
/data/datasets/DROID/train_v8capinf/final/53403_exterior_image_2_left_pair0.png,/data/datasets/DROID/train_v8capinf/kontext/53403_exterior_image_2_left_pair0.png,"Follow the markers in the image: the green box marks the object to grasp, the blue dot marks where to place it. Show the scene after the object has been moved to the marked location. Pick up the blue hanger on the table. Place the blue hanger on the black pole."
/data/datasets/DROID/train_v8capinf/final/47006_exterior_image_2_left_pair0.png,/data/datasets/DROID/train_v8capinf/kontext/47006_exterior_image_2_left_pair0.png,"Follow the markers in the image: the green box marks the object to grasp, the blue dot marks where to place it. Show the scene after the object has been moved to the marked location. Take off the charger head beside the extension cord. Place the charger head in the slot on the extension cord."
/data/datasets/DROID/train_v8capinf/final/13260_exterior_image_1_left_pair0.png,/data/datasets/DROID/train_v8capinf/kontext/13260_exterior_image_1_left_pair0.png,"Follow the markers in the image: the green box marks the object to grasp, the blue dot marks where to place it. Show the scene after the object has been moved to the marked location. Pick up the green object from the countertop. Place the green object on the first shelf."
/data/datasets/DROID/train_v8capinf/final/5570_exterior_image_1_left_pair0.png,/data/datasets/DROID/train_v8capinf/kontext/5570_exterior_image_1_left_pair0.png,"Follow the markers in the image: the green box marks the object to grasp, the blue dot marks where to place it. Show the scene after the object has been moved to the marked location. Pick up the bottle on the table. Place the bottle inside the white bowl."
/data/datasets/DROID/train_v8capinf/final/21633_exterior_image_2_left_pair0.png,/data/datasets/DROID/train_v8capinf/kontext/21633_exterior_image_2_left_pair0.png,"Follow the markers in the image: the green box marks the object to grasp, the blue dot marks where to place it. Show the scene after the object has been moved to the marked location. Pick up the green plush toy from the red bowl. Place the green plush toy on the countertop."
/data/datasets/DROID/train_v8capinf/final/11227_exterior_image_1_left_pair0.png,/data/datasets/DROID/train_v8capinf/kontext/11227_exterior_image_1_left_pair0.png,"Follow the markers in the image: the green box marks the object to grasp, the blue dot marks where to place it. Show the scene after the object has been moved to the marked location. Pick up the orange cup from the table. Place the orange cup in the black bowl."
/data/datasets/DROID/train_v8capinf/final/58441_exterior_image_1_left_pair0.png,/data/datasets/DROID/train_v8capinf/kontext/58441_exterior_image_1_left_pair0.png,"Follow the markers in the image: the green box marks the object to grasp, the blue dot marks where to place it. Show the scene after the object has been moved to the marked location. Pick up the marker from the table. Place the marker in the bowl."
/data/datasets/DROID/train_v8capinf/final/43383_exterior_image_2_left_pair0.png,/data/datasets/DROID/train_v8capinf/kontext/43383_exterior_image_2_left_pair0.png,"Follow the markers in the image: the green box marks the object to grasp, the blue dot marks where to place it. Show the scene after the object has been moved to the marked location. Pick up the packaging bag on the countertop. Place the packaging bag in the sink."
/data/datasets/DROID/train_v8capinf/final/23037_exterior_image_2_left_pair0.png,/data/datasets/DROID/train_v8capinf/kontext/23037_exterior_image_2_left_pair0.png,"Follow the markers in the image: the green box marks the object to grasp, the blue dot marks where to place it. Show the scene after the object has been moved to the marked location. Pick up the marker on the table. Place the marker in the bowl."
/data/datasets/DROID/train_v8capinf/final/2323_exterior_image_2_left_pair1.png,/data/datasets/DROID/train_v8capinf/kontext/2323_exterior_image_2_left_pair1.png,"Follow the markers in the image: the green box marks the object to grasp, the blue dot marks where to place it. Show the scene after the object has been moved to the marked location. Pick up the second water bottle on the counter. Place the second water bottle on the top part of the counter."
/data/datasets/DROID/train_v8capinf/final/13149_exterior_image_1_left_pair0.png,/data/datasets/DROID/train_v8capinf/kontext/13149_exterior_image_1_left_pair0.png,"Follow the markers in the image: the green box marks the object to grasp, the blue dot marks where to place it. Show the scene after the object has been moved to the marked location. Pick up the orange cup on the table. Place the orange cup in the black bowl."
/data/datasets/DROID/train_v8capinf/final/12382_exterior_image_2_left_pair0.png,/data/datasets/DROID/train_v8capinf/kontext/12382_exterior_image_2_left_pair0.png,"Follow the markers in the image: the green box marks the object to grasp, the blue dot marks where to place it. Show the scene after the object has been moved to the marked location. Pick up the green object from the table. Place the green object on the pot."
/data/datasets/DROID/train_v8capinf/final/16746_exterior_image_2_left_pair0.png,/data/datasets/DROID/train_v8capinf/kontext/16746_exterior_image_2_left_pair0.png,"Follow the markers in the image: the green box marks the object to grasp, the blue dot marks where to place it. Show the scene after the object has been moved to the marked location. Pick up the fork from the table. Place the fork in the drawer."
/data/datasets/DROID/train_v8capinf/final/21756_exterior_image_2_left_pair0.png,/data/datasets/DROID/train_v8capinf/kontext/21756_exterior_image_2_left_pair0.png,"Follow the markers in the image: the green box marks the object to grasp, the blue dot marks where to place it. Show the scene after the object has been moved to the marked location. Pick up the marker on the table. Place the marker on the towel."
/data/datasets/DROID/train_v8capinf/final/10837_exterior_image_1_left_pair0.png,/data/datasets/DROID/train_v8capinf/kontext/10837_exterior_image_1_left_pair0.png,"Follow the markers in the image: the green box marks the object to grasp, the blue dot marks where to place it. Show the scene after the object has been moved to the marked location. Pick up the orange ring from the surface of the wooden platform. Place the orange ring on the wooden platform."
/data/datasets/DROID/train_v8capinf/final/32666_exterior_image_1_left_pair0.png,/data/datasets/DROID/train_v8capinf/kontext/32666_exterior_image_1_left_pair0.png,"Follow the markers in the image: the green box marks the object to grasp, the blue dot marks where to place it. Show the scene after the object has been moved to the marked location. Pick up the cup from the table. Place the cup in the middle of the table."
/data/datasets/DROID/train_v8capinf/final/82874_exterior_image_1_left_pair0.png,/data/datasets/DROID/train_v8capinf/kontext/82874_exterior_image_1_left_pair0.png,"Follow the markers in the image: the green box marks the object to grasp, the blue dot marks where to place it. Show the scene after the object has been moved to the marked location. Pick up the brown clothing on the table. Place the brown clothing on the back of the chair."
/data/datasets/DROID/train_v8capinf/final/9397_exterior_image_1_left_pair0.png,/data/datasets/DROID/train_v8capinf/kontext/9397_exterior_image_1_left_pair0.png,"Follow the markers in the image: the green box marks the object to grasp, the blue dot marks where to place it. Show the scene after the object has been moved to the marked location. Pick up the cup from the sink. Place the cup on the countertop."
/data/datasets/DROID/train_v8capinf/final/32064_exterior_image_2_left_pair0.png,/data/datasets/DROID/train_v8capinf/kontext/32064_exterior_image_2_left_pair0.png,"Follow the markers in the image: the green box marks the object to grasp, the blue dot marks where to place it. Show the scene after the object has been moved to the marked location. Pick up the object. Place the white object in the red cup."
/data/datasets/DROID/train_v8capinf/final/60705_exterior_image_1_left_pair0.png,/data/datasets/DROID/train_v8capinf/kontext/60705_exterior_image_1_left_pair0.png,"Follow the markers in the image: the green box marks the object to grasp, the blue dot marks where to place it. Show the scene after the object has been moved to the marked location. Pick up the tablecloth on the table. Place the unfolded tablecloth on the table."
/data/datasets/DROID/train_v8capinf/final/74682_exterior_image_1_left_pair0.png,/data/datasets/DROID/train_v8capinf/kontext/74682_exterior_image_1_left_pair0.png,"Follow the markers in the image: the green box marks the object to grasp, the blue dot marks where to place it. Show the scene after the object has been moved to the marked location. Pick up the marker from the desktop. Place the pen in the cup."
/data/datasets/DROID/train_v8capinf/final/7524_exterior_image_1_left_pair0.png,/data/datasets/DROID/train_v8capinf/kontext/7524_exterior_image_1_left_pair0.png,"Follow the markers in the image: the green box marks the object to grasp, the blue dot marks where to place it. Show the scene after the object has been moved to the marked location. Pick up the marker from the table. Place the marker in the bowl."
/data/datasets/DROID/train_v8capinf/final/87972_exterior_image_1_left_pair0.png,/data/datasets/DROID/train_v8capinf/kontext/87972_exterior_image_1_left_pair0.png,"Follow the markers in the image: the green box marks the object to grasp, the blue dot marks where to place it. Show the scene after the object has been moved to the marked location. Pick up the marker on the blue table. Place the marker in the bowl."
/data/datasets/DROID/train_v8capinf/final/47121_exterior_image_2_left_pair0.png,/data/datasets/DROID/train_v8capinf/kontext/47121_exterior_image_2_left_pair0.png,"Follow the markers in the image: the green box marks the object to grasp, the blue dot marks where to place it. Show the scene after the object has been moved to the marked location. Pick up the marker on the table. Place the marker on the cloth on the table."
/data/datasets/DROID/train_v8capinf/final/47121_exterior_image_2_left_pair1.png,/data/datasets/DROID/train_v8capinf/kontext/47121_exterior_image_2_left_pair1.png,"Follow the markers in the image: the green box marks the object to grasp, the blue dot marks where to place it. Show the scene after the object has been moved to the marked location. Pick up the folded cloth from the table. Place the folded cloth into the box."
/data/datasets/DROID/train_v8capinf/final/25804_exterior_image_2_left_pair0.png,/data/datasets/DROID/train_v8capinf/kontext/25804_exterior_image_2_left_pair0.png,"Follow the markers in the image: the green box marks the object to grasp, the blue dot marks where to place it. Show the scene after the object has been moved to the marked location. Pick up the ring from the table. Place the ring in the cylinder."
/data/datasets/DROID/train_v8capinf/final/12062_exterior_image_2_left_pair0.png,/data/datasets/DROID/train_v8capinf/kontext/12062_exterior_image_2_left_pair0.png,"Follow the markers in the image: the green box marks the object to grasp, the blue dot marks where to place it. Show the scene after the object has been moved to the marked location. Pick up the blue cloth from the back of the chair. Place the blue cloth on the tabletop."
/data/datasets/DROID/train_v8capinf/final/79670_exterior_image_1_left_pair2.png,/data/datasets/DROID/train_v8capinf/kontext/79670_exterior_image_1_left_pair2.png,"Follow the markers in the image: the green box marks the object to grasp, the blue dot marks where to place it. Show the scene after the object has been moved to the marked location. Pick up the jar on the table. Place the jar on the plate."
/data/datasets/DROID/train_v8capinf/final/79670_exterior_image_1_left_pair3.png,/data/datasets/DROID/train_v8capinf/kontext/79670_exterior_image_1_left_pair3.png,"Follow the markers in the image: the green box marks the object to grasp, the blue dot marks where to place it. Show the scene after the object has been moved to the marked location. Pick up the jar on the table. Place the jar on the plate."
/data/datasets/DROID/train_v8capinf/final/34077_exterior_image_1_left_pair0.png,/data/datasets/DROID/train_v8capinf/kontext/34077_exterior_image_1_left_pair0.png,"Follow the markers in the image: the green box marks the object to grasp, the blue dot marks where to place it. Show the scene after the object has been moved to the marked location. Pick up the measuring cup from the table. Place the measuring cup at the center of the table."
/data/datasets/DROID/train_v8capinf/final/13597_exterior_image_2_left_pair0.png,/data/datasets/DROID/train_v8capinf/kontext/13597_exterior_image_2_left_pair0.png,"Follow the markers in the image: the green box marks the object to grasp, the blue dot marks where to place it. Show the scene after the object has been moved to the marked location. Pick up the brown packet from the sink. Place the brown packet inside the sink."
/data/datasets/DROID/train_v8capinf/final/12629_exterior_image_2_left_pair0.png,/data/datasets/DROID/train_v8capinf/kontext/12629_exterior_image_2_left_pair0.png,"Follow the markers in the image: the green box marks the object to grasp, the blue dot marks where to place it. Show the scene after the object has been moved to the marked location. Pick up the orange item on the table. Place the orange item in the cup."
/data/datasets/DROID/train_v8capinf/final/29492_exterior_image_1_left_pair0.png,/data/datasets/DROID/train_v8capinf/kontext/29492_exterior_image_1_left_pair0.png,"Follow the markers in the image: the green box marks the object to grasp, the blue dot marks where to place it. Show the scene after the object has been moved to the marked location. Pick up the plastic cup from the table. Place the plastic cup at the spout of the water dispenser."
/data/datasets/DROID/train_v8capinf/final/28990_exterior_image_2_left_pair0.png,/data/datasets/DROID/train_v8capinf/kontext/28990_exterior_image_2_left_pair0.png,"Follow the markers in the image: the green box marks the object to grasp, the blue dot marks where to place it. Show the scene after the object has been moved to the marked location. Pick up the tape on the table. Place the tape in the open drawer."
/data/datasets/DROID/train_v8capinf/final/28990_exterior_image_2_left_pair1.png,/data/datasets/DROID/train_v8capinf/kontext/28990_exterior_image_2_left_pair1.png,"Follow the markers in the image: the green box marks the object to grasp, the blue dot marks where to place it. Show the scene after the object has been moved to the marked location. Pick up the white object on the table. Place the white object in the open drawer."
/data/datasets/DROID/train_v8capinf/final/38172_exterior_image_2_left_pair0.png,/data/datasets/DROID/train_v8capinf/kontext/38172_exterior_image_2_left_pair0.png,"Follow the markers in the image: the green box marks the object to grasp, the blue dot marks where to place it. Show the scene after the object has been moved to the marked location. Pick up the can of fanta from the kitchen countertop. Place the can of fanta in the bottom drawer of the cabinet."
/data/datasets/DROID/train_v8capinf/final/24416_exterior_image_2_left_pair0.png,/data/datasets/DROID/train_v8capinf/kontext/24416_exterior_image_2_left_pair0.png,"Follow the markers in the image: the green box marks the object to grasp, the blue dot marks where to place it. Show the scene after the object has been moved to the marked location. Take up the lid of the pot. Place the lid of the pot on the table."
/data/datasets/DROID/train_v8capinf/final/16494_exterior_image_2_left_pair0.png,/data/datasets/DROID/train_v8capinf/kontext/16494_exterior_image_2_left_pair0.png,"Follow the markers in the image: the green box marks the object to grasp, the blue dot marks where to place it. Show the scene after the object has been moved to the marked location. Pick up the white rope on the table. Place the white rope on the table."
/data/datasets/DROID/train_v8capinf/final/18056_exterior_image_1_left_pair0.png,/data/datasets/DROID/train_v8capinf/kontext/18056_exterior_image_1_left_pair0.png,"Follow the markers in the image: the green box marks the object to grasp, the blue dot marks where to place it. Show the scene after the object has been moved to the marked location. Pick up the can from the sink. Place the can in the cabinet."
/data/datasets/DROID/train_v8capinf/final/23867_exterior_image_2_left_pair0.png,/data/datasets/DROID/train_v8capinf/kontext/23867_exterior_image_2_left_pair0.png,"Follow the markers in the image: the green box marks the object to grasp, the blue dot marks where to place it. Show the scene after the object has been moved to the marked location. Pick up the first orange object on the table. Place the orange object on the board."
/data/datasets/DROID/train_v8capinf/final/13771_exterior_image_1_left_pair0.png,/data/datasets/DROID/train_v8capinf/kontext/13771_exterior_image_1_left_pair0.png,"Follow the markers in the image: the green box marks the object to grasp, the blue dot marks where to place it. Show the scene after the object has been moved to the marked location. Pick up the broccoli toy from the bowl. Place the broccoli toy on the table."
/data/datasets/DROID/train_v8capinf/final/1858_exterior_image_2_left_pair0.png,/data/datasets/DROID/train_v8capinf/kontext/1858_exterior_image_2_left_pair0.png,"Follow the markers in the image: the green box marks the object to grasp, the blue dot marks where to place it. Show the scene after the object has been moved to the marked location. Pick up the pink object on the cabinet. Place the pink object on the cabinet."
/data/datasets/DROID/train_v8capinf/final/16106_exterior_image_2_left_pair0.png,/data/datasets/DROID/train_v8capinf/kontext/16106_exterior_image_2_left_pair0.png,"Follow the markers in the image: the green box marks the object to grasp, the blue dot marks where to place it. Show the scene after the object has been moved to the marked location. Pick up the cloth on the table. Place the cloth on the black stand."
/data/datasets/DROID/train_v8capinf/final/19540_exterior_image_1_left_pair0.png,/data/datasets/DROID/train_v8capinf/kontext/19540_exterior_image_1_left_pair0.png,"Follow the markers in the image: the green box marks the object to grasp, the blue dot marks where to place it. Show the scene after the object has been moved to the marked location. Pick up the purple plush toy from the sink. Place the purple plush toy in the pot."
/data/datasets/DROID/train_v8capinf/final/14724_exterior_image_2_left_pair0.png,/data/datasets/DROID/train_v8capinf/kontext/14724_exterior_image_2_left_pair0.png,"Follow the markers in the image: the green box marks the object to grasp, the blue dot marks where to place it. Show the scene after the object has been moved to the marked location. Pick up the pen from the cup. Place the pen on the tabletop."
/data/datasets/DROID/train_v8capinf/final/2960_exterior_image_1_left_pair0.png,/data/datasets/DROID/train_v8capinf/kontext/2960_exterior_image_1_left_pair0.png,"Follow the markers in the image: the green box marks the object to grasp, the blue dot marks where to place it. Show the scene after the object has been moved to the marked location. Pick up the pen from the table. Place the pen in the bowl."
/data/datasets/DROID/train_v8capinf/final/29455_exterior_image_1_left_pair0.png,/data/datasets/DROID/train_v8capinf/kontext/29455_exterior_image_1_left_pair0.png,"Follow the markers in the image: the green box marks the object to grasp, the blue dot marks where to place it. Show the scene after the object has been moved to the marked location. Pick up the cup on the tray. Place the cup at the bottom of the tray."
/data/datasets/DROID/train_v8capinf/final/2431_exterior_image_1_left_pair0.png,/data/datasets/DROID/train_v8capinf/kontext/2431_exterior_image_1_left_pair0.png,"Follow the markers in the image: the green box marks the object to grasp, the blue dot marks where to place it. Show the scene after the object has been moved to the marked location. Pick up the marker on the table. Place the marker on the table."
/data/datasets/DROID/train_v8capinf/final/58287_exterior_image_2_left_pair0.png,/data/datasets/DROID/train_v8capinf/kontext/58287_exterior_image_2_left_pair0.png,"Follow the markers in the image: the green box marks the object to grasp, the blue dot marks where to place it. Show the scene after the object has been moved to the marked location. Pick up the marker on the table. Place the marker into the transparent container."
/data/datasets/DROID/train_v8capinf/final/18883_exterior_image_1_left_pair0.png,/data/datasets/DROID/train_v8capinf/kontext/18883_exterior_image_1_left_pair0.png,"Follow the markers in the image: the green box marks the object to grasp, the blue dot marks where to place it. Show the scene after the object has been moved to the marked location. Pick up the pineapple plush toy from the table. Place the pineapple toy on the table."
/data/datasets/DROID/train_v8capinf/final/12275_exterior_image_2_left_pair0.png,/data/datasets/DROID/train_v8capinf/kontext/12275_exterior_image_2_left_pair0.png,"Follow the markers in the image: the green box marks the object to grasp, the blue dot marks where to place it. Show the scene after the object has been moved to the marked location. Pick up the cup in the sink. Place the cup on the tabletop."
/data/datasets/DROID/train_v8capinf/final/11214_exterior_image_2_left_pair0.png,/data/datasets/DROID/train_v8capinf/kontext/11214_exterior_image_2_left_pair0.png,"Follow the markers in the image: the green box marks the object to grasp, the blue dot marks where to place it. Show the scene after the object has been moved to the marked location. Pick up the bottle from the glass bowl. Place the bottle on the table."
/data/datasets/DROID/train_v8capinf/final/11812_exterior_image_2_left_pair0.png,/data/datasets/DROID/train_v8capinf/kontext/11812_exterior_image_2_left_pair0.png,"Follow the markers in the image: the green box marks the object to grasp, the blue dot marks where to place it. Show the scene after the object has been moved to the marked location. Pick up the clothes from the table. Place the clothes on the table."
/data/datasets/DROID/train_v8capinf/final/19827_exterior_image_1_left_pair0.png,/data/datasets/DROID/train_v8capinf/kontext/19827_exterior_image_1_left_pair0.png,"Follow the markers in the image: the green box marks the object to grasp, the blue dot marks where to place it. Show the scene after the object has been moved to the marked location. Pick up the fork on the table. Place the fork in front of the table."
/data/datasets/DROID/train_v8capinf/final/2825_exterior_image_2_left_pair1.png,/data/datasets/DROID/train_v8capinf/kontext/2825_exterior_image_2_left_pair1.png,"Follow the markers in the image: the green box marks the object to grasp, the blue dot marks where to place it. Show the scene after the object has been moved to the marked location. Pick up the second white object on the table. Place the second white object in the drawer."
/data/datasets/DROID/train_v8capinf/final/22753_exterior_image_1_left_pair1.png,/data/datasets/DROID/train_v8capinf/kontext/22753_exterior_image_1_left_pair1.png,"Follow the markers in the image: the green box marks the object to grasp, the blue dot marks where to place it. Show the scene after the object has been moved to the marked location. Pick up the spoon from the table. Place the spoon on the tabletop."
/data/datasets/DROID/train_v8capinf/final/15779_exterior_image_2_left_pair0.png,/data/datasets/DROID/train_v8capinf/kontext/15779_exterior_image_2_left_pair0.png,"Follow the markers in the image: the green box marks the object to grasp, the blue dot marks where to place it. Show the scene after the object has been moved to the marked location. Pick up the orange object on the table. Place the orange object on the wooden board."
/data/datasets/DROID/train_v8capinf/final/13130_exterior_image_1_left_pair0.png,/data/datasets/DROID/train_v8capinf/kontext/13130_exterior_image_1_left_pair0.png,"Follow the markers in the image: the green box marks the object to grasp, the blue dot marks where to place it. Show the scene after the object has been moved to the marked location. Pick up the object. Place the object in the clear container."
/data/datasets/DROID/train_v8capinf/final/17667_exterior_image_1_left_pair0.png,/data/datasets/DROID/train_v8capinf/kontext/17667_exterior_image_1_left_pair0.png,"Follow the markers in the image: the green box marks the object to grasp, the blue dot marks where to place it. Show the scene after the object has been moved to the marked location. Pick up the bag of Lays from the counter. Place the bag of Lays in the center of the bottom shelf of the cabinet."
/data/datasets/DROID/train_v8capinf/final/13859_exterior_image_1_left_pair0.png,/data/datasets/DROID/train_v8capinf/kontext/13859_exterior_image_1_left_pair0.png,"Follow the markers in the image: the green box marks the object to grasp, the blue dot marks where to place it. Show the scene after the object has been moved to the marked location. Pick up the silver pot on the table. Place the silver pot on the table."
/data/datasets/DROID/train_v8capinf/final/12781_exterior_image_1_left_pair0.png,/data/datasets/DROID/train_v8capinf/kontext/12781_exterior_image_1_left_pair0.png,"Follow the markers in the image: the green box marks the object to grasp, the blue dot marks where to place it. Show the scene after the object has been moved to the marked location. Pick up the marker from the green cup. Place the marker on the table."
/data/datasets/DROID/train_v8capinf/final/14092_exterior_image_1_left_pair0.png,/data/datasets/DROID/train_v8capinf/kontext/14092_exterior_image_1_left_pair0.png,"Follow the markers in the image: the green box marks the object to grasp, the blue dot marks where to place it. Show the scene after the object has been moved to the marked location. Pick up the object from the sink. Place the object on the counter."
/data/datasets/DROID/train_v8capinf/final/28669_exterior_image_2_left_pair0.png,/data/datasets/DROID/train_v8capinf/kontext/28669_exterior_image_2_left_pair0.png,"Follow the markers in the image: the green box marks the object to grasp, the blue dot marks where to place it. Show the scene after the object has been moved to the marked location. Pick up the marker from the table. Place the marker in the bowl."
/data/datasets/DROID/train_v8capinf/final/36131_exterior_image_1_left_pair0.png,/data/datasets/DROID/train_v8capinf/kontext/36131_exterior_image_1_left_pair0.png,"Follow the markers in the image: the green box marks the object to grasp, the blue dot marks where to place it. Show the scene after the object has been moved to the marked location. Pick up the pear toy from the oven door. Place the pear toy in the oven."
/data/datasets/DROID/train_v8capinf/final/37685_exterior_image_2_left_pair0.png,/data/datasets/DROID/train_v8capinf/kontext/37685_exterior_image_2_left_pair0.png,"Follow the markers in the image: the green box marks the object to grasp, the blue dot marks where to place it. Show the scene after the object has been moved to the marked location. Pick up the bottle from the container. Place the bottle on the table."
/data/datasets/DROID/train_v8capinf/final/12880_exterior_image_1_left_pair0.png,/data/datasets/DROID/train_v8capinf/kontext/12880_exterior_image_1_left_pair0.png,"Follow the markers in the image: the green box marks the object to grasp, the blue dot marks where to place it. Show the scene after the object has been moved to the marked location. Pick up the spoon on the table. Place the spoon in the mug."
/data/datasets/DROID/train_v8capinf/final/32191_exterior_image_1_left_pair0.png,/data/datasets/DROID/train_v8capinf/kontext/32191_exterior_image_1_left_pair0.png,"Follow the markers in the image: the green box marks the object to grasp, the blue dot marks where to place it. Show the scene after the object has been moved to the marked location. Pick up the brown mug from the table. Place the brown mug in the sink."
/data/datasets/DROID/train_v8capinf/final/11175_exterior_image_1_left_pair0.png,/data/datasets/DROID/train_v8capinf/kontext/11175_exterior_image_1_left_pair0.png,"Follow the markers in the image: the green box marks the object to grasp, the blue dot marks where to place it. Show the scene after the object has been moved to the marked location. Pick up the yellow cable from the shelf. Place the yellow cable in the toolbox."
/data/datasets/DROID/train_v8capinf/final/19075_exterior_image_1_left_pair0.png,/data/datasets/DROID/train_v8capinf/kontext/19075_exterior_image_1_left_pair0.png,"Follow the markers in the image: the green box marks the object to grasp, the blue dot marks where to place it. Show the scene after the object has been moved to the marked location. Pick up the brown doll on the table. Place the brown doll in the silver pot."
/data/datasets/DROID/train_v8capinf/final/14894_exterior_image_1_left_pair0.png,/data/datasets/DROID/train_v8capinf/kontext/14894_exterior_image_1_left_pair0.png,"Follow the markers in the image: the green box marks the object to grasp, the blue dot marks where to place it. Show the scene after the object has been moved to the marked location. Pick up the chocolate bar from the sink. Place the chocolate bar on the counter."
/data/datasets/DROID/train_v8capinf/final/49307_exterior_image_1_left_pair0.png,/data/datasets/DROID/train_v8capinf/kontext/49307_exterior_image_1_left_pair0.png,"Follow the markers in the image: the green box marks the object to grasp, the blue dot marks where to place it. Show the scene after the object has been moved to the marked location. Pick up the can on the table. Place the can on the table."
/data/datasets/DROID/train_v8capinf/final/15135_exterior_image_1_left_pair0.png,/data/datasets/DROID/train_v8capinf/kontext/15135_exterior_image_1_left_pair0.png,"Follow the markers in the image: the green box marks the object to grasp, the blue dot marks where to place it. Show the scene after the object has been moved to the marked location. Pick up the lid on the table. Place the lid on the pot."
/data/datasets/DROID/train_v8capinf/final/21797_exterior_image_1_left_pair0.png,/data/datasets/DROID/train_v8capinf/kontext/21797_exterior_image_1_left_pair0.png,"Follow the markers in the image: the green box marks the object to grasp, the blue dot marks where to place it. Show the scene after the object has been moved to the marked location. Pick up the banana from the black tray. Place the banana inside the basket."
/data/datasets/DROID/train_v8capinf/final/11726_exterior_image_1_left_pair0.png,/data/datasets/DROID/train_v8capinf/kontext/11726_exterior_image_1_left_pair0.png,"Follow the markers in the image: the green box marks the object to grasp, the blue dot marks where to place it. Show the scene after the object has been moved to the marked location. Pick up the clear bottle from the sink. Place the clear bottle on the windowsill."
/data/datasets/DROID/train_v8capinf/final/48499_exterior_image_1_left_pair0.png,/data/datasets/DROID/train_v8capinf/kontext/48499_exterior_image_1_left_pair0.png,"Follow the markers in the image: the green box marks the object to grasp, the blue dot marks where to place it. Show the scene after the object has been moved to the marked location. Pick up the cloth on the counter. Place the cloth back on the cabinet."
/data/datasets/DROID/train_v8capinf/final/1214_exterior_image_1_left_pair0.png,/data/datasets/DROID/train_v8capinf/kontext/1214_exterior_image_1_left_pair0.png,"Follow the markers in the image: the green box marks the object to grasp, the blue dot marks where to place it. Show the scene after the object has been moved to the marked location. Pick up the cup on the table. Place the cup at the specified position on the table."
/data/datasets/DROID/train_v8capinf/final/67927_exterior_image_2_left_pair0.png,/data/datasets/DROID/train_v8capinf/kontext/67927_exterior_image_2_left_pair0.png,"Follow the markers in the image: the green box marks the object to grasp, the blue dot marks where to place it. Show the scene after the object has been moved to the marked location. Pick up the green pen from the board. Place the green pen in the middle of the board."
/data/datasets/DROID/train_v8capinf/final/20448_exterior_image_1_left_pair0.png,/data/datasets/DROID/train_v8capinf/kontext/20448_exterior_image_1_left_pair0.png,"Follow the markers in the image: the green box marks the object to grasp, the blue dot marks where to place it. Show the scene after the object has been moved to the marked location. Pick up the hoodie from the bed. Place the hoodie in the box."
/data/datasets/DROID/train_v8capinf/final/67472_exterior_image_1_left_pair0.png,/data/datasets/DROID/train_v8capinf/kontext/67472_exterior_image_1_left_pair0.png,"Follow the markers in the image: the green box marks the object to grasp, the blue dot marks where to place it. Show the scene after the object has been moved to the marked location. Pick up the pen from the blue table. Place the pen in the bowl."
/data/datasets/DROID/train_v8capinf/final/19837_exterior_image_1_left_pair0.png,/data/datasets/DROID/train_v8capinf/kontext/19837_exterior_image_1_left_pair0.png,"Follow the markers in the image: the green box marks the object to grasp, the blue dot marks where to place it. Show the scene after the object has been moved to the marked location. Pick up the lid in the basket. Place the lid on the table."
/data/datasets/DROID/train_v8capinf/final/13442_exterior_image_1_left_pair0.png,/data/datasets/DROID/train_v8capinf/kontext/13442_exterior_image_1_left_pair0.png,"Follow the markers in the image: the green box marks the object to grasp, the blue dot marks where to place it. Show the scene after the object has been moved to the marked location. Pick up the pen on the table. Place the pen in the cup."
/data/datasets/DROID/train_v8capinf/final/17514_exterior_image_1_left_pair0.png,/data/datasets/DROID/train_v8capinf/kontext/17514_exterior_image_1_left_pair0.png,"Follow the markers in the image: the green box marks the object to grasp, the blue dot marks where to place it. Show the scene after the object has been moved to the marked location. Pick up the purple plushy on the table. Place the purple plushy on the blue plate."
/data/datasets/DROID/train_v8capinf/final/41104_exterior_image_1_left_pair0.png,/data/datasets/DROID/train_v8capinf/kontext/41104_exterior_image_1_left_pair0.png,"Follow the markers in the image: the green box marks the object to grasp, the blue dot marks where to place it. Show the scene after the object has been moved to the marked location. Pick up the can from the countertop. Place the can in the drawer."
/data/datasets/DROID/train_v8capinf/final/1387_exterior_image_2_left_pair0.png,/data/datasets/DROID/train_v8capinf/kontext/1387_exterior_image_2_left_pair0.png,"Follow the markers in the image: the green box marks the object to grasp, the blue dot marks where to place it. Show the scene after the object has been moved to the marked location. Pick up the tissue from the tissue box. Place the tissue on the table."
/data/datasets/DROID/train_v8capinf/final/13798_exterior_image_1_left_pair0.png,/data/datasets/DROID/train_v8capinf/kontext/13798_exterior_image_1_left_pair0.png,"Follow the markers in the image: the green box marks the object to grasp, the blue dot marks where to place it. Show the scene after the object has been moved to the marked location. Pick up the bottle on the table. Place the bottle on the surface next to the bottle."
/data/datasets/DROID/train_v8capinf/final/25417_exterior_image_1_left_pair0.png,/data/datasets/DROID/train_v8capinf/kontext/25417_exterior_image_1_left_pair0.png,"Follow the markers in the image: the green box marks the object to grasp, the blue dot marks where to place it. Show the scene after the object has been moved to the marked location. Pick up the tiger plushie on the table. Place the tiger plushie in the bowl."
/data/datasets/DROID/train_v8capinf/final/12022_exterior_image_2_left_pair0.png,/data/datasets/DROID/train_v8capinf/kontext/12022_exterior_image_2_left_pair0.png,"Follow the markers in the image: the green box marks the object to grasp, the blue dot marks where to place it. Show the scene after the object has been moved to the marked location. Pick up the mouse from the table. Place the mouse in the center of the table."
/data/datasets/DROID/train_v8capinf/final/37789_exterior_image_2_left_pair1.png,/data/datasets/DROID/train_v8capinf/kontext/37789_exterior_image_2_left_pair1.png,"Follow the markers in the image: the green box marks the object to grasp, the blue dot marks where to place it. Show the scene after the object has been moved to the marked location. Pick up the second packaging bag from the countertop. Place the second packaging bag in the drawer."
/data/datasets/DROID/train_v8capinf/final/11066_exterior_image_1_left_pair0.png,/data/datasets/DROID/train_v8capinf/kontext/11066_exterior_image_1_left_pair0.png,"Follow the markers in the image: the green box marks the object to grasp, the blue dot marks where to place it. Show the scene after the object has been moved to the marked location. Pick up the marker from the brown table. Place the marker in the silver pot."
/data/datasets/DROID/train_v8capinf/final/6875_exterior_image_2_left_pair0.png,/data/datasets/DROID/train_v8capinf/kontext/6875_exterior_image_2_left_pair0.png,"Follow the markers in the image: the green box marks the object to grasp, the blue dot marks where to place it. Show the scene after the object has been moved to the marked location. Pick up the paper on the countertop. Place the paper in the plastic box."
/data/datasets/DROID/train_v8capinf/final/26047_exterior_image_1_left_pair0.png,/data/datasets/DROID/train_v8capinf/kontext/26047_exterior_image_1_left_pair0.png,"Follow the markers in the image: the green box marks the object to grasp, the blue dot marks where to place it. Show the scene after the object has been moved to the marked location. Pick up the red mug above the frying pan on the counter. Place the red mug on the counter above the frying pan."
/data/datasets/DROID/train_v8capinf/final/20488_exterior_image_1_left_pair0.png,/data/datasets/DROID/train_v8capinf/kontext/20488_exterior_image_1_left_pair0.png,"Follow the markers in the image: the green box marks the object to grasp, the blue dot marks where to place it. Show the scene after the object has been moved to the marked location. Pick up the green cup on the countertop. Place the green cup on the countertop."
/data/datasets/DROID/train_v8capinf/final/20488_exterior_image_1_left_pair1.png,/data/datasets/DROID/train_v8capinf/kontext/20488_exterior_image_1_left_pair1.png,"Follow the markers in the image: the green box marks the object to grasp, the blue dot marks where to place it. Show the scene after the object has been moved to the marked location. Pick up the bowl on the countertop. Place the bowl in the bowl."
/data/datasets/DROID/train_v8capinf/final/90678_exterior_image_1_left_pair0.png,/data/datasets/DROID/train_v8capinf/kontext/90678_exterior_image_1_left_pair0.png,"Follow the markers in the image: the green box marks the object to grasp, the blue dot marks where to place it. Show the scene after the object has been moved to the marked location. Pick up the red marker from the blue table. Place the red marker in the bowl."
/data/datasets/DROID/train_v8capinf/final/34915_exterior_image_2_left_pair0.png,/data/datasets/DROID/train_v8capinf/kontext/34915_exterior_image_2_left_pair0.png,"Follow the markers in the image: the green box marks the object to grasp, the blue dot marks where to place it. Show the scene after the object has been moved to the marked location. Pick up the marker on the table. Place the marker in the cup."
/data/datasets/DROID/train_v8capinf/final/15219_exterior_image_1_left_pair0.png,/data/datasets/DROID/train_v8capinf/kontext/15219_exterior_image_1_left_pair0.png,"Follow the markers in the image: the green box marks the object to grasp, the blue dot marks where to place it. Show the scene after the object has been moved to the marked location. Pick up the can from the sink. Place the can on the countertop."
/data/datasets/DROID/train_v8capinf/final/38894_exterior_image_1_left_pair0.png,/data/datasets/DROID/train_v8capinf/kontext/38894_exterior_image_1_left_pair0.png,"Follow the markers in the image: the green box marks the object to grasp, the blue dot marks where to place it. Show the scene after the object has been moved to the marked location. Pick up the towel from the kitchen countertop. Place the towel on the countertop."
/data/datasets/DROID/train_v8capinf/final/14433_exterior_image_1_left_pair0.png,/data/datasets/DROID/train_v8capinf/kontext/14433_exterior_image_1_left_pair0.png,"Follow the markers in the image: the green box marks the object to grasp, the blue dot marks where to place it. Show the scene after the object has been moved to the marked location. Pick up the white cloth from the table. Place the white cloth on the black frame."
/data/datasets/DROID/train_v8capinf/final/23036_exterior_image_2_left_pair0.png,/data/datasets/DROID/train_v8capinf/kontext/23036_exterior_image_2_left_pair0.png,"Follow the markers in the image: the green box marks the object to grasp, the blue dot marks where to place it. Show the scene after the object has been moved to the marked location. Pick up the snack from the sink. Place the snack on the countertop."
/data/datasets/DROID/train_v8capinf/final/55327_exterior_image_2_left_pair0.png,/data/datasets/DROID/train_v8capinf/kontext/55327_exterior_image_2_left_pair0.png,"Follow the markers in the image: the green box marks the object to grasp, the blue dot marks where to place it. Show the scene after the object has been moved to the marked location. Pick up the object from the container. Place the container in the jar."
/data/datasets/DROID/train_v8capinf/final/2940_exterior_image_2_left_pair0.png,/data/datasets/DROID/train_v8capinf/kontext/2940_exterior_image_2_left_pair0.png,"Follow the markers in the image: the green box marks the object to grasp, the blue dot marks where to place it. Show the scene after the object has been moved to the marked location. Pick up the pear-shaped toy from the table. Place the pear-shaped toy on the oven tray."
/data/datasets/DROID/train_v8capinf/final/15264_exterior_image_1_left_pair0.png,/data/datasets/DROID/train_v8capinf/kontext/15264_exterior_image_1_left_pair0.png,"Follow the markers in the image: the green box marks the object to grasp, the blue dot marks where to place it. Show the scene after the object has been moved to the marked location. Pick up the pen on the table. Place the pen in the yellow mug."
/data/datasets/DROID/train_v8capinf/final/84528_exterior_image_1_left_pair0.png,/data/datasets/DROID/train_v8capinf/kontext/84528_exterior_image_1_left_pair0.png,"Follow the markers in the image: the green box marks the object to grasp, the blue dot marks where to place it. Show the scene after the object has been moved to the marked location. Pick up the marker on the blue table. Place the marker in the bowl."
/data/datasets/DROID/train_v8capinf/final/12909_exterior_image_2_left_pair0.png,/data/datasets/DROID/train_v8capinf/kontext/12909_exterior_image_2_left_pair0.png,"Follow the markers in the image: the green box marks the object to grasp, the blue dot marks where to place it. Show the scene after the object has been moved to the marked location. Pick up the black t-shirt from the back of the chair. Place the black t-shirt on the table."
/data/datasets/DROID/train_v8capinf/final/12590_exterior_image_1_left_pair0.png,/data/datasets/DROID/train_v8capinf/kontext/12590_exterior_image_1_left_pair0.png,"Follow the markers in the image: the green box marks the object to grasp, the blue dot marks where to place it. Show the scene after the object has been moved to the marked location. Pick up the marker from the cup. Place the marker on the table."
/data/datasets/DROID/train_v8capinf/final/33654_exterior_image_1_left_pair0.png,/data/datasets/DROID/train_v8capinf/kontext/33654_exterior_image_1_left_pair0.png,"Follow the markers in the image: the green box marks the object to grasp, the blue dot marks where to place it. Show the scene after the object has been moved to the marked location. Pick up the towel from the blue table. Place the towel inside the black cutlery holder."
/data/datasets/DROID/train_v8capinf/final/31679_exterior_image_1_left_pair0.png,/data/datasets/DROID/train_v8capinf/kontext/31679_exterior_image_1_left_pair0.png,"Follow the markers in the image: the green box marks the object to grasp, the blue dot marks where to place it. Show the scene after the object has been moved to the marked location. Pick up the pencil on the table. Place the pencil on the table."
/data/datasets/DROID/train_v8capinf/final/43584_exterior_image_1_left_pair0.png,/data/datasets/DROID/train_v8capinf/kontext/43584_exterior_image_1_left_pair0.png,"Follow the markers in the image: the green box marks the object to grasp, the blue dot marks where to place it. Show the scene after the object has been moved to the marked location. Pick up the marker from the top of the yellow table. Place the marker in the yellow bowl."
/data/datasets/DROID/train_v8capinf/final/17715_exterior_image_2_left_pair0.png,/data/datasets/DROID/train_v8capinf/kontext/17715_exterior_image_2_left_pair0.png,"Follow the markers in the image: the green box marks the object to grasp, the blue dot marks where to place it. Show the scene after the object has been moved to the marked location. Pick up the red cup on the desk. Place the red cup in the upper cabinet."
/data/datasets/DROID/train_v8capinf/final/40239_exterior_image_1_left_pair0.png,/data/datasets/DROID/train_v8capinf/kontext/40239_exterior_image_1_left_pair0.png,"Follow the markers in the image: the green box marks the object to grasp, the blue dot marks where to place it. Show the scene after the object has been moved to the marked location. Pick up the mug on the table. Place the mug on the table."
/data/datasets/DROID/train_v8capinf/final/17860_exterior_image_2_left_pair0.png,/data/datasets/DROID/train_v8capinf/kontext/17860_exterior_image_2_left_pair0.png,"Follow the markers in the image: the green box marks the object to grasp, the blue dot marks where to place it. Show the scene after the object has been moved to the marked location. Pick up the kitchen utensils on the table. Place the kitchen utensils at the specified position on the table."
/data/datasets/DROID/train_v8capinf/final/22576_exterior_image_1_left_pair0.png,/data/datasets/DROID/train_v8capinf/kontext/22576_exterior_image_1_left_pair0.png,"Follow the markers in the image: the green box marks the object to grasp, the blue dot marks where to place it. Show the scene after the object has been moved to the marked location. Pick up the object on the countertop. Place the object in the cabinet."
/data/datasets/DROID/train_v8capinf/final/19044_exterior_image_2_left_pair0.png,/data/datasets/DROID/train_v8capinf/kontext/19044_exterior_image_2_left_pair0.png,"Follow the markers in the image: the green box marks the object to grasp, the blue dot marks where to place it. Show the scene after the object has been moved to the marked location. Pick up the glass lid from the black pot. Place the glass lid on the table."
/data/datasets/DROID/train_v8capinf/final/1330_exterior_image_1_left_pair0.png,/data/datasets/DROID/train_v8capinf/kontext/1330_exterior_image_1_left_pair0.png,"Follow the markers in the image: the green box marks the object to grasp, the blue dot marks where to place it. Show the scene after the object has been moved to the marked location. Pick up the yellow block on the table. Place the yellow block in the blue cup."
/data/datasets/DROID/train_v8capinf/final/21840_exterior_image_1_left_pair0.png,/data/datasets/DROID/train_v8capinf/kontext/21840_exterior_image_1_left_pair0.png,"Follow the markers in the image: the green box marks the object to grasp, the blue dot marks where to place it. Show the scene after the object has been moved to the marked location. Pick up the Coca-Cola can from the sink. Place the Coca-Cola can on the counter."
/data/datasets/DROID/train_v8capinf/final/13097_exterior_image_1_left_pair0.png,/data/datasets/DROID/train_v8capinf/kontext/13097_exterior_image_1_left_pair0.png,"Follow the markers in the image: the green box marks the object to grasp, the blue dot marks where to place it. Show the scene after the object has been moved to the marked location. Pick up the peanut toy on the side table. Place the peanut toy on the table."
/data/datasets/DROID/train_v8capinf/final/23131_exterior_image_2_left_pair0.png,/data/datasets/DROID/train_v8capinf/kontext/23131_exterior_image_2_left_pair0.png,"Follow the markers in the image: the green box marks the object to grasp, the blue dot marks where to place it. Show the scene after the object has been moved to the marked location. Pick up the black clothes from the hanger. Place the black clothes on the green chair."
/data/datasets/DROID/train_v8capinf/final/29241_exterior_image_1_left_pair0.png,/data/datasets/DROID/train_v8capinf/kontext/29241_exterior_image_1_left_pair0.png,"Follow the markers in the image: the green box marks the object to grasp, the blue dot marks where to place it. Show the scene after the object has been moved to the marked location. Pick up the can on the countertop. Place the can in the sink."
/data/datasets/DROID/train_v8capinf/final/16860_exterior_image_2_left_pair0.png,/data/datasets/DROID/train_v8capinf/kontext/16860_exterior_image_2_left_pair0.png,"Follow the markers in the image: the green box marks the object to grasp, the blue dot marks where to place it. Show the scene after the object has been moved to the marked location. Pick up the white bowl from the table. Place the white bowl bottom first on the tissue."
/data/datasets/DROID/train_v8capinf/final/53160_exterior_image_1_left_pair1.png,/data/datasets/DROID/train_v8capinf/kontext/53160_exterior_image_1_left_pair1.png,"Follow the markers in the image: the green box marks the object to grasp, the blue dot marks where to place it. Show the scene after the object has been moved to the marked location. Pick up the yellow plush toy from the top container. Place the yellow plush toy."
/data/datasets/DROID/train_v8capinf/final/85506_exterior_image_1_left_pair0.png,/data/datasets/DROID/train_v8capinf/kontext/85506_exterior_image_1_left_pair0.png,"Follow the markers in the image: the green box marks the object to grasp, the blue dot marks where to place it. Show the scene after the object has been moved to the marked location. Pick up the marker on the blue table. Place the marker into the container."
/data/datasets/DROID/train_v8capinf/final/77902_exterior_image_2_left_pair0.png,/data/datasets/DROID/train_v8capinf/kontext/77902_exterior_image_2_left_pair0.png,"Follow the markers in the image: the green box marks the object to grasp, the blue dot marks where to place it. Show the scene after the object has been moved to the marked location. Pick up the brown fabric from the countertop. Place the brown fabric on the tray."
/data/datasets/DROID/train_v8capinf/final/77902_exterior_image_2_left_pair1.png,/data/datasets/DROID/train_v8capinf/kontext/77902_exterior_image_2_left_pair1.png,"Follow the markers in the image: the green box marks the object to grasp, the blue dot marks where to place it. Show the scene after the object has been moved to the marked location. Pick up the brown fabric from the countertop. Place the brown fabric on the tray."
/data/datasets/DROID/train_v8capinf/final/14225_exterior_image_1_left_pair0.png,/data/datasets/DROID/train_v8capinf/kontext/14225_exterior_image_1_left_pair0.png,"Follow the markers in the image: the green box marks the object to grasp, the blue dot marks where to place it. Show the scene after the object has been moved to the marked location. Pick up the object from the bowl. Place the object on the table."
/data/datasets/DROID/train_v8capinf/final/57118_exterior_image_1_left_pair0.png,/data/datasets/DROID/train_v8capinf/kontext/57118_exterior_image_1_left_pair0.png,"Follow the markers in the image: the green box marks the object to grasp, the blue dot marks where to place it. Show the scene after the object has been moved to the marked location. Pick up the grey toy on the table. Place the grey toy in the red bowl."
/data/datasets/DROID/train_v8capinf/final/17991_exterior_image_1_left_pair0.png,/data/datasets/DROID/train_v8capinf/kontext/17991_exterior_image_1_left_pair0.png,"Follow the markers in the image: the green box marks the object to grasp, the blue dot marks where to place it. Show the scene after the object has been moved to the marked location. Pick up the lid on the pot. Place the lid on the table."
/data/datasets/DROID/train_v8capinf/final/11136_exterior_image_1_left_pair0.png,/data/datasets/DROID/train_v8capinf/kontext/11136_exterior_image_1_left_pair0.png,"Follow the markers in the image: the green box marks the object to grasp, the blue dot marks where to place it. Show the scene after the object has been moved to the marked location. Pick up the silver towel on the table. Place the silver towel in the bowl."
/data/datasets/DROID/train_v8capinf/final/1508_exterior_image_1_left_pair0.png,/data/datasets/DROID/train_v8capinf/kontext/1508_exterior_image_1_left_pair0.png,"Follow the markers in the image: the green box marks the object to grasp, the blue dot marks where to place it. Show the scene after the object has been moved to the marked location. Pick up the snacks from the countertop. Place the snacks in the bowl."
/data/datasets/DROID/train_v8capinf/final/28335_exterior_image_2_left_pair0.png,/data/datasets/DROID/train_v8capinf/kontext/28335_exterior_image_2_left_pair0.png,"Follow the markers in the image: the green box marks the object to grasp, the blue dot marks where to place it. Show the scene after the object has been moved to the marked location. Pick up the cup from the tray. Place the cup on the table."
/data/datasets/DROID/train_v8capinf/final/28335_exterior_image_2_left_pair1.png,/data/datasets/DROID/train_v8capinf/kontext/28335_exterior_image_2_left_pair1.png,"Follow the markers in the image: the green box marks the object to grasp, the blue dot marks where to place it. Show the scene after the object has been moved to the marked location. Pick up the cup from the tray. Place the cup on the table."
/data/datasets/DROID/train_v8capinf/final/13046_exterior_image_2_left_pair0.png,/data/datasets/DROID/train_v8capinf/kontext/13046_exterior_image_2_left_pair0.png,"Follow the markers in the image: the green box marks the object to grasp, the blue dot marks where to place it. Show the scene after the object has been moved to the marked location. Pick up the marker from the cup. Place the marker on the table."
/data/datasets/DROID/train_v8capinf/final/24644_exterior_image_1_left_pair0.png,/data/datasets/DROID/train_v8capinf/kontext/24644_exterior_image_1_left_pair0.png,"Follow the markers in the image: the green box marks the object to grasp, the blue dot marks where to place it. Show the scene after the object has been moved to the marked location. Pick up the lid on the table. Place the lid on the cake tray."
/data/datasets/DROID/train_v8capinf/final/19067_exterior_image_2_left_pair0.png,/data/datasets/DROID/train_v8capinf/kontext/19067_exterior_image_2_left_pair0.png,"Follow the markers in the image: the green box marks the object to grasp, the blue dot marks where to place it. Show the scene after the object has been moved to the marked location. Pick up the stapler on the counter. Place the stapler in the lower corner of the counter."
/data/datasets/DROID/train_v8capinf/final/43134_exterior_image_2_left_pair0.png,/data/datasets/DROID/train_v8capinf/kontext/43134_exterior_image_2_left_pair0.png,"Follow the markers in the image: the green box marks the object to grasp, the blue dot marks where to place it. Show the scene after the object has been moved to the marked location. Pick up the black bowl on the black table. Place the black bowl on the black table."
/data/datasets/DROID/train_v8capinf/final/16362_exterior_image_2_left_pair0.png,/data/datasets/DROID/train_v8capinf/kontext/16362_exterior_image_2_left_pair0.png,"Follow the markers in the image: the green box marks the object to grasp, the blue dot marks where to place it. Show the scene after the object has been moved to the marked location. Take out the marker from the green cup. Place the marker on the table."
/data/datasets/DROID/train_v8capinf/final/2439_exterior_image_1_left_pair0.png,/data/datasets/DROID/train_v8capinf/kontext/2439_exterior_image_1_left_pair0.png,"Follow the markers in the image: the green box marks the object to grasp, the blue dot marks where to place it. Show the scene after the object has been moved to the marked location. Pick up the red cup on the table. Place the red cup in the box."
/data/datasets/DROID/train_v8capinf/final/23879_exterior_image_2_left_pair0.png,/data/datasets/DROID/train_v8capinf/kontext/23879_exterior_image_2_left_pair0.png,"Follow the markers in the image: the green box marks the object to grasp, the blue dot marks where to place it. Show the scene after the object has been moved to the marked location. Pick up the straw on the table. Place the straw in the cup."
/data/datasets/DROID/train_v8capinf/final/15667_exterior_image_2_left_pair0.png,/data/datasets/DROID/train_v8capinf/kontext/15667_exterior_image_2_left_pair0.png,"Follow the markers in the image: the green box marks the object to grasp, the blue dot marks where to place it. Show the scene after the object has been moved to the marked location. Pick up the lid from the table. Place the lid on the black pot."
/data/datasets/DROID/train_v8capinf/final/27568_exterior_image_2_left_pair0.png,/data/datasets/DROID/train_v8capinf/kontext/27568_exterior_image_2_left_pair0.png,"Follow the markers in the image: the green box marks the object to grasp, the blue dot marks where to place it. Show the scene after the object has been moved to the marked location. Pick up the lid from the table. Place the lid on the pot."
/data/datasets/DROID/train_v8capinf/final/8120_exterior_image_2_left_pair0.png,/data/datasets/DROID/train_v8capinf/kontext/8120_exterior_image_2_left_pair0.png,"Follow the markers in the image: the green box marks the object to grasp, the blue dot marks where to place it. Show the scene after the object has been moved to the marked location. Pick up the can from the countertop. Place the can in the drawer."
/data/datasets/DROID/train_v8capinf/final/12727_exterior_image_1_left_pair0.png,/data/datasets/DROID/train_v8capinf/kontext/12727_exterior_image_1_left_pair0.png,"Follow the markers in the image: the green box marks the object to grasp, the blue dot marks where to place it. Show the scene after the object has been moved to the marked location. Pick up the masking tape on the table. Place the masking tape on the plate."
/data/datasets/DROID/train_v8capinf/final/40427_exterior_image_2_left_pair1.png,/data/datasets/DROID/train_v8capinf/kontext/40427_exterior_image_2_left_pair1.png,"Follow the markers in the image: the green box marks the object to grasp, the blue dot marks where to place it. Show the scene after the object has been moved to the marked location. Pick up the jar on the table. Place the jar on the tray."
/data/datasets/DROID/train_v8capinf/final/13744_exterior_image_2_left_pair0.png,/data/datasets/DROID/train_v8capinf/kontext/13744_exterior_image_2_left_pair0.png,"Follow the markers in the image: the green box marks the object to grasp, the blue dot marks where to place it. Show the scene after the object has been moved to the marked location. Pick up the object in the purple bowl. Place the object on the tabletop."
/data/datasets/DROID/train_v8capinf/final/13931_exterior_image_1_left_pair0.png,/data/datasets/DROID/train_v8capinf/kontext/13931_exterior_image_1_left_pair0.png,"Follow the markers in the image: the green box marks the object to grasp, the blue dot marks where to place it. Show the scene after the object has been moved to the marked location. Pick up the book on the table. Place the book on another book."
/data/datasets/DROID/train_v8capinf/final/35593_exterior_image_1_left_pair0.png,/data/datasets/DROID/train_v8capinf/kontext/35593_exterior_image_1_left_pair0.png,"Follow the markers in the image: the green box marks the object to grasp, the blue dot marks where to place it. Show the scene after the object has been moved to the marked location. Pick up the clip on the desktop. Place the clip on the desktop."
/data/datasets/DROID/train_v8capinf/final/68495_exterior_image_1_left_pair1.png,/data/datasets/DROID/train_v8capinf/kontext/68495_exterior_image_1_left_pair1.png,"Follow the markers in the image: the green box marks the object to grasp, the blue dot marks where to place it. Show the scene after the object has been moved to the marked location. Pick up the second small pillow on the sofa. Place the second small pillow on the armrest of the sofa."
/data/datasets/DROID/train_v8capinf/final/16605_exterior_image_2_left_pair0.png,/data/datasets/DROID/train_v8capinf/kontext/16605_exterior_image_2_left_pair0.png,"Follow the markers in the image: the green box marks the object to grasp, the blue dot marks where to place it. Show the scene after the object has been moved to the marked location. Pick up the plush toy from the surface. Place the plush toy on the shelf."
/data/datasets/DROID/train_v8capinf/final/32447_exterior_image_1_left_pair0.png,/data/datasets/DROID/train_v8capinf/kontext/32447_exterior_image_1_left_pair0.png,"Follow the markers in the image: the green box marks the object to grasp, the blue dot marks where to place it. Show the scene after the object has been moved to the marked location. Pick up the drink on the table. Place the drink in the sink."
/data/datasets/DROID/train_v8capinf/final/21743_exterior_image_2_left_pair0.png,/data/datasets/DROID/train_v8capinf/kontext/21743_exterior_image_2_left_pair0.png,"Follow the markers in the image: the green box marks the object to grasp, the blue dot marks where to place it. Show the scene after the object has been moved to the marked location. Pick up the cup from the center of the table. Place the cup on the table."
/data/datasets/DROID/train_v8capinf/final/13898_exterior_image_2_left_pair0.png,/data/datasets/DROID/train_v8capinf/kontext/13898_exterior_image_2_left_pair0.png,"Follow the markers in the image: the green box marks the object to grasp, the blue dot marks where to place it. Show the scene after the object has been moved to the marked location. Pick up the towel on the table. Place the towel on the rack."
/data/datasets/DROID/train_v8capinf/final/14048_exterior_image_1_left_pair0.png,/data/datasets/DROID/train_v8capinf/kontext/14048_exterior_image_1_left_pair0.png,"Follow the markers in the image: the green box marks the object to grasp, the blue dot marks where to place it. Show the scene after the object has been moved to the marked location. Pick up the green object on the table. Place the green object in the bowl."
/data/datasets/DROID/train_v8capinf/final/22687_exterior_image_1_left_pair0.png,/data/datasets/DROID/train_v8capinf/kontext/22687_exterior_image_1_left_pair0.png,"Follow the markers in the image: the green box marks the object to grasp, the blue dot marks where to place it. Show the scene after the object has been moved to the marked location. Pick up the red cup in the drawer. Place the red cup on the table."
/data/datasets/DROID/train_v8capinf/final/12483_exterior_image_2_left_pair0.png,/data/datasets/DROID/train_v8capinf/kontext/12483_exterior_image_2_left_pair0.png,"Follow the markers in the image: the green box marks the object to grasp, the blue dot marks where to place it. Show the scene after the object has been moved to the marked location. Pick up the object on the desktop. Place the orange object on the table."
/data/datasets/DROID/train_v8capinf/final/12253_exterior_image_2_left_pair0.png,/data/datasets/DROID/train_v8capinf/kontext/12253_exterior_image_2_left_pair0.png,"Follow the markers in the image: the green box marks the object to grasp, the blue dot marks where to place it. Show the scene after the object has been moved to the marked location. Pick up the cube on the table. Place the cube on the other cubes."
/data/datasets/DROID/train_v8capinf/final/41866_exterior_image_1_left_pair0.png,/data/datasets/DROID/train_v8capinf/kontext/41866_exterior_image_1_left_pair0.png,"Follow the markers in the image: the green box marks the object to grasp, the blue dot marks where to place it. Show the scene after the object has been moved to the marked location. Pick up the plate next to the table. Place the plate on the table."
/data/datasets/DROID/train_v8capinf/final/22117_exterior_image_2_left_pair0.png,/data/datasets/DROID/train_v8capinf/kontext/22117_exterior_image_2_left_pair0.png,"Follow the markers in the image: the green box marks the object to grasp, the blue dot marks where to place it. Show the scene after the object has been moved to the marked location. Pick up the grey cup from the table. Place the grey cup in the orange cup."
/data/datasets/DROID/train_v8capinf/final/19816_exterior_image_2_left_pair0.png,/data/datasets/DROID/train_v8capinf/kontext/19816_exterior_image_2_left_pair0.png,"Follow the markers in the image: the green box marks the object to grasp, the blue dot marks where to place it. Show the scene after the object has been moved to the marked location. Pick up the green cup on the tray. Place the green cup on the countertop."
/data/datasets/DROID/train_v8capinf/final/37139_exterior_image_2_left_pair0.png,/data/datasets/DROID/train_v8capinf/kontext/37139_exterior_image_2_left_pair0.png,"Follow the markers in the image: the green box marks the object to grasp, the blue dot marks where to place it. Show the scene after the object has been moved to the marked location. Pick up the green can in the cabinet. Place the green can on the counter."
/data/datasets/DROID/train_v8capinf/final/11115_exterior_image_1_left_pair0.png,/data/datasets/DROID/train_v8capinf/kontext/11115_exterior_image_1_left_pair0.png,"Follow the markers in the image: the green box marks the object to grasp, the blue dot marks where to place it. Show the scene after the object has been moved to the marked location. Pick up the lid from the pot. Place the lid on the tabletop."
/data/datasets/DROID/train_v8capinf/final/10671_exterior_image_2_left_pair0.png,/data/datasets/DROID/train_v8capinf/kontext/10671_exterior_image_2_left_pair0.png,"Follow the markers in the image: the green box marks the object to grasp, the blue dot marks where to place it. Show the scene after the object has been moved to the marked location. Pick up the bowl on the table. Place the bowl in the cabinet."
/data/datasets/DROID/train_v8capinf/final/23178_exterior_image_2_left_pair0.png,/data/datasets/DROID/train_v8capinf/kontext/23178_exterior_image_2_left_pair0.png,"Follow the markers in the image: the green box marks the object to grasp, the blue dot marks where to place it. Show the scene after the object has been moved to the marked location. Pick up the marker from the silver cup. Place the marker on the table."
/data/datasets/DROID/train_v8capinf/final/12700_exterior_image_2_left_pair0.png,/data/datasets/DROID/train_v8capinf/kontext/12700_exterior_image_2_left_pair0.png,"Follow the markers in the image: the green box marks the object to grasp, the blue dot marks where to place it. Show the scene after the object has been moved to the marked location. Pick up the towel from the table. Place the towel in the object."
/data/datasets/DROID/train_v8capinf/final/1941_exterior_image_1_left_pair1.png,/data/datasets/DROID/train_v8capinf/kontext/1941_exterior_image_1_left_pair1.png,"Follow the markers in the image: the green box marks the object to grasp, the blue dot marks where to place it. Show the scene after the object has been moved to the marked location. Pick up the bottle from the box. Place the bottle on the countertop."
/data/datasets/DROID/train_v8capinf/final/9515_exterior_image_2_left_pair0.png,/data/datasets/DROID/train_v8capinf/kontext/9515_exterior_image_2_left_pair0.png,"Follow the markers in the image: the green box marks the object to grasp, the blue dot marks where to place it. Show the scene after the object has been moved to the marked location. Pick up the orange block from the table. Place the orange block on the green block."
/data/datasets/DROID/train_v8capinf/final/21996_exterior_image_1_left_pair0.png,/data/datasets/DROID/train_v8capinf/kontext/21996_exterior_image_1_left_pair0.png,"Follow the markers in the image: the green box marks the object to grasp, the blue dot marks where to place it. Show the scene after the object has been moved to the marked location. Pick up the bottle from the top of the segment tray. Place the bottle on the transparent box."
/data/datasets/DROID/train_v8capinf/final/19470_exterior_image_2_left_pair0.png,/data/datasets/DROID/train_v8capinf/kontext/19470_exterior_image_2_left_pair0.png,"Follow the markers in the image: the green box marks the object to grasp, the blue dot marks where to place it. Show the scene after the object has been moved to the marked location. Pick up the cloth hanging on the stand. Place the cloth on the table."
/data/datasets/DROID/train_v8capinf/final/41036_exterior_image_1_left_pair0.png,/data/datasets/DROID/train_v8capinf/kontext/41036_exterior_image_1_left_pair0.png,"Follow the markers in the image: the green box marks the object to grasp, the blue dot marks where to place it. Show the scene after the object has been moved to the marked location. Pick up the green marker on the desk. Place the green marker inside the white mug."
/data/datasets/DROID/train_v8capinf/final/1469_exterior_image_2_left_pair0.png,/data/datasets/DROID/train_v8capinf/kontext/1469_exterior_image_2_left_pair0.png,"Follow the markers in the image: the green box marks the object to grasp, the blue dot marks where to place it. Show the scene after the object has been moved to the marked location. Pick up the pink bowl on the table. Place the pink bowl inside the black bowl."
/data/datasets/DROID/train_v8capinf/final/25865_exterior_image_2_left_pair0.png,/data/datasets/DROID/train_v8capinf/kontext/25865_exterior_image_2_left_pair0.png,"Follow the markers in the image: the green box marks the object to grasp, the blue dot marks where to place it. Show the scene after the object has been moved to the marked location. Pick up the pear plush toy from the box. Place the pear plush toy on the plate."
/data/datasets/DROID/train_v8capinf/final/1139_exterior_image_2_left_pair0.png,/data/datasets/DROID/train_v8capinf/kontext/1139_exterior_image_2_left_pair0.png,"Follow the markers in the image: the green box marks the object to grasp, the blue dot marks where to place it. Show the scene after the object has been moved to the marked location. Pick up the plush carrot toy on the table. Place the plush carrot toy in the pan."
/data/datasets/DROID/train_v8capinf/final/18721_exterior_image_1_left_pair0.png,/data/datasets/DROID/train_v8capinf/kontext/18721_exterior_image_1_left_pair0.png,"Follow the markers in the image: the green box marks the object to grasp, the blue dot marks where to place it. Show the scene after the object has been moved to the marked location. Pick up the purple plush toy on the table. Place the purple plush toy in the bowl."
/data/datasets/DROID/train_v8capinf/final/90091_exterior_image_1_left_pair1.png,/data/datasets/DROID/train_v8capinf/kontext/90091_exterior_image_1_left_pair1.png,"Follow the markers in the image: the green box marks the object to grasp, the blue dot marks where to place it. Show the scene after the object has been moved to the marked location. Pick up the towel on the table. Place the towel in the plate."
/data/datasets/DROID/train_v8capinf/final/78115_exterior_image_2_left_pair0.png,/data/datasets/DROID/train_v8capinf/kontext/78115_exterior_image_2_left_pair0.png,"Follow the markers in the image: the green box marks the object to grasp, the blue dot marks where to place it. Show the scene after the object has been moved to the marked location. Pick up the marker on the table. Place the marker into the yellow bowl."
/data/datasets/DROID/train_v8capinf/final/8731_exterior_image_2_left_pair0.png,/data/datasets/DROID/train_v8capinf/kontext/8731_exterior_image_2_left_pair0.png,"Follow the markers in the image: the green box marks the object to grasp, the blue dot marks where to place it. Show the scene after the object has been moved to the marked location. Pick up the jar from the table. Place the jar in the drawer."
/data/datasets/DROID/train_v8capinf/final/8731_exterior_image_2_left_pair1.png,/data/datasets/DROID/train_v8capinf/kontext/8731_exterior_image_2_left_pair1.png,"Follow the markers in the image: the green box marks the object to grasp, the blue dot marks where to place it. Show the scene after the object has been moved to the marked location. Pick up the jar from the table. Place the jar on the drawer."
/data/datasets/DROID/train_v8capinf/final/15796_exterior_image_2_left_pair0.png,/data/datasets/DROID/train_v8capinf/kontext/15796_exterior_image_2_left_pair0.png,"Follow the markers in the image: the green box marks the object to grasp, the blue dot marks where to place it. Show the scene after the object has been moved to the marked location. Pick up the lid on the upper side of the stove. Place the lid on the front side of the table."
/data/datasets/DROID/train_v8capinf/final/39459_exterior_image_2_left_pair0.png,/data/datasets/DROID/train_v8capinf/kontext/39459_exterior_image_2_left_pair0.png,"Follow the markers in the image: the green box marks the object to grasp, the blue dot marks where to place it. Show the scene after the object has been moved to the marked location. Pick up the object in the container. Place the object in the container."
/data/datasets/DROID/train_v8capinf/final/72313_exterior_image_1_left_pair0.png,/data/datasets/DROID/train_v8capinf/kontext/72313_exterior_image_1_left_pair0.png,"Follow the markers in the image: the green box marks the object to grasp, the blue dot marks where to place it. Show the scene after the object has been moved to the marked location. Pick up the cup on the counter. Place the cup on the counter."
/data/datasets/DROID/train_v8capinf/final/12181_exterior_image_2_left_pair0.png,/data/datasets/DROID/train_v8capinf/kontext/12181_exterior_image_2_left_pair0.png,"Follow the markers in the image: the green box marks the object to grasp, the blue dot marks where to place it. Show the scene after the object has been moved to the marked location. Pick up the cylindrical block from the cube. Place the cylindrical block in the cup."
/data/datasets/DROID/train_v8capinf/final/4113_exterior_image_2_left_pair0.png,/data/datasets/DROID/train_v8capinf/kontext/4113_exterior_image_2_left_pair0.png,"Follow the markers in the image: the green box marks the object to grasp, the blue dot marks where to place it. Show the scene after the object has been moved to the marked location. Pick up the pen from the table. Place the pen in the cup."
/data/datasets/DROID/train_v8capinf/final/36432_exterior_image_1_left_pair0.png,/data/datasets/DROID/train_v8capinf/kontext/36432_exterior_image_1_left_pair0.png,"Follow the markers in the image: the green box marks the object to grasp, the blue dot marks where to place it. Show the scene after the object has been moved to the marked location. Pick up the bowl from the microwave. Place the bowl on the countertop."
/data/datasets/DROID/train_v8capinf/final/16333_exterior_image_1_left_pair0.png,/data/datasets/DROID/train_v8capinf/kontext/16333_exterior_image_1_left_pair0.png,"Follow the markers in the image: the green box marks the object to grasp, the blue dot marks where to place it. Show the scene after the object has been moved to the marked location. Pick up the box on the table. Place the box on the table."
/data/datasets/DROID/train_v8capinf/final/22433_exterior_image_2_left_pair0.png,/data/datasets/DROID/train_v8capinf/kontext/22433_exterior_image_2_left_pair0.png,"Follow the markers in the image: the green box marks the object to grasp, the blue dot marks where to place it. Show the scene after the object has been moved to the marked location. Pick up the marker from the blue table. Place the marker into the white bowl."
/data/datasets/DROID/train_v8capinf/final/43198_exterior_image_2_left_pair0.png,/data/datasets/DROID/train_v8capinf/kontext/43198_exterior_image_2_left_pair0.png,"Follow the markers in the image: the green box marks the object to grasp, the blue dot marks where to place it. Show the scene after the object has been moved to the marked location. Pick up the yellow toy from the first plate. Place the yellow toy on the second plate."
/data/datasets/DROID/train_v8capinf/final/83574_exterior_image_1_left_pair0.png,/data/datasets/DROID/train_v8capinf/kontext/83574_exterior_image_1_left_pair0.png,"Follow the markers in the image: the green box marks the object to grasp, the blue dot marks where to place it. Show the scene after the object has been moved to the marked location. Pick up the white pillow on the couch. Place the white pillow on the armrest of the couch."
/data/datasets/DROID/train_v8capinf/final/15353_exterior_image_1_left_pair0.png,/data/datasets/DROID/train_v8capinf/kontext/15353_exterior_image_1_left_pair0.png,"Follow the markers in the image: the green box marks the object to grasp, the blue dot marks where to place it. Show the scene after the object has been moved to the marked location. Pick up the bottle from the silver object. Place the bottle on the table."
/data/datasets/DROID/train_v8capinf/final/17935_exterior_image_1_left_pair0.png,/data/datasets/DROID/train_v8capinf/kontext/17935_exterior_image_1_left_pair0.png,"Follow the markers in the image: the green box marks the object to grasp, the blue dot marks where to place it. Show the scene after the object has been moved to the marked location. Pick up the container on the table. Place the container near the apple."
/data/datasets/DROID/train_v8capinf/final/27491_exterior_image_2_left_pair0.png,/data/datasets/DROID/train_v8capinf/kontext/27491_exterior_image_2_left_pair0.png,"Follow the markers in the image: the green box marks the object to grasp, the blue dot marks where to place it. Show the scene after the object has been moved to the marked location. Pick up the blue can on the table. Place the blue can on the bottom shelf above the sink."
/data/datasets/DROID/train_v8capinf/final/24613_exterior_image_2_left_pair1.png,/data/datasets/DROID/train_v8capinf/kontext/24613_exterior_image_2_left_pair1.png,"Follow the markers in the image: the green box marks the object to grasp, the blue dot marks where to place it. Show the scene after the object has been moved to the marked location. Pick up the second tissue on the table. Place the second tissue in the rubbish can."
/data/datasets/DROID/train_v8capinf/final/32563_exterior_image_2_left_pair0.png,/data/datasets/DROID/train_v8capinf/kontext/32563_exterior_image_2_left_pair0.png,"Follow the markers in the image: the green box marks the object to grasp, the blue dot marks where to place it. Show the scene after the object has been moved to the marked location. Pick up the marker on the table. Place the marker on the towel."
/data/datasets/DROID/train_v8capinf/final/32563_exterior_image_2_left_pair1.png,/data/datasets/DROID/train_v8capinf/kontext/32563_exterior_image_2_left_pair1.png,"Follow the markers in the image: the green box marks the object to grasp, the blue dot marks where to place it. Show the scene after the object has been moved to the marked location. Pick up the towel on the table. Place the folded towel in the box."
/data/datasets/DROID/train_v8capinf/final/20362_exterior_image_2_left_pair0.png,/data/datasets/DROID/train_v8capinf/kontext/20362_exterior_image_2_left_pair0.png,"Follow the markers in the image: the green box marks the object to grasp, the blue dot marks where to place it. Show the scene after the object has been moved to the marked location. Pick up the soda can on the table. Place the soda can in the sink."
/data/datasets/DROID/train_v8capinf/final/19907_exterior_image_1_left_pair0.png,/data/datasets/DROID/train_v8capinf/kontext/19907_exterior_image_1_left_pair0.png,"Follow the markers in the image: the green box marks the object to grasp, the blue dot marks where to place it. Show the scene after the object has been moved to the marked location. Pick up the eraser from the whiteboard base. Place the eraser on the base."
/data/datasets/DROID/train_v8capinf/final/55255_exterior_image_2_left_pair1.png,/data/datasets/DROID/train_v8capinf/kontext/55255_exterior_image_2_left_pair1.png,"Follow the markers in the image: the green box marks the object to grasp, the blue dot marks where to place it. Show the scene after the object has been moved to the marked location. Pick up the white cloth from the pile. Place the white cloth on the table."
/data/datasets/DROID/train_v8capinf/final/14143_exterior_image_1_left_pair0.png,/data/datasets/DROID/train_v8capinf/kontext/14143_exterior_image_1_left_pair0.png,"Follow the markers in the image: the green box marks the object to grasp, the blue dot marks where to place it. Show the scene after the object has been moved to the marked location. Pick up the marker from the table. Place the marker into the mug."
/data/datasets/DROID/train_v8capinf/final/14836_exterior_image_2_left_pair0.png,/data/datasets/DROID/train_v8capinf/kontext/14836_exterior_image_2_left_pair0.png,"Follow the markers in the image: the green box marks the object to grasp, the blue dot marks where to place it. Show the scene after the object has been moved to the marked location. Pick up the fleece from the cushion. Place the fleece on the head rest of the armchair."
/data/datasets/DROID/train_v8capinf/final/1255_exterior_image_1_left_pair0.png,/data/datasets/DROID/train_v8capinf/kontext/1255_exterior_image_1_left_pair0.png,"Follow the markers in the image: the green box marks the object to grasp, the blue dot marks where to place it. Show the scene after the object has been moved to the marked location. Pick up the spray bottle cap on the table. Place the cap on the spray bottle."
/data/datasets/DROID/train_v8capinf/final/65412_exterior_image_1_left_pair0.png,/data/datasets/DROID/train_v8capinf/kontext/65412_exterior_image_1_left_pair0.png,"Follow the markers in the image: the green box marks the object to grasp, the blue dot marks where to place it. Show the scene after the object has been moved to the marked location. Pick up the marker on the desk. Place the marker in the bowl."
/data/datasets/DROID/train_v8capinf/final/1901_exterior_image_1_left_pair0.png,/data/datasets/DROID/train_v8capinf/kontext/1901_exterior_image_1_left_pair0.png,"Follow the markers in the image: the green box marks the object to grasp, the blue dot marks where to place it. Show the scene after the object has been moved to the marked location. Pick up the shovel from the drawer. Place the shovel on the table."
/data/datasets/DROID/train_v8capinf/final/43830_exterior_image_1_left_pair0.png,/data/datasets/DROID/train_v8capinf/kontext/43830_exterior_image_1_left_pair0.png,"Follow the markers in the image: the green box marks the object to grasp, the blue dot marks where to place it. Show the scene after the object has been moved to the marked location. Pick up the jar on the countertop. Place the bottle in the drawer."
/data/datasets/DROID/train_v8capinf/final/11461_exterior_image_2_left_pair0.png,/data/datasets/DROID/train_v8capinf/kontext/11461_exterior_image_2_left_pair0.png,"Follow the markers in the image: the green box marks the object to grasp, the blue dot marks where to place it. Show the scene after the object has been moved to the marked location. Pick up the orange toy on the table. Place the orange toy in the bowl."
/data/datasets/DROID/train_v8capinf/final/23173_exterior_image_2_left_pair0.png,/data/datasets/DROID/train_v8capinf/kontext/23173_exterior_image_2_left_pair0.png,"Follow the markers in the image: the green box marks the object to grasp, the blue dot marks where to place it. Show the scene after the object has been moved to the marked location. Pick up the plastic bottle on the table. Place the plastic bottle on the top of the ever spring bottle."
/data/datasets/DROID/train_v8capinf/final/2392_exterior_image_1_left_pair0.png,/data/datasets/DROID/train_v8capinf/kontext/2392_exterior_image_1_left_pair0.png,"Follow the markers in the image: the green box marks the object to grasp, the blue dot marks where to place it. Show the scene after the object has been moved to the marked location. Pick up the stapler on the table. Place the stapler on the table."
/data/datasets/DROID/train_v8capinf/final/71650_exterior_image_1_left_pair0.png,/data/datasets/DROID/train_v8capinf/kontext/71650_exterior_image_1_left_pair0.png,"Follow the markers in the image: the green box marks the object to grasp, the blue dot marks where to place it. Show the scene after the object has been moved to the marked location. Pick up the pen from the table. Place the pen in the white bowl."
/data/datasets/DROID/train_v8capinf/final/17673_exterior_image_1_left_pair0.png,/data/datasets/DROID/train_v8capinf/kontext/17673_exterior_image_1_left_pair0.png,"Follow the markers in the image: the green box marks the object to grasp, the blue dot marks where to place it. Show the scene after the object has been moved to the marked location. Pick up the cup on the table. Place the cup on the table."
/data/datasets/DROID/train_v8capinf/final/41426_exterior_image_2_left_pair0.png,/data/datasets/DROID/train_v8capinf/kontext/41426_exterior_image_2_left_pair0.png,"Follow the markers in the image: the green box marks the object to grasp, the blue dot marks where to place it. Show the scene after the object has been moved to the marked location. Pick up the metal bowl on the countertop. Place the metal bowl on the stove in the cooker."
/data/datasets/DROID/train_v8capinf/final/61020_exterior_image_2_left_pair0.png,/data/datasets/DROID/train_v8capinf/kontext/61020_exterior_image_2_left_pair0.png,"Follow the markers in the image: the green box marks the object to grasp, the blue dot marks where to place it. Show the scene after the object has been moved to the marked location. Pick up the cup from the sink. Place the cup on the counter."
/data/datasets/DROID/train_v8capinf/final/63741_exterior_image_2_left_pair0.png,/data/datasets/DROID/train_v8capinf/kontext/63741_exterior_image_2_left_pair0.png,"Follow the markers in the image: the green box marks the object to grasp, the blue dot marks where to place it. Show the scene after the object has been moved to the marked location. Pick up the cup from the sink. Place the cup on the sink counter."
/data/datasets/DROID/train_v8capinf/final/27246_exterior_image_1_left_pair0.png,/data/datasets/DROID/train_v8capinf/kontext/27246_exterior_image_1_left_pair0.png,"Follow the markers in the image: the green box marks the object to grasp, the blue dot marks where to place it. Show the scene after the object has been moved to the marked location. Pick up the packaging bag from the countertop. Place the packaging bag in the open cabinet."
/data/datasets/DROID/train_v8capinf/final/33567_exterior_image_1_left_pair0.png,/data/datasets/DROID/train_v8capinf/kontext/33567_exterior_image_1_left_pair0.png,"Follow the markers in the image: the green box marks the object to grasp, the blue dot marks where to place it. Show the scene after the object has been moved to the marked location. Pick up the rope on the surface. Place the rope on the surface."
/data/datasets/DROID/train_v8capinf/final/33567_exterior_image_1_left_pair1.png,/data/datasets/DROID/train_v8capinf/kontext/33567_exterior_image_1_left_pair1.png,"Follow the markers in the image: the green box marks the object to grasp, the blue dot marks where to place it. Show the scene after the object has been moved to the marked location. Pick up the rope on the surface. Place the rope on the other side of the surface."
/data/datasets/DROID/train_v8capinf/final/47384_exterior_image_2_left_pair0.png,/data/datasets/DROID/train_v8capinf/kontext/47384_exterior_image_2_left_pair0.png,"Follow the markers in the image: the green box marks the object to grasp, the blue dot marks where to place it. Show the scene after the object has been moved to the marked location. Pick up the marker from the countertop. Place the marker in the clear bowl."
/data/datasets/DROID/train_v8capinf/final/1521_exterior_image_1_left_pair0.png,/data/datasets/DROID/train_v8capinf/kontext/1521_exterior_image_1_left_pair0.png,"Follow the markers in the image: the green box marks the object to grasp, the blue dot marks where to place it. Show the scene after the object has been moved to the marked location. Pick up the black shirt from the table. Place the black shirt on the table."
/data/datasets/DROID/train_v8capinf/final/50149_exterior_image_1_left_pair0.png,/data/datasets/DROID/train_v8capinf/kontext/50149_exterior_image_1_left_pair0.png,"Follow the markers in the image: the green box marks the object to grasp, the blue dot marks where to place it. Show the scene after the object has been moved to the marked location. Pick up the marker on the blue vase. Place the marker in the yellow cup."
/data/datasets/DROID/train_v8capinf/final/82452_exterior_image_2_left_pair0.png,/data/datasets/DROID/train_v8capinf/kontext/82452_exterior_image_2_left_pair0.png,"Follow the markers in the image: the green box marks the object to grasp, the blue dot marks where to place it. Show the scene after the object has been moved to the marked location. Pick up the orange cube from the table. Place the orange cube on top of the green cube."
/data/datasets/DROID/train_v8capinf/final/13269_exterior_image_1_left_pair0.png,/data/datasets/DROID/train_v8capinf/kontext/13269_exterior_image_1_left_pair0.png,"Follow the markers in the image: the green box marks the object to grasp, the blue dot marks where to place it. Show the scene after the object has been moved to the marked location. Pick up the grey remote from the black remote. Place the black remote on the blue cushion."
/data/datasets/DROID/train_v8capinf/final/13269_exterior_image_1_left_pair1.png,/data/datasets/DROID/train_v8capinf/kontext/13269_exterior_image_1_left_pair1.png,"Follow the markers in the image: the green box marks the object to grasp, the blue dot marks where to place it. Show the scene after the object has been moved to the marked location. Pick up the black remote from the blue cushion. Place the black remote on the black remote."
/data/datasets/DROID/train_v8capinf/final/22841_exterior_image_2_left_pair0.png,/data/datasets/DROID/train_v8capinf/kontext/22841_exterior_image_2_left_pair0.png,"Follow the markers in the image: the green box marks the object to grasp, the blue dot marks where to place it. Show the scene after the object has been moved to the marked location. Pick up the cup from the plate. Place the cup on the table."
/data/datasets/DROID/train_v8capinf/final/11618_exterior_image_1_left_pair0.png,/data/datasets/DROID/train_v8capinf/kontext/11618_exterior_image_1_left_pair0.png,"Follow the markers in the image: the green box marks the object to grasp, the blue dot marks where to place it. Show the scene after the object has been moved to the marked location. Pick up the pen from the jar. Place the pen on the table."
/data/datasets/DROID/train_v8capinf/final/12900_exterior_image_1_left_pair0.png,/data/datasets/DROID/train_v8capinf/kontext/12900_exterior_image_1_left_pair0.png,"Follow the markers in the image: the green box marks the object to grasp, the blue dot marks where to place it. Show the scene after the object has been moved to the marked location. Pick up the pen from the table. Place the pen in the cup."
/data/datasets/DROID/train_v8capinf/final/31230_exterior_image_2_left_pair0.png,/data/datasets/DROID/train_v8capinf/kontext/31230_exterior_image_2_left_pair0.png,"Follow the markers in the image: the green box marks the object to grasp, the blue dot marks where to place it. Show the scene after the object has been moved to the marked location. Pick up the cloth from the backrest of the chair. Place the cloth on the seat of the chair."
/data/datasets/DROID/train_v8capinf/final/31230_exterior_image_2_left_pair1.png,/data/datasets/DROID/train_v8capinf/kontext/31230_exterior_image_2_left_pair1.png,"Follow the markers in the image: the green box marks the object to grasp, the blue dot marks where to place it. Show the scene after the object has been moved to the marked location. Pick up the cloth from the seat of the chair. Place the cloth on the backrest of the chair."
/data/datasets/DROID/train_v8capinf/final/23734_exterior_image_1_left_pair0.png,/data/datasets/DROID/train_v8capinf/kontext/23734_exterior_image_1_left_pair0.png,"Follow the markers in the image: the green box marks the object to grasp, the blue dot marks where to place it. Show the scene after the object has been moved to the marked location. Pick up the can on the table. Place the can on the tray."
/data/datasets/DROID/train_v8capinf/final/23734_exterior_image_1_left_pair1.png,/data/datasets/DROID/train_v8capinf/kontext/23734_exterior_image_1_left_pair1.png,"Follow the markers in the image: the green box marks the object to grasp, the blue dot marks where to place it. Show the scene after the object has been moved to the marked location. Pick up the can on the table. Place the can on the tray."
/data/datasets/DROID/train_v8capinf/final/34227_exterior_image_2_left_pair0.png,/data/datasets/DROID/train_v8capinf/kontext/34227_exterior_image_2_left_pair0.png,"Follow the markers in the image: the green box marks the object to grasp, the blue dot marks where to place it. Show the scene after the object has been moved to the marked location. Pick up the orange block from the table. Place the orange block on top of the green block."
/data/datasets/DROID/train_v8capinf/final/13315_exterior_image_1_left_pair0.png,/data/datasets/DROID/train_v8capinf/kontext/13315_exterior_image_1_left_pair0.png,"Follow the markers in the image: the green box marks the object to grasp, the blue dot marks where to place it. Show the scene after the object has been moved to the marked location. Pick up the packaging bag to the first shelf. Place the packaging bag to the first shelf."
/data/datasets/DROID/train_v8capinf/final/53725_exterior_image_1_left_pair0.png,/data/datasets/DROID/train_v8capinf/kontext/53725_exterior_image_1_left_pair0.png,"Follow the markers in the image: the green box marks the object to grasp, the blue dot marks where to place it. Show the scene after the object has been moved to the marked location. Pick up the block on the table. Place the block on the green block."
/data/datasets/DROID/train_v8capinf/final/17803_exterior_image_2_left_pair0.png,/data/datasets/DROID/train_v8capinf/kontext/17803_exterior_image_2_left_pair0.png,"Follow the markers in the image: the green box marks the object to grasp, the blue dot marks where to place it. Show the scene after the object has been moved to the marked location. Pick up the can in the sink. Place the can on the desktop."
/data/datasets/DROID/train_v8capinf/final/10877_exterior_image_2_left_pair0.png,/data/datasets/DROID/train_v8capinf/kontext/10877_exterior_image_2_left_pair0.png,"Follow the markers in the image: the green box marks the object to grasp, the blue dot marks where to place it. Show the scene after the object has been moved to the marked location. Pick up the object on the table. Place the object at the specified position on the table."
/data/datasets/DROID/train_v8capinf/final/25882_exterior_image_2_left_pair0.png,/data/datasets/DROID/train_v8capinf/kontext/25882_exterior_image_2_left_pair0.png,"Follow the markers in the image: the green box marks the object to grasp, the blue dot marks where to place it. Show the scene after the object has been moved to the marked location. Pick up the pack of snacks from the table. Place the pack of snacks in the sink."
/data/datasets/DROID/train_v8capinf/final/72884_exterior_image_2_left_pair0.png,/data/datasets/DROID/train_v8capinf/kontext/72884_exterior_image_2_left_pair0.png,"Follow the markers in the image: the green box marks the object to grasp, the blue dot marks where to place it. Show the scene after the object has been moved to the marked location. Pick up the object from the tray. Place the object on the table."
/data/datasets/DROID/train_v8capinf/final/11926_exterior_image_1_left_pair0.png,/data/datasets/DROID/train_v8capinf/kontext/11926_exterior_image_1_left_pair0.png,"Follow the markers in the image: the green box marks the object to grasp, the blue dot marks where to place it. Show the scene after the object has been moved to the marked location. Pick up the white cloth on the back of the chair. Place the white cloth on the seat of the chair."
/data/datasets/DROID/train_v8capinf/final/16573_exterior_image_1_left_pair0.png,/data/datasets/DROID/train_v8capinf/kontext/16573_exterior_image_1_left_pair0.png,"Follow the markers in the image: the green box marks the object to grasp, the blue dot marks where to place it. Show the scene after the object has been moved to the marked location. Pick up the transparent box in the sink. Place the transparent box on the desktop."
/data/datasets/DROID/train_v8capinf/final/12252_exterior_image_1_left_pair0.png,/data/datasets/DROID/train_v8capinf/kontext/12252_exterior_image_1_left_pair0.png,"Follow the markers in the image: the green box marks the object to grasp, the blue dot marks where to place it. Show the scene after the object has been moved to the marked location. Pick up the white bowl from the countertop. Place the white bowl on the food packaging."
/data/datasets/DROID/train_v8capinf/final/11987_exterior_image_1_left_pair0.png,/data/datasets/DROID/train_v8capinf/kontext/11987_exterior_image_1_left_pair0.png,"Follow the markers in the image: the green box marks the object to grasp, the blue dot marks where to place it. Show the scene after the object has been moved to the marked location. Pick up the staple remover on the table. Place the staple remover next to the stapler."
/data/datasets/DROID/train_v8capinf/final/14825_exterior_image_1_left_pair0.png,/data/datasets/DROID/train_v8capinf/kontext/14825_exterior_image_1_left_pair0.png,"Follow the markers in the image: the green box marks the object to grasp, the blue dot marks where to place it. Show the scene after the object has been moved to the marked location. Pick up the marker from the blue table. Place the marker inside the silver cup."
/data/datasets/DROID/train_v8capinf/final/12426_exterior_image_2_left_pair0.png,/data/datasets/DROID/train_v8capinf/kontext/12426_exterior_image_2_left_pair0.png,"Follow the markers in the image: the green box marks the object to grasp, the blue dot marks where to place it. Show the scene after the object has been moved to the marked location. Pick up the corn toy from the basket. Place the corn toy on the table."
/data/datasets/DROID/train_v8capinf/final/12920_exterior_image_1_left_pair0.png,/data/datasets/DROID/train_v8capinf/kontext/12920_exterior_image_1_left_pair0.png,"Follow the markers in the image: the green box marks the object to grasp, the blue dot marks where to place it. Show the scene after the object has been moved to the marked location. Pick up the bowl from the window. Place the bowl on the counter."
/data/datasets/DROID/train_v8capinf/final/12920_exterior_image_1_left_pair1.png,/data/datasets/DROID/train_v8capinf/kontext/12920_exterior_image_1_left_pair1.png,"Follow the markers in the image: the green box marks the object to grasp, the blue dot marks where to place it. Show the scene after the object has been moved to the marked location. Pick up the ball from the window. Place the ball on the counter."
/data/datasets/DROID/train_v8capinf/final/34165_exterior_image_1_left_pair0.png,/data/datasets/DROID/train_v8capinf/kontext/34165_exterior_image_1_left_pair0.png,"Follow the markers in the image: the green box marks the object to grasp, the blue dot marks where to place it. Show the scene after the object has been moved to the marked location. Pick up the towel from the cabinet. Place the towel on the table."
/data/datasets/DROID/train_v8capinf/final/49699_exterior_image_1_left_pair0.png,/data/datasets/DROID/train_v8capinf/kontext/49699_exterior_image_1_left_pair0.png,"Follow the markers in the image: the green box marks the object to grasp, the blue dot marks where to place it. Show the scene after the object has been moved to the marked location. Pick up the orange block from the table. Place the orange block on top of the green block."
/data/datasets/DROID/train_v8capinf/final/22121_exterior_image_2_left_pair0.png,/data/datasets/DROID/train_v8capinf/kontext/22121_exterior_image_2_left_pair0.png,"Follow the markers in the image: the green box marks the object to grasp, the blue dot marks where to place it. Show the scene after the object has been moved to the marked location. Pick up the jar on the counter. Place the jar on the tray."
/data/datasets/DROID/train_v8capinf/final/13671_exterior_image_2_left_pair0.png,/data/datasets/DROID/train_v8capinf/kontext/13671_exterior_image_2_left_pair0.png,"Follow the markers in the image: the green box marks the object to grasp, the blue dot marks where to place it. Show the scene after the object has been moved to the marked location. Pick up the black wire from the bag. Place the black wire on the table."
/data/datasets/DROID/train_v8capinf/final/17632_exterior_image_1_left_pair0.png,/data/datasets/DROID/train_v8capinf/kontext/17632_exterior_image_1_left_pair0.png,"Follow the markers in the image: the green box marks the object to grasp, the blue dot marks where to place it. Show the scene after the object has been moved to the marked location. Pick up the small white object from the table. Place the small white object on the orange plate."
/data/datasets/DROID/train_v8capinf/final/17414_exterior_image_1_left_pair0.png,/data/datasets/DROID/train_v8capinf/kontext/17414_exterior_image_1_left_pair0.png,"Follow the markers in the image: the green box marks the object to grasp, the blue dot marks where to place it. Show the scene after the object has been moved to the marked location. Pick up the item on the counter. Place the item in the bag."
/data/datasets/DROID/train_v8capinf/final/11598_exterior_image_2_left_pair0.png,/data/datasets/DROID/train_v8capinf/kontext/11598_exterior_image_2_left_pair0.png,"Follow the markers in the image: the green box marks the object to grasp, the blue dot marks where to place it. Show the scene after the object has been moved to the marked location. Pick up the marker from the green table. Place the marker in the cup."
/data/datasets/DROID/train_v8capinf/final/9482_exterior_image_2_left_pair0.png,/data/datasets/DROID/train_v8capinf/kontext/9482_exterior_image_2_left_pair0.png,"Follow the markers in the image: the green box marks the object to grasp, the blue dot marks where to place it. Show the scene after the object has been moved to the marked location. Pick up the drink from the table. Place the drink in the drawer."
/data/datasets/DROID/train_v8capinf/final/17697_exterior_image_2_left_pair0.png,/data/datasets/DROID/train_v8capinf/kontext/17697_exterior_image_2_left_pair0.png,"Follow the markers in the image: the green box marks the object to grasp, the blue dot marks where to place it. Show the scene after the object has been moved to the marked location. Pick up the marker on the table. Place the marker on the table."
/data/datasets/DROID/train_v8capinf/final/54110_exterior_image_1_left_pair0.png,/data/datasets/DROID/train_v8capinf/kontext/54110_exterior_image_1_left_pair0.png,"Follow the markers in the image: the green box marks the object to grasp, the blue dot marks where to place it. Show the scene after the object has been moved to the marked location. Pick up the marker on the table. Place the marker in the bowl."
/data/datasets/DROID/train_v8capinf/final/18159_exterior_image_1_left_pair0.png,/data/datasets/DROID/train_v8capinf/kontext/18159_exterior_image_1_left_pair0.png,"Follow the markers in the image: the green box marks the object to grasp, the blue dot marks where to place it. Show the scene after the object has been moved to the marked location. Pick up the cloth on the table. Place the cloth on the tabletop."
/data/datasets/DROID/train_v8capinf/final/16671_exterior_image_2_left_pair0.png,/data/datasets/DROID/train_v8capinf/kontext/16671_exterior_image_2_left_pair0.png,"Follow the markers in the image: the green box marks the object to grasp, the blue dot marks where to place it. Show the scene after the object has been moved to the marked location. Pick up the cup on the table. Place the cup on the bowl."
/data/datasets/DROID/train_v8capinf/final/33370_exterior_image_1_left_pair1.png,/data/datasets/DROID/train_v8capinf/kontext/33370_exterior_image_1_left_pair1.png,"Follow the markers in the image: the green box marks the object to grasp, the blue dot marks where to place it. Show the scene after the object has been moved to the marked location. Pick up the kettle on the side table. Place the kettle into the bowl."
/data/datasets/DROID/train_v8capinf/final/12506_exterior_image_1_left_pair0.png,/data/datasets/DROID/train_v8capinf/kontext/12506_exterior_image_1_left_pair0.png,"Follow the markers in the image: the green box marks the object to grasp, the blue dot marks where to place it. Show the scene after the object has been moved to the marked location. Pick up the cloth in the air. Place the cloth on the table."
/data/datasets/DROID/train_v8capinf/final/47867_exterior_image_2_left_pair0.png,/data/datasets/DROID/train_v8capinf/kontext/47867_exterior_image_2_left_pair0.png,"Follow the markers in the image: the green box marks the object to grasp, the blue dot marks where to place it. Show the scene after the object has been moved to the marked location. Pick up the orange block on the table. Place the orange block on top of the green block."
/data/datasets/DROID/train_v8capinf/final/29461_exterior_image_1_left_pair0.png,/data/datasets/DROID/train_v8capinf/kontext/29461_exterior_image_1_left_pair0.png,"Follow the markers in the image: the green box marks the object to grasp, the blue dot marks where to place it. Show the scene after the object has been moved to the marked location. Pick up the toy from the table. Place the toy in the bowl."
/data/datasets/DROID/train_v8capinf/final/38001_exterior_image_2_left_pair0.png,/data/datasets/DROID/train_v8capinf/kontext/38001_exterior_image_2_left_pair0.png,"Follow the markers in the image: the green box marks the object to grasp, the blue dot marks where to place it. Show the scene after the object has been moved to the marked location. Pick up the pear from the black tray. Place the pear in the basket."
/data/datasets/DROID/train_v8capinf/final/16278_exterior_image_2_left_pair0.png,/data/datasets/DROID/train_v8capinf/kontext/16278_exterior_image_2_left_pair0.png,"Follow the markers in the image: the green box marks the object to grasp, the blue dot marks where to place it. Show the scene after the object has been moved to the marked location. Pick up the bag on the sink. Place the bag inside the sink."
/data/datasets/DROID/train_v8capinf/final/18785_exterior_image_1_left_pair0.png,/data/datasets/DROID/train_v8capinf/kontext/18785_exterior_image_1_left_pair0.png,"Follow the markers in the image: the green box marks the object to grasp, the blue dot marks where to place it. Show the scene after the object has been moved to the marked location. Pick up the lid from the table. Place the lid on top of the blue pot."
/data/datasets/DROID/train_v8capinf/final/10961_exterior_image_1_left_pair0.png,/data/datasets/DROID/train_v8capinf/kontext/10961_exterior_image_1_left_pair0.png,"Follow the markers in the image: the green box marks the object to grasp, the blue dot marks where to place it. Show the scene after the object has been moved to the marked location. Pick up the cloth on the table. Place the cloth on the glass panel."
/data/datasets/DROID/train_v8capinf/final/26669_exterior_image_2_left_pair0.png,/data/datasets/DROID/train_v8capinf/kontext/26669_exterior_image_2_left_pair0.png,"Follow the markers in the image: the green box marks the object to grasp, the blue dot marks where to place it. Show the scene after the object has been moved to the marked location. Pick up the green object on the table. Place the green object in the pot."
/data/datasets/DROID/train_v8capinf/final/26669_exterior_image_2_left_pair1.png,/data/datasets/DROID/train_v8capinf/kontext/26669_exterior_image_2_left_pair1.png,"Follow the markers in the image: the green box marks the object to grasp, the blue dot marks where to place it. Show the scene after the object has been moved to the marked location. Pick up the object on the table. Place the object in the bowl."
/data/datasets/DROID/train_v8capinf/final/54428_exterior_image_2_left_pair0.png,/data/datasets/DROID/train_v8capinf/kontext/54428_exterior_image_2_left_pair0.png,"Follow the markers in the image: the green box marks the object to grasp, the blue dot marks where to place it. Show the scene after the object has been moved to the marked location. Pick up the paper on the countertop. Place the paper in the transparent box."
/data/datasets/DROID/train_v8capinf/final/21064_exterior_image_1_left_pair0.png,/data/datasets/DROID/train_v8capinf/kontext/21064_exterior_image_1_left_pair0.png,"Follow the markers in the image: the green box marks the object to grasp, the blue dot marks where to place it. Show the scene after the object has been moved to the marked location. Pick up the hanger on the rack. Place the hanger on the table."
/data/datasets/DROID/train_v8capinf/final/16348_exterior_image_1_left_pair0.png,/data/datasets/DROID/train_v8capinf/kontext/16348_exterior_image_1_left_pair0.png,"Follow the markers in the image: the green box marks the object to grasp, the blue dot marks where to place it. Show the scene after the object has been moved to the marked location. Pick up the lid. Place the lid to the pot."
/data/datasets/DROID/train_v8capinf/final/62546_exterior_image_1_left_pair1.png,/data/datasets/DROID/train_v8capinf/kontext/62546_exterior_image_1_left_pair1.png,"Follow the markers in the image: the green box marks the object to grasp, the blue dot marks where to place it. Show the scene after the object has been moved to the marked location. Pick up the second object from the gray plate. Place the object in the green cup."
/data/datasets/DROID/train_v8capinf/final/35055_exterior_image_1_left_pair0.png,/data/datasets/DROID/train_v8capinf/kontext/35055_exterior_image_1_left_pair0.png,"Follow the markers in the image: the green box marks the object to grasp, the blue dot marks where to place it. Show the scene after the object has been moved to the marked location. Pick up the object on the box. Place the object on the box."
/data/datasets/DROID/train_v8capinf/final/14249_exterior_image_1_left_pair0.png,/data/datasets/DROID/train_v8capinf/kontext/14249_exterior_image_1_left_pair0.png,"Follow the markers in the image: the green box marks the object to grasp, the blue dot marks where to place it. Show the scene after the object has been moved to the marked location. Pick up the object from the table. Place the object in the bowl."
/data/datasets/DROID/train_v8capinf/final/1339_exterior_image_2_left_pair0.png,/data/datasets/DROID/train_v8capinf/kontext/1339_exterior_image_2_left_pair0.png,"Follow the markers in the image: the green box marks the object to grasp, the blue dot marks where to place it. Show the scene after the object has been moved to the marked location. Pick up the drink from the countertop. Place the drink in the bowl."
/data/datasets/DROID/train_v8capinf/final/33445_exterior_image_1_left_pair0.png,/data/datasets/DROID/train_v8capinf/kontext/33445_exterior_image_1_left_pair0.png,"Follow the markers in the image: the green box marks the object to grasp, the blue dot marks where to place it. Show the scene after the object has been moved to the marked location. Pick up the orange block from the table. Place the orange block on top of the green block."
/data/datasets/DROID/train_v8capinf/final/80112_exterior_image_2_left_pair0.png,/data/datasets/DROID/train_v8capinf/kontext/80112_exterior_image_2_left_pair0.png,"Follow the markers in the image: the green box marks the object to grasp, the blue dot marks where to place it. Show the scene after the object has been moved to the marked location. Pick up the whiteboard eraser from the desktop. Place the whiteboard eraser on the desktop."
/data/datasets/DROID/train_v8capinf/final/36874_exterior_image_1_left_pair0.png,/data/datasets/DROID/train_v8capinf/kontext/36874_exterior_image_1_left_pair0.png,"Follow the markers in the image: the green box marks the object to grasp, the blue dot marks where to place it. Show the scene after the object has been moved to the marked location. Pick up the jar on the countertop. Place the jar in the drawer."
/data/datasets/DROID/train_v8capinf/final/23778_exterior_image_2_left_pair0.png,/data/datasets/DROID/train_v8capinf/kontext/23778_exterior_image_2_left_pair0.png,"Follow the markers in the image: the green box marks the object to grasp, the blue dot marks where to place it. Show the scene after the object has been moved to the marked location. Pick up the two white towels on the box. Place the white towel in the paper bag."
/data/datasets/DROID/train_v8capinf/final/37691_exterior_image_2_left_pair0.png,/data/datasets/DROID/train_v8capinf/kontext/37691_exterior_image_2_left_pair0.png,"Follow the markers in the image: the green box marks the object to grasp, the blue dot marks where to place it. Show the scene after the object has been moved to the marked location. Pick up the cup from the grey tray. Place the cup on the countertop."
/data/datasets/DROID/train_v8capinf/final/58448_exterior_image_2_left_pair0.png,/data/datasets/DROID/train_v8capinf/kontext/58448_exterior_image_2_left_pair0.png,"Follow the markers in the image: the green box marks the object to grasp, the blue dot marks where to place it. Show the scene after the object has been moved to the marked location. Pick up the marker on the table. Place the marker in the transparent container."
/data/datasets/DROID/train_v8capinf/final/13418_exterior_image_1_left_pair0.png,/data/datasets/DROID/train_v8capinf/kontext/13418_exterior_image_1_left_pair0.png,"Follow the markers in the image: the green box marks the object to grasp, the blue dot marks where to place it. Show the scene after the object has been moved to the marked location. Pick up the green square from the table. Place the green square in the bowl."
/data/datasets/DROID/train_v8capinf/final/15587_exterior_image_1_left_pair0.png,/data/datasets/DROID/train_v8capinf/kontext/15587_exterior_image_1_left_pair0.png,"Follow the markers in the image: the green box marks the object to grasp, the blue dot marks where to place it. Show the scene after the object has been moved to the marked location. Pick up the marker from the cup. Place the marker on the table."
/data/datasets/DROID/train_v8capinf/final/1115_exterior_image_1_left_pair0.png,/data/datasets/DROID/train_v8capinf/kontext/1115_exterior_image_1_left_pair0.png,"Follow the markers in the image: the green box marks the object to grasp, the blue dot marks where to place it. Show the scene after the object has been moved to the marked location. Pick up the pen in the cup. Place the pen on the table."
/data/datasets/DROID/train_v8capinf/final/20881_exterior_image_1_left_pair0.png,/data/datasets/DROID/train_v8capinf/kontext/20881_exterior_image_1_left_pair0.png,"Follow the markers in the image: the green box marks the object to grasp, the blue dot marks where to place it. Show the scene after the object has been moved to the marked location. Pick up the red mug in the topmost drawer. Place the red mug on the countertop."
/data/datasets/DROID/train_v8capinf/final/17196_exterior_image_1_left_pair0.png,/data/datasets/DROID/train_v8capinf/kontext/17196_exterior_image_1_left_pair0.png,"Follow the markers in the image: the green box marks the object to grasp, the blue dot marks where to place it. Show the scene after the object has been moved to the marked location. Pick up lay the pack on the blue object. Place lay the packaging bag down on the blue object."
/data/datasets/DROID/train_v8capinf/final/23683_exterior_image_1_left_pair0.png,/data/datasets/DROID/train_v8capinf/kontext/23683_exterior_image_1_left_pair0.png,"Follow the markers in the image: the green box marks the object to grasp, the blue dot marks where to place it. Show the scene after the object has been moved to the marked location. Pick up the lid from the table. Place the lid on the pot."
/data/datasets/DROID/train_v8capinf/final/13519_exterior_image_2_left_pair0.png,/data/datasets/DROID/train_v8capinf/kontext/13519_exterior_image_2_left_pair0.png,"Follow the markers in the image: the green box marks the object to grasp, the blue dot marks where to place it. Show the scene after the object has been moved to the marked location. Pick up the plastic corn on the blue table. Place the plastic corn in the basin."
/data/datasets/DROID/train_v8capinf/final/13517_exterior_image_2_left_pair0.png,/data/datasets/DROID/train_v8capinf/kontext/13517_exterior_image_2_left_pair0.png,"Follow the markers in the image: the green box marks the object to grasp, the blue dot marks where to place it. Show the scene after the object has been moved to the marked location. Pick up the snack bar from the countertop. Place the snack bar in the upper cabinet."
/data/datasets/DROID/train_v8capinf/final/26436_exterior_image_2_left_pair0.png,/data/datasets/DROID/train_v8capinf/kontext/26436_exterior_image_2_left_pair0.png,"Follow the markers in the image: the green box marks the object to grasp, the blue dot marks where to place it. Show the scene after the object has been moved to the marked location. Pick up the soda can from the display case. Place the soda can on the counter."
/data/datasets/DROID/train_v8capinf/final/14235_exterior_image_2_left_pair0.png,/data/datasets/DROID/train_v8capinf/kontext/14235_exterior_image_2_left_pair0.png,"Follow the markers in the image: the green box marks the object to grasp, the blue dot marks where to place it. Show the scene after the object has been moved to the marked location. Pick up the lid on the table. Place the lid on the table."
/data/datasets/DROID/train_v8capinf/final/12939_exterior_image_1_left_pair0.png,/data/datasets/DROID/train_v8capinf/kontext/12939_exterior_image_1_left_pair0.png,"Follow the markers in the image: the green box marks the object to grasp, the blue dot marks where to place it. Show the scene after the object has been moved to the marked location. Pick up the black measuring tape on the table. Place the black measuring tape in the center of the table."
/data/datasets/DROID/train_v8capinf/final/13113_exterior_image_1_left_pair0.png,/data/datasets/DROID/train_v8capinf/kontext/13113_exterior_image_1_left_pair0.png,"Follow the markers in the image: the green box marks the object to grasp, the blue dot marks where to place it. Show the scene after the object has been moved to the marked location. Pick up the paper from the stove. Place the paper in the pot."
/data/datasets/DROID/train_v8capinf/final/20913_exterior_image_2_left_pair0.png,/data/datasets/DROID/train_v8capinf/kontext/20913_exterior_image_2_left_pair0.png,"Follow the markers in the image: the green box marks the object to grasp, the blue dot marks where to place it. Show the scene after the object has been moved to the marked location. Pick up the green can on the counter. Place the green can in the cabinet above."
/data/datasets/DROID/train_v8capinf/final/11244_exterior_image_2_left_pair0.png,/data/datasets/DROID/train_v8capinf/kontext/11244_exterior_image_2_left_pair0.png,"Follow the markers in the image: the green box marks the object to grasp, the blue dot marks where to place it. Show the scene after the object has been moved to the marked location. Pick up the green block on the table. Place the green block on the table."
/data/datasets/DROID/train_v8capinf/final/26101_exterior_image_2_left_pair0.png,/data/datasets/DROID/train_v8capinf/kontext/26101_exterior_image_2_left_pair0.png,"Follow the markers in the image: the green box marks the object to grasp, the blue dot marks where to place it. Show the scene after the object has been moved to the marked location. Pick up the marker on the table. Place the marker on the green towel."
/data/datasets/DROID/train_v8capinf/final/26101_exterior_image_2_left_pair1.png,/data/datasets/DROID/train_v8capinf/kontext/26101_exterior_image_2_left_pair1.png,"Follow the markers in the image: the green box marks the object to grasp, the blue dot marks where to place it. Show the scene after the object has been moved to the marked location. Pick up the wrapped green towel. Place the wrapped green towel in the box."
/data/datasets/DROID/train_v8capinf/final/12532_exterior_image_1_left_pair0.png,/data/datasets/DROID/train_v8capinf/kontext/12532_exterior_image_1_left_pair0.png,"Follow the markers in the image: the green box marks the object to grasp, the blue dot marks where to place it. Show the scene after the object has been moved to the marked location. Pick up the box on the table. Place the box at the designated position on the table."
/data/datasets/DROID/train_v8capinf/final/20077_exterior_image_1_left_pair0.png,/data/datasets/DROID/train_v8capinf/kontext/20077_exterior_image_1_left_pair0.png,"Follow the markers in the image: the green box marks the object to grasp, the blue dot marks where to place it. Show the scene after the object has been moved to the marked location. Pick up the white cup on the table. Place the white cup in the position behind on the table."
/data/datasets/DROID/train_v8capinf/final/78235_exterior_image_2_left_pair0.png,/data/datasets/DROID/train_v8capinf/kontext/78235_exterior_image_2_left_pair0.png,"Follow the markers in the image: the green box marks the object to grasp, the blue dot marks where to place it. Show the scene after the object has been moved to the marked location. Pick up the pillow from the sofa. Place the pillow on the arm rest."
/data/datasets/DROID/train_v8capinf/final/78235_exterior_image_2_left_pair1.png,/data/datasets/DROID/train_v8capinf/kontext/78235_exterior_image_2_left_pair1.png,"Follow the markers in the image: the green box marks the object to grasp, the blue dot marks where to place it. Show the scene after the object has been moved to the marked location. Pick up the pillow from the sofa. Place the pillow against the arm rest upright."
/data/datasets/DROID/train_v8capinf/final/10717_exterior_image_1_left_pair0.png,/data/datasets/DROID/train_v8capinf/kontext/10717_exterior_image_1_left_pair0.png,"Follow the markers in the image: the green box marks the object to grasp, the blue dot marks where to place it. Show the scene after the object has been moved to the marked location. Pick up the red sauce bottle from the sink. Place the red sauce bottle in the cup."
/data/datasets/DROID/train_v8capinf/final/38343_exterior_image_2_left_pair0.png,/data/datasets/DROID/train_v8capinf/kontext/38343_exterior_image_2_left_pair0.png,"Follow the markers in the image: the green box marks the object to grasp, the blue dot marks where to place it. Show the scene after the object has been moved to the marked location. Pick up the marker from the table. Place the marker into the bowl."
/data/datasets/DROID/train_v8capinf/final/11592_exterior_image_2_left_pair0.png,/data/datasets/DROID/train_v8capinf/kontext/11592_exterior_image_2_left_pair0.png,"Follow the markers in the image: the green box marks the object to grasp, the blue dot marks where to place it. Show the scene after the object has been moved to the marked location. Pick up the black masking tape from the table. Place the black masking tape on the white plate."
/data/datasets/DROID/train_v8capinf/final/2437_exterior_image_1_left_pair0.png,/data/datasets/DROID/train_v8capinf/kontext/2437_exterior_image_1_left_pair0.png,"Follow the markers in the image: the green box marks the object to grasp, the blue dot marks where to place it. Show the scene after the object has been moved to the marked location. Pick up the plush toy from the table. Place the plush toy inside the sink."
/data/datasets/DROID/train_v8capinf/final/29564_exterior_image_1_left_pair0.png,/data/datasets/DROID/train_v8capinf/kontext/29564_exterior_image_1_left_pair0.png,"Follow the markers in the image: the green box marks the object to grasp, the blue dot marks where to place it. Show the scene after the object has been moved to the marked location. Pick up the object from the plate. Place the object on the table."
/data/datasets/DROID/train_v8capinf/final/78596_exterior_image_2_left_pair0.png,/data/datasets/DROID/train_v8capinf/kontext/78596_exterior_image_2_left_pair0.png,"Follow the markers in the image: the green box marks the object to grasp, the blue dot marks where to place it. Show the scene after the object has been moved to the marked location. Pick up the cup from the drawer. Place the cup on the table."
/data/datasets/DROID/train_v8capinf/final/19557_exterior_image_2_left_pair0.png,/data/datasets/DROID/train_v8capinf/kontext/19557_exterior_image_2_left_pair0.png,"Follow the markers in the image: the green box marks the object to grasp, the blue dot marks where to place it. Show the scene after the object has been moved to the marked location. Pick up the purple object on the table. Place the purple object in the bowl."
/data/datasets/DROID/train_v8capinf/final/15379_exterior_image_1_left_pair0.png,/data/datasets/DROID/train_v8capinf/kontext/15379_exterior_image_1_left_pair0.png,"Follow the markers in the image: the green box marks the object to grasp, the blue dot marks where to place it. Show the scene after the object has been moved to the marked location. Pick up the lid on the stove. Place the lid on the pot."
/data/datasets/DROID/train_v8capinf/final/14397_exterior_image_2_left_pair0.png,/data/datasets/DROID/train_v8capinf/kontext/14397_exterior_image_2_left_pair0.png,"Follow the markers in the image: the green box marks the object to grasp, the blue dot marks where to place it. Show the scene after the object has been moved to the marked location. Pick up the pen from the table. Place the pen in the cup."
/data/datasets/DROID/train_v8capinf/final/22818_exterior_image_1_left_pair0.png,/data/datasets/DROID/train_v8capinf/kontext/22818_exterior_image_1_left_pair0.png,"Follow the markers in the image: the green box marks the object to grasp, the blue dot marks where to place it. Show the scene after the object has been moved to the marked location. Pick up the white rope from the table. Place the white rope inside the blue box."
/data/datasets/DROID/train_v8capinf/final/1621_exterior_image_1_left_pair0.png,/data/datasets/DROID/train_v8capinf/kontext/1621_exterior_image_1_left_pair0.png,"Follow the markers in the image: the green box marks the object to grasp, the blue dot marks where to place it. Show the scene after the object has been moved to the marked location. Pick up the light blue block from the table. Place the light blue block inside the blue cup."
/data/datasets/DROID/train_v8capinf/final/13711_exterior_image_1_left_pair0.png,/data/datasets/DROID/train_v8capinf/kontext/13711_exterior_image_1_left_pair0.png,"Follow the markers in the image: the green box marks the object to grasp, the blue dot marks where to place it. Show the scene after the object has been moved to the marked location. Pick up the metal object with the orange handle from the stand. Place the metal object with the orange handle in the black bowl."
/data/datasets/DROID/train_v8capinf/final/2628_exterior_image_2_left_pair0.png,/data/datasets/DROID/train_v8capinf/kontext/2628_exterior_image_2_left_pair0.png,"Follow the markers in the image: the green box marks the object to grasp, the blue dot marks where to place it. Show the scene after the object has been moved to the marked location. Pick up the marker. Place the marker in the bowl."
/data/datasets/DROID/train_v8capinf/final/13498_exterior_image_1_left_pair0.png,/data/datasets/DROID/train_v8capinf/kontext/13498_exterior_image_1_left_pair0.png,"Follow the markers in the image: the green box marks the object to grasp, the blue dot marks where to place it. Show the scene after the object has been moved to the marked location. Pick up the glass lid from the table. Place the glass lid on the black pot."
/data/datasets/DROID/train_v8capinf/final/18042_exterior_image_2_left_pair0.png,/data/datasets/DROID/train_v8capinf/kontext/18042_exterior_image_2_left_pair0.png,"Follow the markers in the image: the green box marks the object to grasp, the blue dot marks where to place it. Show the scene after the object has been moved to the marked location. Pick up the bottle from the table. Place the bottle in the bowl."
/data/datasets/DROID/train_v8capinf/final/14345_exterior_image_2_left_pair0.png,/data/datasets/DROID/train_v8capinf/kontext/14345_exterior_image_2_left_pair0.png,"Follow the markers in the image: the green box marks the object to grasp, the blue dot marks where to place it. Show the scene after the object has been moved to the marked location. Pick up the yellow block on the sink. Place the yellow block on the table."
/data/datasets/DROID/train_v8capinf/final/40609_exterior_image_2_left_pair0.png,/data/datasets/DROID/train_v8capinf/kontext/40609_exterior_image_2_left_pair0.png,"Follow the markers in the image: the green box marks the object to grasp, the blue dot marks where to place it. Show the scene after the object has been moved to the marked location. Pick up the white cup on the table. Place the white cup inside another white cup."
/data/datasets/DROID/train_v8capinf/final/1208_exterior_image_1_left_pair0.png,/data/datasets/DROID/train_v8capinf/kontext/1208_exterior_image_1_left_pair0.png,"Follow the markers in the image: the green box marks the object to grasp, the blue dot marks where to place it. Show the scene after the object has been moved to the marked location. Pick up the blocks in front of the table. Place the blocks on the wooden board."
/data/datasets/DROID/train_v8capinf/final/17545_exterior_image_1_left_pair0.png,/data/datasets/DROID/train_v8capinf/kontext/17545_exterior_image_1_left_pair0.png,"Follow the markers in the image: the green box marks the object to grasp, the blue dot marks where to place it. Show the scene after the object has been moved to the marked location. Pick up the bowl from the table behind the cup. Place the bowl on the table in front of the cup."
/data/datasets/DROID/train_v8capinf/final/1635_exterior_image_1_left_pair0.png,/data/datasets/DROID/train_v8capinf/kontext/1635_exterior_image_1_left_pair0.png,"Follow the markers in the image: the green box marks the object to grasp, the blue dot marks where to place it. Show the scene after the object has been moved to the marked location. Pick up the lid on the pot. Place the lid on the stove."
/data/datasets/DROID/train_v8capinf/final/21074_exterior_image_1_left_pair0.png,/data/datasets/DROID/train_v8capinf/kontext/21074_exterior_image_1_left_pair0.png,"Follow the markers in the image: the green box marks the object to grasp, the blue dot marks where to place it. Show the scene after the object has been moved to the marked location. Pick up the gray block from the purple cup. Place the gray block on the table."
/data/datasets/DROID/train_v8capinf/final/22494_exterior_image_2_left_pair0.png,/data/datasets/DROID/train_v8capinf/kontext/22494_exterior_image_2_left_pair0.png,"Follow the markers in the image: the green box marks the object to grasp, the blue dot marks where to place it. Show the scene after the object has been moved to the marked location. Pick up the snack bar on the table. Place the snack bar in the sink."
/data/datasets/DROID/train_v8capinf/final/15631_exterior_image_1_left_pair0.png,/data/datasets/DROID/train_v8capinf/kontext/15631_exterior_image_1_left_pair0.png,"Follow the markers in the image: the green box marks the object to grasp, the blue dot marks where to place it. Show the scene after the object has been moved to the marked location. Pick up the purple object on the table. Place the purple object in the bowl."
/data/datasets/DROID/train_v8capinf/final/91799_exterior_image_1_left_pair0.png,/data/datasets/DROID/train_v8capinf/kontext/91799_exterior_image_1_left_pair0.png,"Follow the markers in the image: the green box marks the object to grasp, the blue dot marks where to place it. Show the scene after the object has been moved to the marked location. Pick up the cup on the table. Place the cup in the sink."
/data/datasets/DROID/train_v8capinf/final/59611_exterior_image_1_left_pair0.png,/data/datasets/DROID/train_v8capinf/kontext/59611_exterior_image_1_left_pair0.png,"Follow the markers in the image: the green box marks the object to grasp, the blue dot marks where to place it. Show the scene after the object has been moved to the marked location. Pick up the marker from the table. Place the marker in the bowl."
/data/datasets/DROID/train_v8capinf/final/15510_exterior_image_1_left_pair0.png,/data/datasets/DROID/train_v8capinf/kontext/15510_exterior_image_1_left_pair0.png,"Follow the markers in the image: the green box marks the object to grasp, the blue dot marks where to place it. Show the scene after the object has been moved to the marked location. Pick up the marker from the cup. Place the marker on the table."
/data/datasets/DROID/train_v8capinf/final/18544_exterior_image_2_left_pair0.png,/data/datasets/DROID/train_v8capinf/kontext/18544_exterior_image_2_left_pair0.png,"Follow the markers in the image: the green box marks the object to grasp, the blue dot marks where to place it. Show the scene after the object has been moved to the marked location. Pick up the green bag from the countertop. Place the green bag in the open upper cabinet."
/data/datasets/DROID/train_v8capinf/final/3141_exterior_image_1_left_pair0.png,/data/datasets/DROID/train_v8capinf/kontext/3141_exterior_image_1_left_pair0.png,"Follow the markers in the image: the green box marks the object to grasp, the blue dot marks where to place it. Show the scene after the object has been moved to the marked location. Pick up potato chips from the plate. Place potato chips in the green cup."
/data/datasets/DROID/train_v8capinf/final/30370_exterior_image_2_left_pair0.png,/data/datasets/DROID/train_v8capinf/kontext/30370_exterior_image_2_left_pair0.png,"Follow the markers in the image: the green box marks the object to grasp, the blue dot marks where to place it. Show the scene after the object has been moved to the marked location. Pick up the book on the surface. Place the book on the other books."
/data/datasets/DROID/train_v8capinf/final/17811_exterior_image_1_left_pair0.png,/data/datasets/DROID/train_v8capinf/kontext/17811_exterior_image_1_left_pair0.png,"Follow the markers in the image: the green box marks the object to grasp, the blue dot marks where to place it. Show the scene after the object has been moved to the marked location. Pick up the white towel from the table. Place the white towel on the black rack."
/data/datasets/DROID/train_v8capinf/final/44014_exterior_image_2_left_pair0.png,/data/datasets/DROID/train_v8capinf/kontext/44014_exterior_image_2_left_pair0.png,"Follow the markers in the image: the green box marks the object to grasp, the blue dot marks where to place it. Show the scene after the object has been moved to the marked location. Pick up the umbrella on the object. Place the umbrella on the counter."
/data/datasets/DROID/train_v8capinf/final/16264_exterior_image_1_left_pair0.png,/data/datasets/DROID/train_v8capinf/kontext/16264_exterior_image_1_left_pair0.png,"Follow the markers in the image: the green box marks the object to grasp, the blue dot marks where to place it. Show the scene after the object has been moved to the marked location. Pick up the white rope from the table. Place the white rope on the table."
/data/datasets/DROID/train_v8capinf/final/19650_exterior_image_2_left_pair0.png,/data/datasets/DROID/train_v8capinf/kontext/19650_exterior_image_2_left_pair0.png,"Follow the markers in the image: the green box marks the object to grasp, the blue dot marks where to place it. Show the scene after the object has been moved to the marked location. Pick up the tiger plush toy on the blue table. Place the tiger plush toy in the black bowl."
/data/datasets/DROID/train_v8capinf/final/43714_exterior_image_2_left_pair0.png,/data/datasets/DROID/train_v8capinf/kontext/43714_exterior_image_2_left_pair0.png,"Follow the markers in the image: the green box marks the object to grasp, the blue dot marks where to place it. Show the scene after the object has been moved to the marked location. Pick up the blackboard eraser from the shelf below the whiteboard. Place the blackboard eraser."
/data/datasets/DROID/train_v8capinf/final/73763_exterior_image_1_left_pair0.png,/data/datasets/DROID/train_v8capinf/kontext/73763_exterior_image_1_left_pair0.png,"Follow the markers in the image: the green box marks the object to grasp, the blue dot marks where to place it. Show the scene after the object has been moved to the marked location. Take the orange block from the table. Place the orange block on top of the green block."
/data/datasets/DROID/train_v8capinf/final/45890_exterior_image_2_left_pair0.png,/data/datasets/DROID/train_v8capinf/kontext/45890_exterior_image_2_left_pair0.png,"Follow the markers in the image: the green box marks the object to grasp, the blue dot marks where to place it. Show the scene after the object has been moved to the marked location. Pick up the kettle lid from the table. Place the kettle lid on the kettle."
/data/datasets/DROID/train_v8capinf/final/70715_exterior_image_2_left_pair0.png,/data/datasets/DROID/train_v8capinf/kontext/70715_exterior_image_2_left_pair0.png,"Follow the markers in the image: the green box marks the object to grasp, the blue dot marks where to place it. Show the scene after the object has been moved to the marked location. Pick up the red marker on the table. Place the red marker on the table behind its original position."
/data/datasets/DROID/train_v8capinf/final/55240_exterior_image_1_left_pair0.png,/data/datasets/DROID/train_v8capinf/kontext/55240_exterior_image_1_left_pair0.png,"Follow the markers in the image: the green box marks the object to grasp, the blue dot marks where to place it. Show the scene after the object has been moved to the marked location. Pick up the purple object of the table. Place the purple object in the bowl."
/data/datasets/DROID/train_v8capinf/final/8973_exterior_image_2_left_pair0.png,/data/datasets/DROID/train_v8capinf/kontext/8973_exterior_image_2_left_pair0.png,"Follow the markers in the image: the green box marks the object to grasp, the blue dot marks where to place it. Show the scene after the object has been moved to the marked location. Pick up the transparent jar on the counter. Place the transparent jar on the cup."
/data/datasets/DROID/train_v8capinf/final/69541_exterior_image_1_left_pair1.png,/data/datasets/DROID/train_v8capinf/kontext/69541_exterior_image_1_left_pair1.png,"Follow the markers in the image: the green box marks the object to grasp, the blue dot marks where to place it. Show the scene after the object has been moved to the marked location. Pick up the black sharpie on the table. Place the black sharpie into the cup."
/data/datasets/DROID/train_v8capinf/final/40725_exterior_image_1_left_pair0.png,/data/datasets/DROID/train_v8capinf/kontext/40725_exterior_image_1_left_pair0.png,"Follow the markers in the image: the green box marks the object to grasp, the blue dot marks where to place it. Show the scene after the object has been moved to the marked location. Pick up the beige object from the sink. Place the beige object in the orange bowl."
/data/datasets/DROID/train_v8capinf/final/18693_exterior_image_2_left_pair0.png,/data/datasets/DROID/train_v8capinf/kontext/18693_exterior_image_2_left_pair0.png,"Follow the markers in the image: the green box marks the object to grasp, the blue dot marks where to place it. Show the scene after the object has been moved to the marked location. Pick up the brown item from the bowl. Place the brown item in the box."
/data/datasets/DROID/train_v8capinf/final/18397_exterior_image_1_left_pair0.png,/data/datasets/DROID/train_v8capinf/kontext/18397_exterior_image_1_left_pair0.png,"Follow the markers in the image: the green box marks the object to grasp, the blue dot marks where to place it. Show the scene after the object has been moved to the marked location. Put the cup in the bowl. Place the cup in the bowl."
/data/datasets/DROID/train_v8capinf/final/20339_exterior_image_2_left_pair0.png,/data/datasets/DROID/train_v8capinf/kontext/20339_exterior_image_2_left_pair0.png,"Follow the markers in the image: the green box marks the object to grasp, the blue dot marks where to place it. Show the scene after the object has been moved to the marked location. Pick up the teabag. Place the teabag in the white cup."
/data/datasets/DROID/train_v8capinf/final/64462_exterior_image_1_left_pair0.png,/data/datasets/DROID/train_v8capinf/kontext/64462_exterior_image_1_left_pair0.png,"Follow the markers in the image: the green box marks the object to grasp, the blue dot marks where to place it. Show the scene after the object has been moved to the marked location. Pick up the clear jar on the counter. Place the clear jar in the open drawer."
/data/datasets/DROID/train_v8capinf/final/36321_exterior_image_1_left_pair0.png,/data/datasets/DROID/train_v8capinf/kontext/36321_exterior_image_1_left_pair0.png,"Follow the markers in the image: the green box marks the object to grasp, the blue dot marks where to place it. Show the scene after the object has been moved to the marked location. Pick up the purple marker from the table. Place the purple marker in the purple and white box."
/data/datasets/DROID/train_v8capinf/final/77752_exterior_image_1_left_pair0.png,/data/datasets/DROID/train_v8capinf/kontext/77752_exterior_image_1_left_pair0.png,"Follow the markers in the image: the green box marks the object to grasp, the blue dot marks where to place it. Show the scene after the object has been moved to the marked location. Pick up the bear toy on the table. Place the bear toy on the green object."
/data/datasets/DROID/train_v8capinf/final/66086_exterior_image_2_left_pair0.png,/data/datasets/DROID/train_v8capinf/kontext/66086_exterior_image_2_left_pair0.png,"Follow the markers in the image: the green box marks the object to grasp, the blue dot marks where to place it. Show the scene after the object has been moved to the marked location. Put up the yellow block. Place the yellow block in the cup."
/data/datasets/DROID/train_v8capinf/final/51479_exterior_image_2_left_pair0.png,/data/datasets/DROID/train_v8capinf/kontext/51479_exterior_image_2_left_pair0.png,"Follow the markers in the image: the green box marks the object to grasp, the blue dot marks where to place it. Show the scene after the object has been moved to the marked location. Pick up the blue and white carton on the table. Place the blue and white carton at the edge of the table."
/data/datasets/DROID/train_v8capinf/final/20101_exterior_image_2_left_pair0.png,/data/datasets/DROID/train_v8capinf/kontext/20101_exterior_image_2_left_pair0.png,"Follow the markers in the image: the green box marks the object to grasp, the blue dot marks where to place it. Show the scene after the object has been moved to the marked location. Pick up the new cup on the table. Place the new cup next to the existing cup."
/data/datasets/DROID/train_v8capinf/final/21031_exterior_image_2_left_pair0.png,/data/datasets/DROID/train_v8capinf/kontext/21031_exterior_image_2_left_pair0.png,"Follow the markers in the image: the green box marks the object to grasp, the blue dot marks where to place it. Show the scene after the object has been moved to the marked location. Pick up the brush from the table. Place the brush into the cup."
/data/datasets/DROID/train_v8capinf/final/48777_exterior_image_1_left_pair0.png,/data/datasets/DROID/train_v8capinf/kontext/48777_exterior_image_1_left_pair0.png,"Follow the markers in the image: the green box marks the object to grasp, the blue dot marks where to place it. Show the scene after the object has been moved to the marked location. Take the yellow wrapping off of the box. Place the yellow wrapping in the bin."
/data/datasets/DROID/train_v8capinf/final/4548_exterior_image_2_left_pair0.png,/data/datasets/DROID/train_v8capinf/kontext/4548_exterior_image_2_left_pair0.png,"Follow the markers in the image: the green box marks the object to grasp, the blue dot marks where to place it. Show the scene after the object has been moved to the marked location. Pick up the stack of coffee cups from the table. Place the stack of coffee cups on the bigger stack."
/data/datasets/DROID/train_v8capinf/final/79662_exterior_image_2_left_pair1.png,/data/datasets/DROID/train_v8capinf/kontext/79662_exterior_image_2_left_pair1.png,"Follow the markers in the image: the green box marks the object to grasp, the blue dot marks where to place it. Show the scene after the object has been moved to the marked location. Pick up the orange building block on the table. Place the orange building block in the black bowl."
/data/datasets/DROID/train_v8capinf/final/50419_exterior_image_2_left_pair0.png,/data/datasets/DROID/train_v8capinf/kontext/50419_exterior_image_2_left_pair0.png,"Follow the markers in the image: the green box marks the object to grasp, the blue dot marks where to place it. Show the scene after the object has been moved to the marked location. Pick up the brush from the cup. Place the brush into the cup."
/data/datasets/DROID/train_v8capinf/final/9675_exterior_image_2_left_pair0.png,/data/datasets/DROID/train_v8capinf/kontext/9675_exterior_image_2_left_pair0.png,"Follow the markers in the image: the green box marks the object to grasp, the blue dot marks where to place it. Show the scene after the object has been moved to the marked location. Pick up the black screwdriver from the top of the cabinet. Place the black screwdriver in the open drawer."
/data/datasets/DROID/train_v8capinf/final/78108_exterior_image_2_left_pair0.png,/data/datasets/DROID/train_v8capinf/kontext/78108_exterior_image_2_left_pair0.png,"Follow the markers in the image: the green box marks the object to grasp, the blue dot marks where to place it. Show the scene after the object has been moved to the marked location. Pick up the black screwdriver on the table. Place the black screwdriver inside the open drawer."
/data/datasets/DROID/train_v8capinf/final/76407_exterior_image_1_left_pair1.png,/data/datasets/DROID/train_v8capinf/kontext/76407_exterior_image_1_left_pair1.png,"Follow the markers in the image: the green box marks the object to grasp, the blue dot marks where to place it. Show the scene after the object has been moved to the marked location. Pick up the second fruit on the table. Place the second fruit in the bowl."
/data/datasets/DROID/train_v8capinf/final/26354_exterior_image_1_left_pair0.png,/data/datasets/DROID/train_v8capinf/kontext/26354_exterior_image_1_left_pair0.png,"Follow the markers in the image: the green box marks the object to grasp, the blue dot marks where to place it. Show the scene after the object has been moved to the marked location. Pick up the toy on the table. Place the toy in the pot in the sink."
/data/datasets/DROID/train_v8capinf/final/30015_exterior_image_2_left_pair0.png,/data/datasets/DROID/train_v8capinf/kontext/30015_exterior_image_2_left_pair0.png,"Follow the markers in the image: the green box marks the object to grasp, the blue dot marks where to place it. Show the scene after the object has been moved to the marked location. Pick up the small blue bowl. Place the small blue bowl on the big blue bowl."
/data/datasets/DROID/train_v8capinf/final/74295_exterior_image_2_left_pair0.png,/data/datasets/DROID/train_v8capinf/kontext/74295_exterior_image_2_left_pair0.png,"Follow the markers in the image: the green box marks the object to grasp, the blue dot marks where to place it. Show the scene after the object has been moved to the marked location. Pick up the white soap on the table. Place the soap on the table."
/data/datasets/DROID/train_v8capinf/final/90487_exterior_image_1_left_pair0.png,/data/datasets/DROID/train_v8capinf/kontext/90487_exterior_image_1_left_pair0.png,"Follow the markers in the image: the green box marks the object to grasp, the blue dot marks where to place it. Show the scene after the object has been moved to the marked location. Pick up the spotted plush toy from the table. Place the spotted plush toy in the white pot."
/data/datasets/DROID/train_v8capinf/final/82849_exterior_image_2_left_pair0.png,/data/datasets/DROID/train_v8capinf/kontext/82849_exterior_image_2_left_pair0.png,"Follow the markers in the image: the green box marks the object to grasp, the blue dot marks where to place it. Show the scene after the object has been moved to the marked location. Pick up the white short-sleeve shirt from the laundry bag. Place the white short-sleeve shirt on the seat of the couch."
/data/datasets/DROID/train_v8capinf/final/20457_exterior_image_2_left_pair0.png,/data/datasets/DROID/train_v8capinf/kontext/20457_exterior_image_2_left_pair0.png,"Follow the markers in the image: the green box marks the object to grasp, the blue dot marks where to place it. Show the scene after the object has been moved to the marked location. Pick up the white pot beside the sink. Place the white pot on the stove."
/data/datasets/DROID/train_v8capinf/final/65725_exterior_image_2_left_pair0.png,/data/datasets/DROID/train_v8capinf/kontext/65725_exterior_image_2_left_pair0.png,"Follow the markers in the image: the green box marks the object to grasp, the blue dot marks where to place it. Show the scene after the object has been moved to the marked location. Pick up purple sphere in the sink. Place purple sphere on the blue box."
/data/datasets/DROID/train_v8capinf/final/24964_exterior_image_1_left_pair0.png,/data/datasets/DROID/train_v8capinf/kontext/24964_exterior_image_1_left_pair0.png,"Follow the markers in the image: the green box marks the object to grasp, the blue dot marks where to place it. Show the scene after the object has been moved to the marked location. Pick up the block and put it in the bowl. Place the block in the bowl."
/data/datasets/DROID/train_v8capinf/final/66890_exterior_image_1_left_pair0.png,/data/datasets/DROID/train_v8capinf/kontext/66890_exterior_image_1_left_pair0.png,"Follow the markers in the image: the green box marks the object to grasp, the blue dot marks where to place it. Show the scene after the object has been moved to the marked location. Pick up the purple object behind the table. Place the purple object in front of the table."
/data/datasets/DROID/train_v8capinf/final/18136_exterior_image_2_left_pair1.png,/data/datasets/DROID/train_v8capinf/kontext/18136_exterior_image_2_left_pair1.png,"Follow the markers in the image: the green box marks the object to grasp, the blue dot marks where to place it. Show the scene after the object has been moved to the marked location. Pick up a pair of sneakers from the rack. Place the sneakers on the bottom shelf of the rack."
/data/datasets/DROID/train_v8capinf/final/50011_exterior_image_2_left_pair0.png,/data/datasets/DROID/train_v8capinf/kontext/50011_exterior_image_2_left_pair0.png,"Follow the markers in the image: the green box marks the object to grasp, the blue dot marks where to place it. Show the scene after the object has been moved to the marked location. Pick up the yellow object from the table. Place the yellow object in the pot."
/data/datasets/DROID/train_v8capinf/final/39330_exterior_image_1_left_pair0.png,/data/datasets/DROID/train_v8capinf/kontext/39330_exterior_image_1_left_pair0.png,"Follow the markers in the image: the green box marks the object to grasp, the blue dot marks where to place it. Show the scene after the object has been moved to the marked location. Pick up the brown packaging bag from the table. Place the brown packaging bag in the brown box."
/data/datasets/DROID/train_v8capinf/final/72523_exterior_image_1_left_pair0.png,/data/datasets/DROID/train_v8capinf/kontext/72523_exterior_image_1_left_pair0.png,"Follow the markers in the image: the green box marks the object to grasp, the blue dot marks where to place it. Show the scene after the object has been moved to the marked location. Pick up the third black object from the table. Place the black object into the drawer."
/data/datasets/DROID/train_v8capinf/final/36858_exterior_image_2_left_pair0.png,/data/datasets/DROID/train_v8capinf/kontext/36858_exterior_image_2_left_pair0.png,"Follow the markers in the image: the green box marks the object to grasp, the blue dot marks where to place it. Show the scene after the object has been moved to the marked location. Pick up the cream white plush toy on the table. Place the cream white plush toy in the box."
/data/datasets/DROID/train_v8capinf/final/43458_exterior_image_2_left_pair0.png,/data/datasets/DROID/train_v8capinf/kontext/43458_exterior_image_2_left_pair0.png,"Follow the markers in the image: the green box marks the object to grasp, the blue dot marks where to place it. Show the scene after the object has been moved to the marked location. Pick up the knife sharpening rod from the table. Place the knife sharpening rod in the open drawer."
/data/datasets/DROID/train_v8capinf/final/79180_exterior_image_2_left_pair0.png,/data/datasets/DROID/train_v8capinf/kontext/79180_exterior_image_2_left_pair0.png,"Follow the markers in the image: the green box marks the object to grasp, the blue dot marks where to place it. Show the scene after the object has been moved to the marked location. Pick up the bottle on the table. Place the bottle on the tray."
/data/datasets/DROID/train_v8capinf/final/76323_exterior_image_2_left_pair0.png,/data/datasets/DROID/train_v8capinf/kontext/76323_exterior_image_2_left_pair0.png,"Follow the markers in the image: the green box marks the object to grasp, the blue dot marks where to place it. Show the scene after the object has been moved to the marked location. Pick up the orange crayon from the table. Place the orange crayon on the table."
/data/datasets/DROID/train_v8capinf/final/74412_exterior_image_2_left_pair0.png,/data/datasets/DROID/train_v8capinf/kontext/74412_exterior_image_2_left_pair0.png,"Follow the markers in the image: the green box marks the object to grasp, the blue dot marks where to place it. Show the scene after the object has been moved to the marked location. Pick up the metal dish from the stove. Place the metal dish on the stovetop."
/data/datasets/DROID/train_v8capinf/final/75136_exterior_image_2_left_pair0.png,/data/datasets/DROID/train_v8capinf/kontext/75136_exterior_image_2_left_pair0.png,"Follow the markers in the image: the green box marks the object to grasp, the blue dot marks where to place it. Show the scene after the object has been moved to the marked location. Pick up the green object on the stove. Place the green object on another stove surface."
/data/datasets/DROID/train_v8capinf/final/82312_exterior_image_2_left_pair0.png,/data/datasets/DROID/train_v8capinf/kontext/82312_exterior_image_2_left_pair0.png,"Follow the markers in the image: the green box marks the object to grasp, the blue dot marks where to place it. Show the scene after the object has been moved to the marked location. Pick up the yellow plush toy inside the container. Place the yellow plush toy on the container."
/data/datasets/DROID/train_v8capinf/final/48670_exterior_image_1_left_pair0.png,/data/datasets/DROID/train_v8capinf/kontext/48670_exterior_image_1_left_pair0.png,"Follow the markers in the image: the green box marks the object to grasp, the blue dot marks where to place it. Show the scene after the object has been moved to the marked location. Pick up the clear blue object from the bag. Place the clear blue object in the storage box."
/data/datasets/DROID/train_v8capinf/final/37441_exterior_image_2_left_pair1.png,/data/datasets/DROID/train_v8capinf/kontext/37441_exterior_image_2_left_pair1.png,"Follow the markers in the image: the green box marks the object to grasp, the blue dot marks where to place it. Show the scene after the object has been moved to the marked location. Pick up the leftover part of the clothes on the box. Place the leftover part of the clothes to the table."
/data/datasets/DROID/train_v8capinf/final/76301_exterior_image_1_left_pair0.png,/data/datasets/DROID/train_v8capinf/kontext/76301_exterior_image_1_left_pair0.png,"Follow the markers in the image: the green box marks the object to grasp, the blue dot marks where to place it. Show the scene after the object has been moved to the marked location. Pick up the bread toy from above the shelf. Place the bread toy below the shelf."
/data/datasets/DROID/train_v8capinf/final/72757_exterior_image_2_left_pair0.png,/data/datasets/DROID/train_v8capinf/kontext/72757_exterior_image_2_left_pair0.png,"Follow the markers in the image: the green box marks the object to grasp, the blue dot marks where to place it. Show the scene after the object has been moved to the marked location. Pick up the paper tube from the countertop. Place the paper tube in the bowl."
/data/datasets/DROID/train_v8capinf/final/58940_exterior_image_1_left_pair0.png,/data/datasets/DROID/train_v8capinf/kontext/58940_exterior_image_1_left_pair0.png,"Follow the markers in the image: the green box marks the object to grasp, the blue dot marks where to place it. Show the scene after the object has been moved to the marked location. Pick up the white plush toy on the table. Place the white plush toy in the pot."
/data/datasets/DROID/train_v8capinf/final/52697_exterior_image_2_left_pair0.png,/data/datasets/DROID/train_v8capinf/kontext/52697_exterior_image_2_left_pair0.png,"Follow the markers in the image: the green box marks the object to grasp, the blue dot marks where to place it. Show the scene after the object has been moved to the marked location. Pick up the yellow round plush toy from the bowl. Place the yellow round plush toy in the open drawer."
/data/datasets/DROID/train_v8capinf/final/4377_exterior_image_1_left_pair1.png,/data/datasets/DROID/train_v8capinf/kontext/4377_exterior_image_1_left_pair1.png,"Follow the markers in the image: the green box marks the object to grasp, the blue dot marks where to place it. Show the scene after the object has been moved to the marked location. Pick up another rope on the table. Place another rope in the box."
/data/datasets/DROID/train_v8capinf/final/76581_exterior_image_2_left_pair0.png,/data/datasets/DROID/train_v8capinf/kontext/76581_exterior_image_2_left_pair0.png,"Follow the markers in the image: the green box marks the object to grasp, the blue dot marks where to place it. Show the scene after the object has been moved to the marked location. Remove the lid from the countertop. Place the lid on the pan."
/data/datasets/DROID/train_v8capinf/final/42509_exterior_image_1_left_pair0.png,/data/datasets/DROID/train_v8capinf/kontext/42509_exterior_image_1_left_pair0.png,"Follow the markers in the image: the green box marks the object to grasp, the blue dot marks where to place it. Show the scene after the object has been moved to the marked location. Pick up the purple thing on the table. Place the purple thing in the bowl."
/data/datasets/DROID/train_v8capinf/final/22881_exterior_image_1_left_pair0.png,/data/datasets/DROID/train_v8capinf/kontext/22881_exterior_image_1_left_pair0.png,"Follow the markers in the image: the green box marks the object to grasp, the blue dot marks where to place it. Show the scene after the object has been moved to the marked location. Pick up the ketchup packet on the paper. Place the ketchup packet in the bin."
/data/datasets/DROID/train_v8capinf/final/73272_exterior_image_2_left_pair1.png,/data/datasets/DROID/train_v8capinf/kontext/73272_exterior_image_2_left_pair1.png,"Follow the markers in the image: the green box marks the object to grasp, the blue dot marks where to place it. Show the scene after the object has been moved to the marked location. Pick up the purple fabric from the gray rack. Place the purple fabric on the box."
/data/datasets/DROID/train_v8capinf/final/52960_exterior_image_1_left_pair0.png,/data/datasets/DROID/train_v8capinf/kontext/52960_exterior_image_1_left_pair0.png,"Follow the markers in the image: the green box marks the object to grasp, the blue dot marks where to place it. Show the scene after the object has been moved to the marked location. Pick up the lid above the microwave. Place the lid on the bowl."
/data/datasets/DROID/train_v8capinf/final/40725_exterior_image_2_left_pair0.png,/data/datasets/DROID/train_v8capinf/kontext/40725_exterior_image_2_left_pair0.png,"Follow the markers in the image: the green box marks the object to grasp, the blue dot marks where to place it. Show the scene after the object has been moved to the marked location. Pick up the beige object from the sink. Place the beige object in the orange bowl."
/data/datasets/DROID/train_v8capinf/final/91535_exterior_image_1_left_pair0.png,/data/datasets/DROID/train_v8capinf/kontext/91535_exterior_image_1_left_pair0.png,"Follow the markers in the image: the green box marks the object to grasp, the blue dot marks where to place it. Show the scene after the object has been moved to the marked location. Pick up the plastic bottle on the table. Place the plastic bottle on top of another bottle."
/data/datasets/DROID/train_v8capinf/final/77752_exterior_image_2_left_pair0.png,/data/datasets/DROID/train_v8capinf/kontext/77752_exterior_image_2_left_pair0.png,"Follow the markers in the image: the green box marks the object to grasp, the blue dot marks where to place it. Show the scene after the object has been moved to the marked location. Pick up the bear toy on the table. Place the bear toy on the green object."
/data/datasets/DROID/train_v8capinf/final/27722_exterior_image_2_left_pair0.png,/data/datasets/DROID/train_v8capinf/kontext/27722_exterior_image_2_left_pair0.png,"Follow the markers in the image: the green box marks the object to grasp, the blue dot marks where to place it. Show the scene after the object has been moved to the marked location. Pick up the water-related items from the sink. Place the bowl on the second shelf of the cupboard."
/data/datasets/DROID/train_v8capinf/final/76112_exterior_image_1_left_pair0.png,/data/datasets/DROID/train_v8capinf/kontext/76112_exterior_image_1_left_pair0.png,"Follow the markers in the image: the green box marks the object to grasp, the blue dot marks where to place it. Show the scene after the object has been moved to the marked location. Pick up the black and white plush toy on the table. Place the black and white plush toy inside the drawer."
/data/datasets/DROID/train_v8capinf/final/32910_exterior_image_2_left_pair1.png,/data/datasets/DROID/train_v8capinf/kontext/32910_exterior_image_2_left_pair1.png,"Follow the markers in the image: the green box marks the object to grasp, the blue dot marks where to place it. Show the scene after the object has been moved to the marked location. Pick up the tissue and the object from the countertop. Place the tissue in the trash can."
/data/datasets/DROID/train_v8capinf/final/22689_exterior_image_1_left_pair0.png,/data/datasets/DROID/train_v8capinf/kontext/22689_exterior_image_1_left_pair0.png,"Follow the markers in the image: the green box marks the object to grasp, the blue dot marks where to place it. Show the scene after the object has been moved to the marked location. Pick up the black beanie from the table. Place the black beanie into the red bag."
/data/datasets/DROID/train_v8capinf/final/41769_exterior_image_1_left_pair1.png,/data/datasets/DROID/train_v8capinf/kontext/41769_exterior_image_1_left_pair1.png,"Follow the markers in the image: the green box marks the object to grasp, the blue dot marks where to place it. Show the scene after the object has been moved to the marked location. Pick up the orange and green toy fruits. Place the orange and green toy fruits in the bag."
/data/datasets/DROID/train_v8capinf/final/72663_exterior_image_1_left_pair0.png,/data/datasets/DROID/train_v8capinf/kontext/72663_exterior_image_1_left_pair0.png,"Follow the markers in the image: the green box marks the object to grasp, the blue dot marks where to place it. Show the scene after the object has been moved to the marked location. Pick up the mangosteen doll from the table. Place the mangosteen doll on the table."
/data/datasets/DROID/train_v8capinf/final/90580_exterior_image_2_left_pair0.png,/data/datasets/DROID/train_v8capinf/kontext/90580_exterior_image_2_left_pair0.png,"Follow the markers in the image: the green box marks the object to grasp, the blue dot marks where to place it. Show the scene after the object has been moved to the marked location. Pick up the lid next to the teapot on the table. Place the lid on the teapot."
/data/datasets/DROID/train_v8capinf/final/48923_exterior_image_2_left_pair0.png,/data/datasets/DROID/train_v8capinf/kontext/48923_exterior_image_2_left_pair0.png,"Follow the markers in the image: the green box marks the object to grasp, the blue dot marks where to place it. Show the scene after the object has been moved to the marked location. Pick up the towel by the table. Place the towel on the table."
/data/datasets/DROID/train_v8capinf/final/91089_exterior_image_1_left_pair0.png,/data/datasets/DROID/train_v8capinf/kontext/91089_exterior_image_1_left_pair0.png,"Follow the markers in the image: the green box marks the object to grasp, the blue dot marks where to place it. Show the scene after the object has been moved to the marked location. Pick up the green towel on the table. Place the green towel on the table."
/data/datasets/DROID/train_v8capinf/final/18397_exterior_image_2_left_pair0.png,/data/datasets/DROID/train_v8capinf/kontext/18397_exterior_image_2_left_pair0.png,"Follow the markers in the image: the green box marks the object to grasp, the blue dot marks where to place it. Show the scene after the object has been moved to the marked location. Put the cup in the bowl. Place the cup in the bowl."
/data/datasets/DROID/train_v8capinf/final/9632_exterior_image_1_left_pair0.png,/data/datasets/DROID/train_v8capinf/kontext/9632_exterior_image_1_left_pair0.png,"Follow the markers in the image: the green box marks the object to grasp, the blue dot marks where to place it. Show the scene after the object has been moved to the marked location. Pick up the lid above the towel. Place the lid on the pot."
/data/datasets/DROID/train_v8capinf/final/79550_exterior_image_1_left_pair0.png,/data/datasets/DROID/train_v8capinf/kontext/79550_exterior_image_1_left_pair0.png,"Follow the markers in the image: the green box marks the object to grasp, the blue dot marks where to place it. Show the scene after the object has been moved to the marked location. Pick up the clear bowl above the coffee machine. Place the clear bowl on the counter."
/data/datasets/DROID/train_v8capinf/final/416_exterior_image_2_left_pair0.png,/data/datasets/DROID/train_v8capinf/kontext/416_exterior_image_2_left_pair0.png,"Follow the markers in the image: the green box marks the object to grasp, the blue dot marks where to place it. Show the scene after the object has been moved to the marked location. Pick up the pink doll in the sink. Place the pink doll on the table."
/data/datasets/DROID/train_v8capinf/final/21239_exterior_image_1_left_pair0.png,/data/datasets/DROID/train_v8capinf/kontext/21239_exterior_image_1_left_pair0.png,"Follow the markers in the image: the green box marks the object to grasp, the blue dot marks where to place it. Show the scene after the object has been moved to the marked location. Put the yellow cube inside the blue cup. Put the yellow cube inside the blue cup."
/data/datasets/DROID/train_v8capinf/final/57978_exterior_image_1_left_pair0.png,/data/datasets/DROID/train_v8capinf/kontext/57978_exterior_image_1_left_pair0.png,"Follow the markers in the image: the green box marks the object to grasp, the blue dot marks where to place it. Show the scene after the object has been moved to the marked location. Pick up the yellow block of the table. Place the yellow block in the yellow cup."
/data/datasets/DROID/train_v8capinf/final/23174_exterior_image_1_left_pair0.png,/data/datasets/DROID/train_v8capinf/kontext/23174_exterior_image_1_left_pair0.png,"Follow the markers in the image: the green box marks the object to grasp, the blue dot marks where to place it. Show the scene after the object has been moved to the marked location. Pick up the white mug's marker. Place the marker in the white mug."
/data/datasets/DROID/train_v8capinf/final/66890_exterior_image_2_left_pair0.png,/data/datasets/DROID/train_v8capinf/kontext/66890_exterior_image_2_left_pair0.png,"Follow the markers in the image: the green box marks the object to grasp, the blue dot marks where to place it. Show the scene after the object has been moved to the marked location. Pick up the object behind the table. Place the object in front of the table."
/data/datasets/DROID/train_v8capinf/final/89648_exterior_image_1_left_pair0.png,/data/datasets/DROID/train_v8capinf/kontext/89648_exterior_image_1_left_pair0.png,"Follow the markers in the image: the green box marks the object to grasp, the blue dot marks where to place it. Show the scene after the object has been moved to the marked location. Pick up the grey cloths on the table. Place the grey cloths in the drawer."
/data/datasets/DROID/train_v8capinf/final/79662_exterior_image_2_left_pair0.png,/data/datasets/DROID/train_v8capinf/kontext/79662_exterior_image_2_left_pair0.png,"Follow the markers in the image: the green box marks the object to grasp, the blue dot marks where to place it. Show the scene after the object has been moved to the marked location. Pick up the green building block on the table. Place the green building block in the black bowl."
/data/datasets/DROID/train_v8capinf/final/87169_exterior_image_2_left_pair0.png,/data/datasets/DROID/train_v8capinf/kontext/87169_exterior_image_2_left_pair0.png,"Follow the markers in the image: the green box marks the object to grasp, the blue dot marks where to place it. Show the scene after the object has been moved to the marked location. Pick up the teabag from the countertop. Place the teabag in the cup on top of the brown box."
/data/datasets/DROID/train_v8capinf/final/50011_exterior_image_1_left_pair0.png,/data/datasets/DROID/train_v8capinf/kontext/50011_exterior_image_1_left_pair0.png,"Follow the markers in the image: the green box marks the object to grasp, the blue dot marks where to place it. Show the scene after the object has been moved to the marked location. Pick up the yellow object from the table. Place the yellow object in the pot."
/data/datasets/DROID/train_v8capinf/final/74138_exterior_image_1_left_pair0.png,/data/datasets/DROID/train_v8capinf/kontext/74138_exterior_image_1_left_pair0.png,"Follow the markers in the image: the green box marks the object to grasp, the blue dot marks where to place it. Show the scene after the object has been moved to the marked location. Pick up the black screwdriver on the table. Place the black screwdriver inside the open drawer."
/data/datasets/DROID/train_v8capinf/final/50810_exterior_image_1_left_pair0.png,/data/datasets/DROID/train_v8capinf/kontext/50810_exterior_image_1_left_pair0.png,"Follow the markers in the image: the green box marks the object to grasp, the blue dot marks where to place it. Show the scene after the object has been moved to the marked location. Pick up the brown toy from the stove. Place the brown toy on the stove."
/data/datasets/DROID/train_v8capinf/final/63466_exterior_image_2_left_pair0.png,/data/datasets/DROID/train_v8capinf/kontext/63466_exterior_image_2_left_pair0.png,"Follow the markers in the image: the green box marks the object to grasp, the blue dot marks where to place it. Show the scene after the object has been moved to the marked location. Pick up the towel behind the cup. Place the towel in front of the cup."
/data/datasets/DROID/train_v8capinf/final/75599_exterior_image_1_left_pair0.png,/data/datasets/DROID/train_v8capinf/kontext/75599_exterior_image_1_left_pair0.png,"Follow the markers in the image: the green box marks the object to grasp, the blue dot marks where to place it. Show the scene after the object has been moved to the marked location. Pick up the black screwdriver from the table. Place the black screwdriver inside the drawer."
/data/datasets/DROID/train_v8capinf/final/61221_exterior_image_2_left_pair0.png,/data/datasets/DROID/train_v8capinf/kontext/61221_exterior_image_2_left_pair0.png,"Follow the markers in the image: the green box marks the object to grasp, the blue dot marks where to place it. Show the scene after the object has been moved to the marked location. Take out an egg from the carton. Place the egg on the workbench."
/data/datasets/DROID/train_v8capinf/final/36858_exterior_image_1_left_pair0.png,/data/datasets/DROID/train_v8capinf/kontext/36858_exterior_image_1_left_pair0.png,"Follow the markers in the image: the green box marks the object to grasp, the blue dot marks where to place it. Show the scene after the object has been moved to the marked location. Pick up the cream white plush toy on the table. Place the cream white plush toy in the box."
/data/datasets/DROID/train_v8capinf/final/65469_exterior_image_2_left_pair0.png,/data/datasets/DROID/train_v8capinf/kontext/65469_exterior_image_2_left_pair0.png,"Follow the markers in the image: the green box marks the object to grasp, the blue dot marks where to place it. Show the scene after the object has been moved to the marked location. Pick up the charger plug from the table. Place the charger plug on the adapter."
/data/datasets/DROID/train_v8capinf/final/79146_exterior_image_2_left_pair0.png,/data/datasets/DROID/train_v8capinf/kontext/79146_exterior_image_2_left_pair0.png,"Follow the markers in the image: the green box marks the object to grasp, the blue dot marks where to place it. Show the scene after the object has been moved to the marked location. Pick up the bread roll plushie from the front of the box. Place the bread roll plushie at the back of the box."
/data/datasets/DROID/train_v8capinf/final/31809_exterior_image_2_left_pair0.png,/data/datasets/DROID/train_v8capinf/kontext/31809_exterior_image_2_left_pair0.png,"Follow the markers in the image: the green box marks the object to grasp, the blue dot marks where to place it. Show the scene after the object has been moved to the marked location. Pick up the object above the table. Place the object below the table."
/data/datasets/DROID/train_v8capinf/final/76301_exterior_image_2_left_pair0.png,/data/datasets/DROID/train_v8capinf/kontext/76301_exterior_image_2_left_pair0.png,"Follow the markers in the image: the green box marks the object to grasp, the blue dot marks where to place it. Show the scene after the object has been moved to the marked location. Pick up the bread toy from above the shelf. Place the bread toy below the shelf."
/data/datasets/DROID/train_v8capinf/final/24964_exterior_image_2_left_pair0.png,/data/datasets/DROID/train_v8capinf/kontext/24964_exterior_image_2_left_pair0.png,"Follow the markers in the image: the green box marks the object to grasp, the blue dot marks where to place it. Show the scene after the object has been moved to the marked location. Pick up the block and put it in the bowl. Place the block in the bowl."
/data/datasets/DROID/train_v8capinf/final/43055_exterior_image_2_left_pair0.png,/data/datasets/DROID/train_v8capinf/kontext/43055_exterior_image_2_left_pair0.png,"Follow the markers in the image: the green box marks the object to grasp, the blue dot marks where to place it. Show the scene after the object has been moved to the marked location. Take the object from the toolbox. Place the object inside the black bowl."
/data/datasets/DROID/train_v8capinf/final/52697_exterior_image_1_left_pair0.png,/data/datasets/DROID/train_v8capinf/kontext/52697_exterior_image_1_left_pair0.png,"Follow the markers in the image: the green box marks the object to grasp, the blue dot marks where to place it. Show the scene after the object has been moved to the marked location. Pick up the yellow round plush toy from the bowl. Place the yellow round plush toy in the open drawer."
/data/datasets/DROID/train_v8capinf/final/11865_exterior_image_2_left_pair0.png,/data/datasets/DROID/train_v8capinf/kontext/11865_exterior_image_2_left_pair0.png,"Follow the markers in the image: the green box marks the object to grasp, the blue dot marks where to place it. Show the scene after the object has been moved to the marked location. Pick up the gray mat on the table. Place the gray mat on the transparent container."
/data/datasets/DROID/train_v8capinf/final/80032_exterior_image_2_left_pair0.png,/data/datasets/DROID/train_v8capinf/kontext/80032_exterior_image_2_left_pair0.png,"Follow the markers in the image: the green box marks the object to grasp, the blue dot marks where to place it. Show the scene after the object has been moved to the marked location. Grab the round orange block on the wooden board. Place the round orange block on the table."
/data/datasets/DROID/train_v8capinf/final/33074_exterior_image_1_left_pair0.png,/data/datasets/DROID/train_v8capinf/kontext/33074_exterior_image_1_left_pair0.png,"Follow the markers in the image: the green box marks the object to grasp, the blue dot marks where to place it. Show the scene after the object has been moved to the marked location. Pick up the purple grapes from the table. Place the purple grapes inside the white basin."
/data/datasets/DROID/train_v8capinf/final/24195_exterior_image_2_left_pair0.png,/data/datasets/DROID/train_v8capinf/kontext/24195_exterior_image_2_left_pair0.png,"Follow the markers in the image: the green box marks the object to grasp, the blue dot marks where to place it. Show the scene after the object has been moved to the marked location. Pick up two small dishes in the white bowl. Place two small dishes in the white bowl."
/data/datasets/DROID/train_v8capinf/final/88866_exterior_image_1_left_pair0.png,/data/datasets/DROID/train_v8capinf/kontext/88866_exterior_image_1_left_pair0.png,"Follow the markers in the image: the green box marks the object to grasp, the blue dot marks where to place it. Show the scene after the object has been moved to the marked location. Pick up the third black block from the table. Place the black block in the drawer."
/data/datasets/DROID/train_v8capinf/final/24935_exterior_image_2_left_pair0.png,/data/datasets/DROID/train_v8capinf/kontext/24935_exterior_image_2_left_pair0.png,"Follow the markers in the image: the green box marks the object to grasp, the blue dot marks where to place it. Show the scene after the object has been moved to the marked location. Pick up the white pot. Place the white pot on the stove."
/data/datasets/DROID/train_v8capinf/final/88472_exterior_image_2_left_pair0.png,/data/datasets/DROID/train_v8capinf/kontext/88472_exterior_image_2_left_pair0.png,"Follow the markers in the image: the green box marks the object to grasp, the blue dot marks where to place it. Show the scene after the object has been moved to the marked location. Pick up the object on the table. Place the object in the sink."
/data/datasets/DROID/train_v8capinf/final/6781_exterior_image_2_left_pair0.png,/data/datasets/DROID/train_v8capinf/kontext/6781_exterior_image_2_left_pair0.png,"Follow the markers in the image: the green box marks the object to grasp, the blue dot marks where to place it. Show the scene after the object has been moved to the marked location. Pick up the long cylindrical object from the middle of the table. Place the long cylindrical object at the edge of the table."
/data/datasets/DROID/train_v8capinf/final/79505_exterior_image_2_left_pair0.png,/data/datasets/DROID/train_v8capinf/kontext/79505_exterior_image_2_left_pair0.png,"Follow the markers in the image: the green box marks the object to grasp, the blue dot marks where to place it. Show the scene after the object has been moved to the marked location. Pick up the striped cloth from the chair. Place the striped cloth in the container."
/data/datasets/DROID/train_v8capinf/final/32849_exterior_image_2_left_pair0.png,/data/datasets/DROID/train_v8capinf/kontext/32849_exterior_image_2_left_pair0.png,"Follow the markers in the image: the green box marks the object to grasp, the blue dot marks where to place it. Show the scene after the object has been moved to the marked location. Take out the plush toy from the silver pot. Place the plush toy on the table."
/data/datasets/DROID/train_v8capinf/final/69887_exterior_image_1_left_pair1.png,/data/datasets/DROID/train_v8capinf/kontext/69887_exterior_image_1_left_pair1.png,"Follow the markers in the image: the green box marks the object to grasp, the blue dot marks where to place it. Show the scene after the object has been moved to the marked location. Pick up the object from the bag. Place the object on the table."
/data/datasets/DROID/train_v8capinf/final/76112_exterior_image_2_left_pair0.png,/data/datasets/DROID/train_v8capinf/kontext/76112_exterior_image_2_left_pair0.png,"Follow the markers in the image: the green box marks the object to grasp, the blue dot marks where to place it. Show the scene after the object has been moved to the marked location. Pick up the black and white plush toy on the table. Place the black and white plush toy inside the drawer."
/data/datasets/DROID/train_v8capinf/final/9967_exterior_image_2_left_pair0.png,/data/datasets/DROID/train_v8capinf/kontext/9967_exterior_image_2_left_pair0.png,"Follow the markers in the image: the green box marks the object to grasp, the blue dot marks where to place it. Show the scene after the object has been moved to the marked location. Pick up the cup lying horizontally on the table. Place the cup upside down on the table."
/data/datasets/DROID/train_v8capinf/final/38319_exterior_image_2_left_pair0.png,/data/datasets/DROID/train_v8capinf/kontext/38319_exterior_image_2_left_pair0.png,"Follow the markers in the image: the green box marks the object to grasp, the blue dot marks where to place it. Show the scene after the object has been moved to the marked location. Pick up the hand towel from the table. Place the hand towel in the black basket."
/data/datasets/DROID/train_v8capinf/final/74412_exterior_image_1_left_pair0.png,/data/datasets/DROID/train_v8capinf/kontext/74412_exterior_image_1_left_pair0.png,"Follow the markers in the image: the green box marks the object to grasp, the blue dot marks where to place it. Show the scene after the object has been moved to the marked location. Pick up the metal dish from the stove. Place the metal dish on the stovetop."
/data/datasets/DROID/train_v8capinf/final/15986_exterior_image_1_left_pair0.png,/data/datasets/DROID/train_v8capinf/kontext/15986_exterior_image_1_left_pair0.png,"Follow the markers in the image: the green box marks the object to grasp, the blue dot marks where to place it. Show the scene after the object has been moved to the marked location. Pick up the pink banana toy above the pile of clothes. Place the pink banana toy on the bed."
/data/datasets/DROID/train_v8capinf/final/20636_exterior_image_2_left_pair0.png,/data/datasets/DROID/train_v8capinf/kontext/20636_exterior_image_2_left_pair0.png,"Follow the markers in the image: the green box marks the object to grasp, the blue dot marks where to place it. Show the scene after the object has been moved to the marked location. Pick up the folder from the box. Place the folder on the couch."
/data/datasets/DROID/train_v8capinf/final/52674_exterior_image_2_left_pair0.png,/data/datasets/DROID/train_v8capinf/kontext/52674_exterior_image_2_left_pair0.png,"Follow the markers in the image: the green box marks the object to grasp, the blue dot marks where to place it. Show the scene after the object has been moved to the marked location. Pick up the black jersey on the countertop. Place the black jersey in the box."
/data/datasets/DROID/train_v8capinf/final/66033_exterior_image_2_left_pair0.png,/data/datasets/DROID/train_v8capinf/kontext/66033_exterior_image_2_left_pair0.png,"Follow the markers in the image: the green box marks the object to grasp, the blue dot marks where to place it. Show the scene after the object has been moved to the marked location. Pick up the doll from the desktop. Place the doll next to the original position."
/data/datasets/DROID/train_v8capinf/final/27560_exterior_image_2_left_pair0.png,/data/datasets/DROID/train_v8capinf/kontext/27560_exterior_image_2_left_pair0.png,"Follow the markers in the image: the green box marks the object to grasp, the blue dot marks where to place it. Show the scene after the object has been moved to the marked location. Pick up the stuffed bear on the bed. Place the stuffed bear on the shelf."
/data/datasets/DROID/train_v8capinf/final/7054_exterior_image_1_left_pair1.png,/data/datasets/DROID/train_v8capinf/kontext/7054_exterior_image_1_left_pair1.png,"Follow the markers in the image: the green box marks the object to grasp, the blue dot marks where to place it. Show the scene after the object has been moved to the marked location. Pick up a few pieces of clothes in the basket. Place a few pieces of clothes on the desktop."
/data/datasets/DROID/train_v8capinf/final/67367_exterior_image_2_left_pair0.png,/data/datasets/DROID/train_v8capinf/kontext/67367_exterior_image_2_left_pair0.png,"Follow the markers in the image: the green box marks the object to grasp, the blue dot marks where to place it. Show the scene after the object has been moved to the marked location. Pick up the upside-down basket. Place the basket upright on the bed."
/data/datasets/DROID/train_v8capinf/final/36974_exterior_image_2_left_pair0.png,/data/datasets/DROID/train_v8capinf/kontext/36974_exterior_image_2_left_pair0.png,"Follow the markers in the image: the green box marks the object to grasp, the blue dot marks where to place it. Show the scene after the object has been moved to the marked location. Pick up the first paper on the table. Place the first paper in the side trash bin."
/data/datasets/DROID/train_v8capinf/final/40597_exterior_image_2_left_pair0.png,/data/datasets/DROID/train_v8capinf/kontext/40597_exterior_image_2_left_pair0.png,"Follow the markers in the image: the green box marks the object to grasp, the blue dot marks where to place it. Show the scene after the object has been moved to the marked location. Pick up the plate above the microwave. Place the clear plate into the big bowl."
/data/datasets/DROID/train_v8capinf/final/79261_exterior_image_1_left_pair0.png,/data/datasets/DROID/train_v8capinf/kontext/79261_exterior_image_1_left_pair0.png,"Follow the markers in the image: the green box marks the object to grasp, the blue dot marks where to place it. Show the scene after the object has been moved to the marked location. Pick up the green plushie on the table. Place the green plushie in the pot."
/data/datasets/DROID/train_v8capinf/final/7335_exterior_image_1_left_pair1.png,/data/datasets/DROID/train_v8capinf/kontext/7335_exterior_image_1_left_pair1.png,"Follow the markers in the image: the green box marks the object to grasp, the blue dot marks where to place it. Show the scene after the object has been moved to the marked location. Pick up the yellow round object from the sink. Place the yellow round object in the bottom drawer."
/data/datasets/DROID/train_v8capinf/final/3307_exterior_image_2_left_pair0.png,/data/datasets/DROID/train_v8capinf/kontext/3307_exterior_image_2_left_pair0.png,"Follow the markers in the image: the green box marks the object to grasp, the blue dot marks where to place it. Show the scene after the object has been moved to the marked location. Pick up the wood stick on the box. Place the wood stick on the table."
/data/datasets/DROID/train_v8capinf/final/27035_exterior_image_2_left_pair0.png,/data/datasets/DROID/train_v8capinf/kontext/27035_exterior_image_2_left_pair0.png,"Follow the markers in the image: the green box marks the object to grasp, the blue dot marks where to place it. Show the scene after the object has been moved to the marked location. Pick up the purple plush toy from the sink. Place the purple plush toy in the pot."
/data/datasets/DROID/train_v8capinf/final/23173_exterior_image_1_left_pair0.png,/data/datasets/DROID/train_v8capinf/kontext/23173_exterior_image_1_left_pair0.png,"Follow the markers in the image: the green box marks the object to grasp, the blue dot marks where to place it. Show the scene after the object has been moved to the marked location. Pick up the plastic bottle on the table. Place the plastic bottle on the top of the ever spring bottle."
/data/datasets/DROID/train_v8capinf/final/24417_exterior_image_1_left_pair0.png,/data/datasets/DROID/train_v8capinf/kontext/24417_exterior_image_1_left_pair0.png,"Follow the markers in the image: the green box marks the object to grasp, the blue dot marks where to place it. Show the scene after the object has been moved to the marked location. Pick up change the purple object to a purple ball. Place the purple ball on the table."
/data/datasets/DROID/train_v8capinf/final/4190_exterior_image_1_left_pair0.png,/data/datasets/DROID/train_v8capinf/kontext/4190_exterior_image_1_left_pair0.png,"Follow the markers in the image: the green box marks the object to grasp, the blue dot marks where to place it. Show the scene after the object has been moved to the marked location. Pick up the wooden shovel on the table. Place the wooden shovel in the basin."
/data/datasets/DROID/train_v8capinf/final/62847_exterior_image_2_left_pair1.png,/data/datasets/DROID/train_v8capinf/kontext/62847_exterior_image_2_left_pair1.png,"Follow the markers in the image: the green box marks the object to grasp, the blue dot marks where to place it. Show the scene after the object has been moved to the marked location. Pick up the small item in the bag. Place the small item in the bowl."
/data/datasets/DROID/train_v8capinf/final/20454_exterior_image_1_left_pair0.png,/data/datasets/DROID/train_v8capinf/kontext/20454_exterior_image_1_left_pair0.png,"Follow the markers in the image: the green box marks the object to grasp, the blue dot marks where to place it. Show the scene after the object has been moved to the marked location. Pick up the cooker's lid. Place the cooker's lid on the table."
/data/datasets/DROID/train_v8capinf/final/82990_exterior_image_1_left_pair0.png,/data/datasets/DROID/train_v8capinf/kontext/82990_exterior_image_1_left_pair0.png,"Follow the markers in the image: the green box marks the object to grasp, the blue dot marks where to place it. Show the scene after the object has been moved to the marked location. Pick up the green block from the table. Place the green block to the silver object."
/data/datasets/DROID/train_v8capinf/final/90580_exterior_image_1_left_pair0.png,/data/datasets/DROID/train_v8capinf/kontext/90580_exterior_image_1_left_pair0.png,"Follow the markers in the image: the green box marks the object to grasp, the blue dot marks where to place it. Show the scene after the object has been moved to the marked location. Pick up the lid next to the teapot on the table. Place the lid on the teapot."
/data/datasets/DROID/train_v8capinf/final/21572_exterior_image_1_left_pair0.png,/data/datasets/DROID/train_v8capinf/kontext/21572_exterior_image_1_left_pair0.png,"Follow the markers in the image: the green box marks the object to grasp, the blue dot marks where to place it. Show the scene after the object has been moved to the marked location. Pick up the brown plush toy on the table. Place the brown plush toy in the sink."
/data/datasets/DROID/train_v8capinf/final/83872_exterior_image_2_left_pair1.png,/data/datasets/DROID/train_v8capinf/kontext/83872_exterior_image_2_left_pair1.png,"Follow the markers in the image: the green box marks the object to grasp, the blue dot marks where to place it. Show the scene after the object has been moved to the marked location. Pick up the short from the shelf. Place the short on the blanket."
/data/datasets/DROID/train_v8capinf/final/28156_exterior_image_1_left_pair0.png,/data/datasets/DROID/train_v8capinf/kontext/28156_exterior_image_1_left_pair0.png,"Follow the markers in the image: the green box marks the object to grasp, the blue dot marks where to place it. Show the scene after the object has been moved to the marked location. Pick up the bell on the countertop. Place the bell into the pot."
/data/datasets/DROID/train_v8capinf/final/5771_exterior_image_2_left_pair0.png,/data/datasets/DROID/train_v8capinf/kontext/5771_exterior_image_2_left_pair0.png,"Follow the markers in the image: the green box marks the object to grasp, the blue dot marks where to place it. Show the scene after the object has been moved to the marked location. Put the yellow cube inside the blue cup. Put the yellow cube inside the yellow cup."
/data/datasets/DROID/train_v8capinf/final/77194_exterior_image_1_left_pair0.png,/data/datasets/DROID/train_v8capinf/kontext/77194_exterior_image_1_left_pair0.png,"Follow the markers in the image: the green box marks the object to grasp, the blue dot marks where to place it. Show the scene after the object has been moved to the marked location. Pick up the lid above the dishwasher. Place the lid on the rack of the dishwasher."
/data/datasets/DROID/train_v8capinf/final/41775_exterior_image_1_left_pair0.png,/data/datasets/DROID/train_v8capinf/kontext/41775_exterior_image_1_left_pair0.png,"Follow the markers in the image: the green box marks the object to grasp, the blue dot marks where to place it. Show the scene after the object has been moved to the marked location. Pick up the radish doll on the rack. Place the radish doll on the countertop."
/data/datasets/DROID/train_v8capinf/final/36169_exterior_image_1_left_pair1.png,/data/datasets/DROID/train_v8capinf/kontext/36169_exterior_image_1_left_pair1.png,"Follow the markers in the image: the green box marks the object to grasp, the blue dot marks where to place it. Show the scene after the object has been moved to the marked location. Pick up the blue flowery shaped block on the table. Place the blue flowery shaped block inside the shape sorter."
/data/datasets/DROID/train_v8capinf/final/57227_exterior_image_2_left_pair0.png,/data/datasets/DROID/train_v8capinf/kontext/57227_exterior_image_2_left_pair0.png,"Follow the markers in the image: the green box marks the object to grasp, the blue dot marks where to place it. Show the scene after the object has been moved to the marked location. Pick up the blue square from the table. Place the blue square in the bowl."
/data/datasets/DROID/train_v8capinf/final/88721_exterior_image_1_left_pair0.png,/data/datasets/DROID/train_v8capinf/kontext/88721_exterior_image_1_left_pair0.png,"Follow the markers in the image: the green box marks the object to grasp, the blue dot marks where to place it. Show the scene after the object has been moved to the marked location. Pick up the broccoli from the white pot. Place the broccoli on the shelf."
/data/datasets/DROID/train_v8capinf/final/70509_exterior_image_1_left_pair0.png,/data/datasets/DROID/train_v8capinf/kontext/70509_exterior_image_1_left_pair0.png,"Follow the markers in the image: the green box marks the object to grasp, the blue dot marks where to place it. Show the scene after the object has been moved to the marked location. Pick up the black bottle on the table. Place the black bottle on the table."
/data/datasets/DROID/train_v8capinf/final/9675_exterior_image_1_left_pair0.png,/data/datasets/DROID/train_v8capinf/kontext/9675_exterior_image_1_left_pair0.png,"Follow the markers in the image: the green box marks the object to grasp, the blue dot marks where to place it. Show the scene after the object has been moved to the marked location. Pick up the black screwdriver from the top of the cabinet. Place the black screwdriver in the open drawer."
/data/datasets/DROID/train_v8capinf/final/32233_exterior_image_1_left_pair0.png,/data/datasets/DROID/train_v8capinf/kontext/32233_exterior_image_1_left_pair0.png,"Follow the markers in the image: the green box marks the object to grasp, the blue dot marks where to place it. Show the scene after the object has been moved to the marked location. Pick up the cap of the bottle. Place the cap on the tabletop."
/data/datasets/DROID/train_v8capinf/final/36572_exterior_image_1_left_pair0.png,/data/datasets/DROID/train_v8capinf/kontext/36572_exterior_image_1_left_pair0.png,"Follow the markers in the image: the green box marks the object to grasp, the blue dot marks where to place it. Show the scene after the object has been moved to the marked location. Pick up the black screwdriver on the table. Place the black screwdriver inside the drawer."
/data/datasets/DROID/train_v8capinf/final/45459_exterior_image_1_left_pair0.png,/data/datasets/DROID/train_v8capinf/kontext/45459_exterior_image_1_left_pair0.png,"Follow the markers in the image: the green box marks the object to grasp, the blue dot marks where to place it. Show the scene after the object has been moved to the marked location. Pick up the cup on the table. Place the cup on the side table."
/data/datasets/DROID/train_v8capinf/final/88334_exterior_image_2_left_pair0.png,/data/datasets/DROID/train_v8capinf/kontext/88334_exterior_image_2_left_pair0.png,"Follow the markers in the image: the green box marks the object to grasp, the blue dot marks where to place it. Show the scene after the object has been moved to the marked location. Pick up the staple remover on the table. Place the staple remover on the table."
/data/datasets/DROID/train_v8capinf/final/70188_exterior_image_1_left_pair0.png,/data/datasets/DROID/train_v8capinf/kontext/70188_exterior_image_1_left_pair0.png,"Follow the markers in the image: the green box marks the object to grasp, the blue dot marks where to place it. Show the scene after the object has been moved to the marked location. Pick up the charging adapter from the table. Place the charging adapter on the socket."
/data/datasets/DROID/train_v8capinf/final/23174_exterior_image_2_left_pair0.png,/data/datasets/DROID/train_v8capinf/kontext/23174_exterior_image_2_left_pair0.png,"Follow the markers in the image: the green box marks the object to grasp, the blue dot marks where to place it. Show the scene after the object has been moved to the marked location. Pick up the white mug's marker. Place the marker in the white mug."
/data/datasets/DROID/train_v8capinf/final/85582_exterior_image_2_left_pair0.png,/data/datasets/DROID/train_v8capinf/kontext/85582_exterior_image_2_left_pair0.png,"Follow the markers in the image: the green box marks the object to grasp, the blue dot marks where to place it. Show the scene after the object has been moved to the marked location. Pick up the plastic grape toy on the table. Place the plastic grape toy in the white dish."
/data/datasets/DROID/train_v8capinf/final/22128_exterior_image_2_left_pair0.png,/data/datasets/DROID/train_v8capinf/kontext/22128_exterior_image_2_left_pair0.png,"Follow the markers in the image: the green box marks the object to grasp, the blue dot marks where to place it. Show the scene after the object has been moved to the marked location. Pick up the teabag on the table. Place the teabag in the cup."
/data/datasets/DROID/train_v8capinf/final/24935_exterior_image_1_left_pair0.png,/data/datasets/DROID/train_v8capinf/kontext/24935_exterior_image_1_left_pair0.png,"Follow the markers in the image: the green box marks the object to grasp, the blue dot marks where to place it. Show the scene after the object has been moved to the marked location. Pick up the white pot. Place the white pot on the stove."
/data/datasets/DROID/train_v8capinf/final/5385_exterior_image_1_left_pair0.png,/data/datasets/DROID/train_v8capinf/kontext/5385_exterior_image_1_left_pair0.png,"Follow the markers in the image: the green box marks the object to grasp, the blue dot marks where to place it. Show the scene after the object has been moved to the marked location. Pick up the dropper on the shelf. Place the orange dropper in the black bowl."
/data/datasets/DROID/train_v8capinf/final/35746_exterior_image_1_left_pair0.png,/data/datasets/DROID/train_v8capinf/kontext/35746_exterior_image_1_left_pair0.png,"Follow the markers in the image: the green box marks the object to grasp, the blue dot marks where to place it. Show the scene after the object has been moved to the marked location. Pick up the rectangular wooden object above another object. Place the rectangular wooden object on the table."
/data/datasets/DROID/train_v8capinf/final/17959_exterior_image_1_left_pair0.png,/data/datasets/DROID/train_v8capinf/kontext/17959_exterior_image_1_left_pair0.png,"Follow the markers in the image: the green box marks the object to grasp, the blue dot marks where to place it. Show the scene after the object has been moved to the marked location. Pick up the second orange object next to the wood. Place the second orange object on the table."
/data/datasets/DROID/train_v8capinf/final/32849_exterior_image_1_left_pair0.png,/data/datasets/DROID/train_v8capinf/kontext/32849_exterior_image_1_left_pair0.png,"Follow the markers in the image: the green box marks the object to grasp, the blue dot marks where to place it. Show the scene after the object has been moved to the marked location. Take out the plush toy from the silver pot. Place the plush toy on the table."
/data/datasets/DROID/train_v8capinf/final/44660_exterior_image_1_left_pair0.png,/data/datasets/DROID/train_v8capinf/kontext/44660_exterior_image_1_left_pair0.png,"Follow the markers in the image: the green box marks the object to grasp, the blue dot marks where to place it. Show the scene after the object has been moved to the marked location. Pick up the green satchel in the bowl. Place the green satchel on the table."
/data/datasets/DROID/train_v8capinf/final/72751_exterior_image_1_left_pair0.png,/data/datasets/DROID/train_v8capinf/kontext/72751_exterior_image_1_left_pair0.png,"Follow the markers in the image: the green box marks the object to grasp, the blue dot marks where to place it. Show the scene after the object has been moved to the marked location. Pick up the white and blue carton on the table. Place the white and blue carton outside the table."
/data/datasets/DROID/train_v8capinf/final/82772_exterior_image_2_left_pair1.png,/data/datasets/DROID/train_v8capinf/kontext/82772_exterior_image_2_left_pair1.png,"Follow the markers in the image: the green box marks the object to grasp, the blue dot marks where to place it. Show the scene after the object has been moved to the marked location. Pick up another green object from the countertop. Place another green object on the towel."
/data/datasets/DROID/train_v8capinf/final/8882_exterior_image_2_left_pair0.png,/data/datasets/DROID/train_v8capinf/kontext/8882_exterior_image_2_left_pair0.png,"Follow the markers in the image: the green box marks the object to grasp, the blue dot marks where to place it. Show the scene after the object has been moved to the marked location. Take out the chamber from the coffee maker. Place the chamber on the tabletop."
/data/datasets/DROID/train_v8capinf/final/75643_exterior_image_2_left_pair0.png,/data/datasets/DROID/train_v8capinf/kontext/75643_exterior_image_2_left_pair0.png,"Follow the markers in the image: the green box marks the object to grasp, the blue dot marks where to place it. Show the scene after the object has been moved to the marked location. Pick up the orange clothing from the backrest of the chair. Place the orange clothing inside the box."
/data/datasets/DROID/train_v8capinf/final/40406_exterior_image_1_left_pair0.png,/data/datasets/DROID/train_v8capinf/kontext/40406_exterior_image_1_left_pair0.png,"Follow the markers in the image: the green box marks the object to grasp, the blue dot marks where to place it. Show the scene after the object has been moved to the marked location. Pick up the potato plush toy on the silver table. Place the potato plush toy in the silver pot."
/data/datasets/DROID/train_v8capinf/final/51059_exterior_image_1_left_pair0.png,/data/datasets/DROID/train_v8capinf/kontext/51059_exterior_image_1_left_pair0.png,"Follow the markers in the image: the green box marks the object to grasp, the blue dot marks where to place it. Show the scene after the object has been moved to the marked location. Pick up the duck tape on the table. Place the duck tape on the table."
/data/datasets/DROID/train_v8capinf/final/29066_exterior_image_2_left_pair1.png,/data/datasets/DROID/train_v8capinf/kontext/29066_exterior_image_2_left_pair1.png,"Follow the markers in the image: the green box marks the object to grasp, the blue dot marks where to place it. Show the scene after the object has been moved to the marked location. Pick up the next rope on the table. Place the next rope in the box."
/data/datasets/DROID/train_v8capinf/final/45972_exterior_image_2_left_pair0.png,/data/datasets/DROID/train_v8capinf/kontext/45972_exterior_image_2_left_pair0.png,"Follow the markers in the image: the green box marks the object to grasp, the blue dot marks where to place it. Show the scene after the object has been moved to the marked location. Pick up the pajama pants from the blue sofa. Place the pajama pants in the laundry bin."
/data/datasets/DROID/train_v8capinf/final/66033_exterior_image_1_left_pair0.png,/data/datasets/DROID/train_v8capinf/kontext/66033_exterior_image_1_left_pair0.png,"Follow the markers in the image: the green box marks the object to grasp, the blue dot marks where to place it. Show the scene after the object has been moved to the marked location. Pick up the doll from the desktop. Place the doll next to the original position."
/data/datasets/DROID/train_v8capinf/final/86163_exterior_image_1_left_pair0.png,/data/datasets/DROID/train_v8capinf/kontext/86163_exterior_image_1_left_pair0.png,"Follow the markers in the image: the green box marks the object to grasp, the blue dot marks where to place it. Show the scene after the object has been moved to the marked location. Pick up other clothes from the back rest of the chair. Place the clothes on the table."
/data/datasets/DROID/train_v8capinf/final/38143_exterior_image_2_left_pair1.png,/data/datasets/DROID/train_v8capinf/kontext/38143_exterior_image_2_left_pair1.png,"Follow the markers in the image: the green box marks the object to grasp, the blue dot marks where to place it. Show the scene after the object has been moved to the marked location. Pick up the object in the sink pot. Place the object on the table."
/data/datasets/DROID/train_v8capinf/final/14936_exterior_image_2_left_pair1.png,/data/datasets/DROID/train_v8capinf/kontext/14936_exterior_image_2_left_pair1.png,"Follow the markers in the image: the green box marks the object to grasp, the blue dot marks where to place it. Show the scene after the object has been moved to the marked location. Pick up the clothes on the table. Place the clothes in the middle of the table."
/data/datasets/DROID/train_v8capinf/final/69725_exterior_image_2_left_pair0.png,/data/datasets/DROID/train_v8capinf/kontext/69725_exterior_image_2_left_pair0.png,"Follow the markers in the image: the green box marks the object to grasp, the blue dot marks where to place it. Show the scene after the object has been moved to the marked location. Pick up the topmost plate from the counter. Place the topmost plate inside the dishwasher."
/data/datasets/DROID/train_v8capinf/final/4085_exterior_image_2_left_pair0.png,/data/datasets/DROID/train_v8capinf/kontext/4085_exterior_image_2_left_pair0.png,"Follow the markers in the image: the green box marks the object to grasp, the blue dot marks where to place it. Show the scene after the object has been moved to the marked location. Pick up the silver toy in the pot. Place the toy on the table."
/data/datasets/DROID/train_v8capinf/final/36974_exterior_image_2_left_pair1.png,/data/datasets/DROID/train_v8capinf/kontext/36974_exterior_image_2_left_pair1.png,"Follow the markers in the image: the green box marks the object to grasp, the blue dot marks where to place it. Show the scene after the object has been moved to the marked location. Pick up the second paper on the table. Place the second paper in the side trash bin."
/data/datasets/DROID/train_v8capinf/final/89978_exterior_image_1_left_pair2.png,/data/datasets/DROID/train_v8capinf/kontext/89978_exterior_image_1_left_pair2.png,"Follow the markers in the image: the green box marks the object to grasp, the blue dot marks where to place it. Show the scene after the object has been moved to the marked location. Pick up the fourth bottle of water on the table. Place the fourth bottle of water in the specified position in a straight line."
/data/datasets/DROID/train_v8capinf/final/79261_exterior_image_2_left_pair0.png,/data/datasets/DROID/train_v8capinf/kontext/79261_exterior_image_2_left_pair0.png,"Follow the markers in the image: the green box marks the object to grasp, the blue dot marks where to place it. Show the scene after the object has been moved to the marked location. Pick up the green plushie on the table. Place the green plushie in the pot."
/data/datasets/DROID/train_v8capinf/final/85397_exterior_image_1_left_pair0.png,/data/datasets/DROID/train_v8capinf/kontext/85397_exterior_image_1_left_pair0.png,"Follow the markers in the image: the green box marks the object to grasp, the blue dot marks where to place it. Show the scene after the object has been moved to the marked location. Pick up the yellow book from the white box. Place the yellow book on the backrest of the sofa."
/data/datasets/DROID/train_v8capinf/final/24417_exterior_image_2_left_pair0.png,/data/datasets/DROID/train_v8capinf/kontext/24417_exterior_image_2_left_pair0.png,"Follow the markers in the image: the green box marks the object to grasp, the blue dot marks where to place it. Show the scene after the object has been moved to the marked location. Pick up change the purple object to a purple ball. Place the purple ball on the table."
/data/datasets/DROID/train_v8capinf/final/59206_exterior_image_2_left_pair0.png,/data/datasets/DROID/train_v8capinf/kontext/59206_exterior_image_2_left_pair0.png,"Follow the markers in the image: the green box marks the object to grasp, the blue dot marks where to place it. Show the scene after the object has been moved to the marked location. Pick up the white screwdriver from the drawer. Place the white screwdriver on the desktop."
/data/datasets/DROID/train_v8capinf/final/51513_exterior_image_1_left_pair0.png,/data/datasets/DROID/train_v8capinf/kontext/51513_exterior_image_1_left_pair0.png,"Follow the markers in the image: the green box marks the object to grasp, the blue dot marks where to place it. Show the scene after the object has been moved to the marked location. Pick up the silver lid from the table. Place the silver lid on the silver pot."
/data/datasets/DROID/train_v8capinf/final/92069_exterior_image_1_left_pair0.png,/data/datasets/DROID/train_v8capinf/kontext/92069_exterior_image_1_left_pair0.png,"Follow the markers in the image: the green box marks the object to grasp, the blue dot marks where to place it. Show the scene after the object has been moved to the marked location. Pick up the sponge from the countertop. Place the sponge in the pit."
/data/datasets/DROID/train_v8capinf/final/74843_exterior_image_2_left_pair1.png,/data/datasets/DROID/train_v8capinf/kontext/74843_exterior_image_2_left_pair1.png,"Follow the markers in the image: the green box marks the object to grasp, the blue dot marks where to place it. Show the scene after the object has been moved to the marked location. Pick up the smaller white cup from the countertop. Place the smaller white cup in the white bowl."
/data/datasets/DROID/train_v8capinf/final/7642_exterior_image_2_left_pair0.png,/data/datasets/DROID/train_v8capinf/kontext/7642_exterior_image_2_left_pair0.png,"Follow the markers in the image: the green box marks the object to grasp, the blue dot marks where to place it. Show the scene after the object has been moved to the marked location. Pick up the white string on the table. Place the white string on the black object."
/data/datasets/DROID/train_v8capinf/final/25469_exterior_image_2_left_pair0.png,/data/datasets/DROID/train_v8capinf/kontext/25469_exterior_image_2_left_pair0.png,"Follow the markers in the image: the green box marks the object to grasp, the blue dot marks where to place it. Show the scene after the object has been moved to the marked location. Pick up the bowl side of the microwave. Place the bowl on the top of the air fryer."
/data/datasets/DROID/train_v8capinf/final/46840_exterior_image_1_left_pair0.png,/data/datasets/DROID/train_v8capinf/kontext/46840_exterior_image_1_left_pair0.png,"Follow the markers in the image: the green box marks the object to grasp, the blue dot marks where to place it. Show the scene after the object has been moved to the marked location. Pick up the pink plush toy from the counter. Place the pink plush toy on the flower pot."
/data/datasets/DROID/train_v8capinf/final/69840_exterior_image_1_left_pair0.png,/data/datasets/DROID/train_v8capinf/kontext/69840_exterior_image_1_left_pair0.png,"Follow the markers in the image: the green box marks the object to grasp, the blue dot marks where to place it. Show the scene after the object has been moved to the marked location. Take out the cable from the plastic bag. Place the cable on the table."
/data/datasets/DROID/train_v8capinf/final/46873_exterior_image_2_left_pair0.png,/data/datasets/DROID/train_v8capinf/kontext/46873_exterior_image_2_left_pair0.png,"Follow the markers in the image: the green box marks the object to grasp, the blue dot marks where to place it. Show the scene after the object has been moved to the marked location. Pick up the silver remote control on the table. Place the silver remote control on the table."
/data/datasets/DROID/train_v8capinf/final/16218_exterior_image_1_left_pair0.png,/data/datasets/DROID/train_v8capinf/kontext/16218_exterior_image_1_left_pair0.png,"Follow the markers in the image: the green box marks the object to grasp, the blue dot marks where to place it. Show the scene after the object has been moved to the marked location. Pick up the colored block on the table. Place the yellow block inside the blue cup."
/data/datasets/DROID/train_v8capinf/final/65508_exterior_image_2_left_pair0.png,/data/datasets/DROID/train_v8capinf/kontext/65508_exterior_image_2_left_pair0.png,"Follow the markers in the image: the green box marks the object to grasp, the blue dot marks where to place it. Show the scene after the object has been moved to the marked location. Pick up the bottle by the microwave. Place the bottle on the top of the microwave."
/data/datasets/DROID/train_v8capinf/final/34546_exterior_image_1_left_pair0.png,/data/datasets/DROID/train_v8capinf/kontext/34546_exterior_image_1_left_pair0.png,"Follow the markers in the image: the green box marks the object to grasp, the blue dot marks where to place it. Show the scene after the object has been moved to the marked location. Pick up the coffee liquid box in the coffee machine. Place the coffee liquid box in the garbage can."
/data/datasets/DROID/train_v8capinf/final/57227_exterior_image_2_left_pair1.png,/data/datasets/DROID/train_v8capinf/kontext/57227_exterior_image_2_left_pair1.png,"Follow the markers in the image: the green box marks the object to grasp, the blue dot marks where to place it. Show the scene after the object has been moved to the marked location. Pick up the green square from the table. Place the green square in the bowl."
/data/datasets/DROID/train_v8capinf/final/91535_exterior_image_2_left_pair0.png,/data/datasets/DROID/train_v8capinf/kontext/91535_exterior_image_2_left_pair0.png,"Follow the markers in the image: the green box marks the object to grasp, the blue dot marks where to place it. Show the scene after the object has been moved to the marked location. Pick up the plastic bottle on the table. Place the plastic bottle on top of another bottle."
/data/datasets/DROID/train_v8capinf/final/57444_exterior_image_2_left_pair0.png,/data/datasets/DROID/train_v8capinf/kontext/57444_exterior_image_2_left_pair0.png,"Follow the markers in the image: the green box marks the object to grasp, the blue dot marks where to place it. Show the scene after the object has been moved to the marked location. Pick up the cube with an R. Place the cube above the cube with an R."
/data/datasets/DROID/train_v8capinf/final/3168_exterior_image_2_left_pair0.png,/data/datasets/DROID/train_v8capinf/kontext/3168_exterior_image_2_left_pair0.png,"Follow the markers in the image: the green box marks the object to grasp, the blue dot marks where to place it. Show the scene after the object has been moved to the marked location. Pick up the screwdriver from the table. Place the screwdriver in the drawer."
/data/datasets/DROID/train_v8capinf/final/59462_exterior_image_1_left_pair0.png,/data/datasets/DROID/train_v8capinf/kontext/59462_exterior_image_1_left_pair0.png,"Follow the markers in the image: the green box marks the object to grasp, the blue dot marks where to place it. Show the scene after the object has been moved to the marked location. Pick up the white toy from the top of the blue toolbox. Place the white toy in the bowl."
/data/datasets/DROID/train_v8capinf/final/28856_exterior_image_1_left_pair0.png,/data/datasets/DROID/train_v8capinf/kontext/28856_exterior_image_1_left_pair0.png,"Follow the markers in the image: the green box marks the object to grasp, the blue dot marks where to place it. Show the scene after the object has been moved to the marked location. Pick up the black screwdriver on the table. Place the black screwdriver in the open drawer."
/data/datasets/DROID/train_v8capinf/final/52423_exterior_image_2_left_pair0.png,/data/datasets/DROID/train_v8capinf/kontext/52423_exterior_image_2_left_pair0.png,"Follow the markers in the image: the green box marks the object to grasp, the blue dot marks where to place it. Show the scene after the object has been moved to the marked location. Pick up the white and black head sock from the red bag. Place the white and black head sock on the counter."
/data/datasets/DROID/train_v8capinf/final/88334_exterior_image_1_left_pair0.png,/data/datasets/DROID/train_v8capinf/kontext/88334_exterior_image_1_left_pair0.png,"Follow the markers in the image: the green box marks the object to grasp, the blue dot marks where to place it. Show the scene after the object has been moved to the marked location. Pick up the staple remover on the table. Place the staple remover on the table."
/data/datasets/DROID/train_v8capinf/final/84893_exterior_image_1_left_pair0.png,/data/datasets/DROID/train_v8capinf/kontext/84893_exterior_image_1_left_pair0.png,"Follow the markers in the image: the green box marks the object to grasp, the blue dot marks where to place it. Show the scene after the object has been moved to the marked location. Pick up the spoon with something from the blue bowl. Place the spoon back in the blue bowl."
/data/datasets/DROID/train_v8capinf/final/83872_exterior_image_1_left_pair1.png,/data/datasets/DROID/train_v8capinf/kontext/83872_exterior_image_1_left_pair1.png,"Follow the markers in the image: the green box marks the object to grasp, the blue dot marks where to place it. Show the scene after the object has been moved to the marked location. Pick up the short from the shelf. Place the short on the blanket."
/data/datasets/DROID/train_v8capinf/final/56208_exterior_image_1_left_pair0.png,/data/datasets/DROID/train_v8capinf/kontext/56208_exterior_image_1_left_pair0.png,"Follow the markers in the image: the green box marks the object to grasp, the blue dot marks where to place it. Show the scene after the object has been moved to the marked location. Pick up the purple plastic grapes from the blue table. Place the purple plastic grapes inside the white bowl."
/data/datasets/DROID/train_v8capinf/final/6995_exterior_image_2_left_pair0.png,/data/datasets/DROID/train_v8capinf/kontext/6995_exterior_image_2_left_pair0.png,"Follow the markers in the image: the green box marks the object to grasp, the blue dot marks where to place it. Show the scene after the object has been moved to the marked location. Pick up the blue Lego from the table. Place the blue Lego in the open drawer."
/data/datasets/DROID/train_v8capinf/final/26205_exterior_image_2_left_pair0.png,/data/datasets/DROID/train_v8capinf/kontext/26205_exterior_image_2_left_pair0.png,"Follow the markers in the image: the green box marks the object to grasp, the blue dot marks where to place it. Show the scene after the object has been moved to the marked location. Pick up the box of the enemy. Place the box on the top of the cabinet."
/data/datasets/DROID/train_v8capinf/final/42007_exterior_image_2_left_pair0.png,/data/datasets/DROID/train_v8capinf/kontext/42007_exterior_image_2_left_pair0.png,"Follow the markers in the image: the green box marks the object to grasp, the blue dot marks where to place it. Show the scene after the object has been moved to the marked location. Pick up the thing in the bowl. Place the thing in the sink."
/data/datasets/DROID/train_v8capinf/final/70899_exterior_image_2_left_pair0.png,/data/datasets/DROID/train_v8capinf/kontext/70899_exterior_image_2_left_pair0.png,"Follow the markers in the image: the green box marks the object to grasp, the blue dot marks where to place it. Show the scene after the object has been moved to the marked location. Pick up the food box on the table. Place the food box on the countertop."
/data/datasets/DROID/train_v8capinf/final/5385_exterior_image_2_left_pair0.png,/data/datasets/DROID/train_v8capinf/kontext/5385_exterior_image_2_left_pair0.png,"Follow the markers in the image: the green box marks the object to grasp, the blue dot marks where to place it. Show the scene after the object has been moved to the marked location. Pick up the dropper on the shelf. Place the orange dropper in the black bowl."
/data/datasets/DROID/train_v8capinf/final/87626_exterior_image_2_left_pair0.png,/data/datasets/DROID/train_v8capinf/kontext/87626_exterior_image_2_left_pair0.png,"Follow the markers in the image: the green box marks the object to grasp, the blue dot marks where to place it. Show the scene after the object has been moved to the marked location. Pick up the stirring rod in the white bowl. Place the stirring rod in the white bowl."
/data/datasets/DROID/train_v8capinf/final/37584_exterior_image_1_left_pair0.png,/data/datasets/DROID/train_v8capinf/kontext/37584_exterior_image_1_left_pair0.png,"Follow the markers in the image: the green box marks the object to grasp, the blue dot marks where to place it. Show the scene after the object has been moved to the marked location. Pick up the yellow block on the table. Place the yellow block on the yellow block."
/data/datasets/DROID/train_v8capinf/final/64040_exterior_image_2_left_pair0.png,/data/datasets/DROID/train_v8capinf/kontext/64040_exterior_image_2_left_pair0.png,"Follow the markers in the image: the green box marks the object to grasp, the blue dot marks where to place it. Show the scene after the object has been moved to the marked location. Pick up the circular ring on the wooden rack. Place the circular ring on the tabletop."
/data/datasets/DROID/train_v8capinf/final/60193_exterior_image_2_left_pair0.png,/data/datasets/DROID/train_v8capinf/kontext/60193_exterior_image_2_left_pair0.png,"Follow the markers in the image: the green box marks the object to grasp, the blue dot marks where to place it. Show the scene after the object has been moved to the marked location. Pick up the fluffy toy on the table. Place the fluffy toy inside the drawer."
/data/datasets/DROID/train_v8capinf/final/66035_exterior_image_1_left_pair0.png,/data/datasets/DROID/train_v8capinf/kontext/66035_exterior_image_1_left_pair0.png,"Follow the markers in the image: the green box marks the object to grasp, the blue dot marks where to place it. Show the scene after the object has been moved to the marked location. Pick up the inverted cup on the countertop. Place the cup upright on the countertop."
/data/datasets/DROID/train_v8capinf/final/90414_exterior_image_2_left_pair0.png,/data/datasets/DROID/train_v8capinf/kontext/90414_exterior_image_2_left_pair0.png,"Follow the markers in the image: the green box marks the object to grasp, the blue dot marks where to place it. Show the scene after the object has been moved to the marked location. Pick up the object on the table. Place the object next to the other objects."
/data/datasets/DROID/train_v8capinf/final/45459_exterior_image_2_left_pair0.png,/data/datasets/DROID/train_v8capinf/kontext/45459_exterior_image_2_left_pair0.png,"Follow the markers in the image: the green box marks the object to grasp, the blue dot marks where to place it. Show the scene after the object has been moved to the marked location. Pick up the cup on the table. Place the cup on the side table."
/data/datasets/DROID/train_v8capinf/final/25502_exterior_image_1_left_pair0.png,/data/datasets/DROID/train_v8capinf/kontext/25502_exterior_image_1_left_pair0.png,"Follow the markers in the image: the green box marks the object to grasp, the blue dot marks where to place it. Show the scene after the object has been moved to the marked location. Pick up the green piece of clothing from the back of the chair. Place the green piece of clothing inside the basket."
/data/datasets/DROID/train_v8capinf/final/36240_exterior_image_2_left_pair0.png,/data/datasets/DROID/train_v8capinf/kontext/36240_exterior_image_2_left_pair0.png,"Follow the markers in the image: the green box marks the object to grasp, the blue dot marks where to place it. Show the scene after the object has been moved to the marked location. Pick up the black and white pen from the table. Place the black and white pen in the cup."
/data/datasets/DROID/train_v8capinf/final/7592_exterior_image_1_left_pair0.png,/data/datasets/DROID/train_v8capinf/kontext/7592_exterior_image_1_left_pair0.png,"Follow the markers in the image: the green box marks the object to grasp, the blue dot marks where to place it. Show the scene after the object has been moved to the marked location. Pick up the red sphere on the table. Place the red sphere at the bottom of the table."
/data/datasets/DROID/train_v8capinf/final/82498_exterior_image_1_left_pair0.png,/data/datasets/DROID/train_v8capinf/kontext/82498_exterior_image_1_left_pair0.png,"Follow the markers in the image: the green box marks the object to grasp, the blue dot marks where to place it. Show the scene after the object has been moved to the marked location. Pick up the potted plant from the shelf. Place the potted plant on the windowsill."
/data/datasets/DROID/train_v8capinf/final/49219_exterior_image_1_left_pair0.png,/data/datasets/DROID/train_v8capinf/kontext/49219_exterior_image_1_left_pair0.png,"Follow the markers in the image: the green box marks the object to grasp, the blue dot marks where to place it. Show the scene after the object has been moved to the marked location. Pick up the white rope beside the box. Place the white rope inside the box."
/data/datasets/DROID/train_v8capinf/final/20339_exterior_image_1_left_pair0.png,/data/datasets/DROID/train_v8capinf/kontext/20339_exterior_image_1_left_pair0.png,"Follow the markers in the image: the green box marks the object to grasp, the blue dot marks where to place it. Show the scene after the object has been moved to the marked location. Pick up the teabag. Place the teabag in the white cup."
/data/datasets/DROID/train_v8capinf/final/53480_exterior_image_2_left_pair0.png,/data/datasets/DROID/train_v8capinf/kontext/53480_exterior_image_2_left_pair0.png,"Follow the markers in the image: the green box marks the object to grasp, the blue dot marks where to place it. Show the scene after the object has been moved to the marked location. Pick up the substance on the box. Place the substance on the countertop."
/data/datasets/DROID/train_v8capinf/final/15900_exterior_image_2_left_pair0.png,/data/datasets/DROID/train_v8capinf/kontext/15900_exterior_image_2_left_pair0.png,"Follow the markers in the image: the green box marks the object to grasp, the blue dot marks where to place it. Show the scene after the object has been moved to the marked location. Pick up the butter knife from the cutlery holder. Place the butter knife in the open drawer."
/data/datasets/DROID/train_v8capinf/final/75621_exterior_image_1_left_pair0.png,/data/datasets/DROID/train_v8capinf/kontext/75621_exterior_image_1_left_pair0.png,"Follow the markers in the image: the green box marks the object to grasp, the blue dot marks where to place it. Show the scene after the object has been moved to the marked location. Pick up the blue plush toy from the countertop. Place the blue plush toy in the pot."
/data/datasets/DROID/train_v8capinf/final/13500_exterior_image_2_left_pair0.png,/data/datasets/DROID/train_v8capinf/kontext/13500_exterior_image_2_left_pair0.png,"Follow the markers in the image: the green box marks the object to grasp, the blue dot marks where to place it. Show the scene after the object has been moved to the marked location. Pick up the bottle with the red lid from the top of the washing machine. Place the bottle with the red lid on the shelf."
/data/datasets/DROID/train_v8capinf/final/60549_exterior_image_2_left_pair0.png,/data/datasets/DROID/train_v8capinf/kontext/60549_exterior_image_2_left_pair0.png,"Follow the markers in the image: the green box marks the object to grasp, the blue dot marks where to place it. Show the scene after the object has been moved to the marked location. Pick up the square cushion from the table. Place the square cushion in the top compartment of the cabinet."
/data/datasets/DROID/train_v8capinf/final/32450_exterior_image_1_left_pair0.png,/data/datasets/DROID/train_v8capinf/kontext/32450_exterior_image_1_left_pair0.png,"Follow the markers in the image: the green box marks the object to grasp, the blue dot marks where to place it. Show the scene after the object has been moved to the marked location. Pick up the banana purse from the surface beside the backpack. Place the banana purse in the backpack."
/data/datasets/DROID/train_v8capinf/final/1641_exterior_image_2_left_pair0.png,/data/datasets/DROID/train_v8capinf/kontext/1641_exterior_image_2_left_pair0.png,"Follow the markers in the image: the green box marks the object to grasp, the blue dot marks where to place it. Show the scene after the object has been moved to the marked location. Grab the cup from the bowl. Place the cup on the table."
/data/datasets/DROID/train_v8capinf/final/16366_exterior_image_2_left_pair0.png,/data/datasets/DROID/train_v8capinf/kontext/16366_exterior_image_2_left_pair0.png,"Follow the markers in the image: the green box marks the object to grasp, the blue dot marks where to place it. Show the scene after the object has been moved to the marked location. Pick up the rectangular box of food from the side area of the wall-mounted shelf. Place the rectangular box of food in the middle area of the table."
/data/datasets/DROID/train_v8capinf/final/65574_exterior_image_1_left_pair0.png,/data/datasets/DROID/train_v8capinf/kontext/65574_exterior_image_1_left_pair0.png,"Follow the markers in the image: the green box marks the object to grasp, the blue dot marks where to place it. Show the scene after the object has been moved to the marked location. Pick up the silver lid on the table. Place the silver lid on the kettle."
/data/datasets/DROID/train_v8capinf/final/46840_exterior_image_2_left_pair0.png,/data/datasets/DROID/train_v8capinf/kontext/46840_exterior_image_2_left_pair0.png,"Follow the markers in the image: the green box marks the object to grasp, the blue dot marks where to place it. Show the scene after the object has been moved to the marked location. Pick up the pink plush toy from the counter. Place the pink plush toy on the flower pot."
/data/datasets/DROID/train_v8capinf/final/45461_exterior_image_1_left_pair1.png,/data/datasets/DROID/train_v8capinf/kontext/45461_exterior_image_1_left_pair1.png,"Follow the markers in the image: the green box marks the object to grasp, the blue dot marks where to place it. Show the scene after the object has been moved to the marked location. Pick up a corner of the quilt on the bed. Place the corner of the quilt at the edge of the bed."
/data/datasets/DROID/train_v8capinf/final/45785_exterior_image_2_left_pair0.png,/data/datasets/DROID/train_v8capinf/kontext/45785_exterior_image_2_left_pair0.png,"Follow the markers in the image: the green box marks the object to grasp, the blue dot marks where to place it. Show the scene after the object has been moved to the marked location. Remove the cover from the golf club. Place the cover on the sofa."
/data/datasets/DROID/train_v8capinf/final/53007_exterior_image_1_left_pair0.png,/data/datasets/DROID/train_v8capinf/kontext/53007_exterior_image_1_left_pair0.png,"Follow the markers in the image: the green box marks the object to grasp, the blue dot marks where to place it. Show the scene after the object has been moved to the marked location. Take the bottle off the table. Place the bottle on the table."
/data/datasets/DROID/train_v8capinf/final/37320_exterior_image_2_left_pair1.png,/data/datasets/DROID/train_v8capinf/kontext/37320_exterior_image_2_left_pair1.png,"Follow the markers in the image: the green box marks the object to grasp, the blue dot marks where to place it. Show the scene after the object has been moved to the marked location. Pick up the second black hat on the bed. Place the second black hat on the bed."
/data/datasets/DROID/train_v8capinf/final/89293_exterior_image_1_left_pair0.png,/data/datasets/DROID/train_v8capinf/kontext/89293_exterior_image_1_left_pair0.png,"Follow the markers in the image: the green box marks the object to grasp, the blue dot marks where to place it. Show the scene after the object has been moved to the marked location. Pick up the green plush from the countertop. Place the green plush in the red bowl."
/data/datasets/DROID/train_v8capinf/final/85518_exterior_image_2_left_pair0.png,/data/datasets/DROID/train_v8capinf/kontext/85518_exterior_image_2_left_pair0.png,"Follow the markers in the image: the green box marks the object to grasp, the blue dot marks where to place it. Show the scene after the object has been moved to the marked location. Pick up the grey fabric on the table. Place the grey fabric on the table."
/data/datasets/DROID/train_v8capinf/final/67991_exterior_image_2_left_pair0.png,/data/datasets/DROID/train_v8capinf/kontext/67991_exterior_image_2_left_pair0.png,"Follow the markers in the image: the green box marks the object to grasp, the blue dot marks where to place it. Show the scene after the object has been moved to the marked location. Pick up the green toy from the shelf. Place the green toy in the white bowl."
/data/datasets/DROID/train_v8capinf/final/76218_exterior_image_1_left_pair1.png,/data/datasets/DROID/train_v8capinf/kontext/76218_exterior_image_1_left_pair1.png,"Follow the markers in the image: the green box marks the object to grasp, the blue dot marks where to place it. Show the scene after the object has been moved to the marked location. Pick up the pot lid with the black mat from the pot. Place the pot lid and the black mat on the countertop."
/data/datasets/DROID/train_v8capinf/final/68321_exterior_image_1_left_pair0.png,/data/datasets/DROID/train_v8capinf/kontext/68321_exterior_image_1_left_pair0.png,"Follow the markers in the image: the green box marks the object to grasp, the blue dot marks where to place it. Show the scene after the object has been moved to the marked location. Pick up the white plug from the table. Place the white plug on the table."
/data/datasets/DROID/train_v8capinf/final/19362_exterior_image_1_left_pair0.png,/data/datasets/DROID/train_v8capinf/kontext/19362_exterior_image_1_left_pair0.png,"Follow the markers in the image: the green box marks the object to grasp, the blue dot marks where to place it. Show the scene after the object has been moved to the marked location. Pick up the brown plush toy from the top of the cabinet. Place the brown plush toy into the white bowl."
/data/datasets/DROID/train_v8capinf/final/86769_exterior_image_2_left_pair0.png,/data/datasets/DROID/train_v8capinf/kontext/86769_exterior_image_2_left_pair0.png,"Follow the markers in the image: the green box marks the object to grasp, the blue dot marks where to place it. Show the scene after the object has been moved to the marked location. Pick up the white base on the table. Place the white base on one side of the table."
/data/datasets/DROID/train_v8capinf/final/76527_exterior_image_1_left_pair0.png,/data/datasets/DROID/train_v8capinf/kontext/76527_exterior_image_1_left_pair0.png,"Follow the markers in the image: the green box marks the object to grasp, the blue dot marks where to place it. Show the scene after the object has been moved to the marked location. Pick up the tipped-over bottle on the countertop. Place the tipped-over bottle upright back in its original position."
/data/datasets/DROID/train_v8capinf/final/45762_exterior_image_1_left_pair0.png,/data/datasets/DROID/train_v8capinf/kontext/45762_exterior_image_1_left_pair0.png,"Follow the markers in the image: the green box marks the object to grasp, the blue dot marks where to place it. Show the scene after the object has been moved to the marked location. Pick up the paper tube from the bowl. Place the paper tube on the countertop."
/data/datasets/DROID/train_v8capinf/final/54392_exterior_image_2_left_pair0.png,/data/datasets/DROID/train_v8capinf/kontext/54392_exterior_image_2_left_pair0.png,"Follow the markers in the image: the green box marks the object to grasp, the blue dot marks where to place it. Show the scene after the object has been moved to the marked location. Pick up the raspberry toy from the table. Place the raspberry toy in the white bowl."
/data/datasets/DROID/train_v8capinf/final/49629_exterior_image_1_left_pair0.png,/data/datasets/DROID/train_v8capinf/kontext/49629_exterior_image_1_left_pair0.png,"Follow the markers in the image: the green box marks the object to grasp, the blue dot marks where to place it. Show the scene after the object has been moved to the marked location. Pick up the storage rack on the table. Place the storage rack to the table."
/data/datasets/DROID/train_v8capinf/final/25502_exterior_image_2_left_pair0.png,/data/datasets/DROID/train_v8capinf/kontext/25502_exterior_image_2_left_pair0.png,"Follow the markers in the image: the green box marks the object to grasp, the blue dot marks where to place it. Show the scene after the object has been moved to the marked location. Pick up the green piece of clothing from the back of the chair. Place the green piece of clothing inside the basket."
/data/datasets/DROID/train_v8capinf/final/73086_exterior_image_1_left_pair0.png,/data/datasets/DROID/train_v8capinf/kontext/73086_exterior_image_1_left_pair0.png,"Follow the markers in the image: the green box marks the object to grasp, the blue dot marks where to place it. Show the scene after the object has been moved to the marked location. Pick up the blue object in the front area of the table. Place the blue object on the top shelf of the upper cabinet, directly above the first shelf from the bottom."
/data/datasets/DROID/train_v8capinf/final/42007_exterior_image_1_left_pair0.png,/data/datasets/DROID/train_v8capinf/kontext/42007_exterior_image_1_left_pair0.png,"Follow the markers in the image: the green box marks the object to grasp, the blue dot marks where to place it. Show the scene after the object has been moved to the marked location. Pick up the thing in the bowl. Place the thing in the sink."
/data/datasets/DROID/train_v8capinf/final/65915_exterior_image_2_left_pair0.png,/data/datasets/DROID/train_v8capinf/kontext/65915_exterior_image_2_left_pair0.png,"Follow the markers in the image: the green box marks the object to grasp, the blue dot marks where to place it. Show the scene after the object has been moved to the marked location. Pick up the brown block above the green block. Place the brown block on the table."
/data/datasets/DROID/train_v8capinf/final/40259_exterior_image_2_left_pair0.png,/data/datasets/DROID/train_v8capinf/kontext/40259_exterior_image_2_left_pair0.png,"Follow the markers in the image: the green box marks the object to grasp, the blue dot marks where to place it. Show the scene after the object has been moved to the marked location. Pick up the towel on the table. Place the towel on the rope."
/data/datasets/DROID/train_v8capinf/final/60193_exterior_image_1_left_pair0.png,/data/datasets/DROID/train_v8capinf/kontext/60193_exterior_image_1_left_pair0.png,"Follow the markers in the image: the green box marks the object to grasp, the blue dot marks where to place it. Show the scene after the object has been moved to the marked location. Pick up the fluffy toy on the table. Place the fluffy toy inside the drawer."
/data/datasets/DROID/train_v8capinf/final/69272_exterior_image_2_left_pair0.png,/data/datasets/DROID/train_v8capinf/kontext/69272_exterior_image_2_left_pair0.png,"Follow the markers in the image: the green box marks the object to grasp, the blue dot marks where to place it. Show the scene after the object has been moved to the marked location. Pick up the spoon above the bowl. Place the spoon on the table."
/data/datasets/DROID/train_v8capinf/final/85152_exterior_image_1_left_pair0.png,/data/datasets/DROID/train_v8capinf/kontext/85152_exterior_image_1_left_pair0.png,"Follow the markers in the image: the green box marks the object to grasp, the blue dot marks where to place it. Show the scene after the object has been moved to the marked location. Pick up the tin from the table. Place the tin on the table."
/data/datasets/DROID/train_v8capinf/final/10829_exterior_image_2_left_pair1.png,/data/datasets/DROID/train_v8capinf/kontext/10829_exterior_image_2_left_pair1.png,"Follow the markers in the image: the green box marks the object to grasp, the blue dot marks where to place it. Show the scene after the object has been moved to the marked location. Pick up the second paper cup from the stack of paper cups. Place the second paper cup above the table."
/data/datasets/DROID/train_v8capinf/final/4012_exterior_image_2_left_pair0.png,/data/datasets/DROID/train_v8capinf/kontext/4012_exterior_image_2_left_pair0.png,"Follow the markers in the image: the green box marks the object to grasp, the blue dot marks where to place it. Show the scene after the object has been moved to the marked location. Pick up the white rope on the black object. Place the white rope on the black object."
/data/datasets/DROID/train_v8capinf/final/79846_exterior_image_1_left_pair0.png,/data/datasets/DROID/train_v8capinf/kontext/79846_exterior_image_1_left_pair0.png,"Follow the markers in the image: the green box marks the object to grasp, the blue dot marks where to place it. Show the scene after the object has been moved to the marked location. Pick up the black flip flop on the table. Place the black flip flop on the sofa."
/data/datasets/DROID/train_v8capinf/final/73453_exterior_image_2_left_pair0.png,/data/datasets/DROID/train_v8capinf/kontext/73453_exterior_image_2_left_pair0.png,"Follow the markers in the image: the green box marks the object to grasp, the blue dot marks where to place it. Show the scene after the object has been moved to the marked location. Pick up the plush toy. Place the plush toy in the designated position."
/data/datasets/DROID/train_v8capinf/final/71403_exterior_image_2_left_pair0.png,/data/datasets/DROID/train_v8capinf/kontext/71403_exterior_image_2_left_pair0.png,"Follow the markers in the image: the green box marks the object to grasp, the blue dot marks where to place it. Show the scene after the object has been moved to the marked location. Pick up the sponge block on the desktop. Place the sponge block at the position that was picked up."
/data/datasets/DROID/train_v8capinf/final/46022_exterior_image_1_left_pair1.png,/data/datasets/DROID/train_v8capinf/kontext/46022_exterior_image_1_left_pair1.png,"Follow the markers in the image: the green box marks the object to grasp, the blue dot marks where to place it. Show the scene after the object has been moved to the marked location. Pick up the blocks on the table. Place the blocks in the bowl."
/data/datasets/DROID/train_v8capinf/final/15986_exterior_image_2_left_pair0.png,/data/datasets/DROID/train_v8capinf/kontext/15986_exterior_image_2_left_pair0.png,"Follow the markers in the image: the green box marks the object to grasp, the blue dot marks where to place it. Show the scene after the object has been moved to the marked location. Pick up the pink thing above the pile of clothes. Place the pink thing on the bed."
/data/datasets/DROID/train_v8capinf/final/78108_exterior_image_1_left_pair0.png,/data/datasets/DROID/train_v8capinf/kontext/78108_exterior_image_1_left_pair0.png,"Follow the markers in the image: the green box marks the object to grasp, the blue dot marks where to place it. Show the scene after the object has been moved to the marked location. Pick up the black screwdriver on the table. Place the black screwdriver inside the open drawer."
/data/datasets/DROID/train_v8capinf/final/11611_exterior_image_2_left_pair0.png,/data/datasets/DROID/train_v8capinf/kontext/11611_exterior_image_2_left_pair0.png,"Follow the markers in the image: the green box marks the object to grasp, the blue dot marks where to place it. Show the scene after the object has been moved to the marked location. Pick up the pink box in the basket. Place the pink box on the table."
/data/datasets/DROID/train_v8capinf/final/75621_exterior_image_2_left_pair0.png,/data/datasets/DROID/train_v8capinf/kontext/75621_exterior_image_2_left_pair0.png,"Follow the markers in the image: the green box marks the object to grasp, the blue dot marks where to place it. Show the scene after the object has been moved to the marked location. Pick up the blue plush toy from the countertop. Place the blue plush toy in the pot."
/data/datasets/DROID/train_v8capinf/final/37408_exterior_image_1_left_pair0.png,/data/datasets/DROID/train_v8capinf/kontext/37408_exterior_image_1_left_pair0.png,"Follow the markers in the image: the green box marks the object to grasp, the blue dot marks where to place it. Show the scene after the object has been moved to the marked location. Pick up the throw pillow on the table. Place the throw pillow on the sofa."
/data/datasets/DROID/train_v8capinf/final/3827_exterior_image_1_left_pair0.png,/data/datasets/DROID/train_v8capinf/kontext/3827_exterior_image_1_left_pair0.png,"Follow the markers in the image: the green box marks the object to grasp, the blue dot marks where to place it. Show the scene after the object has been moved to the marked location. Pick up the lid above the pot. Place the lid on the cloth."
/data/datasets/DROID/train_v8capinf/final/66297_exterior_image_2_left_pair0.png,/data/datasets/DROID/train_v8capinf/kontext/66297_exterior_image_2_left_pair0.png,"Follow the markers in the image: the green box marks the object to grasp, the blue dot marks where to place it. Show the scene after the object has been moved to the marked location. Pick up the yellow square toy from the table. Place the yellow square toy on the wooden object."
/data/datasets/DROID/train_v8capinf/final/47484_exterior_image_2_left_pair0.png,/data/datasets/DROID/train_v8capinf/kontext/47484_exterior_image_2_left_pair0.png,"Follow the markers in the image: the green box marks the object to grasp, the blue dot marks where to place it. Show the scene after the object has been moved to the marked location. Pick up the first gift bag from the shelf. Place the first gift bag on the display shelf."
/data/datasets/DROID/train_v8capinf/final/62802_exterior_image_2_left_pair0.png,/data/datasets/DROID/train_v8capinf/kontext/62802_exterior_image_2_left_pair0.png,"Follow the markers in the image: the green box marks the object to grasp, the blue dot marks where to place it. Show the scene after the object has been moved to the marked location. Pick up the green ball from the table. Place the green ball on the burner."
/data/datasets/DROID/train_v8capinf/final/54017_exterior_image_2_left_pair0.png,/data/datasets/DROID/train_v8capinf/kontext/54017_exterior_image_2_left_pair0.png,"Follow the markers in the image: the green box marks the object to grasp, the blue dot marks where to place it. Show the scene after the object has been moved to the marked location. Pick up the kitchen paper roll on the table. Place the kitchen paper roll on the stand."
/data/datasets/DROID/train_v8capinf/final/15684_exterior_image_2_left_pair0.png,/data/datasets/DROID/train_v8capinf/kontext/15684_exterior_image_2_left_pair0.png,"Follow the markers in the image: the green box marks the object to grasp, the blue dot marks where to place it. Show the scene after the object has been moved to the marked location. Pick up the sharpie on the table. Place the sharpie on the paper."
/data/datasets/DROID/train_v8capinf/final/3633_exterior_image_2_left_pair0.png,/data/datasets/DROID/train_v8capinf/kontext/3633_exterior_image_2_left_pair0.png,"Follow the markers in the image: the green box marks the object to grasp, the blue dot marks where to place it. Show the scene after the object has been moved to the marked location. Pick up the yellow ball on top of a certain machine. Place the yellow ball down."
/data/datasets/DROID/train_v8capinf/final/41506_exterior_image_1_left_pair0.png,/data/datasets/DROID/train_v8capinf/kontext/41506_exterior_image_1_left_pair0.png,"Follow the markers in the image: the green box marks the object to grasp, the blue dot marks where to place it. Show the scene after the object has been moved to the marked location. Pick up the green sock from the basket. Place the green sock on the backrest of the chair."
/data/datasets/DROID/train_v8capinf/final/53007_exterior_image_2_left_pair0.png,/data/datasets/DROID/train_v8capinf/kontext/53007_exterior_image_2_left_pair0.png,"Follow the markers in the image: the green box marks the object to grasp, the blue dot marks where to place it. Show the scene after the object has been moved to the marked location. Take the bottle off the table. Place the bottle on the table."
/data/datasets/DROID/train_v8capinf/final/67018_exterior_image_1_left_pair0.png,/data/datasets/DROID/train_v8capinf/kontext/67018_exterior_image_1_left_pair0.png,"Follow the markers in the image: the green box marks the object to grasp, the blue dot marks where to place it. Show the scene after the object has been moved to the marked location. Pick up the edge rope of the box. Place the edge rope of the box into the box."
/data/datasets/DROID/train_v8capinf/final/41666_exterior_image_2_left_pair0.png,/data/datasets/DROID/train_v8capinf/kontext/41666_exterior_image_2_left_pair0.png,"Follow the markers in the image: the green box marks the object to grasp, the blue dot marks where to place it. Show the scene after the object has been moved to the marked location. Pick up the tulip from the table. Place the tulip in the red bowl."
/data/datasets/DROID/train_v8capinf/final/67991_exterior_image_1_left_pair0.png,/data/datasets/DROID/train_v8capinf/kontext/67991_exterior_image_1_left_pair0.png,"Follow the markers in the image: the green box marks the object to grasp, the blue dot marks where to place it. Show the scene after the object has been moved to the marked location. Pick up the green toy from the shelf. Place the green toy in the white bowl."
/data/datasets/DROID/train_v8capinf/final/25209_exterior_image_2_left_pair0.png,/data/datasets/DROID/train_v8capinf/kontext/25209_exterior_image_2_left_pair0.png,"Follow the markers in the image: the green box marks the object to grasp, the blue dot marks where to place it. Show the scene after the object has been moved to the marked location. Pick up the white helmet from the arm of the sofa. Place the white helmet on the seat of the sofa."
/data/datasets/DROID/train_v8capinf/final/66546_exterior_image_1_left_pair0.png,/data/datasets/DROID/train_v8capinf/kontext/66546_exterior_image_1_left_pair0.png,"Follow the markers in the image: the green box marks the object to grasp, the blue dot marks where to place it. Show the scene after the object has been moved to the marked location. Pick up the animal plush toy from the top of the shelf. Place the animal plush toy in the bowl."
/data/datasets/DROID/train_v8capinf/final/18639_exterior_image_2_left_pair1.png,/data/datasets/DROID/train_v8capinf/kontext/18639_exterior_image_2_left_pair1.png,"Follow the markers in the image: the green box marks the object to grasp, the blue dot marks where to place it. Show the scene after the object has been moved to the marked location. Pick up the orange pen from the desktop. Place the orange pen on the black basket."
/data/datasets/DROID/train_v8capinf/final/58939_exterior_image_2_left_pair0.png,/data/datasets/DROID/train_v8capinf/kontext/58939_exterior_image_2_left_pair0.png,"Follow the markers in the image: the green box marks the object to grasp, the blue dot marks where to place it. Show the scene after the object has been moved to the marked location. Pick up the two utensils on the table. Place the two utensils inside the bucket."
/data/datasets/DROID/train_v8capinf/final/70976_exterior_image_1_left_pair0.png,/data/datasets/DROID/train_v8capinf/kontext/70976_exterior_image_1_left_pair0.png,"Follow the markers in the image: the green box marks the object to grasp, the blue dot marks where to place it. Show the scene after the object has been moved to the marked location. Pick up a white and red packet in the drawer. Place a white and red packet to the drawer."
/data/datasets/DROID/train_v8capinf/final/6759_exterior_image_2_left_pair0.png,/data/datasets/DROID/train_v8capinf/kontext/6759_exterior_image_2_left_pair0.png,"Follow the markers in the image: the green box marks the object to grasp, the blue dot marks where to place it. Show the scene after the object has been moved to the marked location. Pick up the yellow clothes on the table. Place the yellow clothes in the box."
/data/datasets/DROID/train_v8capinf/final/2337_exterior_image_2_left_pair0.png,/data/datasets/DROID/train_v8capinf/kontext/2337_exterior_image_2_left_pair0.png,"Follow the markers in the image: the green box marks the object to grasp, the blue dot marks where to place it. Show the scene after the object has been moved to the marked location. Pick up the wooden pillar on the wooden block. Place the wooden pillar on the table."
/data/datasets/DROID/train_v8capinf/final/11713_exterior_image_2_left_pair0.png,/data/datasets/DROID/train_v8capinf/kontext/11713_exterior_image_2_left_pair0.png,"Follow the markers in the image: the green box marks the object to grasp, the blue dot marks where to place it. Show the scene after the object has been moved to the marked location. Pick up the cup of the red book. Place the cup on the red book."
/data/datasets/DROID/train_v8capinf/final/30939_exterior_image_1_left_pair0.png,/data/datasets/DROID/train_v8capinf/kontext/30939_exterior_image_1_left_pair0.png,"Follow the markers in the image: the green box marks the object to grasp, the blue dot marks where to place it. Show the scene after the object has been moved to the marked location. Pick up the white rope from the table. Place the white rope on the wooden board."
/data/datasets/DROID/train_v8capinf/final/80780_exterior_image_1_left_pair0.png,/data/datasets/DROID/train_v8capinf/kontext/80780_exterior_image_1_left_pair0.png,"Follow the markers in the image: the green box marks the object to grasp, the blue dot marks where to place it. Show the scene after the object has been moved to the marked location. Pick up the white bottle on the table. Place the white bottle on the paper towel."
/data/datasets/DROID/train_v8capinf/final/70509_exterior_image_2_left_pair0.png,/data/datasets/DROID/train_v8capinf/kontext/70509_exterior_image_2_left_pair0.png,"Follow the markers in the image: the green box marks the object to grasp, the blue dot marks where to place it. Show the scene after the object has been moved to the marked location. Pick up the black bottle on the table. Place the black bottle on the table."
/data/datasets/DROID/train_v8capinf/final/20345_exterior_image_2_left_pair0.png,/data/datasets/DROID/train_v8capinf/kontext/20345_exterior_image_2_left_pair0.png,"Follow the markers in the image: the green box marks the object to grasp, the blue dot marks where to place it. Show the scene after the object has been moved to the marked location. Pick up the black screwdriver from the desktop. Place the black screwdriver in the open drawer."
/data/datasets/DROID/train_v8capinf/final/4318_exterior_image_1_left_pair0.png,/data/datasets/DROID/train_v8capinf/kontext/4318_exterior_image_1_left_pair0.png,"Follow the markers in the image: the green box marks the object to grasp, the blue dot marks where to place it. Show the scene after the object has been moved to the marked location. Pick up the middle plastic bag on the table. Place the middle plastic on top of the big plastic."
/data/datasets/DROID/train_v8capinf/final/78206_exterior_image_1_left_pair1.png,/data/datasets/DROID/train_v8capinf/kontext/78206_exterior_image_1_left_pair1.png,"Follow the markers in the image: the green box marks the object to grasp, the blue dot marks where to place it. Show the scene after the object has been moved to the marked location. Pick up the rope that has not been put in the box from the table. Place the rope in the box."
/data/datasets/DROID/train_v8capinf/final/84304_exterior_image_2_left_pair0.png,/data/datasets/DROID/train_v8capinf/kontext/84304_exterior_image_2_left_pair0.png,"Follow the markers in the image: the green box marks the object to grasp, the blue dot marks where to place it. Show the scene after the object has been moved to the marked location. Pick up the pink towel on the table. Place the pink towel inside the red bag."
/data/datasets/DROID/train_v8capinf/final/61405_exterior_image_2_left_pair0.png,/data/datasets/DROID/train_v8capinf/kontext/61405_exterior_image_2_left_pair0.png,"Follow the markers in the image: the green box marks the object to grasp, the blue dot marks where to place it. Show the scene after the object has been moved to the marked location. Pick up the plush toy. Place the plush toy on the surface."
/data/datasets/DROID/train_v8capinf/final/47484_exterior_image_2_left_pair1.png,/data/datasets/DROID/train_v8capinf/kontext/47484_exterior_image_2_left_pair1.png,"Follow the markers in the image: the green box marks the object to grasp, the blue dot marks where to place it. Show the scene after the object has been moved to the marked location. Pick up the second gift bag from the shelf. Place the second gift bag on the display shelf."
/data/datasets/DROID/train_v8capinf/final/45190_exterior_image_2_left_pair0.png,/data/datasets/DROID/train_v8capinf/kontext/45190_exterior_image_2_left_pair0.png,"Follow the markers in the image: the green box marks the object to grasp, the blue dot marks where to place it. Show the scene after the object has been moved to the marked location. Pick up the black marker on the book. Place the black marker inside the coffee cup."
/data/datasets/DROID/train_v8capinf/final/34130_exterior_image_1_left_pair0.png,/data/datasets/DROID/train_v8capinf/kontext/34130_exterior_image_1_left_pair0.png,"Follow the markers in the image: the green box marks the object to grasp, the blue dot marks where to place it. Show the scene after the object has been moved to the marked location. Pick up the small pink bowl from the table. Place the small pink bowl in the center of the plate."
/data/datasets/DROID/train_v8capinf/final/47611_exterior_image_1_left_pair0.png,/data/datasets/DROID/train_v8capinf/kontext/47611_exterior_image_1_left_pair0.png,"Follow the markers in the image: the green box marks the object to grasp, the blue dot marks where to place it. Show the scene after the object has been moved to the marked location. Pick up the green plush toy from the plate. Place the green plush toy on the counter."
/data/datasets/DROID/train_v8capinf/final/5479_exterior_image_1_left_pair0.png,/data/datasets/DROID/train_v8capinf/kontext/5479_exterior_image_1_left_pair0.png,"Follow the markers in the image: the green box marks the object to grasp, the blue dot marks where to place it. Show the scene after the object has been moved to the marked location. Take the wooden spatula out of the utensil bucket. Place the wooden spatula on the countertop."
/data/datasets/DROID/train_v8capinf/final/68217_exterior_image_2_left_pair1.png,/data/datasets/DROID/train_v8capinf/kontext/68217_exterior_image_2_left_pair1.png,"Follow the markers in the image: the green box marks the object to grasp, the blue dot marks where to place it. Show the scene after the object has been moved to the marked location. Pick up the measuring cup with the crayon. Place the measuring cup on the white napkin."
/data/datasets/DROID/train_v8capinf/final/73806_exterior_image_2_left_pair0.png,/data/datasets/DROID/train_v8capinf/kontext/73806_exterior_image_2_left_pair0.png,"Follow the markers in the image: the green box marks the object to grasp, the blue dot marks where to place it. Show the scene after the object has been moved to the marked location. Pick up the blue tube on the table. Place the blue tube in the bag."
/data/datasets/DROID/train_v8capinf/final/15537_exterior_image_2_left_pair0.png,/data/datasets/DROID/train_v8capinf/kontext/15537_exterior_image_2_left_pair0.png,"Follow the markers in the image: the green box marks the object to grasp, the blue dot marks where to place it. Show the scene after the object has been moved to the marked location. Pick up the house shoes from the middle shelf. Place the house shoes on the topmost shelf."
/data/datasets/DROID/train_v8capinf/final/81955_exterior_image_1_left_pair0.png,/data/datasets/DROID/train_v8capinf/kontext/81955_exterior_image_1_left_pair0.png,"Follow the markers in the image: the green box marks the object to grasp, the blue dot marks where to place it. Show the scene after the object has been moved to the marked location. Pick up the tank top from the laundry bag. Place the tank top on the table."
/data/datasets/DROID/train_v8capinf/final/41666_exterior_image_1_left_pair0.png,/data/datasets/DROID/train_v8capinf/kontext/41666_exterior_image_1_left_pair0.png,"Follow the markers in the image: the green box marks the object to grasp, the blue dot marks where to place it. Show the scene after the object has been moved to the marked location. Pick up the tulip from the table. Place the tulip in the red bowl."
/data/datasets/DROID/train_v8capinf/final/38446_exterior_image_1_left_pair0.png,/data/datasets/DROID/train_v8capinf/kontext/38446_exterior_image_1_left_pair0.png,"Follow the markers in the image: the green box marks the object to grasp, the blue dot marks where to place it. Show the scene after the object has been moved to the marked location. Pick up the sink stopper filter. Place the sink stopper filter in the sink."
/data/datasets/DROID/train_v8capinf/final/78044_exterior_image_1_left_pair0.png,/data/datasets/DROID/train_v8capinf/kontext/78044_exterior_image_1_left_pair0.png,"Follow the markers in the image: the green box marks the object to grasp, the blue dot marks where to place it. Show the scene after the object has been moved to the marked location. Pick up the glass lid from the countertop. Place the glass lid on the black pan on the stove."
/data/datasets/DROID/train_v8capinf/final/23765_exterior_image_1_left_pair0.png,/data/datasets/DROID/train_v8capinf/kontext/23765_exterior_image_1_left_pair0.png,"Follow the markers in the image: the green box marks the object to grasp, the blue dot marks where to place it. Show the scene after the object has been moved to the marked location. Pick up the brown plush toy from the table next to the blue storage container. Place the blue plush toy in the brown storage container."
/data/datasets/DROID/train_v8capinf/final/73167_exterior_image_1_left_pair0.png,/data/datasets/DROID/train_v8capinf/kontext/73167_exterior_image_1_left_pair0.png,"Follow the markers in the image: the green box marks the object to grasp, the blue dot marks where to place it. Show the scene after the object has been moved to the marked location. Pick up the white bagged object from the cabinet. Place the bagged object on the table."
/data/datasets/DROID/train_v8capinf/final/29782_exterior_image_1_left_pair0.png,/data/datasets/DROID/train_v8capinf/kontext/29782_exterior_image_1_left_pair0.png,"Follow the markers in the image: the green box marks the object to grasp, the blue dot marks where to place it. Show the scene after the object has been moved to the marked location. Pick up a new coffee capsule from the shelf. Place the coffee capsule on the desktop."
/data/datasets/DROID/train_v8capinf/final/59855_exterior_image_2_left_pair0.png,/data/datasets/DROID/train_v8capinf/kontext/59855_exterior_image_2_left_pair0.png,"Follow the markers in the image: the green box marks the object to grasp, the blue dot marks where to place it. Show the scene after the object has been moved to the marked location. Pick up the can on the table. Place the can in the paper bag."
/data/datasets/DROID/train_v8capinf/final/27665_exterior_image_2_left_pair0.png,/data/datasets/DROID/train_v8capinf/kontext/27665_exterior_image_2_left_pair0.png,"Follow the markers in the image: the green box marks the object to grasp, the blue dot marks where to place it. Show the scene after the object has been moved to the marked location. Pick up plush toy on the table. Place toy on the table."
/data/datasets/DROID/train_v8capinf/final/59018_exterior_image_2_left_pair0.png,/data/datasets/DROID/train_v8capinf/kontext/59018_exterior_image_2_left_pair0.png,"Follow the markers in the image: the green box marks the object to grasp, the blue dot marks where to place it. Show the scene after the object has been moved to the marked location. Pick up the pink cloth on the counter. Place the pink cloth on the counter."
/data/datasets/DROID/train_v8capinf/final/45382_exterior_image_2_left_pair0.png,/data/datasets/DROID/train_v8capinf/kontext/45382_exterior_image_2_left_pair0.png,"Follow the markers in the image: the green box marks the object to grasp, the blue dot marks where to place it. Show the scene after the object has been moved to the marked location. Pick up the pot on the stove. Place the pot in the sink."
/data/datasets/DROID/train_v8capinf/final/43002_exterior_image_2_left_pair0.png,/data/datasets/DROID/train_v8capinf/kontext/43002_exterior_image_2_left_pair0.png,"Follow the markers in the image: the green box marks the object to grasp, the blue dot marks where to place it. Show the scene after the object has been moved to the marked location. Pick up the lunch box from the table. Place the lunch box in the upper corner of the table."
/data/datasets/DROID/train_v8capinf/final/87770_exterior_image_1_left_pair0.png,/data/datasets/DROID/train_v8capinf/kontext/87770_exterior_image_1_left_pair0.png,"Follow the markers in the image: the green box marks the object to grasp, the blue dot marks where to place it. Show the scene after the object has been moved to the marked location. Pick up the transparent lid from the pot. Place the lid on the blue towel."
/data/datasets/DROID/train_v8capinf/final/71896_exterior_image_2_left_pair0.png,/data/datasets/DROID/train_v8capinf/kontext/71896_exterior_image_2_left_pair0.png,"Follow the markers in the image: the green box marks the object to grasp, the blue dot marks where to place it. Show the scene after the object has been moved to the marked location. Pick up the slender red item from the countertop. Place the slender red item into the drawer."
/data/datasets/DROID/train_v8capinf/final/70864_exterior_image_1_left_pair0.png,/data/datasets/DROID/train_v8capinf/kontext/70864_exterior_image_1_left_pair0.png,"Follow the markers in the image: the green box marks the object to grasp, the blue dot marks where to place it. Show the scene after the object has been moved to the marked location. Pick up the yellow packet on the blue box. Place the yellow packet beside the blue box."
/data/datasets/DROID/train_v8capinf/final/88460_exterior_image_2_left_pair1.png,/data/datasets/DROID/train_v8capinf/kontext/88460_exterior_image_2_left_pair1.png,"Follow the markers in the image: the green box marks the object to grasp, the blue dot marks where to place it. Show the scene after the object has been moved to the marked location. Pick up the plastic knife and fork from the table. Place the plastic knife and fork in the plate."
/data/datasets/DROID/train_v8capinf/final/25209_exterior_image_1_left_pair0.png,/data/datasets/DROID/train_v8capinf/kontext/25209_exterior_image_1_left_pair0.png,"Follow the markers in the image: the green box marks the object to grasp, the blue dot marks where to place it. Show the scene after the object has been moved to the marked location. Pick up the white helmet from the arm of the sofa. Place the white helmet on the seat of the sofa."
/data/datasets/DROID/train_v8capinf/final/84218_exterior_image_1_left_pair0.png,/data/datasets/DROID/train_v8capinf/kontext/84218_exterior_image_1_left_pair0.png,"Follow the markers in the image: the green box marks the object to grasp, the blue dot marks where to place it. Show the scene after the object has been moved to the marked location. Pick up the black toy car from the sofa. Place the black toy car on the small white table."
/data/datasets/DROID/train_v8capinf/final/74341_exterior_image_1_left_pair0.png,/data/datasets/DROID/train_v8capinf/kontext/74341_exterior_image_1_left_pair0.png,"Follow the markers in the image: the green box marks the object to grasp, the blue dot marks where to place it. Show the scene after the object has been moved to the marked location. Pick up the blue cup from the shelf. Place the blue cup in the orange container."
/data/datasets/DROID/train_v8capinf/final/78044_exterior_image_2_left_pair0.png,/data/datasets/DROID/train_v8capinf/kontext/78044_exterior_image_2_left_pair0.png,"Follow the markers in the image: the green box marks the object to grasp, the blue dot marks where to place it. Show the scene after the object has been moved to the marked location. Pick up the glass lid from the countertop. Place the glass lid on the black pan on the stove."
/data/datasets/DROID/train_v8capinf/final/78747_exterior_image_1_left_pair0.png,/data/datasets/DROID/train_v8capinf/kontext/78747_exterior_image_1_left_pair0.png,"Follow the markers in the image: the green box marks the object to grasp, the blue dot marks where to place it. Show the scene after the object has been moved to the marked location. Pick up the knife from the surface of the yellow toolbox. Place the knife in front of the yellow toolbox."
/data/datasets/DROID/train_v8capinf/final/45126_exterior_image_1_left_pair0.png,/data/datasets/DROID/train_v8capinf/kontext/45126_exterior_image_1_left_pair0.png,"Follow the markers in the image: the green box marks the object to grasp, the blue dot marks where to place it. Show the scene after the object has been moved to the marked location. Pick up the item basket on the washing machine. Place the item basket on the washing machine."
/data/datasets/DROID/train_v8capinf/final/28359_exterior_image_2_left_pair0.png,/data/datasets/DROID/train_v8capinf/kontext/28359_exterior_image_2_left_pair0.png,"Follow the markers in the image: the green box marks the object to grasp, the blue dot marks where to place it. Show the scene after the object has been moved to the marked location. Pick up the table tennis racket. Place the racket in the barrel."
/data/datasets/DROID/train_v8capinf/final/84636_exterior_image_1_left_pair0.png,/data/datasets/DROID/train_v8capinf/kontext/84636_exterior_image_1_left_pair0.png,"Follow the markers in the image: the green box marks the object to grasp, the blue dot marks where to place it. Show the scene after the object has been moved to the marked location. Pick up the transparent lid from the black table. Place the transparent lid on the black pot."
/data/datasets/DROID/train_v8capinf/final/16517_exterior_image_1_left_pair0.png,/data/datasets/DROID/train_v8capinf/kontext/16517_exterior_image_1_left_pair0.png,"Follow the markers in the image: the green box marks the object to grasp, the blue dot marks where to place it. Show the scene after the object has been moved to the marked location. Pick up the yellow can from the black cup. Place the yellow can on the table."
/data/datasets/DROID/train_v8capinf/final/47484_exterior_image_1_left_pair1.png,/data/datasets/DROID/train_v8capinf/kontext/47484_exterior_image_1_left_pair1.png,"Follow the markers in the image: the green box marks the object to grasp, the blue dot marks where to place it. Show the scene after the object has been moved to the marked location. Pick up the second gift bag from the shelf. Place the second gift bag on the display shelf."
/data/datasets/DROID/train_v8capinf/final/65203_exterior_image_2_left_pair0.png,/data/datasets/DROID/train_v8capinf/kontext/65203_exterior_image_2_left_pair0.png,"Follow the markers in the image: the green box marks the object to grasp, the blue dot marks where to place it. Show the scene after the object has been moved to the marked location. Pick up the pot from the sink. Place the pot on the counter."
/data/datasets/DROID/train_v8capinf/final/33019_exterior_image_2_left_pair0.png,/data/datasets/DROID/train_v8capinf/kontext/33019_exterior_image_2_left_pair0.png,"Follow the markers in the image: the green box marks the object to grasp, the blue dot marks where to place it. Show the scene after the object has been moved to the marked location. Pick up the yogurt in the pot. Place the yogurt in the frying pan."
/data/datasets/DROID/train_v8capinf/final/60425_exterior_image_2_left_pair0.png,/data/datasets/DROID/train_v8capinf/kontext/60425_exterior_image_2_left_pair0.png,"Follow the markers in the image: the green box marks the object to grasp, the blue dot marks where to place it. Show the scene after the object has been moved to the marked location. Pick up the square bucket on the desk. Place the square bucket on the desk."
/data/datasets/DROID/train_v8capinf/final/58806_exterior_image_2_left_pair0.png,/data/datasets/DROID/train_v8capinf/kontext/58806_exterior_image_2_left_pair0.png,"Follow the markers in the image: the green box marks the object to grasp, the blue dot marks where to place it. Show the scene after the object has been moved to the marked location. Pick up the gray towel from the table. Place the gray towel on the countertop."
/data/datasets/DROID/train_v8capinf/final/56765_exterior_image_1_left_pair0.png,/data/datasets/DROID/train_v8capinf/kontext/56765_exterior_image_1_left_pair0.png,"Follow the markers in the image: the green box marks the object to grasp, the blue dot marks where to place it. Show the scene after the object has been moved to the marked location. Pick up the white pot from the middle of the table. Place the white pot on the table."
/data/datasets/DROID/train_v8capinf/final/62782_exterior_image_2_left_pair0.png,/data/datasets/DROID/train_v8capinf/kontext/62782_exterior_image_2_left_pair0.png,"Follow the markers in the image: the green box marks the object to grasp, the blue dot marks where to place it. Show the scene after the object has been moved to the marked location. Pick up the iron object on the white cloth. Place the iron object on the tabletop."
/data/datasets/DROID/train_v8capinf/final/24664_exterior_image_1_left_pair0.png,/data/datasets/DROID/train_v8capinf/kontext/24664_exterior_image_1_left_pair0.png,"Follow the markers in the image: the green box marks the object to grasp, the blue dot marks where to place it. Show the scene after the object has been moved to the marked location. Pick up the pot lid on the towel. Place the pot lid on the pot."
/data/datasets/DROID/train_v8capinf/final/31057_exterior_image_1_left_pair1.png,/data/datasets/DROID/train_v8capinf/kontext/31057_exterior_image_1_left_pair1.png,"Follow the markers in the image: the green box marks the object to grasp, the blue dot marks where to place it. Show the scene after the object has been moved to the marked location. Pick up another handbag from the shelf. Place the handbag on the hook."
/data/datasets/DROID/train_v8capinf/final/69659_exterior_image_2_left_pair0.png,/data/datasets/DROID/train_v8capinf/kontext/69659_exterior_image_2_left_pair0.png,"Follow the markers in the image: the green box marks the object to grasp, the blue dot marks where to place it. Show the scene after the object has been moved to the marked location. Pick up the red sauce bottle on the table. Place the red sauce bottle inside the blue cup."
/data/datasets/DROID/train_v8capinf/final/1368_exterior_image_1_left_pair0.png,/data/datasets/DROID/train_v8capinf/kontext/1368_exterior_image_1_left_pair0.png,"Follow the markers in the image: the green box marks the object to grasp, the blue dot marks where to place it. Show the scene after the object has been moved to the marked location. Pick up the ketchup packaging bag from the middle layer of the third shelf. Place the ketchup packaging bag on the table."
/data/datasets/DROID/train_v8capinf/final/46431_exterior_image_2_left_pair0.png,/data/datasets/DROID/train_v8capinf/kontext/46431_exterior_image_2_left_pair0.png,"Follow the markers in the image: the green box marks the object to grasp, the blue dot marks where to place it. Show the scene after the object has been moved to the marked location. Pick up the brown can from the countertop. Place the brown can in the upper cabinet."
/data/datasets/DROID/train_v8capinf/final/18367_exterior_image_2_left_pair1.png,/data/datasets/DROID/train_v8capinf/kontext/18367_exterior_image_2_left_pair1.png,"Follow the markers in the image: the green box marks the object to grasp, the blue dot marks where to place it. Show the scene after the object has been moved to the marked location. Pick up the second paper bag from the -side shelf. Place the paper bag on the hook."
/data/datasets/DROID/train_v8capinf/final/35694_exterior_image_2_left_pair0.png,/data/datasets/DROID/train_v8capinf/kontext/35694_exterior_image_2_left_pair0.png,"Follow the markers in the image: the green box marks the object to grasp, the blue dot marks where to place it. Show the scene after the object has been moved to the marked location. Pick up the blanket by the bed. Place the blanket on the white object."
/data/datasets/DROID/train_v8capinf/final/52337_exterior_image_2_left_pair0.png,/data/datasets/DROID/train_v8capinf/kontext/52337_exterior_image_2_left_pair0.png,"Follow the markers in the image: the green box marks the object to grasp, the blue dot marks where to place it. Show the scene after the object has been moved to the marked location. Pick up the box side of the table. Place the box on the table."
/data/datasets/DROID/train_v8capinf/final/9691_exterior_image_1_left_pair0.png,/data/datasets/DROID/train_v8capinf/kontext/9691_exterior_image_1_left_pair0.png,"Follow the markers in the image: the green box marks the object to grasp, the blue dot marks where to place it. Show the scene after the object has been moved to the marked location. Pick up the cake knife from the second compartment on the drawer. Place the cake knife on the countertop."
/data/datasets/DROID/train_v8capinf/final/20374_exterior_image_1_left_pair0.png,/data/datasets/DROID/train_v8capinf/kontext/20374_exterior_image_1_left_pair0.png,"Follow the markers in the image: the green box marks the object to grasp, the blue dot marks where to place it. Show the scene after the object has been moved to the marked location. Take off the cap on the small bottle. Place the cap on the table."
/data/datasets/DROID/train_v8capinf/final/2503_exterior_image_1_left_pair0.png,/data/datasets/DROID/train_v8capinf/kontext/2503_exterior_image_1_left_pair0.png,"Follow the markers in the image: the green box marks the object to grasp, the blue dot marks where to place it. Show the scene after the object has been moved to the marked location. Pick up the lid of the plastic container from the box. Place the lid on the tabletop."
/data/datasets/DROID/train_v8capinf/final/68272_exterior_image_2_left_pair0.png,/data/datasets/DROID/train_v8capinf/kontext/68272_exterior_image_2_left_pair0.png,"Follow the markers in the image: the green box marks the object to grasp, the blue dot marks where to place it. Show the scene after the object has been moved to the marked location. Pick up the silver plastic package from the table. Place the silver plastic package in the drawer."
/data/datasets/DROID/train_v8capinf/final/57061_exterior_image_2_left_pair0.png,/data/datasets/DROID/train_v8capinf/kontext/57061_exterior_image_2_left_pair0.png,"Follow the markers in the image: the green box marks the object to grasp, the blue dot marks where to place it. Show the scene after the object has been moved to the marked location. Pick up the grey house shoe from the second shelf. Place the grey house shoe on the topmost shelf."
/data/datasets/DROID/train_v8capinf/final/33579_exterior_image_2_left_pair0.png,/data/datasets/DROID/train_v8capinf/kontext/33579_exterior_image_2_left_pair0.png,"Follow the markers in the image: the green box marks the object to grasp, the blue dot marks where to place it. Show the scene after the object has been moved to the marked location. Pick up the coat hanger by the upper bedside. Place the coat hanger on the lower bed."
/data/datasets/DROID/train_v8capinf/final/58954_exterior_image_1_left_pair0.png,/data/datasets/DROID/train_v8capinf/kontext/58954_exterior_image_1_left_pair0.png,"Follow the markers in the image: the green box marks the object to grasp, the blue dot marks where to place it. Show the scene after the object has been moved to the marked location. Pick up the white container with a bulls head from the top shelf. Place the white container with a bulls head on the stove."
/data/datasets/DROID/train_v8capinf/final/77271_exterior_image_1_left_pair0.png,/data/datasets/DROID/train_v8capinf/kontext/77271_exterior_image_1_left_pair0.png,"Follow the markers in the image: the green box marks the object to grasp, the blue dot marks where to place it. Show the scene after the object has been moved to the marked location. Pick up the tomato sauce pack next to the other sauces on the counter. Place the tomato sauce pack on the shelf."
/data/datasets/DROID/train_v8capinf/final/67126_exterior_image_2_left_pair0.png,/data/datasets/DROID/train_v8capinf/kontext/67126_exterior_image_2_left_pair0.png,"Follow the markers in the image: the green box marks the object to grasp, the blue dot marks where to place it. Show the scene after the object has been moved to the marked location. Pick up the first yellow block from the box. Place the yellow block on the countertop."
/data/datasets/DROID/train_v8capinf/final/29855_exterior_image_2_left_pair0.png,/data/datasets/DROID/train_v8capinf/kontext/29855_exterior_image_2_left_pair0.png,"Follow the markers in the image: the green box marks the object to grasp, the blue dot marks where to place it. Show the scene after the object has been moved to the marked location. Take off the cup from the first shelf. Place the cup on the counter."
/data/datasets/DROID/train_v8capinf/final/41463_exterior_image_1_left_pair0.png,/data/datasets/DROID/train_v8capinf/kontext/41463_exterior_image_1_left_pair0.png,"Follow the markers in the image: the green box marks the object to grasp, the blue dot marks where to place it. Show the scene after the object has been moved to the marked location. Pick up the two coffee cups on the table. Place the two coffee cups in the front."
/data/datasets/DROID/train_v8capinf/final/16398_exterior_image_1_left_pair0.png,/data/datasets/DROID/train_v8capinf/kontext/16398_exterior_image_1_left_pair0.png,"Follow the markers in the image: the green box marks the object to grasp, the blue dot marks where to place it. Show the scene after the object has been moved to the marked location. Pick up the flat-bottomed pan from the stove. Place the flat-bottomed pan on the stove."
/data/datasets/DROID/train_v8capinf/final/75155_exterior_image_1_left_pair0.png,/data/datasets/DROID/train_v8capinf/kontext/75155_exterior_image_1_left_pair0.png,"Follow the markers in the image: the green box marks the object to grasp, the blue dot marks where to place it. Show the scene after the object has been moved to the marked location. Pick up a box of tissues from the middle of the table. Place a box of tissues on another box of tissues."
/data/datasets/DROID/train_v8capinf/final/45825_exterior_image_2_left_pair0.png,/data/datasets/DROID/train_v8capinf/kontext/45825_exterior_image_2_left_pair0.png,"Follow the markers in the image: the green box marks the object to grasp, the blue dot marks where to place it. Show the scene after the object has been moved to the marked location. Pick up the remote control of the table. Place the remote control of the table."
/data/datasets/DROID/train_v8capinf/final/17838_exterior_image_2_left_pair0.png,/data/datasets/DROID/train_v8capinf/kontext/17838_exterior_image_2_left_pair0.png,"Follow the markers in the image: the green box marks the object to grasp, the blue dot marks where to place it. Show the scene after the object has been moved to the marked location. Pick up the black topped bottle from the gray table. Place the black topped bottle in the black and white striped basin."
/data/datasets/DROID/train_v8capinf/final/60960_exterior_image_2_left_pair0.png,/data/datasets/DROID/train_v8capinf/kontext/60960_exterior_image_2_left_pair0.png,"Follow the markers in the image: the green box marks the object to grasp, the blue dot marks where to place it. Show the scene after the object has been moved to the marked location. Pick up the brush of the frying pan. Place the brush in the pot."
/data/datasets/DROID/train_v8capinf/final/60425_exterior_image_1_left_pair0.png,/data/datasets/DROID/train_v8capinf/kontext/60425_exterior_image_1_left_pair0.png,"Follow the markers in the image: the green box marks the object to grasp, the blue dot marks where to place it. Show the scene after the object has been moved to the marked location. Pick up the square bucket on the desk. Place the square bucket on the desk."
/data/datasets/DROID/train_v8capinf/final/22585_exterior_image_1_left_pair0.png,/data/datasets/DROID/train_v8capinf/kontext/22585_exterior_image_1_left_pair0.png,"Follow the markers in the image: the green box marks the object to grasp, the blue dot marks where to place it. Show the scene after the object has been moved to the marked location. Pick up the bottle lying on the table. Place the bottle vertically on the table."
/data/datasets/DROID/train_v8capinf/final/23079_exterior_image_2_left_pair0.png,/data/datasets/DROID/train_v8capinf/kontext/23079_exterior_image_2_left_pair0.png,"Follow the markers in the image: the green box marks the object to grasp, the blue dot marks where to place it. Show the scene after the object has been moved to the marked location. Pick up the fabric [position]. Place the fabric at the designated location."
/data/datasets/DROID/train_v8capinf/final/69384_exterior_image_1_left_pair0.png,/data/datasets/DROID/train_v8capinf/kontext/69384_exterior_image_1_left_pair0.png,"Follow the markers in the image: the green box marks the object to grasp, the blue dot marks where to place it. Show the scene after the object has been moved to the marked location. Put the round ball on the table. Place the plate on the table."
/data/datasets/DROID/train_v8capinf/final/9012_exterior_image_2_left_pair0.png,/data/datasets/DROID/train_v8capinf/kontext/9012_exterior_image_2_left_pair0.png,"Follow the markers in the image: the green box marks the object to grasp, the blue dot marks where to place it. Show the scene after the object has been moved to the marked location. Pick up the toy above the fabric. Place the toy on the bed."
/data/datasets/DROID/train_v8capinf/final/82932_exterior_image_1_left_pair0.png,/data/datasets/DROID/train_v8capinf/kontext/82932_exterior_image_1_left_pair0.png,"Follow the markers in the image: the green box marks the object to grasp, the blue dot marks where to place it. Show the scene after the object has been moved to the marked location. Pick up the white and blue throw pillow. Place the white and blue throw pillow on the sofa."
/data/datasets/DROID/train_v8capinf/final/46801_exterior_image_1_left_pair1.png,/data/datasets/DROID/train_v8capinf/kontext/46801_exterior_image_1_left_pair1.png,"Follow the markers in the image: the green box marks the object to grasp, the blue dot marks where to place it. Show the scene after the object has been moved to the marked location. Pick up the lower cup on the table. Place the lower cup on the upper cup."
/data/datasets/DROID/train_v8capinf/final/83417_exterior_image_1_left_pair0.png,/data/datasets/DROID/train_v8capinf/kontext/83417_exterior_image_1_left_pair0.png,"Follow the markers in the image: the green box marks the object to grasp, the blue dot marks where to place it. Show the scene after the object has been moved to the marked location. Pick up the blocks from the box. Place the blocks in the storage unit."
/data/datasets/DROID/train_v8capinf/final/81419_exterior_image_2_left_pair0.png,/data/datasets/DROID/train_v8capinf/kontext/81419_exterior_image_2_left_pair0.png,"Follow the markers in the image: the green box marks the object to grasp, the blue dot marks where to place it. Show the scene after the object has been moved to the marked location. Pick up the upper paper cup on the table. Place the upper paper cup upside down on the table."
/data/datasets/DROID/train_v8capinf/final/66187_exterior_image_1_left_pair1.png,/data/datasets/DROID/train_v8capinf/kontext/66187_exterior_image_1_left_pair1.png,"Follow the markers in the image: the green box marks the object to grasp, the blue dot marks where to place it. Show the scene after the object has been moved to the marked location. Pick up the lid along with the cloth on the pot. Place the pot lid on the countertop."
/data/datasets/DROID/train_v8capinf/final/69442_exterior_image_1_left_pair0.png,/data/datasets/DROID/train_v8capinf/kontext/69442_exterior_image_1_left_pair0.png,"Follow the markers in the image: the green box marks the object to grasp, the blue dot marks where to place it. Show the scene after the object has been moved to the marked location. Pick up the grey slipper from the bottom shelf of the shoe rack. Place the grey slipper on the top part of the shoe rack."
/data/datasets/DROID/train_v8capinf/final/15131_exterior_image_2_left_pair0.png,/data/datasets/DROID/train_v8capinf/kontext/15131_exterior_image_2_left_pair0.png,"Follow the markers in the image: the green box marks the object to grasp, the blue dot marks where to place it. Show the scene after the object has been moved to the marked location. Pick up the brown sachet from the table. Place the brown sachet in the cup."
/data/datasets/DROID/train_v8capinf/final/61792_exterior_image_1_left_pair0.png,/data/datasets/DROID/train_v8capinf/kontext/61792_exterior_image_1_left_pair0.png,"Follow the markers in the image: the green box marks the object to grasp, the blue dot marks where to place it. Show the scene after the object has been moved to the marked location. Pick up the black tray from the table. Place the black tray on top of the coffee maker."
/data/datasets/DROID/train_v8capinf/final/36908_exterior_image_2_left_pair0.png,/data/datasets/DROID/train_v8capinf/kontext/36908_exterior_image_2_left_pair0.png,"Follow the markers in the image: the green box marks the object to grasp, the blue dot marks where to place it. Show the scene after the object has been moved to the marked location. Pick up the pot lid next to the pot. Place the pot lid on the pot."
/data/datasets/DROID/train_v8capinf/final/52742_exterior_image_1_left_pair0.png,/data/datasets/DROID/train_v8capinf/kontext/52742_exterior_image_1_left_pair0.png,"Follow the markers in the image: the green box marks the object to grasp, the blue dot marks where to place it. Show the scene after the object has been moved to the marked location. Pick up the checkered fabric from the plastic container. Place the checkered fabric on the tabletop."
/data/datasets/DROID/train_v8capinf/final/76341_exterior_image_2_left_pair0.png,/data/datasets/DROID/train_v8capinf/kontext/76341_exterior_image_2_left_pair0.png,"Follow the markers in the image: the green box marks the object to grasp, the blue dot marks where to place it. Show the scene after the object has been moved to the marked location. Pick up the white button from the table. Place the small brush in the bowl."
/data/datasets/DROID/train_v8capinf/final/16012_exterior_image_1_left_pair0.png,/data/datasets/DROID/train_v8capinf/kontext/16012_exterior_image_1_left_pair0.png,"Follow the markers in the image: the green box marks the object to grasp, the blue dot marks where to place it. Show the scene after the object has been moved to the marked location. Pick up the black device [position]. Place the black device on the table."
/data/datasets/DROID/train_v8capinf/final/62782_exterior_image_1_left_pair0.png,/data/datasets/DROID/train_v8capinf/kontext/62782_exterior_image_1_left_pair0.png,"Follow the markers in the image: the green box marks the object to grasp, the blue dot marks where to place it. Show the scene after the object has been moved to the marked location. Pick up the iron object on the white cloth. Place the iron object on the tabletop."
/data/datasets/DROID/train_v8capinf/final/41347_exterior_image_2_left_pair0.png,/data/datasets/DROID/train_v8capinf/kontext/41347_exterior_image_2_left_pair0.png,"Follow the markers in the image: the green box marks the object to grasp, the blue dot marks where to place it. Show the scene after the object has been moved to the marked location. Pick up the inverted paper cup from the tabletop. Place the inverted paper cup on the adjacent paper cup."
/data/datasets/DROID/train_v8capinf/final/53315_exterior_image_1_left_pair0.png,/data/datasets/DROID/train_v8capinf/kontext/53315_exterior_image_1_left_pair0.png,"Follow the markers in the image: the green box marks the object to grasp, the blue dot marks where to place it. Show the scene after the object has been moved to the marked location. Pick up the spice bottle which is upside down on the table. Place the bottle horizontally on the table."
/data/datasets/DROID/train_v8capinf/final/89781_exterior_image_1_left_pair0.png,/data/datasets/DROID/train_v8capinf/kontext/89781_exterior_image_1_left_pair0.png,"Follow the markers in the image: the green box marks the object to grasp, the blue dot marks where to place it. Show the scene after the object has been moved to the marked location. Pick up the sunglasses case near the wall of the table. Place the sunglasses case on the table."
/data/datasets/DROID/train_v8capinf/final/18686_exterior_image_2_left_pair1.png,/data/datasets/DROID/train_v8capinf/kontext/18686_exterior_image_2_left_pair1.png,"Follow the markers in the image: the green box marks the object to grasp, the blue dot marks where to place it. Show the scene after the object has been moved to the marked location. Pick up the second grey cup on the countertop. Place the grey cup into the third grey cup."
/data/datasets/DROID/train_v8capinf/final/28205_exterior_image_2_left_pair0.png,/data/datasets/DROID/train_v8capinf/kontext/28205_exterior_image_2_left_pair0.png,"Follow the markers in the image: the green box marks the object to grasp, the blue dot marks where to place it. Show the scene after the object has been moved to the marked location. Pick up the purple book on the sofa. Place the purple book on the white object."
/data/datasets/DROID/train_v8capinf/final/15230_exterior_image_2_left_pair0.png,/data/datasets/DROID/train_v8capinf/kontext/15230_exterior_image_2_left_pair0.png,"Follow the markers in the image: the green box marks the object to grasp, the blue dot marks where to place it. Show the scene after the object has been moved to the marked location. Pick up the green and black object from the drawer. Place the green and black object on the scissors."
/data/datasets/DROID/train_v8capinf/final/62717_exterior_image_1_left_pair0.png,/data/datasets/DROID/train_v8capinf/kontext/62717_exterior_image_1_left_pair0.png,"Follow the markers in the image: the green box marks the object to grasp, the blue dot marks where to place it. Show the scene after the object has been moved to the marked location. Pick up the tissue box on the table. Place the tissue box on top of the plastic container."
/data/datasets/DROID/train_v8capinf/final/73395_exterior_image_1_left_pair0.png,/data/datasets/DROID/train_v8capinf/kontext/73395_exterior_image_1_left_pair0.png,"Follow the markers in the image: the green box marks the object to grasp, the blue dot marks where to place it. Show the scene after the object has been moved to the marked location. Pick up the whiteboard. Place the whiteboard on the tabletop."
/data/datasets/DROID/train_v8capinf/final/64113_exterior_image_2_left_pair0.png,/data/datasets/DROID/train_v8capinf/kontext/64113_exterior_image_2_left_pair0.png,"Follow the markers in the image: the green box marks the object to grasp, the blue dot marks where to place it. Show the scene after the object has been moved to the marked location. Pick up the suitcase from the countertop. Place the suitcase on the countertop."
/data/datasets/DROID/train_v8capinf/final/55543_exterior_image_1_left_pair0.png,/data/datasets/DROID/train_v8capinf/kontext/55543_exterior_image_1_left_pair0.png,"Follow the markers in the image: the green box marks the object to grasp, the blue dot marks where to place it. Show the scene after the object has been moved to the marked location. Pick up the metal lid from the table. Place the metal lid on the metal pot."
/data/datasets/DROID/train_v8capinf/final/61544_exterior_image_2_left_pair0.png,/data/datasets/DROID/train_v8capinf/kontext/61544_exterior_image_2_left_pair0.png,"Follow the markers in the image: the green box marks the object to grasp, the blue dot marks where to place it. Show the scene after the object has been moved to the marked location. Pick up the cotton mop from the rack. Place the cotton mop on the middle shelf."
/data/datasets/DROID/train_v8capinf/final/54454_exterior_image_2_left_pair1.png,/data/datasets/DROID/train_v8capinf/kontext/54454_exterior_image_2_left_pair1.png,"Follow the markers in the image: the green box marks the object to grasp, the blue dot marks where to place it. Show the scene after the object has been moved to the marked location. Pick up the green transparent cup from the dishes tray. Place the green transparent cup upside down on the dishes tray."
/data/datasets/DROID/train_v8capinf/final/69192_exterior_image_1_left_pair0.png,/data/datasets/DROID/train_v8capinf/kontext/69192_exterior_image_1_left_pair0.png,"Follow the markers in the image: the green box marks the object to grasp, the blue dot marks where to place it. Show the scene after the object has been moved to the marked location. Pick up the orange sachet from the box. Place the orange sachet on the surface."
/data/datasets/DROID/train_v8capinf/final/23908_exterior_image_2_left_pair0.png,/data/datasets/DROID/train_v8capinf/kontext/23908_exterior_image_2_left_pair0.png,"Follow the markers in the image: the green box marks the object to grasp, the blue dot marks where to place it. Show the scene after the object has been moved to the marked location. Pick up the takeaway pack in the transparent box. Place the takeaway pack on the table."
/data/datasets/DROID/train_v8capinf/final/84475_exterior_image_1_left_pair0.png,/data/datasets/DROID/train_v8capinf/kontext/84475_exterior_image_1_left_pair0.png,"Follow the markers in the image: the green box marks the object to grasp, the blue dot marks where to place it. Show the scene after the object has been moved to the marked location. Pick up the orange scoop on the counter. Place the orange scoop in the pot."
/data/datasets/DROID/train_v8capinf/final/45_exterior_image_1_left_pair0.png,/data/datasets/DROID/train_v8capinf/kontext/45_exterior_image_1_left_pair0.png,"Follow the markers in the image: the green box marks the object to grasp, the blue dot marks where to place it. Show the scene after the object has been moved to the marked location. Pick up the clear plastic bowl from the countertop. Place the clear plastic bowl on the coffee maker."
/data/datasets/DROID/train_v8capinf/final/6532_exterior_image_2_left_pair0.png,/data/datasets/DROID/train_v8capinf/kontext/6532_exterior_image_2_left_pair0.png,"Follow the markers in the image: the green box marks the object to grasp, the blue dot marks where to place it. Show the scene after the object has been moved to the marked location. Pick up the packaging bag inside the basin on the black table. Place the packaging bag on the gray cloth."
/data/datasets/DROID/train_v8capinf/final/31065_exterior_image_2_left_pair0.png,/data/datasets/DROID/train_v8capinf/kontext/31065_exterior_image_2_left_pair0.png,"Follow the markers in the image: the green box marks the object to grasp, the blue dot marks where to place it. Show the scene after the object has been moved to the marked location. Pick up the black potholder on the stove. Place the black potholder on the pot on the upper."
/data/datasets/DROID/train_v8capinf/final/16012_exterior_image_2_left_pair0.png,/data/datasets/DROID/train_v8capinf/kontext/16012_exterior_image_2_left_pair0.png,"Follow the markers in the image: the green box marks the object to grasp, the blue dot marks where to place it. Show the scene after the object has been moved to the marked location. Pick up the black device [position]. Place the black device on the table."
/data/datasets/DROID/train_v8capinf/final/22585_exterior_image_2_left_pair0.png,/data/datasets/DROID/train_v8capinf/kontext/22585_exterior_image_2_left_pair0.png,"Follow the markers in the image: the green box marks the object to grasp, the blue dot marks where to place it. Show the scene after the object has been moved to the marked location. Pick up the bottle lying on the table. Place the bottle vertically on the table."
/data/datasets/DROID/train_v8capinf/final/14497_exterior_image_2_left_pair0.png,/data/datasets/DROID/train_v8capinf/kontext/14497_exterior_image_2_left_pair0.png,"Follow the markers in the image: the green box marks the object to grasp, the blue dot marks where to place it. Show the scene after the object has been moved to the marked location. Pick up the spice rack side of the table. Place the spice rack in the middle of the table."
/data/datasets/DROID/train_v8capinf/final/54187_exterior_image_2_left_pair0.png,/data/datasets/DROID/train_v8capinf/kontext/54187_exterior_image_2_left_pair0.png,"Follow the markers in the image: the green box marks the object to grasp, the blue dot marks where to place it. Show the scene after the object has been moved to the marked location. Pick up the towel-like knitted item from the side area of the table. Place the towel-like knitted item on top of the cup-like utensils in the side area of the table."
/data/datasets/DROID/train_v8capinf/final/68127_exterior_image_2_left_pair0.png,/data/datasets/DROID/train_v8capinf/kontext/68127_exterior_image_2_left_pair0.png,"Follow the markers in the image: the green box marks the object to grasp, the blue dot marks where to place it. Show the scene after the object has been moved to the marked location. Pick up the bowl above the cup. Place the bowl on the table."
/data/datasets/DROID/train_v8capinf/final/22556_exterior_image_1_left_pair0.png,/data/datasets/DROID/train_v8capinf/kontext/22556_exterior_image_1_left_pair0.png,"Follow the markers in the image: the green box marks the object to grasp, the blue dot marks where to place it. Show the scene after the object has been moved to the marked location. Pick up the spoon and fork on the table. Place the spoon and fork on the cup."
/data/datasets/DROID/train_v8capinf/final/91333_exterior_image_2_left_pair0.png,/data/datasets/DROID/train_v8capinf/kontext/91333_exterior_image_2_left_pair0.png,"Follow the markers in the image: the green box marks the object to grasp, the blue dot marks where to place it. Show the scene after the object has been moved to the marked location. Pick up the overturned trash can on the table. Place the trash can on the table."
/data/datasets/DROID/train_v8capinf/final/35694_exterior_image_1_left_pair0.png,/data/datasets/DROID/train_v8capinf/kontext/35694_exterior_image_1_left_pair0.png,"Follow the markers in the image: the green box marks the object to grasp, the blue dot marks where to place it. Show the scene after the object has been moved to the marked location. Pick up the towel by the bed. Place the towel on the white object."
/data/datasets/DROID/train_v8capinf/final/34527_exterior_image_1_left_pair0.png,/data/datasets/DROID/train_v8capinf/kontext/34527_exterior_image_1_left_pair0.png,"Follow the markers in the image: the green box marks the object to grasp, the blue dot marks where to place it. Show the scene after the object has been moved to the marked location. Pick up the orange cup of the table. Place the orange cup of the table."
/data/datasets/DROID/train_v8capinf/final/81333_exterior_image_2_left_pair0.png,/data/datasets/DROID/train_v8capinf/kontext/81333_exterior_image_2_left_pair0.png,"Follow the markers in the image: the green box marks the object to grasp, the blue dot marks where to place it. Show the scene after the object has been moved to the marked location. Pick up the package bag on the table. Place the package bag behind the roll of paper."
/data/datasets/DROID/train_v8capinf/final/57305_exterior_image_1_left_pair0.png,/data/datasets/DROID/train_v8capinf/kontext/57305_exterior_image_1_left_pair0.png,"Follow the markers in the image: the green box marks the object to grasp, the blue dot marks where to place it. Show the scene after the object has been moved to the marked location. Pick up the plastic product above the box. Place the plastic product on the table."
/data/datasets/DROID/train_v8capinf/final/90786_exterior_image_1_left_pair0.png,/data/datasets/DROID/train_v8capinf/kontext/90786_exterior_image_1_left_pair0.png,"Follow the markers in the image: the green box marks the object to grasp, the blue dot marks where to place it. Show the scene after the object has been moved to the marked location. Pick up the kitchen mitt from the table. Place the kitchen mitt on the stove."
/data/datasets/DROID/train_v8capinf/final/72281_exterior_image_1_left_pair0.png,/data/datasets/DROID/train_v8capinf/kontext/72281_exterior_image_1_left_pair0.png,"Follow the markers in the image: the green box marks the object to grasp, the blue dot marks where to place it. Show the scene after the object has been moved to the marked location. Pick up the cylindrical tube on the table. Place the cylindrical tube in the drawer."
/data/datasets/DROID/train_v8capinf/final/56624_exterior_image_1_left_pair0.png,/data/datasets/DROID/train_v8capinf/kontext/56624_exterior_image_1_left_pair0.png,"Follow the markers in the image: the green box marks the object to grasp, the blue dot marks where to place it. Show the scene after the object has been moved to the marked location. Pick up the wooden stirrer under the fork. Place the wooden stirrer above the fork."
/data/datasets/DROID/train_v8capinf/final/62717_exterior_image_2_left_pair0.png,/data/datasets/DROID/train_v8capinf/kontext/62717_exterior_image_2_left_pair0.png,"Follow the markers in the image: the green box marks the object to grasp, the blue dot marks where to place it. Show the scene after the object has been moved to the marked location. Pick up the tissue box on the table. Place the tissue box on top of the plastic container."
/data/datasets/DROID/train_v8capinf/final/8210_exterior_image_1_left_pair0.png,/data/datasets/DROID/train_v8capinf/kontext/8210_exterior_image_1_left_pair0.png,"Follow the markers in the image: the green box marks the object to grasp, the blue dot marks where to place it. Show the scene after the object has been moved to the marked location. Pick up the small white plastic cup from the counter. Place the small white plastic cup inside the coffee maker."
/data/datasets/DROID/train_v8capinf/final/59030_exterior_image_2_left_pair0.png,/data/datasets/DROID/train_v8capinf/kontext/59030_exterior_image_2_left_pair0.png,"Follow the markers in the image: the green box marks the object to grasp, the blue dot marks where to place it. Show the scene after the object has been moved to the marked location. Pick up the checked white tea towel in the bowl. Place the checked white tea towel on the plate."
/data/datasets/DROID/train_v8capinf/final/43429_exterior_image_1_left_pair0.png,/data/datasets/DROID/train_v8capinf/kontext/43429_exterior_image_1_left_pair0.png,"Follow the markers in the image: the green box marks the object to grasp, the blue dot marks where to place it. Show the scene after the object has been moved to the marked location. Pick up the foil bowl from the stove. Place the foil bowl in the pot."
/data/datasets/DROID/train_v8capinf/final/67381_exterior_image_2_left_pair0.png,/data/datasets/DROID/train_v8capinf/kontext/67381_exterior_image_2_left_pair0.png,"Follow the markers in the image: the green box marks the object to grasp, the blue dot marks where to place it. Show the scene after the object has been moved to the marked location. Pick up the speaker on the desk. Place the speaker on the desk."
/data/datasets/DROID/train_v8capinf/final/71398_exterior_image_1_left_pair0.png,/data/datasets/DROID/train_v8capinf/kontext/71398_exterior_image_1_left_pair0.png,"Follow the markers in the image: the green box marks the object to grasp, the blue dot marks where to place it. Show the scene after the object has been moved to the marked location. Pick up the bottle on the windowsill. Place the bottle on the countertop on the bottle."
/data/datasets/DROID/train_v8capinf/final/26752_exterior_image_2_left_pair0.png,/data/datasets/DROID/train_v8capinf/kontext/26752_exterior_image_2_left_pair0.png,"Follow the markers in the image: the green box marks the object to grasp, the blue dot marks where to place it. Show the scene after the object has been moved to the marked location. Pick up the green tea box on the table. Place the green tea box at the side of the kettle."
/data/datasets/DROID/train_v8capinf/final/64057_exterior_image_1_left_pair1.png,/data/datasets/DROID/train_v8capinf/kontext/64057_exterior_image_1_left_pair1.png,"Follow the markers in the image: the green box marks the object to grasp, the blue dot marks where to place it. Show the scene after the object has been moved to the marked location. Pick up the red rectangular block in the bowl. Place the green rectangular block in the square open box."
/data/datasets/DROID/train_v8capinf/final/55039_exterior_image_2_left_pair0.png,/data/datasets/DROID/train_v8capinf/kontext/55039_exterior_image_2_left_pair0.png,"Follow the markers in the image: the green box marks the object to grasp, the blue dot marks where to place it. Show the scene after the object has been moved to the marked location. Pick up the white folded cloth on the sofa. Place the white folded cloth in the bucket."
/data/datasets/DROID/train_v8capinf/final/85830_exterior_image_1_left_pair0.png,/data/datasets/DROID/train_v8capinf/kontext/85830_exterior_image_1_left_pair0.png,"Follow the markers in the image: the green box marks the object to grasp, the blue dot marks where to place it. Show the scene after the object has been moved to the marked location. Pick up the white notebook on the second shelf. Place the book on the top shelf."
/data/datasets/DROID/train_v8capinf/final/58071_exterior_image_2_left_pair0.png,/data/datasets/DROID/train_v8capinf/kontext/58071_exterior_image_2_left_pair0.png,"Follow the markers in the image: the green box marks the object to grasp, the blue dot marks where to place it. Show the scene after the object has been moved to the marked location. Pick up the clothes hanging on the upper level of the hanger. Place the clothes on the lower level of the hanger."
/data/datasets/DROID/train_v8capinf/final/22582_exterior_image_2_left_pair0.png,/data/datasets/DROID/train_v8capinf/kontext/22582_exterior_image_2_left_pair0.png,"Follow the markers in the image: the green box marks the object to grasp, the blue dot marks where to place it. Show the scene after the object has been moved to the marked location. Pick up the pen holder upside down on the table. Place the pen holder on the table horizontally."
/data/datasets/DROID/train_v8capinf/final/55706_exterior_image_1_left_pair0.png,/data/datasets/DROID/train_v8capinf/kontext/55706_exterior_image_1_left_pair0.png,"Follow the markers in the image: the green box marks the object to grasp, the blue dot marks where to place it. Show the scene after the object has been moved to the marked location. Pick up the tilted kettle from the tabletop. Place the kettle on the tabletop."
/data/datasets/DROID/train_v8capinf/final/41745_exterior_image_1_left_pair0.png,/data/datasets/DROID/train_v8capinf/kontext/41745_exterior_image_1_left_pair0.png,"Follow the markers in the image: the green box marks the object to grasp, the blue dot marks where to place it. Show the scene after the object has been moved to the marked location. Pick up the creamer cup from the table. Place the creamer cup in the designated position in the coffee machine."
/data/datasets/DROID/train_v8capinf/final/65619_exterior_image_2_left_pair0.png,/data/datasets/DROID/train_v8capinf/kontext/65619_exterior_image_2_left_pair0.png,"Follow the markers in the image: the green box marks the object to grasp, the blue dot marks where to place it. Show the scene after the object has been moved to the marked location. Pick up the charging cable of the iron. Place the charging cable of the iron."
/data/datasets/DROID/train_v8capinf/final/54187_exterior_image_1_left_pair0.png,/data/datasets/DROID/train_v8capinf/kontext/54187_exterior_image_1_left_pair0.png,"Follow the markers in the image: the green box marks the object to grasp, the blue dot marks where to place it. Show the scene after the object has been moved to the marked location. Pick up the towel-like knitted item from the side area of the table. Place the towel-like knitted item on top of the cup-like utensils in the side area of the table."
/data/datasets/DROID/train_v8capinf/final/61369_exterior_image_2_left_pair0.png,/data/datasets/DROID/train_v8capinf/kontext/61369_exterior_image_2_left_pair0.png,"Follow the markers in the image: the green box marks the object to grasp, the blue dot marks where to place it. Show the scene after the object has been moved to the marked location. Pick up the black paper clip from the blue bowl. Place the black paper clip on the kitchen counter."
/data/datasets/DROID/train_v8capinf/final/43609_exterior_image_2_left_pair0.png,/data/datasets/DROID/train_v8capinf/kontext/43609_exterior_image_2_left_pair0.png,"Follow the markers in the image: the green box marks the object to grasp, the blue dot marks where to place it. Show the scene after the object has been moved to the marked location. Pick up the paper towel container next to the white plate. Place the paper towel container on the microwave."
/data/datasets/DROID/train_v8capinf/final/36731_exterior_image_2_left_pair0.png,/data/datasets/DROID/train_v8capinf/kontext/36731_exterior_image_2_left_pair0.png,"Follow the markers in the image: the green box marks the object to grasp, the blue dot marks where to place it. Show the scene after the object has been moved to the marked location. Pick up the white folded towel from the sofa. Place the white folded towel in the laundry basket."
/data/datasets/DROID/train_v8capinf/final/85714_exterior_image_2_left_pair0.png,/data/datasets/DROID/train_v8capinf/kontext/85714_exterior_image_2_left_pair0.png,"Follow the markers in the image: the green box marks the object to grasp, the blue dot marks where to place it. Show the scene after the object has been moved to the marked location. Pick up the water ladle on the tabletop. Place the water ladle on the tabletop."
/data/datasets/DROID/train_v8capinf/final/22188_exterior_image_2_left_pair0.png,/data/datasets/DROID/train_v8capinf/kontext/22188_exterior_image_2_left_pair0.png,"Follow the markers in the image: the green box marks the object to grasp, the blue dot marks where to place it. Show the scene after the object has been moved to the marked location. Pick up the magnet from the toy car. Place the magnet on the table."
/data/datasets/DROID/train_v8capinf/final/29548_exterior_image_2_left_pair0.png,/data/datasets/DROID/train_v8capinf/kontext/29548_exterior_image_2_left_pair0.png,"Follow the markers in the image: the green box marks the object to grasp, the blue dot marks where to place it. Show the scene after the object has been moved to the marked location. Pick up the white and blue object from the open drawer. Place the white and blue object on the table."
/data/datasets/DROID/train_v8capinf/final/22582_exterior_image_2_left_pair1.png,/data/datasets/DROID/train_v8capinf/kontext/22582_exterior_image_2_left_pair1.png,"Follow the markers in the image: the green box marks the object to grasp, the blue dot marks where to place it. Show the scene after the object has been moved to the marked location. Pick up the pen holder lying horizontally on the table. Place the pen holder with the opening facing up on the table."
/data/datasets/DROID/train_v8capinf/final/50130_exterior_image_1_left_pair0.png,/data/datasets/DROID/train_v8capinf/kontext/50130_exterior_image_1_left_pair0.png,"Follow the markers in the image: the green box marks the object to grasp, the blue dot marks where to place it. Show the scene after the object has been moved to the marked location. Pick up the small basket on the table. Place the small basket in the new position."
/data/datasets/DROID/train_v8capinf/final/18972_exterior_image_2_left_pair0.png,/data/datasets/DROID/train_v8capinf/kontext/18972_exterior_image_2_left_pair0.png,"Follow the markers in the image: the green box marks the object to grasp, the blue dot marks where to place it. Show the scene after the object has been moved to the marked location. Pick up the grey mat from the desktop. Place the grey mat on the glass."
/data/datasets/DROID/train_v8capinf/final/16186_exterior_image_1_left_pair0.png,/data/datasets/DROID/train_v8capinf/kontext/16186_exterior_image_1_left_pair0.png,"Follow the markers in the image: the green box marks the object to grasp, the blue dot marks where to place it. Show the scene after the object has been moved to the marked location. Pick up build up a blue scoop on the yellow bowl. Place the blue scoop in the yellow bowl."
/data/datasets/DROID/train_v8capinf/final/74704_exterior_image_1_left_pair0.png,/data/datasets/DROID/train_v8capinf/kontext/74704_exterior_image_1_left_pair0.png,"Follow the markers in the image: the green box marks the object to grasp, the blue dot marks where to place it. Show the scene after the object has been moved to the marked location. Pick up the clock from the desk. Place the clock in the middle of the table."
/data/datasets/DROID/train_v8capinf/final/89781_exterior_image_2_left_pair0.png,/data/datasets/DROID/train_v8capinf/kontext/89781_exterior_image_2_left_pair0.png,"Follow the markers in the image: the green box marks the object to grasp, the blue dot marks where to place it. Show the scene after the object has been moved to the marked location. Pick up the sunglasses case near the wall of the table. Place the sunglasses case on the table."
/data/datasets/DROID/train_v8capinf/final/40171_exterior_image_1_left_pair1.png,/data/datasets/DROID/train_v8capinf/kontext/40171_exterior_image_1_left_pair1.png,"Follow the markers in the image: the green box marks the object to grasp, the blue dot marks where to place it. Show the scene after the object has been moved to the marked location. Pick up the green and pink bowl from the bowl. Place the green and pink bowl on the top of the microwave."
/data/datasets/DROID/train_v8capinf/final/15991_exterior_image_2_left_pair0.png,/data/datasets/DROID/train_v8capinf/kontext/15991_exterior_image_2_left_pair0.png,"Follow the markers in the image: the green box marks the object to grasp, the blue dot marks where to place it. Show the scene after the object has been moved to the marked location. Pick up the red toy car from the plate. Place the red toy car on the tabletop."
/data/datasets/DROID/train_v8capinf/final/47499_exterior_image_1_left_pair0.png,/data/datasets/DROID/train_v8capinf/kontext/47499_exterior_image_1_left_pair0.png,"Follow the markers in the image: the green box marks the object to grasp, the blue dot marks where to place it. Show the scene after the object has been moved to the marked location. Pick up the dark object on the table. Place the dark object in the box."
/data/datasets/DROID/train_v8capinf/final/43033_exterior_image_1_left_pair0.png,/data/datasets/DROID/train_v8capinf/kontext/43033_exterior_image_1_left_pair0.png,"Follow the markers in the image: the green box marks the object to grasp, the blue dot marks where to place it. Show the scene after the object has been moved to the marked location. Pick up the salt sack on the tray. Place the salt sack in the bowl."
/data/datasets/DROID/train_v8capinf/final/1876_exterior_image_1_left_pair0.png,/data/datasets/DROID/train_v8capinf/kontext/1876_exterior_image_1_left_pair0.png,"Follow the markers in the image: the green box marks the object to grasp, the blue dot marks where to place it. Show the scene after the object has been moved to the marked location. Pick up the bag side of the table. Place the bag side of the table."
/data/datasets/DROID/train_v8capinf/final/24838_exterior_image_1_left_pair0.png,/data/datasets/DROID/train_v8capinf/kontext/24838_exterior_image_1_left_pair0.png,"Follow the markers in the image: the green box marks the object to grasp, the blue dot marks where to place it. Show the scene after the object has been moved to the marked location. Pick up the bottle side of the stove. Place the bottle in the middle of the stove."
/data/datasets/DROID/train_v8capinf/final/21343_exterior_image_1_left_pair0.png,/data/datasets/DROID/train_v8capinf/kontext/21343_exterior_image_1_left_pair0.png,"Follow the markers in the image: the green box marks the object to grasp, the blue dot marks where to place it. Show the scene after the object has been moved to the marked location. Pick up the brown cloth from the edge of the table. Place the brown cloth next to the oven."
/data/datasets/DROID/train_v8capinf/final/78339_exterior_image_1_left_pair0.png,/data/datasets/DROID/train_v8capinf/kontext/78339_exterior_image_1_left_pair0.png,"Follow the markers in the image: the green box marks the object to grasp, the blue dot marks where to place it. Show the scene after the object has been moved to the marked location. Pick up the paper cup of the object. Place the paper cup of the object."
/data/datasets/DROID/train_v8capinf/final/29032_exterior_image_2_left_pair0.png,/data/datasets/DROID/train_v8capinf/kontext/29032_exterior_image_2_left_pair0.png,"Follow the markers in the image: the green box marks the object to grasp, the blue dot marks where to place it. Show the scene after the object has been moved to the marked location. Pick up the white paper cup on the microwave. Place the white paper cup in the grey cup."
/data/datasets/DROID/train_v8capinf/final/19982_exterior_image_2_left_pair1.png,/data/datasets/DROID/train_v8capinf/kontext/19982_exterior_image_2_left_pair1.png,"Follow the markers in the image: the green box marks the object to grasp, the blue dot marks where to place it. Show the scene after the object has been moved to the marked location. Pick up the paper and the lid on the pot. Place the lid on the desktop."
/data/datasets/DROID/train_v8capinf/final/69856_exterior_image_2_left_pair0.png,/data/datasets/DROID/train_v8capinf/kontext/69856_exterior_image_2_left_pair0.png,"Follow the markers in the image: the green box marks the object to grasp, the blue dot marks where to place it. Show the scene after the object has been moved to the marked location. Pick up the trash can under the bed. Place the trash can on the bed."
/data/datasets/DROID/train_v8capinf/final/80446_exterior_image_1_left_pair0.png,/data/datasets/DROID/train_v8capinf/kontext/80446_exterior_image_1_left_pair0.png,"Follow the markers in the image: the green box marks the object to grasp, the blue dot marks where to place it. Show the scene after the object has been moved to the marked location. Pick up the transparent bag on the box. Place the transparent bag on the table."
/data/datasets/DROID/train_v8capinf/final/15991_exterior_image_1_left_pair0.png,/data/datasets/DROID/train_v8capinf/kontext/15991_exterior_image_1_left_pair0.png,"Follow the markers in the image: the green box marks the object to grasp, the blue dot marks where to place it. Show the scene after the object has been moved to the marked location. Pick up the red toy car from the plate. Place the red toy car on the tabletop."
/data/datasets/DROID/train_v8capinf/final/72281_exterior_image_2_left_pair0.png,/data/datasets/DROID/train_v8capinf/kontext/72281_exterior_image_2_left_pair0.png,"Follow the markers in the image: the green box marks the object to grasp, the blue dot marks where to place it. Show the scene after the object has been moved to the marked location. Pick up the cylindrical tube on the table. Place the cylindrical tube in the drawer."
/data/datasets/DROID/train_v8capinf/final/16718_exterior_image_1_left_pair0.png,/data/datasets/DROID/train_v8capinf/kontext/16718_exterior_image_1_left_pair0.png,"Follow the markers in the image: the green box marks the object to grasp, the blue dot marks where to place it. Show the scene after the object has been moved to the marked location. Pick up the transparent cover on the desktop. Place the transparent cover on the desktop."
/data/datasets/DROID/train_v8capinf/final/61484_exterior_image_2_left_pair0.png,/data/datasets/DROID/train_v8capinf/kontext/61484_exterior_image_2_left_pair0.png,"Follow the markers in the image: the green box marks the object to grasp, the blue dot marks where to place it. Show the scene after the object has been moved to the marked location. Pick up grey plate from top of the black microwave. Place grey plate on the towel on the table."
/data/datasets/DROID/train_v8capinf/final/51526_exterior_image_2_left_pair0.png,/data/datasets/DROID/train_v8capinf/kontext/51526_exterior_image_2_left_pair0.png,"Follow the markers in the image: the green box marks the object to grasp, the blue dot marks where to place it. Show the scene after the object has been moved to the marked location. Pick up the water bucket on the bed. Place the water bucket behind the bed."
/data/datasets/DROID/train_v8capinf/final/89783_exterior_image_2_left_pair0.png,/data/datasets/DROID/train_v8capinf/kontext/89783_exterior_image_2_left_pair0.png,"Follow the markers in the image: the green box marks the object to grasp, the blue dot marks where to place it. Show the scene after the object has been moved to the marked location. Pick up the laundry basket beside the bed. Place the laundry basket in the middle of the bed."
/data/datasets/DROID/train_v8capinf/final/58071_exterior_image_1_left_pair0.png,/data/datasets/DROID/train_v8capinf/kontext/58071_exterior_image_1_left_pair0.png,"Follow the markers in the image: the green box marks the object to grasp, the blue dot marks where to place it. Show the scene after the object has been moved to the marked location. Pick up the clothes hanging on the upper level of the hanger. Place the clothes on the lower level of the hanger."
/data/datasets/DROID/train_v8capinf/final/89105_exterior_image_1_left_pair0.png,/data/datasets/DROID/train_v8capinf/kontext/89105_exterior_image_1_left_pair0.png,"Follow the markers in the image: the green box marks the object to grasp, the blue dot marks where to place it. Show the scene after the object has been moved to the marked location. Pick up the equipment on the plate. Place the equipment on the surface."
/data/datasets/DROID/train_v8capinf/final/81272_exterior_image_1_left_pair0.png,/data/datasets/DROID/train_v8capinf/kontext/81272_exterior_image_1_left_pair0.png,"Follow the markers in the image: the green box marks the object to grasp, the blue dot marks where to place it. Show the scene after the object has been moved to the marked location. Pick up the sofa blanket from the sofa. Place the sofa blanket in the center of the sofa."
/data/datasets/DROID/train_v8capinf/final/70149_exterior_image_1_left_pair0.png,/data/datasets/DROID/train_v8capinf/kontext/70149_exterior_image_1_left_pair0.png,"Follow the markers in the image: the green box marks the object to grasp, the blue dot marks where to place it. Show the scene after the object has been moved to the marked location. Pick up the round tube on the bottle. Place the round tube on the table."
