image,csv,x_noun,y_noun,noun_src,target_table,review
/data/datasets/DROID/train_v8/final/30314_exterior_image_2_left_pair0.png,v9_train.csv,cup,bowl,auto,0,keep
/data/datasets/DROID/train_v8/final/30314_exterior_image_2_left_pair1.png,v9_train.csv,knife,cup,human,0,keep
/data/datasets/DROID/train_v8/final/11300_exterior_image_1_left_pair0.png,v9_train.csv,cup,table,auto,1,keep
/data/datasets/DROID/train_v8/final/11300_exterior_image_1_left_pair1.png,v9_train.csv,bowl,table,auto,1,keep
/data/datasets/DROID/train_v8/final/90405_exterior_image_1_left_pair0.png,v9_train.csv,block,bowl,auto,0,keep
/data/datasets/DROID/train_v8/final/90405_exterior_image_1_left_pair1.png,v9_train.csv,block,bowl,auto,0,keep
/data/datasets/DROID/train_v8/final/41090_exterior_image_2_left_pair0.png,v9_train.csv,cup,cup,human,0,keep
/data/datasets/DROID/train_v8/final/41090_exterior_image_2_left_pair1.png,v9_train.csv,cup,cup,human,0,keep
/data/datasets/DROID/train_v8/final/69850_exterior_image_1_left_pair0.png,v9_train.csv,glue,desktop,human,1,keep
/data/datasets/DROID/train_v8/final/69850_exterior_image_1_left_pair1.png,v9_train.csv,glue,mug,human,0,keep
/data/datasets/DROID/train_v8/final/41083_exterior_image_1_left_pair0.png,v9_train.csv,cylinder,table,auto,0,discard
/data/datasets/DROID/train_v8/final/41083_exterior_image_1_left_pair1.png,v9_train.csv,K-cup,cylinder,auto,0,keep
/data/datasets/DROID/train_v8/final/67395_exterior_image_1_left_pair0.png,v9_train.csv,marker,table,auto,0,keep
/data/datasets/DROID/train_v8/final/67395_exterior_image_1_left_pair1.png,v9_train.csv,marker,cup,auto,0,keep
/data/datasets/DROID/train_v8/final/26552_exterior_image_2_left_pair0.png,v9_train.csv,clothes and towels,tabletop,auto,1,keep
/data/datasets/DROID/train_v8/final/26552_exterior_image_2_left_pair1.png,v9_train.csv,clothes and towels,tabletop,auto,1,keep
/data/datasets/DROID/train_v8/final/27881_exterior_image_1_left_pair0.png,v9_train.csv,measuring cup,countertop,auto,1,keep
/data/datasets/DROID/train_v8/final/27881_exterior_image_1_left_pair1.png,v9_train.csv,measuring cup,measuring cup,auto,0,keep
/data/datasets/DROID/train_v8/final/26544_exterior_image_2_left_pair0.png,v9_train.csv,towel,table,human,0,discard
/data/datasets/DROID/train_v8/final/50728_exterior_image_2_left_pair0.png,v9_train.csv,block,bowl,auto,0,keep
/data/datasets/DROID/train_v8/final/50728_exterior_image_2_left_pair1.png,v9_train.csv,block,bowl,auto,0,keep
/data/datasets/DROID/train_v8/final/82177_exterior_image_2_left_pair0.png,v9_train.csv,plate,table,auto,1,keep
/data/datasets/DROID/train_v8/final/82177_exterior_image_2_left_pair1.png,v9_train.csv,lid,table,auto,1,keep
/data/datasets/DROID/train_v8/final/49584_exterior_image_1_left_pair0.png,v9_train.csv,towel,tripod,auto,0,keep
/data/datasets/DROID/train_v8/final/49584_exterior_image_1_left_pair1.png,v9_train.csv,towel,table,auto,1,keep
/data/datasets/DROID/train_v8/final/78588_exterior_image_1_left_pair0.png,v9_train.csv,coffee cup,tabletop,auto,1,keep
/data/datasets/DROID/train_v8/final/78588_exterior_image_1_left_pair1.png,v9_train.csv,coffee pod,slot of coffee machine,human,0,keep
/data/datasets/DROID/train_v8/final/66202_exterior_image_1_left_pair0.png,v9_train.csv,towel,seat chair,auto,0,discard
/data/datasets/DROID/train_v8/final/66202_exterior_image_1_left_pair1.png,v9_train.csv,fabric,seat of chair,human,0,keep
/data/datasets/DROID/train_v8/final/47841_exterior_image_2_left_pair0.png,v9_train.csv,pen,table,auto,1,keep
/data/datasets/DROID/train_v8/final/47841_exterior_image_2_left_pair1.png,v9_train.csv,pen,cup,auto,0,keep
/data/datasets/DROID/train_v8/final/83729_exterior_image_1_left_pair0.png,v9_train.csv,water bottle,box,auto,0,keep
/data/datasets/DROID/train_v8/final/83729_exterior_image_1_left_pair1.png,v9_train.csv,water bottle,box,auto,0,keep
/data/datasets/DROID/train_v8/final/38712_exterior_image_2_left_pair0.png,v9_train.csv,cup,cup,auto,0,keep
/data/datasets/DROID/train_v8/final/38712_exterior_image_2_left_pair1.png,v9_train.csv,stacked cups,cup,auto,0,keep
/data/datasets/DROID/train_v8/final/63977_exterior_image_1_left_pair0.png,v9_train.csv,block,bowl,auto,0,vanish
/data/datasets/DROID/train_v8/final/63977_exterior_image_1_left_pair1.png,v9_train.csv,block,bowl,auto,0,keep
/data/datasets/DROID/train_v8/final/85419_exterior_image_1_left_pair0.png,v9_train.csv,cup,cup,auto,0,keep
/data/datasets/DROID/train_v8/final/85419_exterior_image_1_left_pair1.png,v9_train.csv,stack cups,cup,auto,0,keep
/data/datasets/DROID/train_v8/final/57328_exterior_image_1_left_pair0.png,v9_train.csv,bottle,counter,auto,1,keep
/data/datasets/DROID/train_v8/final/57328_exterior_image_1_left_pair1.png,v9_train.csv,bottle,counter,auto,1,keep
/data/datasets/DROID/train_v8/final/62933_exterior_image_1_left_pair0.png,v9_train.csv,object,box,auto,0,vanish
/data/datasets/DROID/train_v8/final/62933_exterior_image_1_left_pair1.png,v9_train.csv,object,box,auto,0,keep
/data/datasets/DROID/train_v8/final/36405_exterior_image_2_left_pair0.png,v9_train.csv,cube,bowl,auto,0,keep
/data/datasets/DROID/train_v8/final/36405_exterior_image_2_left_pair1.png,v9_train.csv,cube,bowl,auto,0,keep
/data/datasets/DROID/train_v8/final/51357_exterior_image_1_left_pair0.png,v9_train.csv,clothes,table,auto,1,keep
/data/datasets/DROID/train_v8/final/51357_exterior_image_1_left_pair1.png,v9_train.csv,clothes,table,auto,1,keep
/data/datasets/DROID/train_v8/final/51873_exterior_image_2_left_pair0.png,v9_train.csv,plate,towel,auto,1,keep
/data/datasets/DROID/train_v8/final/51873_exterior_image_2_left_pair1.png,v9_train.csv,ball,plate,auto,0,keep
/data/datasets/DROID/train_v8/final/3159_exterior_image_2_left_pair0.png,v9_train.csv,item,sofa,auto,0,discard
/data/datasets/DROID/train_v8/final/3159_exterior_image_2_left_pair1.png,v9_train.csv,item,sofa's armrest,auto,0,keep
/data/datasets/DROID/train_v8/final/41035_exterior_image_2_left_pair0.png,v9_train.csv,block,bowl,auto,0,keep
/data/datasets/DROID/train_v8/final/41035_exterior_image_2_left_pair1.png,v9_train.csv,piece,bowl,auto,0,keep
/data/datasets/DROID/train_v8/final/15123_exterior_image_1_left_pair0.png,v9_train.csv,glue,table,auto,1,keep
/data/datasets/DROID/train_v8/final/15123_exterior_image_1_left_pair1.png,v9_train.csv,glue,cup,auto,0,keep
/data/datasets/DROID/train_v8/final/49515_exterior_image_2_left_pair0.png,v9_train.csv,t-shirt,box,auto,0,keep
/data/datasets/DROID/train_v8/final/49515_exterior_image_2_left_pair1.png,v9_train.csv,clothing,box,auto,0,keep
/data/datasets/DROID/train_v8/final/62282_exterior_image_1_left_pair0.png,v9_train.csv,cup,cup,human,0,keep
/data/datasets/DROID/train_v8/final/62282_exterior_image_1_left_pair1.png,v9_train.csv,stack of cups,cup,human,0,keep
/data/datasets/DROID/train_v8/final/48292_exterior_image_2_left_pair0.png,v9_train.csv,bottle of spices,countertop,human,1,keep
/data/datasets/DROID/train_v8/final/48292_exterior_image_2_left_pair1.png,v9_train.csv,lid,table,auto,1,keep
/data/datasets/DROID/train_v8/final/8152_exterior_image_2_left_pair0.png,v9_train.csv,clothes,table,auto,1,keep
/data/datasets/DROID/train_v8/final/8152_exterior_image_2_left_pair1.png,v9_train.csv,clothes,table,auto,1,keep
/data/datasets/DROID/train_v8/final/54282_exterior_image_2_left_pair0.png,v9_train.csv,spoon,bottle,auto,0,discard
/data/datasets/DROID/train_v8/final/54282_exterior_image_2_left_pair1.png,v9_train.csv,pot,plate,auto,0,keep
/data/datasets/DROID/train_v8/final/53737_exterior_image_1_left_pair0.png,v9_train.csv,bowl,bowl,human,0,keep
/data/datasets/DROID/train_v8/final/53737_exterior_image_1_left_pair1.png,v9_train.csv,bowl,bowl,human,0,keep
/data/datasets/DROID/train_v8/final/77426_exterior_image_2_left_pair0.png,v9_train.csv,box,desktop,human,1,keep
/data/datasets/DROID/train_v8/final/77426_exterior_image_2_left_pair1.png,v9_train.csv,hair tie,desktop,auto,1,keep
/data/datasets/DROID/train_v8/final/83908_exterior_image_1_left_pair0.png,v9_train.csv,lid,bowl,auto,0,discard
/data/datasets/DROID/train_v8/final/83908_exterior_image_1_left_pair1.png,v9_train.csv,lid,countertop,auto,1,keep
/data/datasets/DROID/train_v8/final/2970_exterior_image_1_left_pair0.png,v9_train.csv,block,bowl,auto,0,keep
/data/datasets/DROID/train_v8/final/2970_exterior_image_1_left_pair1.png,v9_train.csv,block,bowl,auto,0,keep
/data/datasets/DROID/train_v8/final/22238_exterior_image_2_left_pair0.png,v9_train.csv,block,bowl,auto,0,keep
/data/datasets/DROID/train_v8/final/22238_exterior_image_2_left_pair1.png,v9_train.csv,block,bowl,auto,0,keep
/data/datasets/DROID/train_v8/final/61636_exterior_image_2_left_pair0.png,v9_train.csv,cloth,table,auto,1,keep
/data/datasets/DROID/train_v8/final/61171_exterior_image_1_left_pair0.png,v9_train.csv,block,bowl,auto,0,keep
/data/datasets/DROID/train_v8/final/61171_exterior_image_1_left_pair1.png,v9_train.csv,block,bowl,auto,0,keep
/data/datasets/DROID/train_v8/final/84770_exterior_image_1_left_pair0.png,v9_train.csv,cube,bowl,auto,0,keep
/data/datasets/DROID/train_v8/final/84770_exterior_image_1_left_pair1.png,v9_train.csv,block,bowl,auto,0,keep
/data/datasets/DROID/train_v8/final/89821_exterior_image_2_left_pair0.png,v9_train.csv,cup,cup,human,0,keep
/data/datasets/DROID/train_v8/final/89821_exterior_image_2_left_pair1.png,v9_train.csv,cup,cup,auto,0,keep
/data/datasets/DROID/train_v8/final/84009_exterior_image_2_left_pair0.png,v9_train.csv,cup,cup,auto,0,keep
/data/datasets/DROID/train_v8/final/84009_exterior_image_2_left_pair1.png,v9_train.csv,cup,cup,auto,0,keep
/data/datasets/DROID/train_v8/final/67395_exterior_image_2_left_pair0.png,v9_train.csv,marker,table,auto,1,keep
/data/datasets/DROID/train_v8/final/67395_exterior_image_2_left_pair1.png,v9_train.csv,marker,cup,auto,0,keep
/data/datasets/DROID/train_v8/final/89163_exterior_image_2_left_pair0.png,v9_train.csv,book,bed,auto,0,discard
/data/datasets/DROID/train_v8/final/89163_exterior_image_2_left_pair1.png,v9_train.csv,book,nightstand,auto,0,discard
/data/datasets/DROID/train_v8/final/35764_exterior_image_2_left_pair0.png,v9_train.csv,cup,cup,human,0,keep
/data/datasets/DROID/train_v8/final/35764_exterior_image_2_left_pair1.png,v9_train.csv,cup,cup,human,0,keep
/data/datasets/DROID/train_v8/final/55906_exterior_image_1_left_pair0.png,v9_train.csv,rope,box,auto,0,discard
/data/datasets/DROID/train_v8/final/55906_exterior_image_1_left_pair1.png,v9_train.csv,rope,box,auto,0,discard
/data/datasets/DROID/train_v8/final/82839_exterior_image_1_left_pair0.png,v9_train.csv,clothes,box,auto,0,keep
/data/datasets/DROID/train_v8/final/82839_exterior_image_1_left_pair1.png,v9_train.csv,towel,box,human,0,keep
/data/datasets/DROID/train_v8/final/78588_exterior_image_2_left_pair0.png,v9_train.csv,coffee cup,tabletop,auto,1,keep
/data/datasets/DROID/train_v8/final/59418_exterior_image_1_left_pair0.png,v9_train.csv,shoe,shelf,human,1,keep
/data/datasets/DROID/train_v8/final/59418_exterior_image_1_left_pair1.png,v9_train.csv,shoe,shelf,human,1,keep
/data/datasets/DROID/train_v8/final/69960_exterior_image_2_left_pair0.png,v9_train.csv,bottle,cabinet,auto,0,keep
/data/datasets/DROID/train_v8/final/52636_exterior_image_1_left_pair0.png,v9_train.csv,plate,table,auto,1,keep
/data/datasets/DROID/train_v8/final/52636_exterior_image_1_left_pair1.png,v9_train.csv,spoon,table,human,1,keep
/data/datasets/DROID/train_v8/final/90744_exterior_image_1_left_pair0.png,v9_train.csv,glue stick,table,auto,1,keep
/data/datasets/DROID/train_v8/final/90744_exterior_image_1_left_pair1.png,v9_train.csv,glue stick,cup,auto,0,keep
/data/datasets/DROID/train_v8/final/35705_exterior_image_2_left_pair0.png,v9_train.csv,cup,cup,human,0,keep
/data/datasets/DROID/train_v8/final/35705_exterior_image_2_left_pair1.png,v9_train.csv,cup,cup,auto,0,keep
/data/datasets/DROID/train_v8/final/69902_exterior_image_1_left_pair0.png,v9_train.csv,cup,cup,auto,0,keep
/data/datasets/DROID/train_v8/final/69902_exterior_image_1_left_pair1.png,v9_train.csv,cup,cup,auto,0,keep
/data/datasets/DROID/train_v8/final/74651_exterior_image_2_left_pair0.png,v9_train.csv,cup,cup,auto,0,discard
/data/datasets/DROID/train_v8/final/74651_exterior_image_2_left_pair1.png,v9_train.csv,cup,cup,auto,0,discard
/data/datasets/DROID/train_v8/final/74651_exterior_image_2_left_pair2.png,v9_train.csv,cup,cup,auto,0,discard
/data/datasets/DROID/train_v8/final/65411_exterior_image_1_left_pair0.png,v9_train.csv,block,desk,auto,1,keep
/data/datasets/DROID/train_v8/final/65411_exterior_image_1_left_pair1.png,v9_train.csv,block,desk,auto,1,keep
/data/datasets/DROID/train_v8/final/7977_exterior_image_2_left_pair0.png,v9_train.csv,cup,cup,human,0,keep
/data/datasets/DROID/train_v8/final/7977_exterior_image_2_left_pair1.png,v9_train.csv,cup,table,auto,0,discard
/data/datasets/DROID/train_v8/final/477_exterior_image_2_left_pair0.png,v9_train.csv,object,cup,auto,0,keep
/data/datasets/DROID/train_v8/final/477_exterior_image_2_left_pair1.png,v9_train.csv,object,desk,auto,1,keep
/data/datasets/DROID/train_v8/final/17559_exterior_image_1_left_pair0.png,v9_train.csv,cloth,backrest chair,auto,0,keep
/data/datasets/DROID/train_v8/final/17559_exterior_image_1_left_pair1.png,v9_train.csv,cloth,box,auto,0,discard
/data/datasets/DROID/train_v8/final/14565_exterior_image_2_left_pair0.png,v9_train.csv,slipper,rack,human,1,keep
/data/datasets/DROID/train_v8/final/14565_exterior_image_2_left_pair1.png,v9_train.csv,slipper,rack,human,1,keep
/data/datasets/DROID/train_v8/final/15123_exterior_image_2_left_pair0.png,v9_train.csv,glue,table,auto,1,keep
/data/datasets/DROID/train_v8/final/15123_exterior_image_2_left_pair1.png,v9_train.csv,glue,cup,auto,0,keep
/data/datasets/DROID/train_v8/final/71070_exterior_image_2_left_pair0.png,v9_train.csv,scissors,mug,auto,0,keep
/data/datasets/DROID/train_v8/final/71070_exterior_image_2_left_pair1.png,v9_train.csv,scissors,tabletop,auto,1,keep
/data/datasets/DROID/train_v8/final/81112_exterior_image_1_left_pair0.png,v9_train.csv,cup,cup,auto,0,discard
/data/datasets/DROID/train_v8/final/81112_exterior_image_1_left_pair1.png,v9_train.csv,cup,cup,auto,0,keep
/data/datasets/DROID/train_v8/final/53838_exterior_image_2_left_pair0.png,v9_train.csv,glue stick,mug,auto,0,keep
/data/datasets/DROID/train_v8/final/53838_exterior_image_2_left_pair1.png,v9_train.csv,glue stick,desk,auto,1,keep
/data/datasets/DROID/train_v8/final/53838_exterior_image_2_left_pair2.png,v9_train.csv,glue stick,cup,auto,0,keep
/data/datasets/DROID/train_v8/final/39268_exterior_image_1_left_pair0.png,v9_train.csv,pen,table,auto,1,keep
/data/datasets/DROID/train_v8/final/39268_exterior_image_1_left_pair1.png,v9_train.csv,pen,cup,auto,0,keep
/data/datasets/DROID/train_v8/final/11582_exterior_image_2_left_pair0.png,v9_train.csv,paper,waste bin,auto,0,vanish
/data/datasets/DROID/train_v8/final/11582_exterior_image_2_left_pair1.png,v9_train.csv,paper,waste bin,auto,0,discard
/data/datasets/DROID/train_v8/final/41090_exterior_image_1_left_pair0.png,v9_train.csv,cup,cup,human,0,keep
/data/datasets/DROID/train_v8/final/41090_exterior_image_1_left_pair1.png,v9_train.csv,cup,cup,human,0,keep
/data/datasets/DROID/train_v8/final/13269_exterior_image_2_left_pair0.png,v9_train.csv,remote,cushion,auto,0,keep
/data/datasets/DROID/train_v8/final/13269_exterior_image_2_left_pair1.png,v9_train.csv,remote,remote,auto,0,keep
/data/datasets/DROID/train_v8/final/26867_exterior_image_2_left_pair0.png,v9_train.csv,pineapple toy,table,auto,1,keep
/data/datasets/DROID/train_v8/final/26867_exterior_image_2_left_pair1.png,v9_train.csv,watermelon toy,table,auto,1,keep
/data/datasets/DROID/train_v8/final/91480_exterior_image_2_left_pair0.png,v9_train.csv,lid,table,auto,0,keep
/data/datasets/DROID/train_v8/final/91480_exterior_image_2_left_pair1.png,v9_train.csv,spoon,pot,auto,0,keep
/data/datasets/DROID/train_v8/final/69538_exterior_image_1_left_pair0.png,v9_train.csv,t-shirt,box,human,0,keep
/data/datasets/DROID/train_v8/final/69538_exterior_image_1_left_pair1.png,v9_train.csv,clothing,box,human,0,keep
/data/datasets/DROID/train_v8/final/20474_exterior_image_1_left_pair0.png,v9_train.csv,cloth,table,auto,1,keep
/data/datasets/DROID/train_v8/final/20474_exterior_image_1_left_pair1.png,v9_train.csv,cloth,shelf,auto,0,discard
/data/datasets/DROID/train_v8/final/47026_exterior_image_1_left_pair0.png,v9_train.csv,cup,table,human,1,discard
/data/datasets/DROID/train_v8/final/47026_exterior_image_1_left_pair1.png,v9_train.csv,cup,front,auto,0,discard
/data/datasets/DROID/train_v8/final/6675_exterior_image_1_left_pair0.png,v9_train.csv,cup,cup,human,0,keep
/data/datasets/DROID/train_v8/final/6675_exterior_image_1_left_pair1.png,v9_train.csv,cup,table,auto,0,discard
/data/datasets/DROID/train_v8/final/8096_exterior_image_1_left_pair0.png,v9_train.csv,clothes,storage basket,auto,0,keep
/data/datasets/DROID/train_v8/final/8096_exterior_image_1_left_pair1.png,v9_train.csv,towel,chair,auto,0,keep
/data/datasets/DROID/train_v8/final/14565_exterior_image_1_left_pair0.png,v9_train.csv,slipper,rack,human,1,keep
/data/datasets/DROID/train_v8/final/14565_exterior_image_1_left_pair1.png,v9_train.csv,slipper,rack,human,1,keep
/data/datasets/DROID/train_v8/final/50196_exterior_image_1_left_pair0.png,v9_train.csv,towel,washing machine,auto,0,vanish
/data/datasets/DROID/train_v8/final/50196_exterior_image_1_left_pair1.png,v9_train.csv,towel,washing machine,auto,0,vanish
/data/datasets/DROID/train_v8/final/37174_exterior_image_1_left_pair0.png,v9_train.csv,rope,box,auto,0,discard
/data/datasets/DROID/train_v8/final/37174_exterior_image_1_left_pair1.png,v9_train.csv,rope,box,human,0,keep
/data/datasets/DROID/train_v8/final/57227_exterior_image_1_left_pair0.png,v9_train.csv,square,bowl,auto,0,keep
/data/datasets/DROID/train_v8/final/57227_exterior_image_1_left_pair1.png,v9_train.csv,square,bowl,auto,0,keep
/data/datasets/DROID/train_v8/final/28757_exterior_image_1_left_pair0.png,v9_train.csv,marker,cup,auto,0,keep
/data/datasets/DROID/train_v8/final/28757_exterior_image_1_left_pair1.png,v9_train.csv,marker,table,auto,1,keep
/data/datasets/DROID/train_v8/final/83245_exterior_image_2_left_pair0.png,v9_train.csv,block,bowl,auto,0,keep
/data/datasets/DROID/train_v8/final/83245_exterior_image_2_left_pair1.png,v9_train.csv,block,bowl,auto,0,keep
/data/datasets/DROID/train_v8/final/14102_exterior_image_2_left_pair0.png,v9_train.csv,bottle,box,auto,0,keep
/data/datasets/DROID/train_v8/final/14102_exterior_image_2_left_pair1.png,v9_train.csv,box,table,auto,1,keep
/data/datasets/DROID/train_v8/final/47857_exterior_image_1_left_pair0.png,v9_train.csv,box,table,auto,1,keep
/data/datasets/DROID/train_v8/final/47857_exterior_image_1_left_pair1.png,v9_train.csv,object,box,auto,0,keep
/data/datasets/DROID/train_v8/final/6697_exterior_image_1_left_pair0.png,v9_train.csv,stainless steel bowl,stove,auto,1,keep
/data/datasets/DROID/train_v8/final/6697_exterior_image_1_left_pair1.png,v9_train.csv,pot,stove,human,1,keep
/data/datasets/DROID/train_v8/final/28681_exterior_image_1_left_pair0.png,v9_train.csv,,table,auto,0,discard
/data/datasets/DROID/train_v8/final/28681_exterior_image_1_left_pair1.png,v9_train.csv,clip,stand,human,0,keep
/data/datasets/DROID/train_v8/final/85483_exterior_image_1_left_pair0.png,v9_train.csv,bottle,counter,auto,1,keep
/data/datasets/DROID/train_v8/final/85483_exterior_image_1_left_pair1.png,v9_train.csv,bottle,counter,auto,1,keep
/data/datasets/DROID/train_v8/final/5911_exterior_image_2_left_pair0.png,v9_train.csv,pillow,couch,auto,1,keep
/data/datasets/DROID/train_v8/final/5911_exterior_image_2_left_pair1.png,v9_train.csv,pillow,couch,auto,0,discard
/data/datasets/DROID/train_v8/final/77844_exterior_image_1_left_pair0.png,v9_train.csv,cup,plate,auto,0,keep
/data/datasets/DROID/train_v8/final/77844_exterior_image_1_left_pair1.png,v9_train.csv,cube,countertop,auto,1,keep
/data/datasets/DROID/train_v8/final/79399_exterior_image_1_left_pair0.png,v9_train.csv,pear plush toy,drawer,auto,0,keep
/data/datasets/DROID/train_v8/final/79399_exterior_image_1_left_pair1.png,v9_train.csv,watermelon plush toy,table,auto,1,keep
/data/datasets/DROID/train_v8/final/5013_exterior_image_1_left_pair0.png,v9_train.csv,fork,drawer,auto,0,keep
/data/datasets/DROID/train_v8/final/5013_exterior_image_1_left_pair1.png,v9_train.csv,knife,drawer,auto,0,keep
/data/datasets/DROID/train_v8/final/37958_exterior_image_2_left_pair0.png,v9_train.csv,blanket,seat sofa,auto,0,keep
/data/datasets/DROID/train_v8/final/37958_exterior_image_2_left_pair1.png,v9_train.csv,blanket,seat sofa,human,0,keep
/data/datasets/DROID/train_v8/final/8096_exterior_image_2_left_pair0.png,v9_train.csv,clothes,storage basket,auto,0,keep
/data/datasets/DROID/train_v8/final/8096_exterior_image_2_left_pair1.png,v9_train.csv,towel,chair,auto,0,keep
/data/datasets/DROID/train_v8/final/80402_exterior_image_2_left_pair0.png,v9_train.csv,bottle,counter,auto,1,keep
/data/datasets/DROID/train_v8/final/80402_exterior_image_2_left_pair1.png,v9_train.csv,bottle,counter,auto,1,keep
/data/datasets/DROID/train_v8/final/77844_exterior_image_2_left_pair0.png,v9_train.csv,cup,plate,auto,0,keep
/data/datasets/DROID/train_v8/final/77844_exterior_image_2_left_pair1.png,v9_train.csv,cube,countertop,auto,1,keep
/data/datasets/DROID/train_v8/final/40519_exterior_image_2_left_pair0.png,v9_train.csv,octopus plush toy,container,auto,0,discard
/data/datasets/DROID/train_v8/final/40519_exterior_image_2_left_pair1.png,v9_train.csv,computer mouse,table,auto,1,keep
/data/datasets/DROID/train_v8/final/4815_exterior_image_2_left_pair0.png,v9_train.csv,towel,table,auto,1,keep
/data/datasets/DROID/train_v8/final/4815_exterior_image_2_left_pair1.png,v9_train.csv,t-shirt,table,auto,1,discard
/data/datasets/DROID/train_v8/final/40933_exterior_image_1_left_pair0.png,v9_train.csv,bottle,tray,auto,0,discard
/data/datasets/DROID/train_v8/final/40933_exterior_image_1_left_pair1.png,v9_train.csv,bottle,tray,auto,0,keep
/data/datasets/DROID/train_v8/final/35128_exterior_image_1_left_pair0.png,v9_train.csv,cup,cup,auto,0,discard
/data/datasets/DROID/train_v8/final/35128_exterior_image_1_left_pair1.png,v9_train.csv,cup,cup,auto,0,keep
/data/datasets/DROID/train_v8/final/17625_exterior_image_2_left_pair0.png,v9_train.csv,cup,cup,human,0,keep
/data/datasets/DROID/train_v8/final/17625_exterior_image_2_left_pair1.png,v9_train.csv,cup,cup,human,0,keep
/data/datasets/DROID/train_v8/final/2891_exterior_image_2_left_pair0.png,v9_train.csv,sneaker,shelf,human,1,keep
/data/datasets/DROID/train_v8/final/2891_exterior_image_2_left_pair1.png,v9_train.csv,book,cabinet,human,1,keep
/data/datasets/DROID/train_v8/final/3159_exterior_image_1_left_pair0.png,v9_train.csv,item,sofa,auto,0,discard
/data/datasets/DROID/train_v8/final/3159_exterior_image_1_left_pair1.png,v9_train.csv,item,sofa's armrest,auto,0,keep
/data/datasets/DROID/train_v8/final/26651_exterior_image_2_left_pair0.png,v9_train.csv,bottle,table,auto,1,keep
/data/datasets/DROID/train_v8/final/26651_exterior_image_2_left_pair1.png,v9_train.csv,bottle,table,auto,1,keep
/data/datasets/DROID/train_v8/final/53967_exterior_image_1_left_pair0.png,v9_train.csv,object,bag,auto,0,vanish
/data/datasets/DROID/train_v8/final/53967_exterior_image_1_left_pair1.png,v9_train.csv,cloth,bag,auto,0,keep
/data/datasets/DROID/train_v8/final/12991_exterior_image_1_left_pair0.png,v9_train.csv,pot,counter,auto,1,keep
/data/datasets/DROID/train_v8/final/12991_exterior_image_1_left_pair1.png,v9_train.csv,pot,counter,auto,1,keep
/data/datasets/DROID/train_v8/final/12991_exterior_image_1_left_pair2.png,v9_train.csv,pot,counter,auto,1,keep
/data/datasets/DROID/train_v8/final/77166_exterior_image_2_left_pair0.png,v9_train.csv,bottle,stove,auto,0,discard
/data/datasets/DROID/train_v8/final/77166_exterior_image_2_left_pair1.png,v9_train.csv,bottle,stove,human,0,keep
/data/datasets/DROID/train_v8/final/23817_exterior_image_1_left_pair0.png,v9_train.csv,clothes,table,auto,1,keep
/data/datasets/DROID/train_v8/final/23817_exterior_image_1_left_pair1.png,v9_train.csv,clothes,table,auto,0,keep
/data/datasets/DROID/train_v8/final/77463_exterior_image_2_left_pair0.png,v9_train.csv,bottle,box,auto,0,keep
/data/datasets/DROID/train_v8/final/77463_exterior_image_2_left_pair1.png,v9_train.csv,box,box,auto,0,discard
/data/datasets/DROID/train_v8/final/24630_exterior_image_1_left_pair0.png,v9_train.csv,can,bin,human,0,vanish
/data/datasets/DROID/train_v8/final/24630_exterior_image_1_left_pair1.png,v9_train.csv,white paper,bin,human,0,discard
/data/datasets/DROID/train_v8/final/49278_exterior_image_2_left_pair0.png,v9_train.csv,cup,cup,auto,0,keep
/data/datasets/DROID/train_v8/final/49278_exterior_image_2_left_pair1.png,v9_train.csv,cup with cup,cyan cup,auto,0,keep
/data/datasets/DROID/train_v8/final/78196_exterior_image_1_left_pair0.png,v9_train.csv,marker,table,auto,1,keep
/data/datasets/DROID/train_v8/final/78196_exterior_image_1_left_pair1.png,v9_train.csv,marker,cup,auto,0,keep
/data/datasets/DROID/train_v8/final/70638_exterior_image_1_left_pair0.png,v9_train.csv,clothes,table,auto,1,keep
/data/datasets/DROID/train_v8/final/70638_exterior_image_1_left_pair1.png,v9_train.csv,clothes,table,auto,0,discard
/data/datasets/DROID/train_v8/final/28490_exterior_image_2_left_pair0.png,v9_train.csv,lid,countertop,auto,1,keep
/data/datasets/DROID/train_v8/final/28490_exterior_image_2_left_pair1.png,v9_train.csv,towel,pot,auto,0,keep
/data/datasets/DROID/train_v8/final/28490_exterior_image_2_left_pair2.png,v9_train.csv,towel,pot,auto,0,keep
/data/datasets/DROID/train_v8/final/17832_exterior_image_2_left_pair0.png,v9_train.csv,pen,table,auto,1,keep
/data/datasets/DROID/train_v8/final/17832_exterior_image_2_left_pair1.png,v9_train.csv,pen,cup,auto,0,keep
/data/datasets/DROID/train_v8/final/72299_exterior_image_1_left_pair0.png,v9_train.csv,coffee cup,sink,auto,0,vanish
/data/datasets/DROID/train_v8/final/72299_exterior_image_1_left_pair1.png,v9_train.csv,bowl,sink,auto,0,keep
/data/datasets/DROID/train_v8/final/91541_exterior_image_2_left_pair0.png,v9_train.csv,oven mitt,lid pot,auto,0,keep
/data/datasets/DROID/train_v8/final/91541_exterior_image_2_left_pair1.png,v9_train.csv,oven mitt and lid,countertop,auto,1,keep
/data/datasets/DROID/train_v8/final/73272_exterior_image_1_left_pair0.png,v9_train.csv,fabric,box,human,0,keep
/data/datasets/DROID/train_v8/final/73272_exterior_image_1_left_pair1.png,v9_train.csv,fabric,box,auto,0,keep
/data/datasets/DROID/train_v8/final/87646_exterior_image_2_left_pair0.png,v9_train.csv,box,table,auto,1,keep
/data/datasets/DROID/train_v8/final/87646_exterior_image_2_left_pair1.png,v9_train.csv,plush toy,table,auto,1,keep
/data/datasets/DROID/train_v8/final/77002_exterior_image_2_left_pair0.png,v9_train.csv,block,bowl,auto,0,keep
/data/datasets/DROID/train_v8/final/77002_exterior_image_2_left_pair1.png,v9_train.csv,block,bowl,auto,0,discard
/data/datasets/DROID/train_v8/final/20749_exterior_image_2_left_pair0.png,v9_train.csv,cup,cup,auto,0,keep
/data/datasets/DROID/train_v8/final/20749_exterior_image_2_left_pair1.png,v9_train.csv,cup,cup,human,0,keep
/data/datasets/DROID/train_v8/final/73968_exterior_image_1_left_pair0.png,v9_train.csv,bowl,bowl,human,0,keep
/data/datasets/DROID/train_v8/final/73968_exterior_image_1_left_pair1.png,v9_train.csv,bowl,table,human,1,keep
/data/datasets/DROID/train_v8/final/53838_exterior_image_1_left_pair0.png,v9_train.csv,glue stick,mug,auto,0,keep
/data/datasets/DROID/train_v8/final/53838_exterior_image_1_left_pair1.png,v9_train.csv,glue stick,desk,auto,1,keep
/data/datasets/DROID/train_v8/final/53838_exterior_image_1_left_pair2.png,v9_train.csv,glue stick,cup,auto,0,keep
/data/datasets/DROID/train_v8/final/85713_exterior_image_2_left_pair0.png,v9_train.csv,marker,mug,auto,0,keep
/data/datasets/DROID/train_v8/final/85713_exterior_image_2_left_pair1.png,v9_train.csv,marker,table,auto,1,keep
/data/datasets/DROID/train_v8/final/6675_exterior_image_2_left_pair0.png,v9_train.csv,cup,cup,human,0,keep
/data/datasets/DROID/train_v8/final/6675_exterior_image_2_left_pair1.png,v9_train.csv,cup,cup,human,0,keep
/data/datasets/DROID/train_v8/final/36669_exterior_image_1_left_pair0.png,v9_train.csv,item,tray,auto,0,keep
/data/datasets/DROID/train_v8/final/36669_exterior_image_1_left_pair1.png,v9_train.csv,tray,box,human,0,keep
/data/datasets/DROID/train_v8/final/49584_exterior_image_2_left_pair0.png,v9_train.csv,towel,tripod,auto,0,keep
/data/datasets/DROID/train_v8/final/49584_exterior_image_2_left_pair1.png,v9_train.csv,towel,table,auto,1,keep
/data/datasets/DROID/train_v8/final/41703_exterior_image_1_left_pair0.png,v9_train.csv,marker,cup,auto,0,keep
/data/datasets/DROID/train_v8/final/41703_exterior_image_1_left_pair1.png,v9_train.csv,marker,table,auto,1,keep
/data/datasets/DROID/train_v8/final/35967_exterior_image_1_left_pair0.png,v9_train.csv,medicine bottle,tabletop,auto,1,discard
/data/datasets/DROID/train_v8/final/35967_exterior_image_1_left_pair1.png,v9_train.csv,medicine bottle,counter,auto,0,keep
/data/datasets/DROID/train_v8/final/22142_exterior_image_1_left_pair0.png,v9_train.csv,clothes,box,auto,0,keep
/data/datasets/DROID/train_v8/final/22142_exterior_image_1_left_pair1.png,v9_train.csv,clothes,box,auto,0,keep
/data/datasets/DROID/train_v8/final/42437_exterior_image_1_left_pair0.png,v9_train.csv,crayon,paper,auto,0,keep
/data/datasets/DROID/train_v8/final/42437_exterior_image_1_left_pair1.png,v9_train.csv,crayon,paper,auto,0,keep
/data/datasets/DROID/train_v8/final/25526_exterior_image_2_left_pair0.png,v9_train.csv,cup,cup,auto,0,keep
/data/datasets/DROID/train_v8/final/25526_exterior_image_2_left_pair1.png,v9_train.csv,cup,cup,auto,0,keep
/data/datasets/DROID/train_v8/final/63923_exterior_image_1_left_pair1.png,v9_train.csv,cloth,table,auto,1,keep
/data/datasets/DROID/train_v8/final/4501_exterior_image_2_left_pair0.png,v9_train.csv,block,bowl,auto,0,keep
/data/datasets/DROID/train_v8/final/4501_exterior_image_2_left_pair1.png,v9_train.csv,block,bowl,auto,0,keep
/data/datasets/DROID/train_v8/final/84770_exterior_image_2_left_pair0.png,v9_train.csv,cube,bowl,auto,0,keep
/data/datasets/DROID/train_v8/final/84770_exterior_image_2_left_pair1.png,v9_train.csv,block,bowl,auto,0,keep
/data/datasets/DROID/train_v8/final/33157_exterior_image_2_left_pair0.png,v9_train.csv,clothing,pile clothes,auto,0,keep
/data/datasets/DROID/train_v8/final/33157_exterior_image_2_left_pair1.png,v9_train.csv,cap,pile clothes,auto,0,keep
/data/datasets/DROID/train_v8/final/13664_exterior_image_1_left_pair0.png,v9_train.csv,object,plate,auto,0,keep
/data/datasets/DROID/train_v8/final/13664_exterior_image_1_left_pair1.png,v9_train.csv,watermelon plushie,plate,auto,0,keep
/data/datasets/DROID/train_v8/final/42704_exterior_image_1_left_pair0.png,v9_train.csv,object,bowl,auto,0,keep
/data/datasets/DROID/train_v8/final/42704_exterior_image_1_left_pair1.png,v9_train.csv,object,pot,auto,0,keep
/data/datasets/DROID/train_v8/final/26557_exterior_image_1_left_pair0.png,v9_train.csv,plush toy,box,auto,0,discard
/data/datasets/DROID/train_v8/final/26557_exterior_image_1_left_pair1.png,v9_train.csv,plush toy,box,auto,0,keep
/data/datasets/DROID/train_v8/final/24566_exterior_image_1_left_pair0.png,v9_train.csv,cube,bowl,auto,0,discard
/data/datasets/DROID/train_v8/final/24566_exterior_image_1_left_pair1.png,v9_train.csv,cube,bowl,auto,0,keep
/data/datasets/DROID/train_v8/final/22975_exterior_image_1_left_pair0.png,v9_train.csv,cloth,box,auto,0,vanish
/data/datasets/DROID/train_v8/final/22975_exterior_image_1_left_pair1.png,v9_train.csv,cloth,box,auto,0,unreviewed
/data/datasets/DROID/train_v8/final/8312_exterior_image_1_left_pair0.png,v9_train.csv,octopus plush toy,desk,auto,1,keep
/data/datasets/DROID/train_v8/final/8312_exterior_image_1_left_pair1.png,v9_train.csv,tissue box,desk,auto,0,unreviewed
/data/datasets/DROID/train_v8/final/26179_exterior_image_1_left_pair0.png,v9_train.csv,cloth,tabletop,auto,1,keep
/data/datasets/DROID/train_v8/final/26179_exterior_image_1_left_pair1.png,v9_train.csv,cloth,rack,auto,0,unreviewed
/data/datasets/DROID/train_v8/final/91541_exterior_image_1_left_pair0.png,v9_train.csv,oven mitt,lid pot,auto,0,keep
/data/datasets/DROID/train_v8/final/91541_exterior_image_1_left_pair1.png,v9_train.csv,oven mitt and lid,countertop,auto,0,unreviewed
/data/datasets/DROID/train_v8/final/19909_exterior_image_2_left_pair0.png,v9_train.csv,book,box,auto,0,vanish
/data/datasets/DROID/train_v8/final/19909_exterior_image_2_left_pair1.png,v9_train.csv,hoodie,box,auto,0,unreviewed
/data/datasets/DROID/train_v8/final/28702_exterior_image_2_left_pair0.png,v9_train.csv,clothes,box,auto,0,keep
/data/datasets/DROID/train_v8/final/28702_exterior_image_2_left_pair1.png,v9_train.csv,clothes,box,auto,0,unreviewed
/data/datasets/DROID/train_v8/final/63776_exterior_image_2_left_pair0.png,v9_train.csv,block,bowl,auto,0,keep
/data/datasets/DROID/train_v8/final/63776_exterior_image_2_left_pair1.png,v9_train.csv,block,bowl,auto,0,unreviewed
/data/datasets/DROID/train_v8/final/74651_exterior_image_1_left_pair0.png,v9_train.csv,cup,cup,auto,0,vanish
/data/datasets/DROID/train_v8/final/74651_exterior_image_1_left_pair1.png,v9_train.csv,cup,cup,auto,0,unreviewed
/data/datasets/DROID/train_v8/final/74651_exterior_image_1_left_pair2.png,v9_train.csv,cup,cup,auto,0,unreviewed
/data/datasets/DROID/train_v8/final/91969_exterior_image_2_left_pair0.png,v9_train.csv,snack,box,human,0,keep
/data/datasets/DROID/train_v8/final/91969_exterior_image_2_left_pair1.png,v9_train.csv,bag,box,auto,0,unreviewed
/data/datasets/DROID/train_v8/final/73206_exterior_image_2_left_pair0.png,v9_train.csv,spoon,cup,auto,0,keep
/data/datasets/DROID/train_v8/final/73206_exterior_image_2_left_pair1.png,v9_train.csv,spoon,table,auto,0,unreviewed
/data/datasets/DROID/train_v8/final/6176_exterior_image_1_left_pair0.png,v9_train.csv,mat,pot lid on countertop,auto,0,keep
/data/datasets/DROID/train_v8/final/6176_exterior_image_1_left_pair1.png,v9_train.csv,mat and pot lid,pot,auto,0,unreviewed
/data/datasets/DROID/train_v8/final/33355_exterior_image_1_left_pair0.png,v9_train.csv,cup inverted,table,auto,1,keep
/data/datasets/DROID/train_v8/final/33355_exterior_image_1_left_pair1.png,v9_train.csv,cup above table,,auto,0,unreviewed
/data/datasets/DROID/train_v8/final/45326_exterior_image_2_left_pair0.png,v9_train.csv,rope loop,table,auto,1,keep
/data/datasets/DROID/train_v8/final/45326_exterior_image_2_left_pair1.png,v9_train.csv,rope loop,bag,auto,0,unreviewed
/data/datasets/DROID/train_v8/final/87261_exterior_image_2_left_pair0.png,v9_train.csv,bottle,table,auto,0,unreviewed
/data/datasets/DROID/train_v8/final/87261_exterior_image_2_left_pair1.png,v9_train.csv,bottle,table,auto,0,unreviewed
/data/datasets/DROID/train_v8/final/20474_exterior_image_2_left_pair0.png,v9_train.csv,cloth,table,auto,1,keep
/data/datasets/DROID/train_v8/final/20474_exterior_image_2_left_pair1.png,v9_train.csv,cloth,shelf,auto,0,unreviewed
/data/datasets/DROID/train_v8/final/5668_exterior_image_1_left_pair0.png,v9_train.csv,cup,cup,auto,0,keep
/data/datasets/DROID/train_v8/final/5668_exterior_image_1_left_pair1.png,v9_train.csv,cup that has cup inside,cup,auto,0,unreviewed
/data/datasets/DROID/train_v8/final/74753_exterior_image_1_left_pair0.png,v9_train.csv,block,box,auto,0,keep
/data/datasets/DROID/train_v8/final/74753_exterior_image_1_left_pair1.png,v9_train.csv,block,box,auto,0,unreviewed
/data/datasets/DROID/train_v8/final/71899_exterior_image_2_left_pair0.png,v9_train.csv,cup,cup,human,0,keep
/data/datasets/DROID/train_v8/final/71899_exterior_image_2_left_pair1.png,v9_train.csv,cup,table,auto,0,unreviewed
/data/datasets/DROID/train_v8/final/28757_exterior_image_2_left_pair0.png,v9_train.csv,marker,cup,auto,0,keep
/data/datasets/DROID/train_v8/final/28757_exterior_image_2_left_pair1.png,v9_train.csv,marker,table,auto,0,unreviewed
/data/datasets/DROID/train_v8/final/30050_exterior_image_1_left_pair0.png,v9_train.csv,cup,cup,auto,0,keep
/data/datasets/DROID/train_v8/final/30050_exterior_image_1_left_pair1.png,v9_train.csv,cup,cup,auto,0,unreviewed
/data/datasets/DROID/train_v8/final/76407_exterior_image_2_left_pair0.png,v9_train.csv,fruit,bowl,auto,0,keep
/data/datasets/DROID/train_v8/final/76407_exterior_image_2_left_pair1.png,v9_train.csv,fruit,bowl,auto,0,unreviewed
/data/datasets/DROID/train_v8/final/24798_exterior_image_2_left_pair0.png,v9_train.csv,cup,cup,auto,0,keep
/data/datasets/DROID/train_v8/final/24798_exterior_image_2_left_pair1.png,v9_train.csv,cup,cup,auto,0,unreviewed
/data/datasets/DROID/train_v8/final/62282_exterior_image_2_left_pair0.png,v9_train.csv,cup,cup beside it,auto,0,unreviewed
/data/datasets/DROID/train_v8/final/62282_exterior_image_2_left_pair1.png,v9_train.csv,stack cups,cup,auto,0,unreviewed
/data/datasets/DROID/train_v8/final/48480_exterior_image_1_left_pair0.png,v9_train.csv,cup,table,auto,0,unreviewed
/data/datasets/DROID/train_v8/final/48480_exterior_image_1_left_pair1.png,v9_train.csv,cup with cup on,cup,auto,0,unreviewed
/data/datasets/DROID/train_v8/final/67760_exterior_image_2_left_pair0.png,v9_train.csv,tape,tape,human,0,keep
/data/datasets/DROID/train_v8/final/67760_exterior_image_2_left_pair1.png,v9_train.csv,tape,shelf,auto,0,unreviewed
/data/datasets/DROID/train_v8/final/44682_exterior_image_2_left_pair0.png,v9_train.csv,block,bowl,auto,0,unreviewed
/data/datasets/DROID/train_v8/final/44682_exterior_image_2_left_pair1.png,v9_train.csv,block,bowl,auto,0,unreviewed
/data/datasets/DROID/train_v8/final/45137_exterior_image_1_left_pair0.png,v9_train.csv,cup,plate,auto,0,keep
/data/datasets/DROID/train_v8/final/45137_exterior_image_1_left_pair1.png,v9_train.csv,object,cup,auto,0,unreviewed
/data/datasets/DROID/train_v8/final/84477_exterior_image_1_left_pair0.png,v9_train.csv,cup,cup,auto,0,discard
/data/datasets/DROID/train_v8/final/84477_exterior_image_1_left_pair1.png,v9_train.csv,and cups,cup,auto,0,unreviewed
/data/datasets/DROID/train_v8/final/35967_exterior_image_2_left_pair0.png,v9_train.csv,medicine bottle,tabletop,auto,1,keep
/data/datasets/DROID/train_v8/final/35967_exterior_image_2_left_pair1.png,v9_train.csv,medicine bottle,counter,auto,0,unreviewed
/data/datasets/DROID/train_v8/final/29851_exterior_image_1_left_pair0.png,v9_train.csv,fork,table,human,1,keep
/data/datasets/DROID/train_v8/final/29851_exterior_image_1_left_pair1.png,v9_train.csv,fork,plate,auto,0,unreviewed
/data/datasets/DROID/train_v8/final/87853_exterior_image_2_left_pair0.png,v9_train.csv,plush toy,table,auto,0,discard
/data/datasets/DROID/train_v8/final/87853_exterior_image_2_left_pair1.png,v9_train.csv,plush toy,table,auto,0,unreviewed
/data/datasets/DROID/train_v8/final/84477_exterior_image_2_left_pair0.png,v9_train.csv,cup,cup,auto,0,unreviewed
/data/datasets/DROID/train_v8/final/84477_exterior_image_2_left_pair1.png,v9_train.csv,and cups,cup,auto,0,unreviewed
/data/datasets/DROID/train_v8/final/17157_exterior_image_2_left_pair0.png,v9_train.csv,marker,cup,auto,0,keep
/data/datasets/DROID/train_v8/final/17157_exterior_image_2_left_pair1.png,v9_train.csv,cup,table,auto,0,unreviewed
/data/datasets/DROID/train_v8/final/69419_exterior_image_2_left_pair0.png,v9_train.csv,cup,cup,auto,0,unreviewed
/data/datasets/DROID/train_v8/final/69419_exterior_image_2_left_pair1.png,v9_train.csv,cup and cup,cup,auto,0,unreviewed
/data/datasets/DROID/train_v8/final/55941_exterior_image_1_left_pair0.png,v9_train.csv,cup,bowl,auto,0,keep
/data/datasets/DROID/train_v8/final/55941_exterior_image_1_left_pair1.png,v9_train.csv,spoon,bowl,auto,0,unreviewed
/data/datasets/DROID/train_v8/final/39985_exterior_image_2_left_pair0.png,v9_train.csv,cloth,box,human,0,keep
/data/datasets/DROID/train_v8/final/39985_exterior_image_2_left_pair1.png,v9_train.csv,object,box,auto,0,unreviewed
/data/datasets/DROID/train_v8/final/6489_exterior_image_1_left_pair0.png,v9_train.csv,cup,cup,auto,0,unreviewed
/data/datasets/DROID/train_v8/final/6489_exterior_image_1_left_pair1.png,v9_train.csv,and cups,cup,auto,0,unreviewed
/data/datasets/DROID/train_v8/final/55146_exterior_image_1_left_pair0.png,v9_train.csv,object,food box,auto,0,vanish
/data/datasets/DROID/train_v8/final/55146_exterior_image_1_left_pair1.png,v9_train.csv,bag,desktop,auto,0,unreviewed
/data/datasets/DROID/train_v8/final/29580_exterior_image_2_left_pair0.png,v9_train.csv,cup,table,auto,0,unreviewed
/data/datasets/DROID/train_v8/final/29580_exterior_image_2_left_pair1.png,v9_train.csv,cup stack,table,auto,0,unreviewed
/data/datasets/DROID/train_v8/final/83729_exterior_image_2_left_pair0.png,v9_train.csv,water bottle,box,auto,0,discard
/data/datasets/DROID/train_v8/final/83729_exterior_image_2_left_pair1.png,v9_train.csv,water bottle,box,auto,0,unreviewed
/data/datasets/DROID/train_v8/final/1244_exterior_image_2_left_pair0.png,v9_train.csv,cloth,backrest chair,auto,0,discard
/data/datasets/DROID/train_v8/final/1244_exterior_image_2_left_pair1.png,v9_train.csv,cloth,chair,auto,0,unreviewed
/data/datasets/DROID/train_v8/final/34190_exterior_image_1_left_pair0.png,v9_train.csv,fork,compartment drawer,auto,0,keep
/data/datasets/DROID/train_v8/final/34190_exterior_image_1_left_pair1.png,v9_train.csv,knife,compartment drawer,auto,0,unreviewed
/data/datasets/DROID/train_v8/final/59690_exterior_image_1_left_pair0.png,v9_train.csv,pineapple toy,tabletop,auto,1,keep
/data/datasets/DROID/train_v8/final/59690_exterior_image_1_left_pair1.png,v9_train.csv,object,tabletop,auto,0,unreviewed
/data/datasets/DROID/train_v8/final/6478_exterior_image_1_left_pair0.png,v9_train.csv,fork,plate,auto,0,unreviewed
/data/datasets/DROID/train_v8/final/6478_exterior_image_1_left_pair1.png,v9_train.csv,fork,plate,auto,0,unreviewed
/data/datasets/DROID/train_v8/final/39322_exterior_image_1_left_pair0.png,v9_train.csv,pear plush toy,plate,auto,0,keep
/data/datasets/DROID/train_v8/final/39322_exterior_image_1_left_pair1.png,v9_train.csv,plush toy,plate,auto,0,unreviewed
/data/datasets/DROID/train_v8/final/50474_exterior_image_2_left_pair0.png,v9_train.csv,spoon,tray,human,0,keep
/data/datasets/DROID/train_v8/final/50474_exterior_image_2_left_pair1.png,v9_train.csv,bowl,countertop,auto,0,unreviewed
/data/datasets/DROID/train_v8/final/30566_exterior_image_1_left_pair0.png,v9_train.csv,spatula,countertop,auto,0,discard
/data/datasets/DROID/train_v8/final/30566_exterior_image_1_left_pair1.png,v9_train.csv,lid,pot,auto,0,unreviewed
/data/datasets/DROID/train_v8/final/91058_exterior_image_1_left_pair0.png,v9_train.csv,pineapple,basket,auto,0,keep
/data/datasets/DROID/train_v8/final/91058_exterior_image_1_left_pair1.png,v9_train.csv,pineapple,pot,auto,0,unreviewed
/data/datasets/DROID/train_v8/final/64681_exterior_image_2_left_pair0.png,v9_train.csv,bottle,box,auto,0,keep
/data/datasets/DROID/train_v8/final/64681_exterior_image_2_left_pair1.png,v9_train.csv,box,cloth,auto,0,unreviewed
/data/datasets/DROID/train_v8/final/32207_exterior_image_1_left_pair0.png,v9_train.csv,tissue,tissue pile,auto,0,keep
/data/datasets/DROID/train_v8/final/32207_exterior_image_1_left_pair1.png,v9_train.csv,tissue,tissue pile,auto,0,unreviewed
/data/datasets/DROID/train_v8/final/11224_exterior_image_2_left_pair0.png,v9_train.csv,cloth,stand,auto,0,keep
/data/datasets/DROID/train_v8/final/11224_exterior_image_2_left_pair1.png,v9_train.csv,cloth,stand,auto,0,unreviewed
/data/datasets/DROID/train_v8/final/2194_exterior_image_1_left_pair0.png,v9_train.csv,coffee cup,cup holder,auto,0,keep
/data/datasets/DROID/train_v8/final/2194_exterior_image_1_left_pair1.png,v9_train.csv,coffee cup,cup holder,auto,0,unreviewed
/data/datasets/DROID/train_v8/final/25567_exterior_image_1_left_pair0.png,v9_train.csv,tongs,table,human,1,keep
/data/datasets/DROID/train_v8/final/25567_exterior_image_1_left_pair1.png,v9_train.csv,rack,,auto,0,unreviewed
/data/datasets/DROID/train_v8/final/35048_exterior_image_2_left_pair0.png,v9_train.csv,cloth,chair,auto,0,unreviewed
/data/datasets/DROID/train_v8/final/35048_exterior_image_2_left_pair1.png,v9_train.csv,shirt,chair,auto,0,unreviewed
/data/datasets/DROID/train_v8/final/34537_exterior_image_1_left_pair0.png,v9_train.csv,stuffed fruits,plate,auto,0,keep
/data/datasets/DROID/train_v8/final/34537_exterior_image_1_left_pair1.png,v9_train.csv,stuffed fruits,plate,auto,0,unreviewed
/data/datasets/DROID/train_v8/final/66111_exterior_image_1_left_pair0.png,v9_train.csv,bottle,table,auto,1,keep
/data/datasets/DROID/train_v8/final/66111_exterior_image_1_left_pair1.png,v9_train.csv,bottle,table,auto,0,unreviewed
/data/datasets/DROID/train_v8/final/43003_exterior_image_2_left_pair0.png,v9_train.csv,cup,table,auto,0,unreviewed
/data/datasets/DROID/train_v8/final/43003_exterior_image_2_left_pair1.png,v9_train.csv,cup,table,auto,0,unreviewed
/data/datasets/DROID/train_v8/final/32879_exterior_image_1_left_pair0.png,v9_train.csv,cloth,table,human,1,keep
/data/datasets/DROID/train_v8/final/32879_exterior_image_1_left_pair1.png,v9_train.csv,clothes,clothes,auto,0,unreviewed
/data/datasets/DROID/train_v8/final/66111_exterior_image_2_left_pair0.png,v9_train.csv,bottle,table,auto,0,unreviewed
/data/datasets/DROID/train_v8/final/66111_exterior_image_2_left_pair1.png,v9_train.csv,bottle,table,auto,0,unreviewed
/data/datasets/DROID/train_v8/final/65163_exterior_image_1_left_pair0.png,v9_train.csv,pineapple toy,plate,auto,0,keep
/data/datasets/DROID/train_v8/final/65163_exterior_image_1_left_pair1.png,v9_train.csv,pineapple toy,basket,auto,0,unreviewed
/data/datasets/DROID/train_v8/final/5896_exterior_image_1_left_pair0.png,v9_train.csv,cup,cup,auto,0,unreviewed
/data/datasets/DROID/train_v8/final/5896_exterior_image_1_left_pair1.png,v9_train.csv,stacked cups,cup,auto,0,unreviewed
/data/datasets/DROID/train_v8/final/5252_exterior_image_1_left_pair0.png,v9_train.csv,items,bag,auto,0,vanish
/data/datasets/DROID/train_v8/final/5252_exterior_image_1_left_pair1.png,v9_train.csv,object,bag,auto,0,unreviewed
/data/datasets/DROID/train_v8/final/49278_exterior_image_1_left_pair0.png,v9_train.csv,cup,cup,auto,0,unreviewed
/data/datasets/DROID/train_v8/final/49278_exterior_image_1_left_pair1.png,v9_train.csv,cup with cup,cyan cup,auto,0,unreviewed
/data/datasets/DROID/train_v8/final/60703_exterior_image_2_left_pair0.png,v9_train.csv,cup,,auto,0,unreviewed
/data/datasets/DROID/train_v8/final/60703_exterior_image_2_left_pair1.png,v9_train.csv,cup,,auto,0,unreviewed
/data/datasets/DROID/train_v8/final/78306_exterior_image_1_left_pair0.png,v9_train.csv,cup,cup,auto,0,unreviewed
/data/datasets/DROID/train_v8/final/78306_exterior_image_1_left_pair1.png,v9_train.csv,cup,cup,auto,0,unreviewed
/data/datasets/DROID/train_v8/final/46683_exterior_image_1_left_pair0.png,v9_train.csv,shoes,table,auto,1,keep
/data/datasets/DROID/train_v8/final/46683_exterior_image_1_left_pair1.png,v9_train.csv,,,auto,0,unreviewed
/data/datasets/DROID/train_v8/final/1297_exterior_image_1_left_pair0.png,v9_train.csv,marker,table,auto,1,keep
/data/datasets/DROID/train_v8/final/1297_exterior_image_1_left_pair1.png,v9_train.csv,marker,cup,auto,0,unreviewed
/data/datasets/DROID/train_v8/final/5339_exterior_image_2_left_pair0.png,v9_train.csv,cup,cup,auto,0,unreviewed
/data/datasets/DROID/train_v8/final/5339_exterior_image_2_left_pair1.png,v9_train.csv,stacked two cups,cup,auto,0,unreviewed
/data/datasets/DROID/train_v8/final/57113_exterior_image_1_left_pair0.png,v9_train.csv,cloth,table,human,1,keep
/data/datasets/DROID/train_v8/final/57113_exterior_image_1_left_pair1.png,v9_train.csv,cloth,stand,auto,0,unreviewed
/data/datasets/DROID/train_v8/final/2194_exterior_image_2_left_pair0.png,v9_train.csv,coffee cup,cup holder,auto,0,unreviewed
/data/datasets/DROID/train_v8/final/2194_exterior_image_2_left_pair1.png,v9_train.csv,coffee cup,cup holder,auto,0,unreviewed
/data/datasets/DROID/train_v8/final/31230_exterior_image_1_left_pair0.png,v9_train.csv,cloth,seat chair,auto,0,keep
/data/datasets/DROID/train_v8/final/90536_exterior_image_2_left_pair0.png,v9_train.csv,bowl,dish rack,human,0,keep
/data/datasets/DROID/train_v8/final/90536_exterior_image_2_left_pair1.png,v9_train.csv,bowl,plate rack,auto,0,unreviewed
/data/datasets/DROID/train_v8/final/24254_exterior_image_1_left_pair0.png,v9_train.csv,cloth,bag,auto,0,keep
/data/datasets/DROID/train_v8/final/24254_exterior_image_1_left_pair1.png,v9_train.csv,cloth,bag,auto,0,unreviewed
/data/datasets/DROID/train_v8/final/12217_exterior_image_1_left_pair0.png,v9_train.csv,box,table,auto,1,keep
/data/datasets/DROID/train_v8/final/12217_exterior_image_1_left_pair1.png,v9_train.csv,cylindrical jar,table,auto,0,unreviewed
/data/datasets/DROID/train_v8/final/4861_exterior_image_1_left_pair0.png,v9_train.csv,cup,cup,auto,0,keep
/data/datasets/DROID/train_v8/final/4861_exterior_image_1_left_pair1.png,v9_train.csv,cup,stacked cups,auto,0,unreviewed
/data/datasets/DROID/train_v8/final/3774_exterior_image_1_left_pair0.png,v9_train.csv,lid,counter,auto,1,keep
/data/datasets/DROID/train_v8/final/3774_exterior_image_1_left_pair1.png,v9_train.csv,lid,object,auto,0,unreviewed
/data/datasets/DROID/train_v8/final/53311_exterior_image_2_left_pair0.png,v9_train.csv,banana plush toy,pot,auto,0,unreviewed
/data/datasets/DROID/train_v8/final/53311_exterior_image_2_left_pair1.png,v9_train.csv,strawberry sponge block,tray,auto,0,unreviewed
/data/datasets/DROID/train_v8/final/65445_exterior_image_1_left_pair0.png,v9_train.csv,clothing,box,auto,0,unreviewed
/data/datasets/DROID/train_v8/final/65445_exterior_image_1_left_pair1.png,v9_train.csv,clothing,box,auto,0,unreviewed
/data/datasets/DROID/train_v8/final/12755_exterior_image_1_left_pair0.png,v9_train.csv,,,auto,0,unreviewed
/data/datasets/DROID/train_v8/final/12755_exterior_image_1_left_pair1.png,v9_train.csv,,,auto,0,unreviewed
/data/datasets/DROID/train_v8/final/88145_exterior_image_1_left_pair0.png,v9_train.csv,box laundry detergent,washing machine,auto,0,keep
/data/datasets/DROID/train_v8/final/88145_exterior_image_1_left_pair1.png,v9_train.csv,cup,,auto,0,unreviewed
/data/datasets/DROID/train_v8/final/65260_exterior_image_1_left_pair0.png,v9_train.csv,block,bowl,auto,0,unreviewed
/data/datasets/DROID/train_v8/final/65260_exterior_image_1_left_pair1.png,v9_train.csv,block,bowl,auto,0,unreviewed
/data/datasets/DROID/train_v8/final/24630_exterior_image_2_left_pair0.png,v9_train.csv,can on,bin,auto,0,vanish
/data/datasets/DROID/train_v8/final/13589_exterior_image_2_left_pair0.png,v9_train.csv,cup,table on cup on table,auto,0,unreviewed
/data/datasets/DROID/train_v8/final/13589_exterior_image_2_left_pair1.png,v9_train.csv,two cups,table into cup on table,auto,0,unreviewed
/data/datasets/DROID/train_v8/final/17559_exterior_image_2_left_pair0.png,v9_train.csv,cloth,backrest chair,auto,0,keep
/data/datasets/DROID/train_v8/final/17559_exterior_image_2_left_pair1.png,v9_train.csv,cloth,box,auto,0,unreviewed
/data/datasets/DROID/train_v8/final/55677_exterior_image_2_left_pair0.png,v9_train.csv,cup,cup,auto,0,unreviewed
/data/datasets/DROID/train_v8/final/55677_exterior_image_2_left_pair1.png,v9_train.csv,stacked cup,cup,auto,0,unreviewed
/data/datasets/DROID/train_v8/final/4451_exterior_image_2_left_pair0.png,v9_train.csv,cup,cup,auto,0,unreviewed
/data/datasets/DROID/train_v8/final/4451_exterior_image_2_left_pair1.png,v9_train.csv,cup,cup,auto,0,unreviewed
/data/datasets/DROID/train_v8/final/73587_exterior_image_1_left_pair0.png,v9_train.csv,cup,flat surface,auto,0,discard
/data/datasets/DROID/train_v8/final/73587_exterior_image_1_left_pair1.png,v9_train.csv,cup,other cups,auto,0,unreviewed
/data/datasets/DROID/train_v8/final/72414_exterior_image_1_left_pair0.png,v9_train.csv,block,countertop,auto,1,keep
/data/datasets/DROID/train_v8/final/72414_exterior_image_1_left_pair1.png,v9_train.csv,block,countertop,auto,0,unreviewed
/data/datasets/DROID/train_v8/final/4492_exterior_image_1_left_pair0.png,v9_train.csv,bottle,tray,auto,0,keep
/data/datasets/DROID/train_v8/final/4492_exterior_image_1_left_pair1.png,v9_train.csv,item,stove,auto,0,unreviewed
/data/datasets/DROID/train_v8/final/14085_exterior_image_2_left_pair0.png,v9_train.csv,cup,cup,auto,0,unreviewed
/data/datasets/DROID/train_v8/final/14085_exterior_image_2_left_pair1.png,v9_train.csv,cup,cup,auto,0,unreviewed
/data/datasets/DROID/train_v8/final/4121_exterior_image_1_left_pair0.png,v9_train.csv,spoon,mug,auto,0,keep
/data/datasets/DROID/train_v8/final/4121_exterior_image_1_left_pair1.png,v9_train.csv,cup,,auto,0,unreviewed
/data/datasets/DROID/train_v8/final/1297_exterior_image_2_left_pair0.png,v9_train.csv,marker,table,auto,0,unreviewed
/data/datasets/DROID/train_v8/final/1297_exterior_image_2_left_pair1.png,v9_train.csv,marker,cup,auto,0,unreviewed
/data/datasets/DROID/train_v8/final/88145_exterior_image_2_left_pair0.png,v9_train.csv,box laundry detergent,washing machine,auto,0,unreviewed
/data/datasets/DROID/train_v8/final/88145_exterior_image_2_left_pair1.png,v9_train.csv,cup,,auto,0,unreviewed
/data/datasets/DROID/train_v8/final/18136_exterior_image_1_left_pair0.png,v9_train.csv,shoe,rack,human,0,keep
/data/datasets/DROID/train_v8/final/18136_exterior_image_1_left_pair1.png,v9_train.csv,,shelf rack,auto,0,unreviewed
/data/datasets/DROID/train_v8/final/89260_exterior_image_1_left_pair0.png,v9_train.csv,cup,table,auto,0,unreviewed
/data/datasets/DROID/train_v8/final/89260_exterior_image_1_left_pair1.png,v9_train.csv,tape,table around cup,auto,0,unreviewed
/data/datasets/DROID/train_v8/final/11947_exterior_image_1_left_pair0.png,v9_train.csv,object,table,auto,1,keep
/data/datasets/DROID/train_v8/final/20175_exterior_image_1_left_pair0.png,v9_train.csv,container,tabletop,auto,0,keep
/data/datasets/DROID/train_v8/final/12515_exterior_image_2_left_pair0.png,v9_train.csv,jar,scale,auto,0,unreviewed
/data/datasets/DROID/train_v8/final/15069_exterior_image_2_left_pair0.png,v9_train.csv,banana toy,backpack,auto,0,vanish
/data/datasets/DROID/train_v8/final/11299_exterior_image_2_left_pair0.png,v9_train.csv,cup,counter,auto,1,keep
/data/datasets/DROID/train_v8/final/14561_exterior_image_1_left_pair0.png,v9_train.csv,object,sink,auto,0,keep
/data/datasets/DROID/train_v8/final/13186_exterior_image_2_left_pair1.png,v9_train.csv,paper,box,auto,0,keep
/data/datasets/DROID/train_v8/final/10854_exterior_image_1_left_pair0.png,v9_train.csv,pepper,bowl,auto,0,keep
/data/datasets/DROID/train_v8/final/11904_exterior_image_1_left_pair0.png,v9_train.csv,lid,counter,auto,0,unreviewed
/data/datasets/DROID/train_v8/final/12006_exterior_image_1_left_pair0.png,v9_train.csv,lid,countertop,auto,1,keep
/data/datasets/DROID/train_v8/final/12244_exterior_image_2_left_pair0.png,v9_train.csv,can,sink,auto,0,unreviewed
/data/datasets/DROID/train_v8/final/13622_exterior_image_2_left_pair0.png,v9_train.csv,block,blocks,human,0,keep
/data/datasets/DROID/train_v8/final/65787_exterior_image_2_left_pair0.png,v9_train.csv,bag,table,auto,1,keep
/data/datasets/DROID/train_v8/final/65787_exterior_image_2_left_pair1.png,v9_train.csv,drink,plate,auto,0,unreviewed
/data/datasets/DROID/train_v8/final/11233_exterior_image_1_left_pair0.png,v9_train.csv,plush toy,table,auto,0,keep
/data/datasets/DROID/train_v8/final/15413_exterior_image_1_left_pair0.png,v9_train.csv,object,countertop,auto,1,keep
/data/datasets/DROID/train_v8/final/10763_exterior_image_2_left_pair0.png,v9_train.csv,lid,pot,auto,0,unreviewed
/data/datasets/DROID/train_v8/final/12063_exterior_image_2_left_pair0.png,v9_train.csv,tissue,pile of tissue,human,0,keep
/data/datasets/DROID/train_v8/final/13508_exterior_image_2_left_pair0.png,v9_train.csv,seal tape,table,auto,1,keep
/data/datasets/DROID/train_v8/final/13571_exterior_image_1_left_pair1.png,v9_train.csv,mauve cup,tray,auto,0,unreviewed
/data/datasets/DROID/train_v8/final/17191_exterior_image_1_left_pair0.png,v9_train.csv,object,table,human,1,keep
/data/datasets/DROID/train_v8/final/16683_exterior_image_2_left_pair0.png,v9_train.csv,pair socks,bag,auto,0,vanish
/data/datasets/DROID/train_v8/final/41406_exterior_image_1_left_pair0.png,v9_train.csv,pot,plate stove,auto,0,keep
/data/datasets/DROID/train_v8/final/18788_exterior_image_2_left_pair0.png,v9_train.csv,plate,table,auto,1,keep
/data/datasets/DROID/train_v8/final/11831_exterior_image_1_left_pair0.png,v9_train.csv,lid,pot,auto,0,unreviewed
/data/datasets/DROID/train_v8/final/11193_exterior_image_1_left_pair0.png,v9_train.csv,shirt,table,auto,0,unreviewed
/data/datasets/DROID/train_v8/final/25126_exterior_image_2_left_pair0.png,v9_train.csv,cup,table,auto,1,keep
/data/datasets/DROID/train_v8/final/1160_exterior_image_1_left_pair0.png,v9_train.csv,lid,table,auto,0,unreviewed
/data/datasets/DROID/train_v8/final/1281_exterior_image_1_left_pair0.png,v9_train.csv,,table,auto,0,unreviewed
/data/datasets/DROID/train_v8/final/48757_exterior_image_2_left_pair0.png,v9_train.csv,marker,tabletop,auto,1,keep
/data/datasets/DROID/train_v8/final/1184_exterior_image_1_left_pair1.png,v9_train.csv,toy,clothes,human,0,keep
/data/datasets/DROID/train_v8/final/32287_exterior_image_2_left_pair1.png,v9_train.csv,packaging bag,plate,auto,0,unreviewed
/data/datasets/DROID/train_v8/final/19860_exterior_image_1_left_pair0.png,v9_train.csv,Rubik's cube,block,human,0,keep
/data/datasets/DROID/train_v8/final/14336_exterior_image_1_left_pair0.png,v9_train.csv,lid,sink,auto,0,keep
/data/datasets/DROID/train_v8/final/16387_exterior_image_2_left_pair0.png,v9_train.csv,bag,drawer,auto,0,unreviewed
/data/datasets/DROID/train_v8/final/11161_exterior_image_1_left_pair0.png,v9_train.csv,lid,table,auto,0,unreviewed
/data/datasets/DROID/train_v8/final/11422_exterior_image_2_left_pair0.png,v9_train.csv,bowl,bowl,human,0,keep
/data/datasets/DROID/train_v8/final/17889_exterior_image_1_left_pair0.png,v9_train.csv,stuffed toy,sink,auto,0,keep
/data/datasets/DROID/train_v8/final/15064_exterior_image_2_left_pair0.png,v9_train.csv,bottle,block,auto,0,keep
/data/datasets/DROID/train_v8/final/18464_exterior_image_2_left_pair0.png,v9_train.csv,box,pot,auto,0,vanish
/data/datasets/DROID/train_v8/final/11052_exterior_image_2_left_pair0.png,v9_train.csv,marker,pot,auto,0,keep
/data/datasets/DROID/train_v8/final/11799_exterior_image_1_left_pair0.png,v9_train.csv,stapler,tabletop,auto,1,keep
/data/datasets/DROID/train_v8/final/11725_exterior_image_1_left_pair0.png,v9_train.csv,soda can,countertop,auto,0,unreviewed
/data/datasets/DROID/train_v8/final/33196_exterior_image_2_left_pair0.png,v9_train.csv,book,table,auto,0,keep
/data/datasets/DROID/train_v8/final/17280_exterior_image_2_left_pair0.png,v9_train.csv,straw,cup,auto,0,keep
/data/datasets/DROID/train_v8/final/19791_exterior_image_1_left_pair0.png,v9_train.csv,cup,countertop,human,0,keep
/data/datasets/DROID/train_v8/final/17591_exterior_image_2_left_pair0.png,v9_train.csv,bottle,box,auto,0,keep
/data/datasets/DROID/train_v8/final/10913_exterior_image_2_left_pair0.png,v9_train.csv,bowl,plate,auto,0,unreviewed
/data/datasets/DROID/train_v8/final/10762_exterior_image_1_left_pair1.png,v9_train.csv,two cups,cup,auto,0,vanish
/data/datasets/DROID/train_v8/final/2519_exterior_image_2_left_pair0.png,v9_train.csv,bottle,table,auto,1,keep
/data/datasets/DROID/train_v8/final/11407_exterior_image_1_left_pair0.png,v9_train.csv,marker,table,auto,0,unreviewed
/data/datasets/DROID/train_v8/final/10796_exterior_image_2_left_pair0.png,v9_train.csv,marker,table,auto,0,unreviewed
/data/datasets/DROID/train_v8/final/10814_exterior_image_2_left_pair0.png,v9_train.csv,,sink,auto,0,unreviewed
/data/datasets/DROID/train_v8/final/1155_exterior_image_1_left_pair0.png,v9_train.csv,notebook,Pile of books,human,0,keep
/data/datasets/DROID/train_v8/final/10669_exterior_image_1_left_pair0.png,v9_train.csv,ball,table,auto,1,keep
/data/datasets/DROID/train_v8/final/11472_exterior_image_1_left_pair0.png,v9_train.csv,pen,countertop,auto,1,keep
/data/datasets/DROID/train_v8/final/20018_exterior_image_1_left_pair0.png,v9_train.csv,hanger,table,auto,1,keep
/data/datasets/DROID/train_v8/final/46309_exterior_image_1_left_pair0.png,v9_train.csv,cube,table,auto,0,unreviewed
/data/datasets/DROID/train_v8/final/47483_exterior_image_1_left_pair0.png,v9_train.csv,cube,block,human,0,keep
/data/datasets/DROID/train_v8/final/73787_exterior_image_2_left_pair0.png,v9_train.csv,block,block,human,0,keep
/data/datasets/DROID/train_v8/final/37967_exterior_image_2_left_pair0.png,v9_train.csv,lid,pot,auto,0,unreviewed
/data/datasets/DROID/train_v8/final/19305_exterior_image_1_left_pair0.png,v9_train.csv,whiteboard eraser,shelf,auto,0,keep
/data/datasets/DROID/train_v8/final/1254_exterior_image_1_left_pair0.png,v9_train.csv,marker,cup,auto,0,keep
/data/datasets/DROID/train_v8/final/20520_exterior_image_1_left_pair0.png,v9_train.csv,marker,mug,auto,0,keep
/data/datasets/DROID/train_v8/final/86050_exterior_image_2_left_pair0.png,v9_train.csv,object,bowl,auto,0,unreviewed
/data/datasets/DROID/train_v8/final/19113_exterior_image_1_left_pair0.png,v9_train.csv,lid,table,auto,1,keep
/data/datasets/DROID/train_v8/final/16160_exterior_image_1_left_pair0.png,v9_train.csv,cup,table,auto,0,unreviewed
/data/datasets/DROID/train_v8/final/11172_exterior_image_1_left_pair0.png,v9_train.csv,cup,table,auto,1,keep
/data/datasets/DROID/train_v8/final/11172_exterior_image_1_left_pair1.png,v9_train.csv,cup,table,auto,0,unreviewed
/data/datasets/DROID/train_v8/final/19405_exterior_image_2_left_pair0.png,v9_train.csv,object,table,human,0,discard
/data/datasets/DROID/train_v8/final/21175_exterior_image_1_left_pair0.png,v9_train.csv,snack,tray,auto,0,unreviewed
/data/datasets/DROID/train_v8/final/12347_exterior_image_1_left_pair0.png,v9_train.csv,packaged snack,counter,auto,0,unreviewed
/data/datasets/DROID/train_v8/final/11802_exterior_image_2_left_pair0.png,v9_train.csv,container,cabinet,auto,0,unreviewed
/data/datasets/DROID/train_v8/final/53353_exterior_image_2_left_pair0.png,v9_train.csv,screwdriver,table,auto,1,keep
/data/datasets/DROID/train_v8/final/12270_exterior_image_1_left_pair0.png,v9_train.csv,pen,cup,auto,0,keep
/data/datasets/DROID/train_v8/final/37190_exterior_image_2_left_pair0.png,v9_train.csv,banana plush toy,cabinet,auto,0,keep
/data/datasets/DROID/train_v8/final/1083_exterior_image_1_left_pair0.png,v9_train.csv,carrot plushie,pan,auto,0,keep
/data/datasets/DROID/train_v8/final/1219_exterior_image_2_left_pair0.png,v9_train.csv,lid,pot,auto,0,unreviewed
/data/datasets/DROID/train_v8/final/12033_exterior_image_1_left_pair0.png,v9_train.csv,bottle,container,auto,0,keep
/data/datasets/DROID/train_v8/final/27187_exterior_image_1_left_pair0.png,v9_train.csv,object,table,auto,0,keep
/data/datasets/DROID/train_v8/final/27035_exterior_image_1_left_pair0.png,v9_train.csv,plush toy,pot,auto,0,keep
/data/datasets/DROID/train_v8/final/12184_exterior_image_2_left_pair0.png,v9_train.csv,pear plush toy,box,auto,0,keep
/data/datasets/DROID/train_v8/final/10935_exterior_image_1_left_pair0.png,v9_train.csv,marker,pot,auto,0,keep
/data/datasets/DROID/train_v8/final/24826_exterior_image_1_left_pair0.png,v9_train.csv,bottle,container,auto,0,keep
/data/datasets/DROID/train_v8/final/1066_exterior_image_2_left_pair0.png,v9_train.csv,marker,table,auto,1,keep
/data/datasets/DROID/train_v8/final/11247_exterior_image_1_left_pair0.png,v9_train.csv,straw,cup,human,0,keep
/data/datasets/DROID/train_v8/final/11482_exterior_image_1_left_pair0.png,v9_train.csv,seal tape,bowl,auto,0,keep
/data/datasets/DROID/train_v8/final/85774_exterior_image_2_left_pair0.png,v9_train.csv,plushy,pot,auto,0,unreviewed
/data/datasets/DROID/train_v8/final/12020_exterior_image_1_left_pair0.png,v9_train.csv,lid,pot,auto,0,unreviewed
/data/datasets/DROID/train_v8/final/14252_exterior_image_1_left_pair0.png,v9_train.csv,sphere,cup,auto,0,unreviewed
/data/datasets/DROID/train_v8/final/21756_exterior_image_1_left_pair1.png,v9_train.csv,folded towel,box,auto,0,vanish
/data/datasets/DROID/train_v8/final/40242_exterior_image_1_left_pair0.png,v9_train.csv,object,surface,auto,0,unreviewed
/data/datasets/DROID/train_v8/final/11046_exterior_image_2_left_pair0.png,v9_train.csv,lid,pot,auto,0,unreviewed
/data/datasets/DROID/train_v8/final/11441_exterior_image_2_left_pair0.png,v9_train.csv,marker,table,auto,0,unreviewed
/data/datasets/DROID/train_v8/final/15717_exterior_image_1_left_pair0.png,v9_train.csv,lid,pot,auto,0,unreviewed
/data/datasets/DROID/train_v8/final/16737_exterior_image_1_left_pair0.png,v9_train.csv,toy,plate,auto,0,keep
/data/datasets/DROID/train_v8/final/10725_exterior_image_1_left_pair0.png,v9_train.csv,cup,table to bowl,auto,0,unreviewed
/data/datasets/DROID/train_v8/final/13221_exterior_image_1_left_pair0.png,v9_train.csv,marker,cup,auto,0,keep
/data/datasets/DROID/train_v8/final/14208_exterior_image_1_left_pair0.png,v9_train.csv,marker,bowl,auto,0,keep
/data/datasets/DROID/train_v8/final/12101_exterior_image_1_left_pair0.png,v9_train.csv,object,basket,auto,0,keep
/data/datasets/DROID/train_v8/final/10879_exterior_image_1_left_pair0.png,v9_train.csv,block,block,human,0,keep
/data/datasets/DROID/train_v8/final/12008_exterior_image_2_left_pair0.png,v9_train.csv,lid,pot,auto,0,unreviewed
/data/datasets/DROID/train_v8/final/11420_exterior_image_2_left_pair0.png,v9_train.csv,cup,table,auto,0,unreviewed
/data/datasets/DROID/train_v8/final/10984_exterior_image_2_left_pair0.png,v9_train.csv,sponge,box,auto,0,keep
/data/datasets/DROID/train_v8/final/11649_exterior_image_1_left_pair0.png,v9_train.csv,clothing,box,auto,0,keep
/data/datasets/DROID/train_v8/final/15377_exterior_image_1_left_pair0.png,v9_train.csv,jersey,chair,auto,0,keep
/data/datasets/DROID/train_v8/final/67849_exterior_image_1_left_pair0.png,v9_train.csv,lid,pot,auto,0,unreviewed
/data/datasets/DROID/train_v8/final/11105_exterior_image_1_left_pair0.png,v9_train.csv,object,plate,auto,0,keep
/data/datasets/DROID/train_v8/final/10981_exterior_image_2_left_pair0.png,v9_train.csv,bottle,container,auto,0,keep
/data/datasets/DROID/train_v8/final/12401_exterior_image_1_left_pair0.png,v9_train.csv,pineapple plush toy,tray,auto,0,keep
/data/datasets/DROID/train_v8/final/28259_exterior_image_1_left_pair1.png,v9_train.csv,object,drawer,auto,0,unreviewed
/data/datasets/DROID/train_v8/final/36760_exterior_image_2_left_pair3.png,v9_train.csv,towel,plate,auto,0,unreviewed
/data/datasets/DROID/train_v8/final/11538_exterior_image_1_left_pair0.png,v9_train.csv,salt shaker,pot,auto,0,keep
/data/datasets/DROID/train_v8/final/12104_exterior_image_1_left_pair0.png,v9_train.csv,triangle block,cube,auto,0,keep
/data/datasets/DROID/train_v8/final/11298_exterior_image_2_left_pair0.png,v9_train.csv,peach,bookshelf,auto,0,keep
/data/datasets/DROID/train_v8/final/15540_exterior_image_2_left_pair0.png,v9_train.csv,lid,table,auto,0,unreviewed
/data/datasets/DROID/train_v8/final/11295_exterior_image_2_left_pair0.png,v9_train.csv,egg,countertop,auto,1,keep
/data/datasets/DROID/train_v8/final/10921_exterior_image_2_left_pair0.png,v9_train.csv,lid,container,auto,0,unreviewed
/data/datasets/DROID/train_v8/final/27639_exterior_image_2_left_pair1.png,v9_train.csv,block,red spot,human,0,keep
/data/datasets/DROID/train_v8/final/11958_exterior_image_1_left_pair0.png,v9_train.csv,board eraser,stand,auto,0,keep
/data/datasets/DROID/train_v8/final/11458_exterior_image_1_left_pair0.png,v9_train.csv,shirt,desk,auto,1,keep
/data/datasets/DROID/train_v8/final/11458_exterior_image_1_left_pair1.png,v9_train.csv,shirt,box,auto,0,unreviewed
/data/datasets/DROID/train_v8/final/10709_exterior_image_2_left_pair0.png,v9_train.csv,bottle,countertop,human,1,keep
/data/datasets/DROID/train_v8/final/14116_exterior_image_1_left_pair0.png,v9_train.csv,towel,table,auto,0,unreviewed
/data/datasets/DROID/train_v8/final/10668_exterior_image_1_left_pair0.png,v9_train.csv,object,sink,auto,0,unreviewed
/data/datasets/DROID/train_v8/final/2206_exterior_image_1_left_pair0.png,v9_train.csv,bottle,tray,auto,0,keep
/data/datasets/DROID/train_v8/final/14492_exterior_image_1_left_pair0.png,v9_train.csv,bowl,table,auto,0,unreviewed
/data/datasets/DROID/train_v8/final/11553_exterior_image_2_left_pair0.png,v9_train.csv,cup,table,auto,1,keep
/data/datasets/DROID/train_v8/final/14217_exterior_image_1_left_pair0.png,v9_train.csv,maize cob,bowl,auto,0,keep
/data/datasets/DROID/train_v8/final/12407_exterior_image_1_left_pair0.png,v9_train.csv,marker,table,auto,1,keep
/data/datasets/DROID/train_v8/final/12670_exterior_image_2_left_pair0.png,v9_train.csv,turtle plush toy,counter,auto,1,keep
/data/datasets/DROID/train_v8/final/24073_exterior_image_2_left_pair0.png,v9_train.csv,bowl,table,auto,1,keep
/data/datasets/DROID/train_v8/final/23532_exterior_image_2_left_pair0.png,v9_train.csv,object,table,auto,1,keep
/data/datasets/DROID/train_v8/final/4542_exterior_image_2_left_pair0.png,v9_train.csv,doll,bowl,auto,0,keep
/data/datasets/DROID/train_v8/final/11898_exterior_image_1_left_pair0.png,v9_train.csv,bag,shelf,auto,0,unreviewed
/data/datasets/DROID/train_v8/final/11110_exterior_image_2_left_pair0.png,v9_train.csv,watermelon toy,pot,auto,0,keep
/data/datasets/DROID/train_v8/final/11110_exterior_image_2_left_pair1.png,v9_train.csv,lid,,auto,0,unreviewed
/data/datasets/DROID/train_v8/final/19325_exterior_image_2_left_pair0.png,v9_train.csv,jar,plate,auto,0,unreviewed
/data/datasets/DROID/train_v8/final/39383_exterior_image_2_left_pair0.png,v9_train.csv,cup,table,human,1,keep
/data/datasets/DROID/train_v8/final/38489_exterior_image_1_left_pair0.png,v9_train.csv,soda can,counter,auto,0,unreviewed
/data/datasets/DROID/train_v8/final/2305_exterior_image_1_left_pair0.png,v9_train.csv,object,table,auto,0,keep
/data/datasets/DROID/train_v8/final/27330_exterior_image_2_left_pair0.png,v9_train.csv,sweatshirt,table,auto,1,keep
/data/datasets/DROID/train_v8/final/19911_exterior_image_1_left_pair0.png,v9_train.csv,charger head,slot on extension cord,auto,0,keep
/data/datasets/DROID/train_v8/final/15536_exterior_image_1_left_pair0.png,v9_train.csv,sauce bottle,sink,auto,0,keep
/data/datasets/DROID/train_v8/final/11650_exterior_image_2_left_pair0.png,v9_train.csv,cube,rack,auto,0,keep
/data/datasets/DROID/train_v8/final/16115_exterior_image_2_left_pair0.png,v9_train.csv,cube,table,auto,1,keep
/data/datasets/DROID/train_v8/final/35253_exterior_image_1_left_pair0.png,v9_train.csv,,table,auto,0,discard
/data/datasets/DROID/train_v8/final/86390_exterior_image_2_left_pair0.png,v9_train.csv,drink,drawer,auto,0,unreviewed
/data/datasets/DROID/train_v8/final/1365_exterior_image_1_left_pair0.png,v9_train.csv,toy,table,auto,1,keep
/data/datasets/DROID/train_v8/final/1830_exterior_image_1_left_pair0.png,v9_train.csv,banana toy,box,auto,0,vanish
/data/datasets/DROID/train_v8/final/54016_exterior_image_1_left_pair0.png,v9_train.csv,cookie,drawer,auto,0,unreviewed
/data/datasets/DROID/train_v8/final/35151_exterior_image_2_left_pair0.png,v9_train.csv,shirt,table,auto,0,unreviewed
/data/datasets/DROID/train_v8/final/15752_exterior_image_2_left_pair0.png,v9_train.csv,lid,countertop,auto,0,unreviewed
/data/datasets/DROID/train_v8/final/27362_exterior_image_1_left_pair0.png,v9_train.csv,can,tabletop,auto,0,unreviewed
/data/datasets/DROID/train_v8/final/12547_exterior_image_2_left_pair0.png,v9_train.csv,lid,box,auto,0,unreviewed
/data/datasets/DROID/train_v8/final/13898_exterior_image_1_left_pair0.png,v9_train.csv,towel,rack,auto,0,unreviewed
/data/datasets/DROID/train_v8/final/17950_exterior_image_1_left_pair0.png,v9_train.csv,animal plush toy,table,human,0,keep
/data/datasets/DROID/train_v8/final/39819_exterior_image_2_left_pair0.png,v9_train.csv,teddy bear,table,auto,0,keep
/data/datasets/DROID/train_v8/final/34440_exterior_image_1_left_pair0.png,v9_train.csv,lid,table,auto,0,unreviewed
/data/datasets/DROID/train_v8/final/12272_exterior_image_2_left_pair0.png,v9_train.csv,plush toy,table,auto,1,keep
/data/datasets/DROID/train_v8/final/11050_exterior_image_1_left_pair0.png,v9_train.csv,can,bowl,auto,0,unreviewed
/data/datasets/DROID/train_v8/final/28144_exterior_image_2_left_pair0.png,v9_train.csv,teabag,cup,auto,0,vanish
/data/datasets/DROID/train_v8/final/10850_exterior_image_1_left_pair0.png,v9_train.csv,marker,tabletop,auto,0,unreviewed
/data/datasets/DROID/train_v8/final/11625_exterior_image_1_left_pair0.png,v9_train.csv,trash can,table,auto,0,unreviewed
/data/datasets/DROID/train_v8/final/17161_exterior_image_1_left_pair0.png,v9_train.csv,can,cabinet,auto,0,unreviewed
/data/datasets/DROID/train_v8/final/23903_exterior_image_1_left_pair0.png,v9_train.csv,cup,underside table,auto,1,keep
/data/datasets/DROID/train_v8/final/15930_exterior_image_2_left_pair0.png,v9_train.csv,cup,pot,auto,0,keep
/data/datasets/DROID/train_v8/final/29567_exterior_image_2_left_pair0.png,v9_train.csv,towel,object,auto,0,keep
/data/datasets/DROID/train_v8/final/63865_exterior_image_2_left_pair0.png,v9_train.csv,clothes hanger,table,auto,0,discard
/data/datasets/DROID/train_v8/final/18288_exterior_image_1_left_pair0.png,v9_train.csv,bowl,bowl,auto,0,keep
/data/datasets/DROID/train_v8/final/10967_exterior_image_1_left_pair0.png,v9_train.csv,block,side table,auto,0,unreviewed
/data/datasets/DROID/train_v8/final/79556_exterior_image_2_left_pair0.png,v9_train.csv,object,countertop,auto,0,unreviewed
/data/datasets/DROID/train_v8/final/377_exterior_image_1_left_pair0.png,v9_train.csv,bottle,box,auto,0,vanish
/data/datasets/DROID/train_v8/final/88403_exterior_image_2_left_pair0.png,v9_train.csv,object,cup,auto,0,unreviewed
/data/datasets/DROID/train_v8/final/13315_exterior_image_2_left_pair0.png,v9_train.csv,packaging bag to shelf,shelf,human,0,keep
/data/datasets/DROID/train_v8/final/22955_exterior_image_1_left_pair0.png,v9_train.csv,t-shirt,table,auto,0,unreviewed
/data/datasets/DROID/train_v8/final/29492_exterior_image_2_left_pair0.png,v9_train.csv,cup,water dispenser,human,0,keep
/data/datasets/DROID/train_v8/final/12286_exterior_image_1_left_pair0.png,v9_train.csv,square,square,auto,0,keep
/data/datasets/DROID/train_v8/final/12018_exterior_image_1_left_pair0.png,v9_train.csv,blocks,cabinet,auto,0,keep
/data/datasets/DROID/train_v8/final/20759_exterior_image_2_left_pair0.png,v9_train.csv,bowl,table,auto,1,keep
/data/datasets/DROID/train_v8/final/17546_exterior_image_1_left_pair0.png,v9_train.csv,lid,pot,auto,0,keep
/data/datasets/DROID/train_v8/final/1506_exterior_image_1_left_pair0.png,v9_train.csv,tape,bowl,auto,0,keep
/data/datasets/DROID/train_v8/final/38778_exterior_image_1_left_pair0.png,v9_train.csv,mug,countertop,auto,1,keep
/data/datasets/DROID/train_v8/final/1139_exterior_image_1_left_pair0.png,v9_train.csv,plush carrot toy,pan,auto,0,keep
/data/datasets/DROID/train_v8/final/12071_exterior_image_1_left_pair0.png,v9_train.csv,screwdriver,counter,auto,0,unreviewed
/data/datasets/DROID/train_v8/final/581_exterior_image_1_left_pair0.png,v9_train.csv,cup,countertop,auto,0,keep
/data/datasets/DROID/train_v8/final/16779_exterior_image_1_left_pair0.png,v9_train.csv,plush toy,bowl,auto,0,keep
/data/datasets/DROID/train_v8/final/14695_exterior_image_1_left_pair0.png,v9_train.csv,sneaker,topmost shelf shoe rack,auto,0,unreviewed
/data/datasets/DROID/train_v8/final/1066_exterior_image_1_left_pair0.png,v9_train.csv,marker,table,auto,1,keep
/data/datasets/DROID/train_v8/final/13451_exterior_image_2_left_pair0.png,v9_train.csv,shoes,shelf,auto,0,unreviewed
/data/datasets/DROID/train_v8/final/13938_exterior_image_1_left_pair0.png,v9_train.csv,object,pot,human,0,keep
/data/datasets/DROID/train_v8/final/21107_exterior_image_1_left_pair0.png,v9_train.csv,bottle,counter,auto,1,keep
/data/datasets/DROID/train_v8/final/40927_exterior_image_2_left_pair0.png,v9_train.csv,egg,cup,auto,0,unreviewed
/data/datasets/DROID/train_v8/final/16827_exterior_image_1_left_pair0.png,v9_train.csv,screwdriver,drawer,auto,1,keep
/data/datasets/DROID/train_v8/final/66542_exterior_image_2_left_pair0.png,v9_train.csv,jean jacket,seat chair,auto,0,vanish
/data/datasets/DROID/train_v8/final/43349_exterior_image_1_left_pair0.png,v9_train.csv,fabric,bag,auto,0,vanish
/data/datasets/DROID/train_v8/final/10954_exterior_image_2_left_pair0.png,v9_train.csv,object,plate,auto,0,unreviewed
/data/datasets/DROID/train_v8/final/12727_exterior_image_2_left_pair0.png,v9_train.csv,masking tape,plate,auto,0,keep
/data/datasets/DROID/train_v8/final/23050_exterior_image_1_left_pair0.png,v9_train.csv,cup,side table,auto,1,keep
/data/datasets/DROID/train_v8/final/57118_exterior_image_2_left_pair0.png,v9_train.csv,toy,bowl,auto,0,unreviewed
/data/datasets/DROID/train_v8/final/12019_exterior_image_1_left_pair0.png,v9_train.csv,pot lid,pot,auto,0,unreviewed
/data/datasets/DROID/train_v8/final/22767_exterior_image_1_left_pair0.png,v9_train.csv,lid,cup,auto,0,unreviewed
/data/datasets/DROID/train_v8/final/78017_exterior_image_2_left_pair0.png,v9_train.csv,pen,bowl,auto,0,keep
/data/datasets/DROID/train_v8/final/14005_exterior_image_2_left_pair0.png,v9_train.csv,toy,pot,auto,0,keep
/data/datasets/DROID/train_v8/final/3807_exterior_image_1_left_pair0.png,v9_train.csv,tape,bowl,auto,0,keep
/data/datasets/DROID/train_v8/final/16348_exterior_image_2_left_pair0.png,v9_train.csv,lid,,auto,0,unreviewed
/data/datasets/DROID/train_v8/final/1302_exterior_image_1_left_pair0.png,v9_train.csv,bottle,table,auto,1,keep
/data/datasets/DROID/train_v8/final/59382_exterior_image_2_left_pair0.png,v9_train.csv,pillow,couch,auto,0,keep
/data/datasets/DROID/train_v8/final/16926_exterior_image_2_left_pair0.png,v9_train.csv,block,table,auto,1,keep
/data/datasets/DROID/train_v8/final/60500_exterior_image_1_left_pair0.png,v9_train.csv,tissue box,countertop,auto,1,keep
/data/datasets/DROID/train_v8/final/60500_exterior_image_1_left_pair1.png,v9_train.csv,tissue box,tissue box,auto,0,unreviewed
/data/datasets/DROID/train_v8/final/41788_exterior_image_2_left_pair0.png,v9_train.csv,cloth,counter,auto,0,unreviewed
/data/datasets/DROID/train_v8/final/65695_exterior_image_2_left_pair0.png,v9_train.csv,mug,sink,auto,0,keep
/data/datasets/DROID/train_v8/final/11343_exterior_image_1_left_pair0.png,v9_train.csv,bottle,trash can,auto,0,unreviewed
/data/datasets/DROID/train_v8/final/72757_exterior_image_1_left_pair0.png,v9_train.csv,tube,bowl,auto,0,keep
/data/datasets/DROID/train_v8/final/23205_exterior_image_1_left_pair0.png,v9_train.csv,object,box,auto,0,keep
/data/datasets/DROID/train_v8/final/13225_exterior_image_1_left_pair0.png,v9_train.csv,container,stove,auto,0,unreviewed
/data/datasets/DROID/train_v8/final/29431_exterior_image_1_left_pair0.png,v9_train.csv,plush toy,cabinet,human,0,keep
/data/datasets/DROID/train_v8/final/14433_exterior_image_2_left_pair0.png,v9_train.csv,cloth,frame,auto,0,keep
/data/datasets/DROID/train_v8/final/13447_exterior_image_2_left_pair0.png,v9_train.csv,cloth,table,auto,1,keep
/data/datasets/DROID/train_v8/final/15439_exterior_image_2_left_pair0.png,v9_train.csv,and bowl,box,auto,0,unreviewed
/data/datasets/DROID/train_v8/final/11680_exterior_image_2_left_pair0.png,v9_train.csv,pen,storage box,auto,0,vanish
/data/datasets/DROID/train_v8/final/11784_exterior_image_1_left_pair0.png,v9_train.csv,cube,bowl,auto,0,keep
/data/datasets/DROID/train_v8/final/11413_exterior_image_1_left_pair0.png,v9_train.csv,spoon,mug,auto,0,keep
/data/datasets/DROID/train_v8/final/12200_exterior_image_2_left_pair0.png,v9_train.csv,object,bag,human,0,vanish
/data/datasets/DROID/train_v8/final/13397_exterior_image_1_left_pair0.png,v9_train.csv,peach plush toy,box,auto,0,keep
/data/datasets/DROID/train_v8/final/14825_exterior_image_2_left_pair0.png,v9_train.csv,marker,cup,auto,0,keep
/data/datasets/DROID/train_v8/final/1403_exterior_image_1_left_pair0.png,v9_train.csv,cup,tabletop,auto,1,keep
/data/datasets/DROID/train_v8/final/20679_exterior_image_1_left_pair0.png,v9_train.csv,sachet,countertop,auto,1,keep
/data/datasets/DROID/train_v8/final/20679_exterior_image_1_left_pair1.png,v9_train.csv,sachet,countertop,auto,0,unreviewed
/data/datasets/DROID/train_v8/final/12761_exterior_image_1_left_pair0.png,v9_train.csv,pack,table,auto,0,unreviewed
/data/datasets/DROID/train_v8/final/1252_exterior_image_1_left_pair0.png,v9_train.csv,plate,,auto,0,unreviewed
/data/datasets/DROID/train_v8/final/25377_exterior_image_1_left_pair0.png,v9_train.csv,bottle,table,auto,1,keep
/data/datasets/DROID/train_v8/final/1587_exterior_image_1_left_pair0.png,v9_train.csv,pencil,table,auto,1,keep
/data/datasets/DROID/train_v8/final/11760_exterior_image_2_left_pair0.png,v9_train.csv,glue stick,mug,auto,0,keep
/data/datasets/DROID/train_v8/final/16671_exterior_image_1_left_pair0.png,v9_train.csv,cup,bowl,auto,0,unreviewed
/data/datasets/DROID/train_v8/final/27933_exterior_image_1_left_pair0.png,v9_train.csv,packaging,table,auto,0,unreviewed
/data/datasets/DROID/train_v8/final/28271_exterior_image_1_left_pair0.png,v9_train.csv,pot,countertop,auto,0,keep
/data/datasets/DROID/train_v8/final/16860_exterior_image_1_left_pair0.png,v9_train.csv,bowl,tissue,auto,0,unreviewed
/data/datasets/DROID/train_v8/final/17324_exterior_image_1_left_pair0.png,v9_train.csv,marker,cup,auto,0,keep
/data/datasets/DROID/train_v8/final/38929_exterior_image_2_left_pair0.png,v9_train.csv,pot,two stoves,auto,0,unreviewed
/data/datasets/DROID/train_v8/final/26138_exterior_image_1_left_pair0.png,v9_train.csv,rope,box,auto,0,keep
/data/datasets/DROID/train_v8/final/78751_exterior_image_2_left_pair0.png,v9_train.csv,object,bowl,auto,0,vanish
/data/datasets/DROID/train_v8/final/18489_exterior_image_2_left_pair0.png,v9_train.csv,object,bag,auto,0,vanish
/data/datasets/DROID/train_v8/final/33526_exterior_image_2_left_pair0.png,v9_train.csv,teabag,mug,auto,0,vanish
/data/datasets/DROID/train_v8/final/42283_exterior_image_2_left_pair0.png,v9_train.csv,cloth,table,auto,0,unreviewed
/data/datasets/DROID/train_v8/final/27304_exterior_image_1_left_pair0.png,v9_train.csv,jar,bottle,auto,0,unreviewed
/data/datasets/DROID/train_v8/final/57332_exterior_image_2_left_pair0.png,v9_train.csv,cushion,armrest sofa,auto,0,keep
/data/datasets/DROID/train_v8/final/52627_exterior_image_1_left_pair0.png,v9_train.csv,box,other box,human,0,keep
/data/datasets/DROID/train_v8/final/2996_exterior_image_1_left_pair0.png,v9_train.csv,towel,chair,auto,0,keep
/data/datasets/DROID/train_v8/final/2996_exterior_image_1_left_pair1.png,v9_train.csv,towel,chair,auto,0,unreviewed
/data/datasets/DROID/train_v8/final/15189_exterior_image_2_left_pair0.png,v9_train.csv,glue stick,cup,auto,0,keep
/data/datasets/DROID/train_v8/final/44440_exterior_image_2_left_pair0.png,v9_train.csv,fork,cutlery holder,auto,0,vanish
/data/datasets/DROID/train_v8/final/19289_exterior_image_1_left_pair0.png,v9_train.csv,lid,pot,auto,0,keep
/data/datasets/DROID/train_v8/final/77484_exterior_image_2_left_pair0.png,v9_train.csv,bag,box,auto,0,keep
/data/datasets/DROID/train_v8/final/10727_exterior_image_1_left_pair0.png,v9_train.csv,object,cabinet,auto,0,keep
/data/datasets/DROID/train_v8/final/35980_exterior_image_2_left_pair0.png,v9_train.csv,lid,table,auto,1,keep
/data/datasets/DROID/train_v8/final/19860_exterior_image_2_left_pair0.png,v9_train.csv,Rubik's cube,block,human,0,keep
/data/datasets/DROID/train_v8/final/16106_exterior_image_1_left_pair0.png,v9_train.csv,cloth,stand,auto,0,unreviewed
/data/datasets/DROID/train_v8/final/13724_exterior_image_1_left_pair0.png,v9_train.csv,pen,cup,auto,0,keep
/data/datasets/DROID/train_v8/final/27727_exterior_image_1_left_pair0.png,v9_train.csv,cup,table,auto,0,unreviewed
/data/datasets/DROID/train_v8/final/35397_exterior_image_1_left_pair0.png,v9_train.csv,plush toy,table,auto,1,keep
/data/datasets/DROID/train_v8/final/16366_exterior_image_1_left_pair0.png,v9_train.csv,rectangular box food,area table,auto,0,unreviewed
/data/datasets/DROID/train_v8/final/74758_exterior_image_2_left_pair0.png,v9_train.csv,cube,table,auto,0,keep
/data/datasets/DROID/train_v8/final/19044_exterior_image_1_left_pair0.png,v9_train.csv,lid,table,auto,0,unreviewed
/data/datasets/DROID/train_v8/final/15492_exterior_image_2_left_pair0.png,v9_train.csv,object,table,auto,0,unreviewed
/data/datasets/DROID/train_v8/final/10831_exterior_image_2_left_pair0.png,v9_train.csv,sharpie,table,auto,0,unreviewed
/data/datasets/DROID/train_v8/final/10700_exterior_image_2_left_pair0.png,v9_train.csv,hoodie,TV stand,auto,0,unreviewed
/data/datasets/DROID/train_v8/final/16810_exterior_image_1_left_pair0.png,v9_train.csv,marker,table,auto,0,unreviewed
/data/datasets/DROID/train_v8/final/44703_exterior_image_2_left_pair0.png,v9_train.csv,plate,plate,auto,0,keep
/data/datasets/DROID/train_v8/final/13911_exterior_image_1_left_pair0.png,v9_train.csv,spoon,mug,auto,0,keep
/data/datasets/DROID/train_v8/final/13660_exterior_image_1_left_pair0.png,v9_train.csv,lid,tabletop,auto,0,unreviewed
/data/datasets/DROID/train_v8/final/16082_exterior_image_1_left_pair0.png,v9_train.csv,object,table,human,1,keep
/data/datasets/DROID/train_v8/final/16202_exterior_image_2_left_pair0.png,v9_train.csv,drink,sink,auto,0,unreviewed
/data/datasets/DROID/train_v8/final/46444_exterior_image_1_left_pair0.png,v9_train.csv,straw,tabletop,auto,0,keep
/data/datasets/DROID/train_v8/final/11004_exterior_image_1_left_pair0.png,v9_train.csv,glove above table,table,auto,1,keep
/data/datasets/DROID/train_v8/final/20646_exterior_image_2_left_pair0.png,v9_train.csv,sauce bottle,cup,auto,0,keep
/data/datasets/DROID/train_v8/final/14344_exterior_image_1_left_pair0.png,v9_train.csv,cup,table,auto,0,unreviewed
/data/datasets/DROID/train_v8/final/11066_exterior_image_2_left_pair0.png,v9_train.csv,marker,pot,auto,0,keep
/data/datasets/DROID/train_v8/final/10757_exterior_image_2_left_pair0.png,v9_train.csv,block,bowl,auto,0,keep
/data/datasets/DROID/train_v8/final/15964_exterior_image_2_left_pair0.png,v9_train.csv,object,pot,auto,0,keep
/data/datasets/DROID/train_v8/final/12104_exterior_image_2_left_pair0.png,v9_train.csv,triangle block,cube,auto,0,keep
/data/datasets/DROID/train_v8/final/16946_exterior_image_1_left_pair0.png,v9_train.csv,cloth,,auto,0,unreviewed
/data/datasets/DROID/train_v8/final/17953_exterior_image_2_left_pair1.png,v9_train.csv,clothes,box,auto,0,keep
/data/datasets/DROID/train_v8/final/13791_exterior_image_2_left_pair0.png,v9_train.csv,soldering iron,workbench,auto,1,keep
/data/datasets/DROID/train_v8/final/20637_exterior_image_2_left_pair0.png,v9_train.csv,cloth,surface table,auto,1,keep
/data/datasets/DROID/train_v8/final/18730_exterior_image_2_left_pair0.png,v9_train.csv,cup,plate,auto,0,unreviewed
/data/datasets/DROID/train_v8/final/22128_exterior_image_1_left_pair0.png,v9_train.csv,teabag,cup,auto,0,vanish
/data/datasets/DROID/train_v8/final/1553_exterior_image_2_left_pair0.png,v9_train.csv,bottle,bowl,auto,0,keep
/data/datasets/DROID/train_v8/final/13992_exterior_image_2_left_pair0.png,v9_train.csv,bag snacks,sink,auto,0,unreviewed
/data/datasets/DROID/train_v8/final/219_exterior_image_2_left_pair0.png,v9_train.csv,object,cup,human,1,keep
/data/datasets/DROID/train_v8/final/22194_exterior_image_1_left_pair0.png,v9_train.csv,marker,cup,auto,0,keep
/data/datasets/DROID/train_v8/final/11389_exterior_image_1_left_pair0.png,v9_train.csv,cup,table,auto,1,keep
/data/datasets/DROID/train_v8/final/33215_exterior_image_1_left_pair0.png,v9_train.csv,hoodie,chair,auto,0,keep
/data/datasets/DROID/train_v8/final/15706_exterior_image_2_left_pair0.png,v9_train.csv,pen,table,human,1,keep
/data/datasets/DROID/train_v8/final/20821_exterior_image_1_left_pair0.png,v9_train.csv,inner cooking pan,sink,auto,0,keep
/data/datasets/DROID/train_v8/final/17889_exterior_image_2_left_pair0.png,v9_train.csv,stuffed toy,sink,auto,0,keep
/data/datasets/DROID/train_v8/final/11359_exterior_image_1_left_pair0.png,v9_train.csv,spoon,box,auto,0,unreviewed
/data/datasets/DROID/train_v8/final/24291_exterior_image_2_left_pair0.png,v9_train.csv,tape,bowl,auto,0,keep
/data/datasets/DROID/train_v8/final/14144_exterior_image_2_left_pair0.png,v9_train.csv,block,bowl,auto,0,unreviewed
/data/datasets/DROID/train_v8/final/13419_exterior_image_2_left_pair0.png,v9_train.csv,rabbit toy,drawer,auto,0,keep
/data/datasets/DROID/train_v8/final/16066_exterior_image_1_left_pair0.png,v9_train.csv,lid,tabletop,auto,0,unreviewed
/data/datasets/DROID/train_v8/final/15135_exterior_image_2_left_pair0.png,v9_train.csv,lid,pot,auto,0,unreviewed
/data/datasets/DROID/train_v8/final/26832_exterior_image_1_left_pair0.png,v9_train.csv,tissue,table,human,1,keep
/data/datasets/DROID/train_v8/final/39845_exterior_image_2_left_pair0.png,v9_train.csv,packet,part countertop,human,0,keep
/data/datasets/DROID/train_v8/final/38458_exterior_image_1_left_pair0.png,v9_train.csv,object,drawer,auto,0,keep
/data/datasets/DROID/train_v8/final/12666_exterior_image_1_left_pair0.png,v9_train.csv,cup,desktop,auto,1,keep
/data/datasets/DROID/train_v8/final/9247_exterior_image_2_left_pair0.png,v9_train.csv,cup,cup,auto,0,vanish
/data/datasets/DROID/train_v8/final/9247_exterior_image_2_left_pair1.png,v9_train.csv,cup,cup,auto,0,unreviewed
/data/datasets/DROID/train_v8/final/14672_exterior_image_1_left_pair0.png,v9_train.csv,marker,table,auto,1,keep
/data/datasets/DROID/train_v8/final/36495_exterior_image_1_left_pair0.png,v9_train.csv,plush toy,tray,auto,0,keep
/data/datasets/DROID/train_v8/final/12565_exterior_image_1_left_pair0.png,v9_train.csv,lid,counter,auto,0,unreviewed
/data/datasets/DROID/train_v8/final/1469_exterior_image_1_left_pair0.png,v9_train.csv,bowl,bowl,auto,0,keep
/data/datasets/DROID/train_v8/final/77546_exterior_image_2_left_pair0.png,v9_train.csv,lid,table,auto,0,unreviewed
/data/datasets/DROID/train_v8/final/12970_exterior_image_1_left_pair0.png,v9_train.csv,lid,pot,auto,0,unreviewed
/data/datasets/DROID/train_v8/final/21720_exterior_image_1_left_pair0.png,v9_train.csv,apple plush toy,basket,auto,0,keep
/data/datasets/DROID/train_v8/final/21720_exterior_image_1_left_pair1.png,v9_train.csv,plush toy,basket,auto,0,unreviewed
/data/datasets/DROID/train_v8/final/23666_exterior_image_2_left_pair0.png,v9_train.csv,can,cabinet,auto,0,unreviewed
/data/datasets/DROID/train_v8/final/16921_exterior_image_2_left_pair0.png,v9_train.csv,bowl,table,auto,0,unreviewed
/data/datasets/DROID/train_v8/final/11794_exterior_image_2_left_pair0.png,v9_train.csv,object,table,auto,1,keep
/data/datasets/DROID/train_v8/final/16329_exterior_image_2_left_pair0.png,v9_train.csv,lid,teapot,auto,0,keep
/data/datasets/DROID/train_v8/final/39652_exterior_image_1_left_pair0.png,v9_train.csv,toy lid,toy pot,auto,0,keep
/data/datasets/DROID/train_v8/final/15164_exterior_image_2_left_pair0.png,v9_train.csv,bottle by table,table,auto,1,keep
/data/datasets/DROID/train_v8/final/12101_exterior_image_2_left_pair0.png,v9_train.csv,object,basket,auto,0,keep
/data/datasets/DROID/train_v8/final/10863_exterior_image_1_left_pair0.png,v9_train.csv,block,blocks,human,0,keep
/data/datasets/DROID/train_v8/final/13513_exterior_image_2_left_pair0.png,v9_train.csv,lid,tray,auto,0,unreviewed
/data/datasets/DROID/train_v8/final/38994_exterior_image_1_left_pair0.png,v9_train.csv,object,box,auto,0,keep
/data/datasets/DROID/train_v8/final/18544_exterior_image_1_left_pair0.png,v9_train.csv,bag,cabinet,auto,0,unreviewed
/data/datasets/DROID/train_v8/final/20488_exterior_image_2_left_pair0.png,v9_train.csv,cup,laundary machine,human,1,keep
/data/datasets/DROID/train_v8/final/20488_exterior_image_2_left_pair1.png,v9_train.csv,bowl,bowl,auto,0,unreviewed
/data/datasets/DROID/train_v8/final/16355_exterior_image_2_left_pair0.png,v9_train.csv,clothing,couch,auto,0,keep
/data/datasets/DROID/train_v8/final/13090_exterior_image_1_left_pair0.png,v9_train.csv,bottle,box,auto,0,keep
/data/datasets/DROID/train_v8/final/19111_exterior_image_2_left_pair0.png,v9_train.csv,tulip plush toy,bowl,auto,0,keep
/data/datasets/DROID/train_v8/final/12075_exterior_image_2_left_pair0.png,v9_train.csv,marker,cup,auto,0,keep
/data/datasets/DROID/train_v8/final/13280_exterior_image_1_left_pair0.png,v9_train.csv,toy banana,backrest sofa,auto,0,unreviewed
/data/datasets/DROID/train_v8/final/30879_exterior_image_1_left_pair0.png,v9_train.csv,lid,pot,auto,0,keep
/data/datasets/DROID/train_v8/final/13595_exterior_image_1_left_pair0.png,v9_train.csv,tool,bowl,auto,0,keep
/data/datasets/DROID/train_v8/final/14276_exterior_image_2_left_pair0.png,v9_train.csv,block,bowl,auto,0,vanish
/data/datasets/DROID/train_v8/final/80871_exterior_image_1_left_pair0.png,v9_train.csv,cup,countertop,human,0,keep
/data/datasets/DROID/train_v8/final/10763_exterior_image_1_left_pair0.png,v9_train.csv,lid,pot,auto,0,unreviewed
/data/datasets/DROID/train_v8/final/11947_exterior_image_2_left_pair0.png,v9_train.csv,object,table,auto,1,keep
/data/datasets/DROID/train_v8/final/29696_exterior_image_1_left_pair0.png,v9_train.csv,object,drawer,auto,0,keep
/data/datasets/DROID/train_v8/final/11892_exterior_image_2_left_pair0.png,v9_train.csv,tape,container,auto,0,keep
/data/datasets/DROID/train_v8/final/12900_exterior_image_2_left_pair0.png,v9_train.csv,pen,cup,auto,0,keep
/data/datasets/DROID/train_v8/final/12091_exterior_image_1_left_pair0.png,v9_train.csv,lid,pot,auto,0,unreviewed
/data/datasets/DROID/train_v8/final/36154_exterior_image_2_left_pair0.png,v9_train.csv,egg,cup,auto,0,unreviewed
/data/datasets/DROID/train_v8/final/15773_exterior_image_1_left_pair0.png,v9_train.csv,marker,table,auto,0,unreviewed
/data/datasets/DROID/train_v8/final/19470_exterior_image_1_left_pair0.png,v9_train.csv,cloth hanging,table,auto,1,keep
/data/datasets/DROID/train_v8/final/11179_exterior_image_1_left_pair0.png,v9_train.csv,block,cup,auto,0,vanish
/data/datasets/DROID/train_v8/final/18393_exterior_image_2_left_pair0.png,v9_train.csv,rubber duck,pot,auto,0,vanish
/data/datasets/DROID/train_v8/final/13597_exterior_image_1_left_pair0.png,v9_train.csv,packet,sink,auto,0,unreviewed
/data/datasets/DROID/train_v8/final/15804_exterior_image_2_left_pair1.png,v9_train.csv,fabric,table,auto,1,keep
/data/datasets/DROID/train_v8/final/41358_exterior_image_2_left_pair0.png,v9_train.csv,straw,cup,auto,0,keep
/data/datasets/DROID/train_v8/final/11876_exterior_image_1_left_pair0.png,v9_train.csv,cup,cup,auto,0,keep
/data/datasets/DROID/train_v8/final/16198_exterior_image_2_left_pair0.png,v9_train.csv,jar,object,auto,0,unreviewed
/data/datasets/DROID/train_v8/final/39322_exterior_image_2_left_pair1.png,v9_train.csv,plush toy,plate,auto,0,keep
/data/datasets/DROID/train_v8/final/17935_exterior_image_2_left_pair0.png,v9_train.csv,cup,table,human,1,keep
/data/datasets/DROID/train_v8/final/27894_exterior_image_1_left_pair0.png,v9_train.csv,plush toy,dish rack,auto,1,keep
/data/datasets/DROID/train_v8/final/14280_exterior_image_2_left_pair0.png,v9_train.csv,object,bowl,auto,0,keep
/data/datasets/DROID/train_v8/final/48349_exterior_image_1_left_pair0.png,v9_train.csv,bottle,cup,human,1,keep
/data/datasets/DROID/train_v8/final/15365_exterior_image_2_left_pair0.png,v9_train.csv,lid,pot,auto,0,unreviewed
/data/datasets/DROID/train_v8/final/17460_exterior_image_2_left_pair0.png,v9_train.csv,tape,desktop,human,1,keep
/data/datasets/DROID/train_v8/final/14373_exterior_image_2_left_pair0.png,v9_train.csv,bottle,table,human,1,keep
/data/datasets/DROID/train_v8/final/49912_exterior_image_2_left_pair0.png,v9_train.csv,animal toy,pot,auto,0,unreviewed
/data/datasets/DROID/train_v8/final/13140_exterior_image_2_left_pair0.png,v9_train.csv,block,table,auto,1,keep
/data/datasets/DROID/train_v8/final/14586_exterior_image_1_left_pair0.png,v9_train.csv,block,cup,auto,0,vanish
/data/datasets/DROID/train_v8/final/12877_exterior_image_2_left_pair0.png,v9_train.csv,bag,container,auto,0,unreviewed
/data/datasets/DROID/train_v8/final/11738_exterior_image_2_left_pair0.png,v9_train.csv,bag snacks,bowl,auto,0,unreviewed
/data/datasets/DROID/train_v8/final/11635_exterior_image_1_left_pair0.png,v9_train.csv,cable,toolbox,auto,0,keep
/data/datasets/DROID/train_v8/final/58705_exterior_image_2_left_pair0.png,v9_train.csv,spatula,table,auto,1,keep
/data/datasets/DROID/train_v8/final/17905_exterior_image_2_left_pair0.png,v9_train.csv,cloth pin,cloth,human,0,keep
/data/datasets/DROID/train_v8/final/11300_exterior_image_2_left_pair1.png,v9_train.csv,bowl,table,auto,0,unreviewed
/data/datasets/DROID/train_v8/final/11106_exterior_image_1_left_pair0.png,v9_train.csv,block,table,auto,1,keep
/data/datasets/DROID/train_v8/final/11438_exterior_image_2_left_pair0.png,v9_train.csv,pen,desktop,auto,1,keep
/data/datasets/DROID/train_v8/final/14737_exterior_image_1_left_pair0.png,v9_train.csv,cup,table,human,1,keep
/data/datasets/DROID/train_v8/final/321_exterior_image_2_left_pair1.png,v9_train.csv,jar,table,auto,0,unreviewed
/data/datasets/DROID/train_v8/final/13285_exterior_image_2_left_pair0.png,v9_train.csv,cloth,shelf,auto,0,keep
/data/datasets/DROID/train_v8/final/6875_exterior_image_1_left_pair0.png,v9_train.csv,paper,box,auto,0,keep
/data/datasets/DROID/train_v8/final/11627_exterior_image_1_left_pair0.png,v9_train.csv,cup,table,auto,0,unreviewed
/data/datasets/DROID/train_v8/final/11841_exterior_image_1_left_pair0.png,v9_train.csv,bottle,lunchbox,auto,0,unreviewed
/data/datasets/DROID/train_v8/final/2876_exterior_image_1_left_pair0.png,v9_train.csv,block,block,auto,0,keep
/data/datasets/DROID/train_v8/final/16519_exterior_image_2_left_pair0.png,v9_train.csv,bag chips,sink,auto,0,unreviewed
/data/datasets/DROID/train_v8/final/15510_exterior_image_2_left_pair0.png,v9_train.csv,marker,table,auto,0,unreviewed
/data/datasets/DROID/train_v8/final/20788_exterior_image_1_left_pair1.png,v9_train.csv,basketball,masking tape,auto,0,keep
/data/datasets/DROID/train_v8/final/15690_exterior_image_2_left_pair1.png,v9_train.csv,piece clothing,pile of cloth,human,0,keep
/data/datasets/DROID/train_v8/final/65324_exterior_image_2_left_pair0.png,v9_train.csv,plate,tabletop,human,1,keep
/data/datasets/DROID/train_v8/final/15587_exterior_image_2_left_pair0.png,v9_train.csv,marker,table,auto,0,unreviewed
/data/datasets/DROID/train_v8/final/25553_exterior_image_2_left_pair0.png,v9_train.csv,pineapple,table,auto,1,keep
/data/datasets/DROID/train_v8/final/11377_exterior_image_1_left_pair0.png,v9_train.csv,bottle,shelf,auto,0,unreviewed
/data/datasets/DROID/train_v8/final/33654_exterior_image_2_left_pair0.png,v9_train.csv,towel,cutlery holder,auto,0,keep
/data/datasets/DROID/train_v8/final/17274_exterior_image_2_left_pair0.png,v9_train.csv,lid,pot,auto,0,unreviewed
/data/datasets/DROID/train_v8/final/13179_exterior_image_2_left_pair0.png,v9_train.csv,bottle,cup,auto,0,keep
/data/datasets/DROID/train_v8/final/17780_exterior_image_2_left_pair0.png,v9_train.csv,lid,countertop,auto,0,unreviewed
/data/datasets/DROID/train_v8/final/44016_exterior_image_1_left_pair0.png,v9_train.csv,banana,table,human,0,keep
/data/datasets/DROID/train_v8/final/2109_exterior_image_1_left_pair1.png,v9_train.csv,towel,box,auto,0,vanish
/data/datasets/DROID/train_v8/final/47023_exterior_image_1_left_pair0.png,v9_train.csv,charger head,adapter,auto,0,keep
/data/datasets/DROID/train_v8/final/34407_exterior_image_1_left_pair0.png,v9_train.csv,cloth,box,auto,0,keep
/data/datasets/DROID/train_v8/final/31549_exterior_image_2_left_pair0.png,v9_train.csv,set cloths,tray,auto,0,keep
/data/datasets/DROID/train_v8/final/31549_exterior_image_2_left_pair1.png,v9_train.csv,set cloths,tray,auto,0,unreviewed
/data/datasets/DROID/train_v8/final/19177_exterior_image_2_left_pair0.png,v9_train.csv,candy bar,cabinet,auto,0,unreviewed
/data/datasets/DROID/train_v8/final/32387_exterior_image_1_left_pair0.png,v9_train.csv,towel,table,auto,0,unreviewed
/data/datasets/DROID/train_v8/final/20150_exterior_image_1_left_pair1.png,v9_train.csv,cup,cup,auto,0,keep
/data/datasets/DROID/train_v8/final/12349_exterior_image_1_left_pair0.png,v9_train.csv,cup by sink,sink,auto,0,keep
/data/datasets/DROID/train_v8/final/89768_exterior_image_1_left_pair0.png,v9_train.csv,block,block,human,0,keep
/data/datasets/DROID/train_v8/final/1840_exterior_image_1_left_pair0.png,v9_train.csv,egg,counter,auto,1,keep
/data/datasets/DROID/train_v8/final/40985_exterior_image_1_left_pair0.png,v9_train.csv,object,table,auto,1,keep
/data/datasets/DROID/train_v8/final/37187_exterior_image_2_left_pair0.png,v9_train.csv,Rubik's cube,bowl,auto,0,vanish
/data/datasets/DROID/train_v8/final/16315_exterior_image_2_left_pair0.png,v9_train.csv,bottle,tray,auto,0,keep
/data/datasets/DROID/train_v8/final/15664_exterior_image_1_left_pair0.png,v9_train.csv,cup,cup,auto,0,keep
/data/datasets/DROID/train_v8/final/82991_exterior_image_2_left_pair1.png,v9_train.csv,can,tray,auto,0,unreviewed
/data/datasets/DROID/train_v8/final/18099_exterior_image_2_left_pair0.png,v9_train.csv,towel,cat,human,0,keep
/data/datasets/DROID/train_v8/final/11598_exterior_image_1_left_pair0.png,v9_train.csv,marker,cup,auto,0,keep
/data/datasets/DROID/train_v8/final/62829_exterior_image_2_left_pair0.png,v9_train.csv,hanger,table,auto,1,keep
/data/datasets/DROID/train_v8/final/20166_exterior_image_2_left_pair0.png,v9_train.csv,marker,table,auto,0,keep
/data/datasets/DROID/train_v8/final/1541_exterior_image_2_left_pair0.png,v9_train.csv,object,pan,auto,0,keep
/data/datasets/DROID/train_v8/final/13799_exterior_image_2_left_pair0.png,v9_train.csv,spoon,hook,auto,0,unreviewed
/data/datasets/DROID/train_v8/final/16278_exterior_image_1_left_pair0.png,v9_train.csv,bag,sink,auto,0,unreviewed
/data/datasets/DROID/train_v8/final/19681_exterior_image_2_left_pair0.png,v9_train.csv,toy,plate,auto,0,keep
/data/datasets/DROID/train_v8/final/29754_exterior_image_1_left_pair0.png,v9_train.csv,towel,box,auto,0,keep
/data/datasets/DROID/train_v8/final/22407_exterior_image_1_left_pair0.png,v9_train.csv,bottle,table,auto,0,unreviewed
/data/datasets/DROID/train_v8/final/10994_exterior_image_2_left_pair0.png,v9_train.csv,pan,pot,auto,0,unreviewed
/data/datasets/DROID/train_v8/final/20825_exterior_image_1_left_pair0.png,v9_train.csv,lid,pan,auto,0,unreviewed
/data/datasets/DROID/train_v8/final/14602_exterior_image_1_left_pair0.png,v9_train.csv,coffee cup with tongs,,auto,0,unreviewed
/data/datasets/DROID/train_v8/final/11355_exterior_image_1_left_pair0.png,v9_train.csv,bowl,table,auto,0,unreviewed
/data/datasets/DROID/train_v8/final/31798_exterior_image_2_left_pair0.png,v9_train.csv,sprite can,kitchen sink,auto,0,unreviewed
/data/datasets/DROID/train_v8/final/15631_exterior_image_2_left_pair0.png,v9_train.csv,object,bowl,auto,0,keep
/data/datasets/DROID/train_v8/final/24613_exterior_image_1_left_pair1.png,v9_train.csv,tissue,rubbish can,auto,0,vanish
/data/datasets/DROID/train_v8/final/16847_exterior_image_1_left_pair0.png,v9_train.csv,cup,drawer,human,0,keep
/data/datasets/DROID/train_v8/final/18032_exterior_image_2_left_pair0.png,v9_train.csv,ball,plate,auto,0,keep
/data/datasets/DROID/train_v8/final/12837_exterior_image_2_left_pair0.png,v9_train.csv,cup,bowl,auto,0,keep
/data/datasets/DROID/train_v8/final/20300_exterior_image_2_left_pair0.png,v9_train.csv,container,countertop,auto,1,keep
/data/datasets/DROID/train_v8/final/31022_exterior_image_1_left_pair0.png,v9_train.csv,plastic,bag,auto,0,vanish
/data/datasets/DROID/train_v8/final/38473_exterior_image_1_left_pair0.png,v9_train.csv,straw,tabletop,auto,0,discard
/data/datasets/DROID/train_v8/final/30974_exterior_image_1_left_pair0.png,v9_train.csv,cup,table,auto,0,unreviewed
/data/datasets/DROID/train_v8/final/80118_exterior_image_1_left_pair0.png,v9_train.csv,object,bowl,auto,0,unreviewed
/data/datasets/DROID/train_v8/final/82809_exterior_image_2_left_pair0.png,v9_train.csv,pineapple plush toy,drawer,auto,0,keep
/data/datasets/DROID/train_v8/final/11461_exterior_image_1_left_pair0.png,v9_train.csv,toy,bowl,auto,0,vanish
/data/datasets/DROID/train_v8/final/13060_exterior_image_1_left_pair0.png,v9_train.csv,cup,table,auto,0,unreviewed
/data/datasets/DROID/train_v8/final/1214_exterior_image_2_left_pair0.png,v9_train.csv,cup,table,auto,0,unreviewed
/data/datasets/DROID/train_v8/final/17552_exterior_image_2_left_pair0.png,v9_train.csv,marker,tabletop,auto,0,unreviewed
/data/datasets/DROID/train_v8/final/41866_exterior_image_2_left_pair0.png,v9_train.csv,plate,table,human,1,keep
/data/datasets/DROID/train_v8/final/27491_exterior_image_1_left_pair0.png,v9_train.csv,can,shelf above sink,auto,0,unreviewed
/data/datasets/DROID/train_v8/final/1098_exterior_image_2_left_pair0.png,v9_train.csv,plush toy,pot on stove,auto,0,keep
/data/datasets/DROID/train_v8/final/14777_exterior_image_2_left_pair0.png,v9_train.csv,pot,table,auto,0,unreviewed
/data/datasets/DROID/train_v8/final/1737_exterior_image_2_left_pair0.png,v9_train.csv,stick block,tower,auto,0,keep
/data/datasets/DROID/train_v8/final/17234_exterior_image_2_left_pair0.png,v9_train.csv,cup,cup,auto,0,vanish
/data/datasets/DROID/train_v8/final/17234_exterior_image_2_left_pair1.png,v9_train.csv,cup,cup,auto,0,unreviewed
/data/datasets/DROID/train_v8/final/26332_exterior_image_2_left_pair0.png,v9_train.csv,cola can,cabinet,auto,0,unreviewed
/data/datasets/DROID/train_v8/final/87639_exterior_image_1_left_pair0.png,v9_train.csv,lid,table,auto,0,unreviewed
/data/datasets/DROID/train_v8/final/26557_exterior_image_2_left_pair1.png,v9_train.csv,plush toy,box,auto,0,keep
/data/datasets/DROID/train_v8/final/3468_exterior_image_2_left_pair0.png,v9_train.csv,plate,black cloth,human,0,keep
/data/datasets/DROID/train_v8/final/22280_exterior_image_1_left_pair0.png,v9_train.csv,bucket,bucket,auto,0,vanish
/data/datasets/DROID/train_v8/final/51385_exterior_image_2_left_pair1.png,v9_train.csv,cloth,tabletop,auto,1,keep
/data/datasets/DROID/train_v8/final/66843_exterior_image_2_left_pair0.png,v9_train.csv,tool,cup,auto,0,unreviewed
/data/datasets/DROID/train_v8/final/10921_exterior_image_1_left_pair0.png,v9_train.csv,lid,container,auto,0,unreviewed
/data/datasets/DROID/train_v8/final/33650_exterior_image_2_left_pair1.png,v9_train.csv,lid,stove,auto,0,keep
/data/datasets/DROID/train_v8/final/41426_exterior_image_1_left_pair0.png,v9_train.csv,bowl,cooker,human,0,keep
/data/datasets/DROID/train_v8/final/14011_exterior_image_2_left_pair0.png,v9_train.csv,cylindrical block,pot,auto,0,keep
/data/datasets/DROID/train_v8/final/28267_exterior_image_1_left_pair0.png,v9_train.csv,jar,plate,auto,0,unreviewed
/data/datasets/DROID/train_v8/final/16183_exterior_image_2_left_pair0.png,v9_train.csv,container,box,auto,0,unreviewed
/data/datasets/DROID/train_v8/final/53177_exterior_image_1_left_pair0.png,v9_train.csv,eraser under whiteboard,shelf,human,0,keep
/data/datasets/DROID/train_v8/final/12911_exterior_image_1_left_pair0.png,v9_train.csv,object,table,human,1,keep
/data/datasets/DROID/train_v8/final/16178_exterior_image_1_left_pair0.png,v9_train.csv,ball,cup,auto,0,keep
/data/datasets/DROID/train_v8/final/11187_exterior_image_2_left_pair0.png,v9_train.csv,marker,pot,auto,0,keep
/data/datasets/DROID/train_v8/final/29564_exterior_image_2_left_pair0.png,v9_train.csv,object,table,auto,1,keep
/data/datasets/DROID/train_v8/final/11261_exterior_image_1_left_pair0.png,v9_train.csv,ball,table,human,1,keep
/data/datasets/DROID/train_v8/final/11312_exterior_image_1_left_pair0.png,v9_train.csv,object,table,auto,1,keep
/data/datasets/DROID/train_v8/final/50478_exterior_image_2_left_pair0.png,v9_train.csv,cup,tabletop,auto,1,keep
/data/datasets/DROID/train_v8/final/50478_exterior_image_2_left_pair1.png,v9_train.csv,plate,microwave,auto,0,unreviewed
/data/datasets/DROID/train_v8/final/1254_exterior_image_2_left_pair0.png,v9_train.csv,marker,cup,auto,0,keep
/data/datasets/DROID/train_v8/final/34537_exterior_image_2_left_pair1.png,v9_train.csv,stuffed fruit,plate,human,0,keep
/data/datasets/DROID/train_v8/final/25469_exterior_image_1_left_pair0.png,v9_train.csv,bowl side,air fryer,auto,0,keep
/data/datasets/DROID/train_v8/final/38607_exterior_image_2_left_pair0.png,v9_train.csv,bottle,tray,auto,0,unreviewed
/data/datasets/DROID/train_v8/final/11018_exterior_image_2_left_pair0.png,v9_train.csv,coffee cup,countertop,auto,0,unreviewed
/data/datasets/DROID/train_v8/final/25542_exterior_image_1_left_pair0.png,v9_train.csv,banana,table,human,1,keep
/data/datasets/DROID/train_v8/final/13103_exterior_image_2_left_pair0.png,v9_train.csv,bag,tabletop,auto,0,unreviewed
/data/datasets/DROID/train_v8/final/40597_exterior_image_1_left_pair0.png,v9_train.csv,plate above microwave,bowl,auto,0,vanish
/data/datasets/DROID/train_v8/final/85798_exterior_image_1_left_pair0.png,v9_train.csv,single book,stack of books,human,0,keep
/data/datasets/DROID/train_v8/final/10899_exterior_image_2_left_pair0.png,v9_train.csv,carrot toy,pan,auto,0,keep
/data/datasets/DROID/train_v8/final/13540_exterior_image_2_left_pair0.png,v9_train.csv,object,colourless box,auto,0,keep
/data/datasets/DROID/train_v8/final/19845_exterior_image_2_left_pair0.png,v9_train.csv,cloth,box,auto,0,vanish
/data/datasets/DROID/train_v8/final/12488_exterior_image_1_left_pair0.png,v9_train.csv,napkin,plate,auto,0,unreviewed
/data/datasets/DROID/train_v8/final/18240_exterior_image_2_left_pair0.png,v9_train.csv,masking tape,rack,auto,0,keep
/data/datasets/DROID/train_v8/final/11620_exterior_image_1_left_pair1.png,v9_train.csv,clothes,table,auto,1,keep
/data/datasets/DROID/train_v8/final/31679_exterior_image_2_left_pair0.png,v9_train.csv,pencil,table,auto,1,keep
/data/datasets/DROID/train_v8/final/5336_exterior_image_1_left_pair0.png,v9_train.csv,object,drawer,auto,0,keep
/data/datasets/DROID/train_v8/final/63758_exterior_image_1_left_pair0.png,v9_train.csv,towel,original position,auto,0,unreviewed
/data/datasets/DROID/train_v8/final/14328_exterior_image_1_left_pair0.png,v9_train.csv,tablecloth,bowl,auto,0,unreviewed
/data/datasets/DROID/train_v8/final/41953_exterior_image_1_left_pair0.png,v9_train.csv,chip,bowl,human,0,vanish
/data/datasets/DROID/train_v8/final/28126_exterior_image_2_left_pair0.png,v9_train.csv,object,plate,auto,0,keep
/data/datasets/DROID/train_v8/final/79009_exterior_image_1_left_pair0.png,v9_train.csv,watermelon toy,basket,auto,0,keep
/data/datasets/DROID/train_v8/final/27363_exterior_image_1_left_pair1.png,v9_train.csv,bag,cloth,human,0,keep
/data/datasets/DROID/train_v8/final/16858_exterior_image_1_left_pair0.png,v9_train.csv,cup,,auto,0,unreviewed
/data/datasets/DROID/train_v8/final/24136_exterior_image_2_left_pair0.png,v9_train.csv,bear,,auto,0,discard
/data/datasets/DROID/train_v8/final/17927_exterior_image_2_left_pair0.png,v9_train.csv,pear,box,human,0,keep
/data/datasets/DROID/train_v8/final/11850_exterior_image_1_left_pair0.png,v9_train.csv,cup,table,auto,0,unreviewed
/data/datasets/DROID/train_v8/final/14445_exterior_image_2_left_pair0.png,v9_train.csv,block,new position,auto,0,discard
/data/datasets/DROID/train_v8/final/51669_exterior_image_2_left_pair0.png,v9_train.csv,plate,table,human,1,keep
/data/datasets/DROID/train_v8/final/85067_exterior_image_2_left_pair0.png,v9_train.csv,lid,pot,auto,0,unreviewed
/data/datasets/DROID/train_v8/final/21840_exterior_image_2_left_pair0.png,v9_train.csv,Coca-Cola can,counter,auto,0,unreviewed
/data/datasets/DROID/train_v8/final/35593_exterior_image_2_left_pair0.png,v9_train.csv,clip,desktop,auto,1,keep
/data/datasets/DROID/train_v8/final/36668_exterior_image_2_left_pair0.png,v9_train.csv,bread,table,auto,0,unreviewed
/data/datasets/DROID/train_v8/final/20932_exterior_image_2_left_pair0.png,v9_train.csv,water bottle,countertop,auto,0,keep
/data/datasets/DROID/train_v8/final/1826_exterior_image_2_left_pair0.png,v9_train.csv,object,bin,auto,0,unreviewed
/data/datasets/DROID/train_v8/final/5081_exterior_image_1_left_pair1.png,v9_train.csv,soda can,drawer,auto,0,unreviewed
/data/datasets/DROID/train_v8/final/20316_exterior_image_1_left_pair0.png,v9_train.csv,tissue box,tissue box,human,0,keep
/data/datasets/DROID/train_v8/final/12237_exterior_image_2_left_pair0.png,v9_train.csv,balls,box,human,0,keep
/data/datasets/DROID/train_v8/final/28397_exterior_image_1_left_pair0.png,v9_train.csv,sweater,table,auto,1,keep
/data/datasets/DROID/train_v8/final/12607_exterior_image_2_left_pair0.png,v9_train.csv,toy,bowl,auto,0,vanish
/data/datasets/DROID/train_v8/final/15999_exterior_image_1_left_pair0.png,v9_train.csv,bag,cabinet,auto,0,unreviewed
/data/datasets/DROID/train_v8/final/2193_exterior_image_2_left_pair0.png,v9_train.csv,banana plushy,tray,auto,0,keep
/data/datasets/DROID/train_v8/final/43217_exterior_image_1_left_pair0.png,v9_train.csv,bottle,container,auto,0,keep
/data/datasets/DROID/train_v8/final/1581_exterior_image_1_left_pair0.png,v9_train.csv,cable,table,auto,1,keep
/data/datasets/DROID/train_v8/final/11541_exterior_image_2_left_pair0.png,v9_train.csv,lid,countertop,auto,0,unreviewed
/data/datasets/DROID/train_v8/final/38001_exterior_image_1_left_pair0.png,v9_train.csv,pear,basket,auto,0,keep
/data/datasets/DROID/train_v8/final/121_exterior_image_2_left_pair0.png,v9_train.csv,doll,table,human,1,keep
/data/datasets/DROID/train_v8/final/1253_exterior_image_2_left_pair0.png,v9_train.csv,bottle,tray,human,0,keep
/data/datasets/DROID/train_v8/final/12182_exterior_image_1_left_pair0.png,v9_train.csv,object,shelf,human,0,keep
/data/datasets/DROID/train_v8/final/11227_exterior_image_2_left_pair0.png,v9_train.csv,cup,bowl,auto,0,keep
/data/datasets/DROID/train_v8/final/19034_exterior_image_2_left_pair0.png,v9_train.csv,watermelon plush toy,box,human,0,keep
/data/datasets/DROID/train_v8/final/11127_exterior_image_2_left_pair0.png,v9_train.csv,toy,table,auto,1,keep
/data/datasets/DROID/train_v8/final/13762_exterior_image_1_left_pair0.png,v9_train.csv,pot lid,pot,auto,0,unreviewed
/data/datasets/DROID/train_v8/final/17836_exterior_image_1_left_pair0.png,v9_train.csv,pot,table,auto,0,unreviewed
/data/datasets/DROID/train_v8/final/1475_exterior_image_1_left_pair0.png,v9_train.csv,bottle,,auto,0,unreviewed
/data/datasets/DROID/train_v8/final/19454_exterior_image_1_left_pair0.png,v9_train.csv,plush toy,cabinet,human,0,keep
/data/datasets/DROID/train_v8/final/15314_exterior_image_2_left_pair0.png,v9_train.csv,measuring tape,table,auto,1,keep
/data/datasets/DROID/train_v8/final/69008_exterior_image_2_left_pair0.png,v9_train.csv,toy,table,human,1,keep
/data/datasets/DROID/train_v8/final/10793_exterior_image_1_left_pair0.png,v9_train.csv,lid,pot,auto,0,unreviewed
/data/datasets/DROID/train_v8/final/27722_exterior_image_1_left_pair0.png,v9_train.csv,toy,shelf cupboard,human,0,keep
/data/datasets/DROID/train_v8/final/12022_exterior_image_1_left_pair0.png,v9_train.csv,mouse,table,auto,1,keep
/data/datasets/DROID/train_v8/final/36405_exterior_image_1_left_pair1.png,v9_train.csv,cube,bowl,auto,0,keep
/data/datasets/DROID/train_v8/final/15751_exterior_image_2_left_pair1.png,v9_train.csv,tissue,pile of tissues,human,0,keep
/data/datasets/DROID/train_v8/final/36195_exterior_image_2_left_pair0.png,v9_train.csv,towel,cabinet,auto,0,unreviewed
/data/datasets/DROID/train_v8/final/1244_exterior_image_1_left_pair0.png,v9_train.csv,cloth,backrest chair,auto,0,keep
/data/datasets/DROID/train_v8/final/25998_exterior_image_1_left_pair0.png,v9_train.csv,plate,dishwasher rack,auto,0,keep
/data/datasets/DROID/train_v8/final/12920_exterior_image_2_left_pair1.png,v9_train.csv,ball,counter,auto,0,unreviewed
/data/datasets/DROID/train_v8/final/10946_exterior_image_1_left_pair0.png,v9_train.csv,marker,desktop,auto,0,unreviewed
/data/datasets/DROID/train_v8/final/15083_exterior_image_2_left_pair0.png,v9_train.csv,bowl,table,human,1,keep
/data/datasets/DROID/train_v8/final/23621_exterior_image_2_left_pair0.png,v9_train.csv,pen,table,human,1,keep
/data/datasets/DROID/train_v8/final/2683_exterior_image_1_left_pair0.png,v9_train.csv,book between two books,book,auto,0,discard
/data/datasets/DROID/train_v8/final/28932_exterior_image_1_left_pair0.png,v9_train.csv,plush toy,countertop,auto,1,keep
/data/datasets/DROID/train_v8/final/13488_exterior_image_1_left_pair0.png,v9_train.csv,box,container,auto,0,unreviewed
/data/datasets/DROID/train_v8/final/13519_exterior_image_1_left_pair0.png,v9_train.csv,corn,basin,auto,0,vanish
/data/datasets/DROID/train_v8/final/11748_exterior_image_2_left_pair0.png,v9_train.csv,plate,plate on kitchen counter,auto,0,keep
/data/datasets/DROID/train_v8/final/40966_exterior_image_1_left_pair0.png,v9_train.csv,hanger,rod above table,auto,0,keep
/data/datasets/DROID/train_v8/final/25123_exterior_image_1_left_pair0.png,v9_train.csv,watermelon plushie,pot,auto,0,keep
/data/datasets/DROID/train_v8/final/11299_exterior_image_1_left_pair0.png,v9_train.csv,cup,counter,auto,1,keep
/data/datasets/DROID/train_v8/final/11470_exterior_image_1_left_pair0.png,v9_train.csv,,table,auto,0,unreviewed
/data/datasets/DROID/train_v8/final/10957_exterior_image_2_left_pair0.png,v9_train.csv,apple,towel,auto,0,keep
/data/datasets/DROID/train_v8/final/10957_exterior_image_2_left_pair1.png,v9_train.csv,folded towel,box,auto,0,unreviewed
/data/datasets/DROID/train_v8/final/12306_exterior_image_2_left_pair0.png,v9_train.csv,object,table,auto,1,keep
/data/datasets/DROID/train_v8/final/48301_exterior_image_1_left_pair0.png,v9_train.csv,board eraser,shelf,auto,0,keep
/data/datasets/DROID/train_v8/final/12397_exterior_image_2_left_pair0.png,v9_train.csv,wrench,bowl,auto,0,keep
/data/datasets/DROID/train_v8/final/12270_exterior_image_2_left_pair0.png,v9_train.csv,pen,cup,auto,0,keep
/data/datasets/DROID/train_v8/final/1340_exterior_image_2_left_pair1.png,v9_train.csv,clothes,box,auto,0,keep
/data/datasets/DROID/train_v8/final/18005_exterior_image_2_left_pair0.png,v9_train.csv,marker,desktop,auto,1,keep
/data/datasets/DROID/train_v8/final/11642_exterior_image_2_left_pair0.png,v9_train.csv,marker,cup,auto,0,keep
/data/datasets/DROID/train_v8/final/23288_exterior_image_2_left_pair0.png,v9_train.csv,wallet,backpack,auto,0,vanish
/data/datasets/DROID/train_v8/final/35818_exterior_image_1_left_pair0.png,v9_train.csv,bowl,table,human,1,keep
/data/datasets/DROID/train_v8/final/13414_exterior_image_2_left_pair0.png,v9_train.csv,snack packet,sink,auto,0,unreviewed
/data/datasets/DROID/train_v8/final/16944_exterior_image_1_left_pair0.png,v9_train.csv,sponge,cabinet,auto,0,keep
/data/datasets/DROID/train_v8/final/16090_exterior_image_2_left_pair0.png,v9_train.csv,brush,desktop,auto,1,keep
/data/datasets/DROID/train_v8/final/11265_exterior_image_1_left_pair0.png,v9_train.csv,pot,table,human,1,keep
/data/datasets/DROID/train_v8/final/48828_exterior_image_2_left_pair0.png,v9_train.csv,bottle,table,auto,1,keep
/data/datasets/DROID/train_v8/final/12499_exterior_image_2_left_pair0.png,v9_train.csv,utensils,sink,auto,0,unreviewed
/data/datasets/DROID/train_v8/final/17191_exterior_image_2_left_pair0.png,v9_train.csv,object,table,human,1,keep
/data/datasets/DROID/train_v8/final/11161_exterior_image_2_left_pair0.png,v9_train.csv,lid,table,auto,0,unreviewed
/data/datasets/DROID/train_v8/final/15274_exterior_image_1_left_pair0.png,v9_train.csv,spice bottle,table,auto,0,unreviewed
/data/datasets/DROID/train_v8/final/10877_exterior_image_1_left_pair0.png,v9_train.csv,object,table,auto,0,keep
/data/datasets/DROID/train_v8/final/10867_exterior_image_1_left_pair0.png,v9_train.csv,coffee cup,storage cabinet,auto,0,unreviewed
/data/datasets/DROID/train_v8/final/16256_exterior_image_1_left_pair0.png,v9_train.csv,object,table,auto,0,unreviewed
/data/datasets/DROID/train_v8/final/11046_exterior_image_1_left_pair0.png,v9_train.csv,lid,pot,auto,0,unreviewed
/data/datasets/DROID/train_v8/final/16103_exterior_image_1_left_pair0.png,v9_train.csv,marker,table,auto,0,unreviewed
/data/datasets/DROID/train_v8/final/1279_exterior_image_1_left_pair0.png,v9_train.csv,cloth,box,auto,0,keep
/data/datasets/DROID/train_v8/final/18751_exterior_image_2_left_pair0.png,v9_train.csv,object,part box,auto,0,keep
/data/datasets/DROID/train_v8/final/15779_exterior_image_1_left_pair0.png,v9_train.csv,object,board,auto,0,keep
/data/datasets/DROID/train_v8/final/20595_exterior_image_2_left_pair0.png,v9_train.csv,towel,table,auto,0,keep
/data/datasets/DROID/train_v8/final/21305_exterior_image_1_left_pair0.png,v9_train.csv,cup,water dispenser,human,1,keep
/data/datasets/DROID/train_v8/final/24951_exterior_image_2_left_pair0.png,v9_train.csv,pineapple toy,pot,auto,0,keep
/data/datasets/DROID/train_v8/final/4955_exterior_image_2_left_pair0.png,v9_train.csv,pot lid,pot,auto,0,keep
/data/datasets/DROID/train_v8/final/1266_exterior_image_2_left_pair1.png,v9_train.csv,block,coffee pod,auto,0,unreviewed
/data/datasets/DROID/train_v8/final/12062_exterior_image_1_left_pair0.png,v9_train.csv,cloth,tabletop,auto,0,unreviewed
/data/datasets/DROID/train_v8/final/69422_exterior_image_1_left_pair1.png,v9_train.csv,object,table,auto,1,keep
/data/datasets/DROID/train_v8/final/12475_exterior_image_2_left_pair0.png,v9_train.csv,brush,tabletop,auto,1,keep
/data/datasets/DROID/train_v8/final/35810_exterior_image_1_left_pair0.png,v9_train.csv,plate,table,human,1,keep
/data/datasets/DROID/train_v8/final/20673_exterior_image_1_left_pair0.png,v9_train.csv,bottle,counter,auto,1,keep
/data/datasets/DROID/train_v8/final/13664_exterior_image_2_left_pair1.png,v9_train.csv,watermelon plushie,plate,auto,0,keep
/data/datasets/DROID/train_v8/final/14623_exterior_image_1_left_pair1.png,v9_train.csv,fabric,table,auto,1,keep
/data/datasets/DROID/train_v8/final/46627_exterior_image_1_left_pair0.png,v9_train.csv,bottle,box,auto,0,keep
/data/datasets/DROID/train_v8/final/22550_exterior_image_1_left_pair0.png,v9_train.csv,marker,cup,auto,0,keep
/data/datasets/DROID/train_v8/final/37039_exterior_image_1_left_pair0.png,v9_train.csv,cup,stacked cup,human,0,keep
/data/datasets/DROID/train_v8/final/37039_exterior_image_1_left_pair1.png,v9_train.csv,marker,cup,auto,0,unreviewed
/data/datasets/DROID/train_v8/final/12711_exterior_image_2_left_pair0.png,v9_train.csv,pineapple toy,basket,auto,0,keep
/data/datasets/DROID/train_v8/final/17674_exterior_image_2_left_pair0.png,v9_train.csv,marker,table,auto,1,keep
/data/datasets/DROID/train_v8/final/15636_exterior_image_2_left_pair0.png,v9_train.csv,masking tape,bowl,auto,0,keep
/data/datasets/DROID/train_v8/final/11390_exterior_image_1_left_pair0.png,v9_train.csv,pot,table,human,1,keep
/data/datasets/DROID/train_v8/final/16977_exterior_image_1_left_pair0.png,v9_train.csv,toy,bowl,auto,0,keep
/data/datasets/DROID/train_v8/final/2000_exterior_image_2_left_pair0.png,v9_train.csv,crayon,box,auto,0,unreviewed
/data/datasets/DROID/train_v8/final/13133_exterior_image_2_left_pair0.png,v9_train.csv,paper,table Place into bin,auto,0,vanish
/data/datasets/DROID/train_v8/final/19718_exterior_image_1_left_pair0.png,v9_train.csv,lid,table,auto,0,unreviewed
/data/datasets/DROID/train_v8/final/19822_exterior_image_2_left_pair1.png,v9_train.csv,folded cloth,box,auto,0,vanish
/data/datasets/DROID/train_v8/final/17514_exterior_image_2_left_pair0.png,v9_train.csv,plushy,plate,auto,0,keep
/data/datasets/DROID/train_v8/final/21219_exterior_image_1_left_pair0.png,v9_train.csv,cup,desktop,auto,0,unreviewed
/data/datasets/DROID/train_v8/final/18042_exterior_image_1_left_pair1.png,v9_train.csv,bowl containing bottle,counter,auto,0,unreviewed
/data/datasets/DROID/train_v8/final/48583_exterior_image_2_left_pair0.png,v9_train.csv,fork,plate,auto,0,keep
/data/datasets/DROID/train_v8/final/10739_exterior_image_1_left_pair0.png,v9_train.csv,cable,tray behind shelf,auto,0,keep
/data/datasets/DROID/train_v8/final/88223_exterior_image_1_left_pair0.png,v9_train.csv,toy,pot,auto,0,unreviewed
/data/datasets/DROID/train_v8/final/15858_exterior_image_2_left_pair0.png,v9_train.csv,marker,table,auto,1,keep
/data/datasets/DROID/train_v8/final/35777_exterior_image_1_left_pair0.png,v9_train.csv,plush toy,shelf fridge,auto,0,keep
/data/datasets/DROID/train_v8/final/23734_exterior_image_2_left_pair1.png,v9_train.csv,two cans,tray,auto,0,unreviewed
/data/datasets/DROID/train_v8/final/12833_exterior_image_1_left_pair0.png,v9_train.csv,rectangular block,table,auto,1,keep
/data/datasets/DROID/train_v8/final/15634_exterior_image_2_left_pair0.png,v9_train.csv,,table,auto,0,unreviewed
/data/datasets/DROID/train_v8/final/13638_exterior_image_1_left_pair0.png,v9_train.csv,object,bowl,auto,0,keep
/data/datasets/DROID/train_v8/final/22068_exterior_image_1_left_pair0.png,v9_train.csv,marker,box on table,auto,0,keep
/data/datasets/DROID/train_v8/final/45762_exterior_image_2_left_pair0.png,v9_train.csv,tube,countertop,auto,1,keep
/data/datasets/DROID/train_v8/final/20636_exterior_image_1_left_pair0.png,v9_train.csv,bag,couch,human,0,keep
/data/datasets/DROID/train_v8/final/19237_exterior_image_2_left_pair0.png,v9_train.csv,wrapped cloth,box,auto,0,keep
/data/datasets/DROID/train_v8/final/61324_exterior_image_2_left_pair0.png,v9_train.csv,bottle,compartment box,human,0,keep
/data/datasets/DROID/train_v8/final/61393_exterior_image_2_left_pair0.png,v9_train.csv,spatula,pot,auto,0,keep
/data/datasets/DROID/train_v8/final/2788_exterior_image_1_left_pair0.png,v9_train.csv,shirt,chair,auto,0,keep
/data/datasets/DROID/train_v8/final/15520_exterior_image_2_left_pair0.png,v9_train.csv,tissue,table,human,1,keep
/data/datasets/DROID/train_v8/final/1498_exterior_image_2_left_pair0.png,v9_train.csv,,tabletop,auto,0,unreviewed
/data/datasets/DROID/train_v8/final/23178_exterior_image_1_left_pair0.png,v9_train.csv,marker,table,auto,1,keep
/data/datasets/DROID/train_v8/final/13627_exterior_image_2_left_pair0.png,v9_train.csv,lid,pot,auto,0,unreviewed
/data/datasets/DROID/train_v8/final/12014_exterior_image_1_left_pair0.png,v9_train.csv,paper,table,auto,0,unreviewed
/data/datasets/DROID/train_v8/final/45281_exterior_image_1_left_pair0.png,v9_train.csv,power strip,cloth,auto,0,discard
/data/datasets/DROID/train_v8/final/1751_exterior_image_2_left_pair0.png,v9_train.csv,glue,cup,auto,0,keep
/data/datasets/DROID/train_v8/final/11053_exterior_image_1_left_pair0.png,v9_train.csv,water bottle cap,bottle,human,0,keep
/data/datasets/DROID/train_v8/final/22165_exterior_image_2_left_pair0.png,v9_train.csv,checkered shirt,box,auto,0,keep
/data/datasets/DROID/train_v8/final/22165_exterior_image_2_left_pair1.png,v9_train.csv,checkered shirt,desk,auto,0,unreviewed
/data/datasets/DROID/train_v8/final/15959_exterior_image_2_left_pair0.png,v9_train.csv,lid,pot,auto,0,unreviewed
/data/datasets/DROID/train_v8/final/12328_exterior_image_2_left_pair0.png,v9_train.csv,block,block,human,0,keep
/data/datasets/DROID/train_v8/final/17073_exterior_image_1_left_pair0.png,v9_train.csv,serviette,table,auto,1,keep
/data/datasets/DROID/train_v8/final/22803_exterior_image_1_left_pair0.png,v9_train.csv,lid,pot,auto,0,unreviewed
/data/datasets/DROID/train_v8/final/17288_exterior_image_2_left_pair0.png,v9_train.csv,spoon,container,auto,0,keep
/data/datasets/DROID/train_v8/final/19650_exterior_image_1_left_pair0.png,v9_train.csv,tiger plush toy,bowl,auto,0,keep
/data/datasets/DROID/train_v8/final/11318_exterior_image_2_left_pair0.png,v9_train.csv,towel,pen holder,auto,0,discard
/data/datasets/DROID/train_v8/final/13855_exterior_image_1_left_pair0.png,v9_train.csv,lid,table,auto,0,unreviewed
/data/datasets/DROID/train_v8/final/12650_exterior_image_2_left_pair0.png,v9_train.csv,mug,table,human,1,keep
/data/datasets/DROID/train_v8/final/87169_exterior_image_1_left_pair0.png,v9_train.csv,teabag,cup on box,auto,0,vanish
/data/datasets/DROID/train_v8/final/12479_exterior_image_1_left_pair0.png,v9_train.csv,watermelon plushie,bowl,auto,0,keep
/data/datasets/DROID/train_v8/final/11244_exterior_image_1_left_pair0.png,v9_train.csv,block,table,auto,1,keep
/data/datasets/DROID/train_v8/final/37789_exterior_image_1_left_pair0.png,v9_train.csv,packaging bag,drawer,auto,0,unreviewed
/data/datasets/DROID/train_v8/final/12629_exterior_image_1_left_pair0.png,v9_train.csv,item,cup,auto,0,keep
/data/datasets/DROID/train_v8/final/17176_exterior_image_2_left_pair0.png,v9_train.csv,blackboard eraser,table,auto,1,keep
/data/datasets/DROID/train_v8/final/17860_exterior_image_1_left_pair0.png,v9_train.csv,cup,table,human,1,keep
/data/datasets/DROID/train_v8/final/14852_exterior_image_2_left_pair0.png,v9_train.csv,cup,sink,auto,0,keep
/data/datasets/DROID/train_v8/final/87699_exterior_image_1_left_pair0.png,v9_train.csv,books,black fabric,human,0,keep
/data/datasets/DROID/train_v8/final/11791_exterior_image_1_left_pair0.png,v9_train.csv,cup,plate,auto,0,unreviewed
/data/datasets/DROID/train_v8/final/1087_exterior_image_1_left_pair0.png,v9_train.csv,plush toy,plate,auto,0,keep
/data/datasets/DROID/train_v8/final/12946_exterior_image_2_left_pair0.png,v9_train.csv,plate,pot,auto,0,unreviewed
/data/datasets/DROID/train_v8/final/11611_exterior_image_1_left_pair0.png,v9_train.csv,box,table,auto,1,keep
/data/datasets/DROID/train_v8/final/10661_exterior_image_2_left_pair0.png,v9_train.csv,object,drawer,auto,0,vanish
/data/datasets/DROID/train_v8/final/25367_exterior_image_2_left_pair1.png,v9_train.csv,object,table,auto,0,unreviewed
/data/datasets/DROID/train_v8/final/10814_exterior_image_1_left_pair0.png,v9_train.csv,,sink,auto,0,unreviewed
/data/datasets/DROID/train_v8/final/12020_exterior_image_2_left_pair0.png,v9_train.csv,lid,pot,auto,0,unreviewed
/data/datasets/DROID/train_v8/final/11238_exterior_image_2_left_pair0.png,v9_train.csv,lid,table,auto,0,unreviewed
/data/datasets/DROID/train_v8/final/22937_exterior_image_1_left_pair0.png,v9_train.csv,pineapple plushie,table,human,1,keep
/data/datasets/DROID/train_v8/final/27639_exterior_image_1_left_pair0.png,v9_train.csv,block,table,auto,1,keep
/data/datasets/DROID/train_v8/final/27639_exterior_image_1_left_pair1.png,v9_train.csv,block,shelf,auto,0,unreviewed
/data/datasets/DROID/train_v8/final/11236_exterior_image_1_left_pair1.png,v9_train.csv,cube,cube-shaped object,auto,0,unreviewed
/data/datasets/DROID/train_v8/final/65787_exterior_image_1_left_pair1.png,v9_train.csv,drink,plate,auto,0,unreviewed
/data/datasets/DROID/train_v8/final/11020_exterior_image_1_left_pair0.png,v9_train.csv,pineapple,tray,auto,0,keep
/data/datasets/DROID/train_v8/final/13508_exterior_image_1_left_pair0.png,v9_train.csv,seal tape,table,auto,1,keep
/data/datasets/DROID/train_v8/final/11955_exterior_image_2_left_pair0.png,v9_train.csv,lid,cup,auto,0,unreviewed
/data/datasets/DROID/train_v8/final/14749_exterior_image_2_left_pair0.png,v9_train.csv,towel,bag,auto,0,vanish
/data/datasets/DROID/train_v8/final/14749_exterior_image_2_left_pair1.png,v9_train.csv,towel,bag,auto,0,unreviewed
/data/datasets/DROID/train_v8/final/67849_exterior_image_2_left_pair0.png,v9_train.csv,lid,pot,auto,0,unreviewed
/data/datasets/DROID/train_v8/final/33196_exterior_image_1_left_pair0.png,v9_train.csv,book,table,auto,0,keep
/data/datasets/DROID/train_v8/final/10958_exterior_image_1_left_pair0.png,v9_train.csv,doll,pot,auto,0,keep
/data/datasets/DROID/train_v8/final/13089_exterior_image_2_left_pair0.png,v9_train.csv,mug,table,auto,1,keep
/data/datasets/DROID/train_v8/final/12033_exterior_image_2_left_pair0.png,v9_train.csv,bottle,container,auto,0,keep
/data/datasets/DROID/train_v8/final/17232_exterior_image_1_left_pair0.png,v9_train.csv,egg,cup,auto,0,unreviewed
/data/datasets/DROID/train_v8/final/11794_exterior_image_1_left_pair0.png,v9_train.csv,object,table,auto,1,keep
/data/datasets/DROID/train_v8/final/12075_exterior_image_1_left_pair0.png,v9_train.csv,marker,cup,auto,0,keep
/data/datasets/DROID/train_v8/final/63141_exterior_image_1_left_pair0.png,v9_train.csv,plush toy,table,auto,1,keep
/data/datasets/DROID/train_v8/final/86050_exterior_image_1_left_pair0.png,v9_train.csv,object,bowl,auto,0,unreviewed
/data/datasets/DROID/train_v8/final/10913_exterior_image_1_left_pair0.png,v9_train.csv,bowl,plate,auto,0,unreviewed
/data/datasets/DROID/train_v8/final/14208_exterior_image_2_left_pair0.png,v9_train.csv,marker,bowl,auto,0,vanish
/data/datasets/DROID/train_v8/final/10787_exterior_image_1_left_pair0.png,v9_train.csv,tissue box,bed frame,auto,0,unreviewed
/data/datasets/DROID/train_v8/final/12983_exterior_image_2_left_pair0.png,v9_train.csv,bag,table,human,1,keep
/data/datasets/DROID/train_v8/final/16361_exterior_image_1_left_pair0.png,v9_train.csv,banana,table,human,1,keep
/data/datasets/DROID/train_v8/final/17938_exterior_image_2_left_pair0.png,v9_train.csv,marker,cup,auto,0,keep
/data/datasets/DROID/train_v8/final/14336_exterior_image_2_left_pair0.png,v9_train.csv,lid,sink,auto,0,keep
/data/datasets/DROID/train_v8/final/20018_exterior_image_2_left_pair0.png,v9_train.csv,hanger,table,auto,1,keep
/data/datasets/DROID/train_v8/final/10806_exterior_image_1_left_pair0.png,v9_train.csv,ball,bowl,auto,0,keep
/data/datasets/DROID/train_v8/final/29195_exterior_image_1_left_pair0.png,v9_train.csv,towel,table,auto,1,keep
/data/datasets/DROID/train_v8/final/16762_exterior_image_1_left_pair0.png,v9_train.csv,cable,table,auto,1,keep
/data/datasets/DROID/train_v8/final/1143_exterior_image_1_left_pair0.png,v9_train.csv,coffee pod,countertop,auto,0,unreviewed
/data/datasets/DROID/train_v8/final/15377_exterior_image_2_left_pair0.png,v9_train.csv,jersey,chair,auto,0,keep
/data/datasets/DROID/train_v8/final/12650_exterior_image_1_left_pair0.png,v9_train.csv,mug,table,human,1,keep
/data/datasets/DROID/train_v8/final/15293_exterior_image_2_left_pair0.png,v9_train.csv,faucet,sink,auto,0,discard
/data/datasets/DROID/train_v8/final/13360_exterior_image_1_left_pair0.png,v9_train.csv,lid,pot,auto,0,unreviewed
/data/datasets/DROID/train_v8/final/10831_exterior_image_1_left_pair0.png,v9_train.csv,sharpie,table,auto,0,unreviewed
/data/datasets/DROID/train_v8/final/15075_exterior_image_2_left_pair0.png,v9_train.csv,object,drawer,auto,0,keep
/data/datasets/DROID/train_v8/final/11687_exterior_image_1_left_pair0.png,v9_train.csv,fork,table,auto,0,unreviewed
/data/datasets/DROID/train_v8/final/12198_exterior_image_1_left_pair0.png,v9_train.csv,basin,table,auto,1,keep
/data/datasets/DROID/train_v8/final/10709_exterior_image_1_left_pair0.png,v9_train.csv,bottle,countertop,human,1,keep
/data/datasets/DROID/train_v8/final/11420_exterior_image_1_left_pair0.png,v9_train.csv,cup,table,auto,0,unreviewed
/data/datasets/DROID/train_v8/final/11908_exterior_image_1_left_pair0.png,v9_train.csv,marker,table,auto,0,unreviewed
/data/datasets/DROID/train_v8/final/10893_exterior_image_2_left_pair0.png,v9_train.csv,book,,auto,0,discard
/data/datasets/DROID/train_v8/final/34812_exterior_image_2_left_pair0.png,v9_train.csv,block,block,auto,0,discard
/data/datasets/DROID/train_v8/final/2206_exterior_image_2_left_pair0.png,v9_train.csv,bottle,tray,auto,0,keep
/data/datasets/DROID/train_v8/final/15669_exterior_image_1_left_pair0.png,v9_train.csv,tape,table,auto,1,keep
/data/datasets/DROID/train_v8/final/16737_exterior_image_2_left_pair0.png,v9_train.csv,toy,plate,auto,0,keep
/data/datasets/DROID/train_v8/final/1184_exterior_image_2_left_pair0.png,v9_train.csv,rope,clothes,human,0,keep
/data/datasets/DROID/train_v8/final/1184_exterior_image_2_left_pair1.png,v9_train.csv,,clothes,auto,0,unreviewed
/data/datasets/DROID/train_v8/final/10937_exterior_image_2_left_pair0.png,v9_train.csv,cup,plate,auto,0,keep
/data/datasets/DROID/train_v8/final/18969_exterior_image_2_left_pair0.png,v9_train.csv,plush toy,countertop,auto,0,keep
/data/datasets/DROID/train_v8/final/12290_exterior_image_2_left_pair0.png,v9_train.csv,doll,bowl,auto,0,vanish
/data/datasets/DROID/train_v8/final/24826_exterior_image_2_left_pair0.png,v9_train.csv,bottle,container,auto,0,keep
/data/datasets/DROID/train_v8/final/11835_exterior_image_2_left_pair0.png,v9_train.csv,remote control,bed,auto,0,unreviewed
/data/datasets/DROID/train_v8/final/13815_exterior_image_1_left_pair0.png,v9_train.csv,doll,pot,human,0,keep
/data/datasets/DROID/train_v8/final/16605_exterior_image_1_left_pair0.png,v9_train.csv,plush toy,stove,human,0,keep
/data/datasets/DROID/train_v8/final/15775_exterior_image_1_left_pair0.png,v9_train.csv,tape,table,auto,1,keep
/data/datasets/DROID/train_v8/final/10722_exterior_image_1_left_pair0.png,v9_train.csv,paper,table,auto,0,unreviewed
/data/datasets/DROID/train_v8/final/20787_exterior_image_1_left_pair0.png,v9_train.csv,towel,chair,auto,0,keep
/data/datasets/DROID/train_v8/final/16142_exterior_image_2_left_pair0.png,v9_train.csv,rope,tabletop,auto,1,keep
/data/datasets/DROID/train_v8/final/12401_exterior_image_2_left_pair0.png,v9_train.csv,pineapple plush toy,tray,auto,0,keep
/data/datasets/DROID/train_v8/final/19405_exterior_image_1_left_pair1.png,v9_train.csv,object,tabletop,auto,1,keep
/data/datasets/DROID/train_v8/final/13375_exterior_image_1_left_pair0.png,v9_train.csv,lid,shelf,auto,1,keep
/data/datasets/DROID/train_v8/final/10668_exterior_image_2_left_pair0.png,v9_train.csv,object,sink,auto,0,unreviewed
/data/datasets/DROID/train_v8/final/12184_exterior_image_1_left_pair0.png,v9_train.csv,pear plush toy,box,auto,0,vanish
/data/datasets/DROID/train_v8/final/53353_exterior_image_1_left_pair0.png,v9_train.csv,screwdriver,table,auto,1,keep
/data/datasets/DROID/train_v8/final/10671_exterior_image_1_left_pair0.png,v9_train.csv,bowl,cupboard,auto,0,unreviewed
/data/datasets/DROID/train_v8/final/10935_exterior_image_2_left_pair0.png,v9_train.csv,marker,pot,auto,0,keep
/data/datasets/DROID/train_v8/final/10824_exterior_image_1_left_pair0.png,v9_train.csv,towel,shelf,auto,0,unreviewed
/data/datasets/DROID/train_v8/final/48757_exterior_image_1_left_pair0.png,v9_train.csv,marker,tabletop,auto,1,keep
/data/datasets/DROID/train_v8/final/13797_exterior_image_1_left_pair0.png,v9_train.csv,object,table,auto,1,keep
/data/datasets/DROID/train_v8/final/11802_exterior_image_1_left_pair0.png,v9_train.csv,container,cabinet,auto,0,unreviewed
/data/datasets/DROID/train_v8/final/73787_exterior_image_1_left_pair0.png,v9_train.csv,block,block,human,0,keep
/data/datasets/DROID/train_v8/final/14252_exterior_image_2_left_pair0.png,v9_train.csv,sphere,cup,auto,0,unreviewed
/data/datasets/DROID/train_v8/final/14561_exterior_image_2_left_pair0.png,v9_train.csv,object,sink,auto,0,keep
/data/datasets/DROID/train_v8/final/32287_exterior_image_1_left_pair0.png,v9_train.csv,packaging bag,bowl,auto,0,keep
/data/datasets/DROID/train_v8/final/32287_exterior_image_1_left_pair1.png,v9_train.csv,packaging bag,plate,auto,0,unreviewed
/data/datasets/DROID/train_v8/final/10931_exterior_image_1_left_pair0.png,v9_train.csv,block,block,auto,0,keep
/data/datasets/DROID/train_v8/final/18340_exterior_image_1_left_pair0.png,v9_train.csv,plush toy,pot,auto,0,keep
/data/datasets/DROID/train_v8/final/1083_exterior_image_2_left_pair0.png,v9_train.csv,carrot plushie,pan,auto,0,keep
/data/datasets/DROID/train_v8/final/14466_exterior_image_2_left_pair0.png,v9_train.csv,hanger that is hanging,table,auto,1,keep
/data/datasets/DROID/train_v8/final/11298_exterior_image_1_left_pair0.png,v9_train.csv,peach,bookshelf,auto,0,keep
/data/datasets/DROID/train_v8/final/12891_exterior_image_1_left_pair0.png,v9_train.csv,tissue,tabletop,human,1,keep
/data/datasets/DROID/train_v8/final/19681_exterior_image_1_left_pair0.png,v9_train.csv,toy,plate,auto,0,keep
/data/datasets/DROID/train_v8/final/17495_exterior_image_1_left_pair0.png,v9_train.csv,plastic,part table,auto,0,keep
/data/datasets/DROID/train_v8/final/14211_exterior_image_2_left_pair0.png,v9_train.csv,screwdriver,drawer,auto,0,keep
/data/datasets/DROID/train_v8/final/18691_exterior_image_1_left_pair0.png,v9_train.csv,marker,cup,auto,0,keep
/data/datasets/DROID/train_v8/final/11470_exterior_image_2_left_pair0.png,v9_train.csv,,table,auto,0,unreviewed
/data/datasets/DROID/train_v8/final/50183_exterior_image_2_left_pair0.png,v9_train.csv,pencil,cup,auto,0,keep
/data/datasets/DROID/train_v8/final/40505_exterior_image_1_left_pair0.png,v9_train.csv,paper,panel,auto,0,keep
/data/datasets/DROID/train_v8/final/11892_exterior_image_1_left_pair0.png,v9_train.csv,tape,container,auto,0,keep
/data/datasets/DROID/train_v8/final/15164_exterior_image_1_left_pair0.png,v9_train.csv,bottle by table,table,auto,1,keep
/data/datasets/DROID/train_v8/final/12284_exterior_image_2_left_pair0.png,v9_train.csv,towel,table,auto,1,keep
/data/datasets/DROID/train_v8/final/19228_exterior_image_2_left_pair0.png,v9_train.csv,object,tray,auto,0,keep
/data/datasets/DROID/train_v8/final/18489_exterior_image_1_left_pair0.png,v9_train.csv,object,bag,auto,0,vanish
/data/datasets/DROID/train_v8/final/13271_exterior_image_2_left_pair0.png,v9_train.csv,,table,auto,0,unreviewed
/data/datasets/DROID/train_v8/final/43229_exterior_image_1_left_pair0.png,v9_train.csv,clothes,table,auto,0,unreviewed
/data/datasets/DROID/train_v8/final/3808_exterior_image_1_left_pair0.png,v9_train.csv,marker,cloth,auto,0,keep
/data/datasets/DROID/train_v8/final/3808_exterior_image_1_left_pair1.png,v9_train.csv,folded cloth,box,auto,0,unreviewed
/data/datasets/DROID/train_v8/final/122_exterior_image_1_left_pair0.png,v9_train.csv,object,drawer,auto,0,keep
/data/datasets/DROID/train_v8/final/79747_exterior_image_2_left_pair0.png,v9_train.csv,,designated area,auto,0,discard
/data/datasets/DROID/train_v8/final/70274_exterior_image_2_left_pair0.png,v9_train.csv,marker,bowl,auto,0,keep
/data/datasets/DROID/train_v8/final/14719_exterior_image_1_left_pair0.png,v9_train.csv,plush toy,table,auto,1,keep
/data/datasets/DROID/train_v8/final/11739_exterior_image_1_left_pair0.png,v9_train.csv,marker,table,auto,0,unreviewed
/data/datasets/DROID/train_v8/final/22931_exterior_image_1_left_pair0.png,v9_train.csv,watermelon plush toy,tray,auto,0,keep
/data/datasets/DROID/train_v8/final/59578_exterior_image_2_left_pair0.png,v9_train.csv,pan,plate on stove,auto,0,keep
/data/datasets/DROID/train_v8/final/3419_exterior_image_1_left_pair1.png,v9_train.csv,towel,storage box,auto,0,vanish
/data/datasets/DROID/train_v8/final/19808_exterior_image_1_left_pair0.png,v9_train.csv,block,cup,auto,0,discard
/data/datasets/DROID/train_v8/final/23834_exterior_image_1_left_pair0.png,v9_train.csv,bread plush toy,drawer,auto,0,keep
/data/datasets/DROID/train_v8/final/23834_exterior_image_1_left_pair1.png,v9_train.csv,bread plush toy,drawer,auto,0,unreviewed
/data/datasets/DROID/train_v8/final/19603_exterior_image_1_left_pair0.png,v9_train.csv,mug,table,auto,0,unreviewed
/data/datasets/DROID/train_v8/final/12542_exterior_image_2_left_pair0.png,v9_train.csv,horizontal cup,countertop,auto,0,unreviewed
/data/datasets/DROID/train_v8/final/16491_exterior_image_2_left_pair0.png,v9_train.csv,piece clothing,seat,auto,0,keep
/data/datasets/DROID/train_v8/final/12738_exterior_image_1_left_pair0.png,v9_train.csv,masking tape,plate,auto,0,keep
/data/datasets/DROID/train_v8/final/5081_exterior_image_2_left_pair0.png,v9_train.csv,soda can,drawer,auto,0,unreviewed
/data/datasets/DROID/train_v8/final/16066_exterior_image_2_left_pair0.png,v9_train.csv,lid,tabletop,auto,0,unreviewed
/data/datasets/DROID/train_v8/final/14667_exterior_image_1_left_pair0.png,v9_train.csv,packet,table,auto,0,unreviewed
/data/datasets/DROID/train_v8/final/1668_exterior_image_2_left_pair0.png,v9_train.csv,toy,pot,auto,0,vanish
/data/datasets/DROID/train_v8/final/10867_exterior_image_2_left_pair0.png,v9_train.csv,coffee cup,storage cabinet,auto,0,unreviewed
/data/datasets/DROID/train_v8/final/16462_exterior_image_2_left_pair0.png,v9_train.csv,creamer cup,counter,auto,0,unreviewed
/data/datasets/DROID/train_v8/final/5738_exterior_image_1_left_pair0.png,v9_train.csv,cloth,table,auto,1,keep
/data/datasets/DROID/train_v8/final/29884_exterior_image_1_left_pair0.png,v9_train.csv,towel,table,auto,0,unreviewed
/data/datasets/DROID/train_v8/final/13715_exterior_image_1_left_pair0.png,v9_train.csv,bag,countertop,auto,0,unreviewed
/data/datasets/DROID/train_v8/final/16103_exterior_image_2_left_pair0.png,v9_train.csv,marker,table,auto,0,unreviewed
/data/datasets/DROID/train_v8/final/18154_exterior_image_1_left_pair0.png,v9_train.csv,pen,table,auto,0,unreviewed
/data/datasets/DROID/train_v8/final/42553_exterior_image_2_left_pair0.png,v9_train.csv,pen,bowl,auto,0,vanish
/data/datasets/DROID/train_v8/final/17274_exterior_image_1_left_pair0.png,v9_train.csv,lid,pot,auto,0,unreviewed
/data/datasets/DROID/train_v8/final/13747_exterior_image_2_left_pair0.png,v9_train.csv,cube,block,auto,0,keep
/data/datasets/DROID/train_v8/final/12862_exterior_image_1_left_pair0.png,v9_train.csv,bowl,kitchen countertop,auto,1,keep
/data/datasets/DROID/train_v8/final/2788_exterior_image_2_left_pair0.png,v9_train.csv,shirt,chair,auto,0,keep
/data/datasets/DROID/train_v8/final/13087_exterior_image_2_left_pair0.png,v9_train.csv,bottle,table,human,1,keep
/data/datasets/DROID/train_v8/final/13500_exterior_image_1_left_pair0.png,v9_train.csv,bottle with lid,shelf,auto,0,unreviewed
/data/datasets/DROID/train_v8/final/14299_exterior_image_1_left_pair0.png,v9_train.csv,object,table,human,1,keep
/data/datasets/DROID/train_v8/final/13701_exterior_image_1_left_pair0.png,v9_train.csv,fabric,backrest seat,auto,0,keep
/data/datasets/DROID/train_v8/final/4475_exterior_image_1_left_pair0.png,v9_train.csv,pen,bowl,auto,0,keep
/data/datasets/DROID/train_v8/final/1581_exterior_image_2_left_pair0.png,v9_train.csv,cable,table,auto,1,keep
/data/datasets/DROID/train_v8/final/12224_exterior_image_2_left_pair0.png,v9_train.csv,cup,tabletop,auto,0,unreviewed
/data/datasets/DROID/train_v8/final/10957_exterior_image_1_left_pair0.png,v9_train.csv,apple,towel,auto,0,keep
/data/datasets/DROID/train_v8/final/10957_exterior_image_1_left_pair1.png,v9_train.csv,folded towel,box,auto,0,unreviewed
/data/datasets/DROID/train_v8/final/1524_exterior_image_1_left_pair0.png,v9_train.csv,tool,table,human,1,keep
/data/datasets/DROID/train_v8/final/12711_exterior_image_1_left_pair0.png,v9_train.csv,pineapple toy,basket,auto,0,keep
/data/datasets/DROID/train_v8/final/10856_exterior_image_2_left_pair0.png,v9_train.csv,Coca Cola bottle,microwave,human,1,keep
/data/datasets/DROID/train_v8/final/51669_exterior_image_1_left_pair0.png,v9_train.csv,plate,table,human,1,keep
/data/datasets/DROID/train_v8/final/27187_exterior_image_2_left_pair0.png,v9_train.csv,object,table,auto,0,keep
/data/datasets/DROID/train_v8/final/15875_exterior_image_1_left_pair0.png,v9_train.csv,cloth,bowl,auto,0,keep
/data/datasets/DROID/train_v8/final/31770_exterior_image_1_left_pair0.png,v9_train.csv,cup,table,auto,1,keep
/data/datasets/DROID/train_v8/final/11250_exterior_image_2_left_pair0.png,v9_train.csv,object,table,auto,1,keep
/data/datasets/DROID/train_v8/final/36613_exterior_image_1_left_pair0.png,v9_train.csv,cushion,sofa armrest,human,0,keep
/data/datasets/DROID/train_v8/final/36613_exterior_image_1_left_pair1.png,v9_train.csv,cushion,sofa,auto,0,unreviewed
/data/datasets/DROID/train_v8/final/12059_exterior_image_1_left_pair0.png,v9_train.csv,bowl,table,auto,0,unreviewed
/data/datasets/DROID/train_v8/final/16198_exterior_image_1_left_pair0.png,v9_train.csv,jar,object,auto,0,unreviewed
/data/datasets/DROID/train_v8/final/15568_exterior_image_1_left_pair0.png,v9_train.csv,bottle,shelf,auto,0,keep
/data/datasets/DROID/train_v8/final/16050_exterior_image_2_left_pair0.png,v9_train.csv,coffee cup,stack at counter,auto,0,unreviewed
/data/datasets/DROID/train_v8/final/11151_exterior_image_1_left_pair0.png,v9_train.csv,banana,table,human,0,keep
/data/datasets/DROID/train_v8/final/80860_exterior_image_2_left_pair1.png,v9_train.csv,packaging bag,drawer,auto,0,unreviewed
/data/datasets/DROID/train_v8/final/45848_exterior_image_2_left_pair0.png,v9_train.csv,packaged snack,sink,auto,0,unreviewed
/data/datasets/DROID/train_v8/final/31245_exterior_image_2_left_pair0.png,v9_train.csv,candy bar,tabletop,auto,0,unreviewed
/data/datasets/DROID/train_v8/final/14922_exterior_image_2_left_pair0.png,v9_train.csv,marker,desk,auto,1,keep
/data/datasets/DROID/train_v8/final/15458_exterior_image_2_left_pair0.png,v9_train.csv,cap,spray bottle,auto,0,keep
/data/datasets/DROID/train_v8/final/2109_exterior_image_2_left_pair0.png,v9_train.csv,marker,towel,auto,0,keep
/data/datasets/DROID/train_v8/final/14137_exterior_image_1_left_pair0.png,v9_train.csv,beetroot plushie,cabinet,human,0,keep
/data/datasets/DROID/train_v8/final/65324_exterior_image_1_left_pair0.png,v9_train.csv,plate,tabletop,human,1,keep
/data/datasets/DROID/train_v8/final/20725_exterior_image_1_left_pair0.png,v9_train.csv,fork,drawer,human,0,vanish
/data/datasets/DROID/train_v8/final/40297_exterior_image_1_left_pair0.png,v9_train.csv,object,basin,auto,0,unreviewed
/data/datasets/DROID/train_v8/final/10863_exterior_image_2_left_pair0.png,v9_train.csv,block,and blocks,auto,0,keep
/data/datasets/DROID/train_v8/final/25606_exterior_image_2_left_pair0.png,v9_train.csv,object,container,auto,0,vanish
/data/datasets/DROID/train_v8/final/11447_exterior_image_2_left_pair0.png,v9_train.csv,object,cup,auto,0,vanish
/data/datasets/DROID/train_v8/final/22764_exterior_image_2_left_pair0.png,v9_train.csv,object,sink,auto,0,keep
/data/datasets/DROID/train_v8/final/20591_exterior_image_1_left_pair0.png,v9_train.csv,bowl,air fryer,human,0,keep
/data/datasets/DROID/train_v8/final/20591_exterior_image_1_left_pair1.png,v9_train.csv,bowl on,table,auto,0,unreviewed
/data/datasets/DROID/train_v8/final/10973_exterior_image_1_left_pair0.png,v9_train.csv,marker,table,auto,0,unreviewed
/data/datasets/DROID/train_v8/final/26589_exterior_image_1_left_pair0.png,v9_train.csv,rope,board,auto,0,keep
/data/datasets/DROID/train_v8/final/15109_exterior_image_1_left_pair0.png,v9_train.csv,cup,cup,auto,0,keep
/data/datasets/DROID/train_v8/final/219_exterior_image_1_left_pair0.png,v9_train.csv,object,cup,human,0,keep
/data/datasets/DROID/train_v8/final/19111_exterior_image_1_left_pair0.png,v9_train.csv,tulip plush toy,bowl,auto,0,keep
/data/datasets/DROID/train_v8/final/38795_exterior_image_2_left_pair0.png,v9_train.csv,cup,cup,human,0,keep
/data/datasets/DROID/train_v8/final/11952_exterior_image_1_left_pair0.png,v9_train.csv,marker,bowl,auto,0,discard
/data/datasets/DROID/train_v8/final/14897_exterior_image_2_left_pair0.png,v9_train.csv,grape,pot,human,0,keep
/data/datasets/DROID/train_v8/final/16495_exterior_image_2_left_pair0.png,v9_train.csv,bottle,layer tray,auto,0,keep
/data/datasets/DROID/train_v8/final/24515_exterior_image_1_left_pair0.png,v9_train.csv,salt cellar,table,auto,0,unreviewed
/data/datasets/DROID/train_v8/final/29276_exterior_image_1_left_pair0.png,v9_train.csv,banana plush toy,box,auto,0,keep
/data/datasets/DROID/train_v8/final/29138_exterior_image_1_left_pair0.png,v9_train.csv,jar,object,auto,0,unreviewed
/data/datasets/DROID/train_v8/final/11602_exterior_image_1_left_pair0.png,v9_train.csv,carrot,pot,auto,0,keep
/data/datasets/DROID/train_v8/final/41788_exterior_image_1_left_pair0.png,v9_train.csv,cloth,counter,auto,0,unreviewed
/data/datasets/DROID/train_v8/final/36127_exterior_image_1_left_pair0.png,v9_train.csv,drink,tabletop,auto,1,keep
/data/datasets/DROID/train_v8/final/36127_exterior_image_1_left_pair1.png,v9_train.csv,drink,tabletop,auto,0,unreviewed
/data/datasets/DROID/train_v8/final/16944_exterior_image_2_left_pair0.png,v9_train.csv,sponge,cabinet,auto,0,keep
/data/datasets/DROID/train_v8/final/10664_exterior_image_2_left_pair0.png,v9_train.csv,pen,table,auto,1,keep
/data/datasets/DROID/train_v8/final/35777_exterior_image_2_left_pair0.png,v9_train.csv,plush toy,shelf fridge,auto,0,keep
/data/datasets/DROID/train_v8/final/59848_exterior_image_2_left_pair0.png,v9_train.csv,cube,bowl,auto,0,vanish
/data/datasets/DROID/train_v8/final/29349_exterior_image_1_left_pair0.png,v9_train.csv,banana toy,plate,auto,0,keep
/data/datasets/DROID/train_v8/final/38372_exterior_image_1_left_pair0.png,v9_train.csv,bottle,table,auto,1,keep
/data/datasets/DROID/train_v8/final/14022_exterior_image_2_left_pair0.png,v9_train.csv,lid,table,auto,0,unreviewed
/data/datasets/DROID/train_v8/final/11265_exterior_image_2_left_pair0.png,v9_train.csv,pot,table,human,1,keep
/data/datasets/DROID/train_v8/final/15706_exterior_image_1_left_pair0.png,v9_train.csv,pen,table,human,1,keep
/data/datasets/DROID/train_v8/final/14772_exterior_image_1_left_pair1.png,v9_train.csv,shirt,box,auto,0,vanish
/data/datasets/DROID/train_v8/final/16916_exterior_image_2_left_pair0.png,v9_train.csv,toy,shelf,auto,0,keep
/data/datasets/DROID/train_v8/final/37995_exterior_image_2_left_pair0.png,v9_train.csv,lid,pot,auto,0,discard
/data/datasets/DROID/train_v8/final/16202_exterior_image_1_left_pair0.png,v9_train.csv,drink,sink,auto,0,unreviewed
/data/datasets/DROID/train_v8/final/14335_exterior_image_1_left_pair0.png,v9_train.csv,bottle,box,auto,0,keep
/data/datasets/DROID/train_v8/final/12272_exterior_image_1_left_pair0.png,v9_train.csv,object,table,auto,1,keep
/data/datasets/DROID/train_v8/final/40517_exterior_image_2_left_pair0.png,v9_train.csv,toy,table,auto,1,keep
/data/datasets/DROID/train_v8/final/21159_exterior_image_1_left_pair0.png,v9_train.csv,marker,cup,auto,0,keep
/data/datasets/DROID/train_v8/final/78960_exterior_image_1_left_pair0.png,v9_train.csv,drink,drawer,auto,0,unreviewed
/data/datasets/DROID/train_v8/final/26264_exterior_image_1_left_pair0.png,v9_train.csv,granola bar,cabinet above,auto,0,unreviewed
/data/datasets/DROID/train_v8/final/53403_exterior_image_2_left_pair0.png,v9_train.csv,hanger,pole,auto,0,keep
/data/datasets/DROID/train_v8/final/47006_exterior_image_2_left_pair0.png,v9_train.csv,charger,slot on extension cord,human,0,keep
/data/datasets/DROID/train_v8/final/21633_exterior_image_2_left_pair0.png,v9_train.csv,plush toy,countertop,auto,1,keep
/data/datasets/DROID/train_v8/final/11227_exterior_image_1_left_pair0.png,v9_train.csv,cup,bowl,auto,0,keep
/data/datasets/DROID/train_v8/final/2323_exterior_image_2_left_pair1.png,v9_train.csv,water bottle,part counter,auto,0,keep
/data/datasets/DROID/train_v8/final/13149_exterior_image_1_left_pair0.png,v9_train.csv,cup,bowl,auto,0,keep
/data/datasets/DROID/train_v8/final/12382_exterior_image_2_left_pair0.png,v9_train.csv,object,pot,auto,0,keep
/data/datasets/DROID/train_v8/final/16746_exterior_image_2_left_pair0.png,v9_train.csv,fork,drawer,auto,0,vanish
/data/datasets/DROID/train_v8/final/21756_exterior_image_2_left_pair0.png,v9_train.csv,marker,towel,auto,0,keep
/data/datasets/DROID/train_v8/final/10837_exterior_image_1_left_pair0.png,v9_train.csv,ring,platform,auto,0,keep
/data/datasets/DROID/train_v8/final/82874_exterior_image_1_left_pair0.png,v9_train.csv,clothing,chair,auto,0,keep
/data/datasets/DROID/train_v8/final/60705_exterior_image_1_left_pair0.png,v9_train.csv,tablecloth,table,auto,1,keep
/data/datasets/DROID/train_v8/final/47121_exterior_image_2_left_pair0.png,v9_train.csv,marker,cloth on table,auto,0,keep
/data/datasets/DROID/train_v8/final/47121_exterior_image_2_left_pair1.png,v9_train.csv,folded cloth,box,auto,0,unreviewed
/data/datasets/DROID/train_v8/final/25804_exterior_image_2_left_pair0.png,v9_train.csv,ring,cylinder,auto,0,keep
/data/datasets/DROID/train_v8/final/12062_exterior_image_2_left_pair0.png,v9_train.csv,cloth,tabletop,auto,0,unreviewed
/data/datasets/DROID/train_v8/final/34077_exterior_image_1_left_pair0.png,v9_train.csv,measuring cup,,auto,0,unreviewed
/data/datasets/DROID/train_v8/final/13597_exterior_image_2_left_pair0.png,v9_train.csv,packet,sink,auto,0,unreviewed
/data/datasets/DROID/train_v8/final/12629_exterior_image_2_left_pair0.png,v9_train.csv,item,cup,auto,0,keep
/data/datasets/DROID/train_v8/final/29492_exterior_image_1_left_pair0.png,v9_train.csv,cup,water dispenser,human,0,keep
/data/datasets/DROID/train_v8/final/28990_exterior_image_2_left_pair0.png,v9_train.csv,tape,drawer,auto,0,keep
/data/datasets/DROID/train_v8/final/28990_exterior_image_2_left_pair1.png,v9_train.csv,object,drawer,auto,0,unreviewed
/data/datasets/DROID/train_v8/final/38172_exterior_image_2_left_pair0.png,v9_train.csv,can fanta,drawer cabinet,auto,0,unreviewed
/data/datasets/DROID/train_v8/final/24416_exterior_image_2_left_pair0.png,v9_train.csv,,table,auto,0,unreviewed
/data/datasets/DROID/train_v8/final/16494_exterior_image_2_left_pair0.png,v9_train.csv,rope,table,auto,1,keep
/data/datasets/DROID/train_v8/final/23867_exterior_image_2_left_pair0.png,v9_train.csv,object,board,auto,0,keep
/data/datasets/DROID/train_v8/final/13771_exterior_image_1_left_pair0.png,v9_train.csv,broccoli toy,table,auto,0,unreviewed
/data/datasets/DROID/train_v8/final/1858_exterior_image_2_left_pair0.png,v9_train.csv,object,cabinet,auto,0,unreviewed
/data/datasets/DROID/train_v8/final/16106_exterior_image_2_left_pair0.png,v9_train.csv,cloth,stand,auto,0,unreviewed
/data/datasets/DROID/train_v8/final/19540_exterior_image_1_left_pair0.png,v9_train.csv,plush toy,pot,auto,0,keep
/data/datasets/DROID/train_v8/final/14724_exterior_image_2_left_pair0.png,v9_train.csv,pen,tabletop,auto,0,unreviewed
/data/datasets/DROID/train_v8/final/29455_exterior_image_1_left_pair0.png,v9_train.csv,cup,tray,auto,0,unreviewed
/data/datasets/DROID/train_v8/final/11812_exterior_image_2_left_pair0.png,v9_train.csv,clothes,table,auto,1,keep
/data/datasets/DROID/train_v8/final/19827_exterior_image_1_left_pair0.png,v9_train.csv,fork,table,auto,0,unreviewed
/data/datasets/DROID/train_v8/final/2825_exterior_image_2_left_pair1.png,v9_train.csv,object,drawer,auto,0,keep
/data/datasets/DROID/train_v8/final/22753_exterior_image_1_left_pair1.png,v9_train.csv,spoon,tabletop,auto,0,unreviewed
/data/datasets/DROID/train_v8/final/15779_exterior_image_2_left_pair0.png,v9_train.csv,object,board,auto,0,keep
/data/datasets/DROID/train_v8/final/13130_exterior_image_1_left_pair0.png,v9_train.csv,object,container,auto,0,keep
/data/datasets/DROID/train_v8/final/17667_exterior_image_1_left_pair0.png,v9_train.csv,bag Lays,shelf cabinet,auto,0,unreviewed
/data/datasets/DROID/train_v8/final/13859_exterior_image_1_left_pair0.png,v9_train.csv,pot,table,auto,0,unreviewed
/data/datasets/DROID/train_v8/final/36131_exterior_image_1_left_pair0.png,v9_train.csv,pear toy,oven,auto,0,vanish
/data/datasets/DROID/train_v8/final/12880_exterior_image_1_left_pair0.png,v9_train.csv,spoon,mug,auto,0,keep
/data/datasets/DROID/train_v8/final/32191_exterior_image_1_left_pair0.png,v9_train.csv,mug,sink,auto,0,vanish
/data/datasets/DROID/train_v8/final/11175_exterior_image_1_left_pair0.png,v9_train.csv,cable,toolbox,auto,0,keep
/data/datasets/DROID/train_v8/final/19075_exterior_image_1_left_pair0.png,v9_train.csv,doll,pot,auto,0,discard
/data/datasets/DROID/train_v8/final/14894_exterior_image_1_left_pair0.png,v9_train.csv,chocolate bar,counter,auto,0,unreviewed
/data/datasets/DROID/train_v8/final/15135_exterior_image_1_left_pair0.png,v9_train.csv,lid,pot,auto,0,unreviewed
/data/datasets/DROID/train_v8/final/11726_exterior_image_1_left_pair0.png,v9_train.csv,bottle,windowsill,auto,0,unreviewed
/data/datasets/DROID/train_v8/final/48499_exterior_image_1_left_pair0.png,v9_train.csv,cloth,cabinet,auto,0,discard
/data/datasets/DROID/train_v8/final/1214_exterior_image_1_left_pair0.png,v9_train.csv,cup,table,auto,0,unreviewed
/data/datasets/DROID/train_v8/final/67927_exterior_image_2_left_pair0.png,v9_train.csv,pen,board,auto,0,keep
/data/datasets/DROID/train_v8/final/20448_exterior_image_1_left_pair0.png,v9_train.csv,hoodie,box,auto,0,keep
/data/datasets/DROID/train_v8/final/13442_exterior_image_1_left_pair0.png,v9_train.csv,pen,cup,auto,0,keep
/data/datasets/DROID/train_v8/final/17514_exterior_image_1_left_pair0.png,v9_train.csv,plushy,plate,auto,0,keep
/data/datasets/DROID/train_v8/final/13798_exterior_image_1_left_pair0.png,v9_train.csv,bottle,table,human,1,keep
/data/datasets/DROID/train_v8/final/25417_exterior_image_1_left_pair0.png,v9_train.csv,tiger plushie,bowl,auto,0,keep
/data/datasets/DROID/train_v8/final/12022_exterior_image_2_left_pair0.png,v9_train.csv,mouse,table,auto,1,keep
/data/datasets/DROID/train_v8/final/37789_exterior_image_2_left_pair1.png,v9_train.csv,packaging bag,drawer,auto,0,unreviewed
/data/datasets/DROID/train_v8/final/11066_exterior_image_1_left_pair0.png,v9_train.csv,marker,pot,auto,0,keep
/data/datasets/DROID/train_v8/final/6875_exterior_image_2_left_pair0.png,v9_train.csv,paper,box,auto,0,keep
/data/datasets/DROID/train_v8/final/26047_exterior_image_1_left_pair0.png,v9_train.csv,mug above frying pan,counter above frying pan,auto,0,unreviewed
/data/datasets/DROID/train_v8/final/20488_exterior_image_1_left_pair0.png,v9_train.csv,cup,laundary machine,human,1,keep
/data/datasets/DROID/train_v8/final/20488_exterior_image_1_left_pair1.png,v9_train.csv,bowl,bowl,auto,0,unreviewed
/data/datasets/DROID/train_v8/final/38894_exterior_image_1_left_pair0.png,v9_train.csv,towel,countertop,auto,1,keep
/data/datasets/DROID/train_v8/final/14433_exterior_image_1_left_pair0.png,v9_train.csv,cloth,tripod,human,0,keep
/data/datasets/DROID/train_v8/final/2940_exterior_image_2_left_pair0.png,v9_train.csv,watermelon toy,oven tray,human,0,keep
/data/datasets/DROID/train_v8/final/15264_exterior_image_1_left_pair0.png,v9_train.csv,pen,mug,auto,0,keep
/data/datasets/DROID/train_v8/final/12909_exterior_image_2_left_pair0.png,v9_train.csv,t-shirt,table,auto,0,unreviewed
/data/datasets/DROID/train_v8/final/12590_exterior_image_1_left_pair0.png,v9_train.csv,marker,table,auto,1,keep
/data/datasets/DROID/train_v8/final/33654_exterior_image_1_left_pair0.png,v9_train.csv,towel,cutlery holder,auto,0,keep
/data/datasets/DROID/train_v8/final/31679_exterior_image_1_left_pair0.png,v9_train.csv,pencil,table,auto,1,keep
/data/datasets/DROID/train_v8/final/17715_exterior_image_2_left_pair0.png,v9_train.csv,cup,cabinet,auto,0,unreviewed
/data/datasets/DROID/train_v8/final/40239_exterior_image_1_left_pair0.png,v9_train.csv,mug,table,auto,1,keep
/data/datasets/DROID/train_v8/final/17860_exterior_image_2_left_pair0.png,v9_train.csv,cup,table,human,1,keep
/data/datasets/DROID/train_v8/final/19044_exterior_image_2_left_pair0.png,v9_train.csv,lid,table,auto,0,unreviewed
/data/datasets/DROID/train_v8/final/1330_exterior_image_1_left_pair0.png,v9_train.csv,block,cup,auto,0,vanish
/data/datasets/DROID/train_v8/final/21840_exterior_image_1_left_pair0.png,v9_train.csv,Coca-Cola can,counter,auto,0,unreviewed
/data/datasets/DROID/train_v8/final/13097_exterior_image_1_left_pair0.png,v9_train.csv,corn toy,table,human,1,keep
/data/datasets/DROID/train_v8/final/23131_exterior_image_2_left_pair0.png,v9_train.csv,clothes,chair,auto,0,keep
/data/datasets/DROID/train_v8/final/16860_exterior_image_2_left_pair0.png,v9_train.csv,bowl,tissue,auto,0,unreviewed
/data/datasets/DROID/train_v8/final/53160_exterior_image_1_left_pair1.png,v9_train.csv,plush toy,,auto,0,unreviewed
/data/datasets/DROID/train_v8/final/77902_exterior_image_2_left_pair0.png,v9_train.csv,fabric,tray,auto,0,keep
/data/datasets/DROID/train_v8/final/77902_exterior_image_2_left_pair1.png,v9_train.csv,fabric,tray,auto,0,unreviewed
/data/datasets/DROID/train_v8/final/14225_exterior_image_1_left_pair0.png,v9_train.csv,object,table,auto,1,keep
/data/datasets/DROID/train_v8/final/57118_exterior_image_1_left_pair0.png,v9_train.csv,toy,bowl,auto,0,unreviewed
/data/datasets/DROID/train_v8/final/11136_exterior_image_1_left_pair0.png,v9_train.csv,towel,bowl,auto,0,unreviewed
/data/datasets/DROID/train_v8/final/1508_exterior_image_1_left_pair0.png,v9_train.csv,snacks,bowl,auto,0,unreviewed
/data/datasets/DROID/train_v8/final/13046_exterior_image_2_left_pair0.png,v9_train.csv,marker,table,auto,0,unreviewed
/data/datasets/DROID/train_v8/final/24644_exterior_image_1_left_pair0.png,v9_train.csv,lid,cake tray,auto,0,unreviewed
/data/datasets/DROID/train_v8/final/19067_exterior_image_2_left_pair0.png,v9_train.csv,stapler,corner counter,auto,1,keep
/data/datasets/DROID/train_v8/final/43134_exterior_image_2_left_pair0.png,v9_train.csv,bowl,table,auto,1,keep
/data/datasets/DROID/train_v8/final/16362_exterior_image_2_left_pair0.png,v9_train.csv,pen,table,human,1,keep
/data/datasets/DROID/train_v8/final/2439_exterior_image_1_left_pair0.png,v9_train.csv,cup,box,auto,0,unreviewed
/data/datasets/DROID/train_v8/final/15667_exterior_image_2_left_pair0.png,v9_train.csv,lid,pot,auto,0,unreviewed
/data/datasets/DROID/train_v8/final/27568_exterior_image_2_left_pair0.png,v9_train.csv,lid,pot,auto,0,unreviewed
/data/datasets/DROID/train_v8/final/12727_exterior_image_1_left_pair0.png,v9_train.csv,masking tape,plate,auto,0,keep
/data/datasets/DROID/train_v8/final/35593_exterior_image_1_left_pair0.png,v9_train.csv,clip,desktop,auto,1,keep
/data/datasets/DROID/train_v8/final/16605_exterior_image_2_left_pair0.png,v9_train.csv,plush toy,stove,human,0,keep
/data/datasets/DROID/train_v8/final/22687_exterior_image_1_left_pair0.png,v9_train.csv,cup,table,auto,0,unreviewed
/data/datasets/DROID/train_v8/final/12483_exterior_image_2_left_pair0.png,v9_train.csv,object,table,auto,0,unreviewed
/data/datasets/DROID/train_v8/final/12253_exterior_image_2_left_pair0.png,v9_train.csv,cube,cubes,human,0,keep
/data/datasets/DROID/train_v8/final/41866_exterior_image_1_left_pair0.png,v9_train.csv,plate,table,human,1,keep
/data/datasets/DROID/train_v8/final/22117_exterior_image_2_left_pair0.png,v9_train.csv,grey cylinder,cup,human,0,keep
/data/datasets/DROID/train_v8/final/11115_exterior_image_1_left_pair0.png,v9_train.csv,lid,tabletop,auto,0,unreviewed
/data/datasets/DROID/train_v8/final/10671_exterior_image_2_left_pair0.png,v9_train.csv,bowl,cabinet,auto,0,unreviewed
/data/datasets/DROID/train_v8/final/23178_exterior_image_2_left_pair0.png,v9_train.csv,marker,table,auto,0,keep
/data/datasets/DROID/train_v8/final/12700_exterior_image_2_left_pair0.png,v9_train.csv,towel,object,auto,0,keep
/data/datasets/DROID/train_v8/final/1941_exterior_image_1_left_pair1.png,v9_train.csv,bottle,countertop,auto,0,keep
/data/datasets/DROID/train_v8/final/21996_exterior_image_1_left_pair0.png,v9_train.csv,bottle,box,auto,0,keep
/data/datasets/DROID/train_v8/final/19470_exterior_image_2_left_pair0.png,v9_train.csv,cloth hanging,table,auto,1,keep
/data/datasets/DROID/train_v8/final/41036_exterior_image_1_left_pair0.png,v9_train.csv,marker,mug,auto,0,unreviewed
/data/datasets/DROID/train_v8/final/1469_exterior_image_2_left_pair0.png,v9_train.csv,bowl,bowl,auto,0,keep
/data/datasets/DROID/train_v8/final/1139_exterior_image_2_left_pair0.png,v9_train.csv,plush carrot toy,pan,auto,0,keep
/data/datasets/DROID/train_v8/final/15796_exterior_image_2_left_pair0.png,v9_train.csv,lid,stove,human,0,keep
/data/datasets/DROID/train_v8/final/39459_exterior_image_2_left_pair0.png,v9_train.csv,object,container,auto,0,unreviewed
/data/datasets/DROID/train_v8/final/12181_exterior_image_2_left_pair0.png,v9_train.csv,cylindrical block,cup,auto,0,keep
/data/datasets/DROID/train_v8/final/36432_exterior_image_1_left_pair0.png,v9_train.csv,bowl,countertop,auto,0,keep
/data/datasets/DROID/train_v8/final/16333_exterior_image_1_left_pair0.png,v9_train.csv,box,table,auto,1,keep
/data/datasets/DROID/train_v8/final/43198_exterior_image_2_left_pair0.png,v9_train.csv,toy,plate,auto,0,keep
/data/datasets/DROID/train_v8/final/15353_exterior_image_1_left_pair0.png,v9_train.csv,bottle,table,auto,1,keep
/data/datasets/DROID/train_v8/final/17935_exterior_image_1_left_pair0.png,v9_train.csv,container,table,auto,1,keep
/data/datasets/DROID/train_v8/final/27491_exterior_image_2_left_pair0.png,v9_train.csv,can,shelf above sink,auto,0,unreviewed
/data/datasets/DROID/train_v8/final/24613_exterior_image_2_left_pair1.png,v9_train.csv,tissue,rubbish can,auto,0,vanish
/data/datasets/DROID/train_v8/final/32563_exterior_image_2_left_pair1.png,v9_train.csv,towel,box,auto,0,vanish
/data/datasets/DROID/train_v8/final/55255_exterior_image_2_left_pair1.png,v9_train.csv,cloth,table,auto,1,keep
/data/datasets/DROID/train_v8/final/14143_exterior_image_1_left_pair0.png,v9_train.csv,marker,mug,auto,0,keep
/data/datasets/DROID/train_v8/final/14836_exterior_image_2_left_pair0.png,v9_train.csv,fleece,head rest armchair,auto,0,keep
/data/datasets/DROID/train_v8/final/1255_exterior_image_1_left_pair0.png,v9_train.csv,spray bottle cap,spray bottle,auto,0,keep
/data/datasets/DROID/train_v8/final/1901_exterior_image_1_left_pair0.png,v9_train.csv,shovel,table,auto,0,unreviewed
/data/datasets/DROID/train_v8/final/11461_exterior_image_2_left_pair0.png,v9_train.csv,toy,bowl,auto,0,keep
/data/datasets/DROID/train_v8/final/23173_exterior_image_2_left_pair0.png,v9_train.csv,bottle,ever spring bottle,auto,0,keep
/data/datasets/DROID/train_v8/final/2392_exterior_image_1_left_pair0.png,v9_train.csv,stapler,table,auto,1,keep
/data/datasets/DROID/train_v8/final/41426_exterior_image_2_left_pair0.png,v9_train.csv,bowl,cooker,human,0,keep
/data/datasets/DROID/train_v8/final/33567_exterior_image_1_left_pair0.png,v9_train.csv,rope,surface,auto,1,keep
/data/datasets/DROID/train_v8/final/33567_exterior_image_1_left_pair1.png,v9_train.csv,rope,other side surface,auto,0,unreviewed
/data/datasets/DROID/train_v8/final/1521_exterior_image_1_left_pair0.png,v9_train.csv,shirt,table,auto,0,unreviewed
/data/datasets/DROID/train_v8/final/13269_exterior_image_1_left_pair0.png,v9_train.csv,remote,cushion,auto,0,keep
/data/datasets/DROID/train_v8/final/13269_exterior_image_1_left_pair1.png,v9_train.csv,remote,remote,auto,0,unreviewed
/data/datasets/DROID/train_v8/final/11618_exterior_image_1_left_pair0.png,v9_train.csv,pen,table,auto,1,keep
/data/datasets/DROID/train_v8/final/12900_exterior_image_1_left_pair0.png,v9_train.csv,pen,cup,auto,0,keep
/data/datasets/DROID/train_v8/final/13315_exterior_image_1_left_pair0.png,v9_train.csv,packaging bag to shelf,shelf,human,0,keep
/data/datasets/DROID/train_v8/final/10877_exterior_image_2_left_pair0.png,v9_train.csv,object,table,auto,0,keep
/data/datasets/DROID/train_v8/final/25882_exterior_image_2_left_pair0.png,v9_train.csv,pack snacks,sink,auto,0,unreviewed
/data/datasets/DROID/train_v8/final/72884_exterior_image_2_left_pair0.png,v9_train.csv,object,table,auto,1,keep
/data/datasets/DROID/train_v8/final/11926_exterior_image_1_left_pair0.png,v9_train.csv,cloth,seat chair,auto,0,unreviewed
/data/datasets/DROID/train_v8/final/16573_exterior_image_1_left_pair0.png,v9_train.csv,box,countertop,human,1,keep
/data/datasets/DROID/train_v8/final/12252_exterior_image_1_left_pair0.png,v9_train.csv,bowl,food packaging,auto,0,unreviewed
/data/datasets/DROID/train_v8/final/11987_exterior_image_1_left_pair0.png,v9_train.csv,staple remover,table,auto,1,keep
/data/datasets/DROID/train_v8/final/14825_exterior_image_1_left_pair0.png,v9_train.csv,marker,cup,auto,0,keep
/data/datasets/DROID/train_v8/final/12426_exterior_image_2_left_pair0.png,v9_train.csv,corn toy,table,auto,1,keep
/data/datasets/DROID/train_v8/final/12920_exterior_image_1_left_pair0.png,v9_train.csv,bowl,counter,auto,1,keep
/data/datasets/DROID/train_v8/final/12920_exterior_image_1_left_pair1.png,v9_train.csv,ball,counter,auto,0,unreviewed
/data/datasets/DROID/train_v8/final/34165_exterior_image_1_left_pair0.png,v9_train.csv,towel,table,auto,0,unreviewed
/data/datasets/DROID/train_v8/final/13671_exterior_image_2_left_pair0.png,v9_train.csv,wire,table,auto,1,keep
/data/datasets/DROID/train_v8/final/17632_exterior_image_1_left_pair0.png,v9_train.csv,object,plate,auto,0,unreviewed
/data/datasets/DROID/train_v8/final/17414_exterior_image_1_left_pair0.png,v9_train.csv,item,bag,auto,0,unreviewed
/data/datasets/DROID/train_v8/final/11598_exterior_image_2_left_pair0.png,v9_train.csv,marker,cup,auto,0,keep
/data/datasets/DROID/train_v8/final/18159_exterior_image_1_left_pair0.png,v9_train.csv,cloth,tabletop,auto,0,unreviewed
/data/datasets/DROID/train_v8/final/16671_exterior_image_2_left_pair0.png,v9_train.csv,cup,bowl,auto,0,unreviewed
/data/datasets/DROID/train_v8/final/29461_exterior_image_1_left_pair0.png,v9_train.csv,toy,bowl,auto,0,keep
/data/datasets/DROID/train_v8/final/38001_exterior_image_2_left_pair0.png,v9_train.csv,pear,basket,auto,0,keep
/data/datasets/DROID/train_v8/final/10961_exterior_image_1_left_pair0.png,v9_train.csv,cloth,panel,auto,0,keep
/data/datasets/DROID/train_v8/final/26669_exterior_image_2_left_pair0.png,v9_train.csv,object,pot,auto,0,keep
/data/datasets/DROID/train_v8/final/54428_exterior_image_2_left_pair0.png,v9_train.csv,paper,box,auto,0,keep
/data/datasets/DROID/train_v8/final/21064_exterior_image_1_left_pair0.png,v9_train.csv,hanger,table,auto,1,keep
/data/datasets/DROID/train_v8/final/16348_exterior_image_1_left_pair0.png,v9_train.csv,lid,,auto,0,unreviewed
/data/datasets/DROID/train_v8/final/62546_exterior_image_1_left_pair1.png,v9_train.csv,object,cup,auto,0,vanish
/data/datasets/DROID/train_v8/final/80112_exterior_image_2_left_pair0.png,v9_train.csv,whiteboard eraser,desktop,auto,1,keep
/data/datasets/DROID/train_v8/final/23778_exterior_image_2_left_pair0.png,v9_train.csv,two towels,bag,auto,0,vanish
/data/datasets/DROID/train_v8/final/13418_exterior_image_1_left_pair0.png,v9_train.csv,square,bowl,auto,0,keep
/data/datasets/DROID/train_v8/final/15587_exterior_image_1_left_pair0.png,v9_train.csv,marker,table,auto,0,unreviewed
/data/datasets/DROID/train_v8/final/1115_exterior_image_1_left_pair0.png,v9_train.csv,pen,table,auto,0,unreviewed
/data/datasets/DROID/train_v8/final/20881_exterior_image_1_left_pair0.png,v9_train.csv,mug,countertop,auto,0,unreviewed
/data/datasets/DROID/train_v8/final/17196_exterior_image_1_left_pair0.png,v9_train.csv,,object,auto,0,unreviewed
/data/datasets/DROID/train_v8/final/23683_exterior_image_1_left_pair0.png,v9_train.csv,lid,pot,auto,0,keep
/data/datasets/DROID/train_v8/final/13519_exterior_image_2_left_pair0.png,v9_train.csv,corn,basin,auto,0,vanish
/data/datasets/DROID/train_v8/final/26436_exterior_image_2_left_pair0.png,v9_train.csv,soda can,counter,auto,0,unreviewed
/data/datasets/DROID/train_v8/final/12939_exterior_image_1_left_pair0.png,v9_train.csv,measuring tape,table,auto,1,keep
/data/datasets/DROID/train_v8/final/13113_exterior_image_1_left_pair0.png,v9_train.csv,paper,pot,auto,0,unreviewed
/data/datasets/DROID/train_v8/final/11244_exterior_image_2_left_pair0.png,v9_train.csv,block,table,auto,1,keep
/data/datasets/DROID/train_v8/final/26101_exterior_image_2_left_pair1.png,v9_train.csv,wrapped towel,box,auto,0,vanish
/data/datasets/DROID/train_v8/final/12532_exterior_image_1_left_pair0.png,v9_train.csv,box,table,auto,0,unreviewed
/data/datasets/DROID/train_v8/final/20077_exterior_image_1_left_pair0.png,v9_train.csv,cup,table,human,1,keep
/data/datasets/DROID/train_v8/final/78235_exterior_image_2_left_pair0.png,v9_train.csv,pillow,arm rest,auto,0,keep
/data/datasets/DROID/train_v8/final/78235_exterior_image_2_left_pair1.png,v9_train.csv,pillow,,auto,0,unreviewed
/data/datasets/DROID/train_v8/final/10717_exterior_image_1_left_pair0.png,v9_train.csv,sauce bottle,cup,auto,0,keep
/data/datasets/DROID/train_v8/final/11592_exterior_image_2_left_pair0.png,v9_train.csv,masking tape,plate,auto,0,keep
/data/datasets/DROID/train_v8/final/2437_exterior_image_1_left_pair0.png,v9_train.csv,plush toy,sink,auto,0,keep
/data/datasets/DROID/train_v8/final/29564_exterior_image_1_left_pair0.png,v9_train.csv,object,table,auto,1,keep
/data/datasets/DROID/train_v8/final/19557_exterior_image_2_left_pair0.png,v9_train.csv,object,bowl,auto,0,keep
/data/datasets/DROID/train_v8/final/15379_exterior_image_1_left_pair0.png,v9_train.csv,lid,pot,auto,0,discard
/data/datasets/DROID/train_v8/final/22818_exterior_image_1_left_pair0.png,v9_train.csv,rope,box,auto,0,vanish
/data/datasets/DROID/train_v8/final/1621_exterior_image_1_left_pair0.png,v9_train.csv,block,cup,auto,0,vanish
/data/datasets/DROID/train_v8/final/13711_exterior_image_1_left_pair0.png,v9_train.csv,object with handle,bowl,auto,0,keep
/data/datasets/DROID/train_v8/final/13498_exterior_image_1_left_pair0.png,v9_train.csv,lid,pot,auto,0,unreviewed
/data/datasets/DROID/train_v8/final/14345_exterior_image_2_left_pair0.png,v9_train.csv,block,table,auto,1,keep
/data/datasets/DROID/train_v8/final/40609_exterior_image_2_left_pair0.png,v9_train.csv,cup,cup,human,0,keep
/data/datasets/DROID/train_v8/final/1208_exterior_image_1_left_pair0.png,v9_train.csv,block,board,human,0,keep
/data/datasets/DROID/train_v8/final/17545_exterior_image_1_left_pair0.png,v9_train.csv,bowl,table in cup,auto,0,unreviewed
/data/datasets/DROID/train_v8/final/1635_exterior_image_1_left_pair0.png,v9_train.csv,lid,stove,auto,0,keep
/data/datasets/DROID/train_v8/final/21074_exterior_image_1_left_pair0.png,v9_train.csv,block,table,auto,1,keep
/data/datasets/DROID/train_v8/final/15510_exterior_image_1_left_pair0.png,v9_train.csv,marker,table,auto,0,unreviewed
/data/datasets/DROID/train_v8/final/3141_exterior_image_1_left_pair0.png,v9_train.csv,potato chips,cup,human,0,vanish
/data/datasets/DROID/train_v8/final/30370_exterior_image_2_left_pair0.png,v9_train.csv,book,other book,human,0,keep
/data/datasets/DROID/train_v8/final/17811_exterior_image_1_left_pair0.png,v9_train.csv,towel,rack,auto,0,keep
/data/datasets/DROID/train_v8/final/44014_exterior_image_2_left_pair0.png,v9_train.csv,umbrella,counter,auto,1,keep
/data/datasets/DROID/train_v8/final/16264_exterior_image_1_left_pair0.png,v9_train.csv,rope,table,auto,1,keep
/data/datasets/DROID/train_v8/final/19650_exterior_image_2_left_pair0.png,v9_train.csv,tiger plush toy,bowl,auto,0,keep
/data/datasets/DROID/train_v8/final/73763_exterior_image_1_left_pair0.png,v9_train.csv,block,block,human,0,keep
/data/datasets/DROID/train_v8/final/45890_exterior_image_2_left_pair0.png,v9_train.csv,kettle lid,kettle,auto,0,keep
/data/datasets/DROID/train_v8/final/70715_exterior_image_2_left_pair0.png,v9_train.csv,marker,table,human,1,keep
/data/datasets/DROID/train_v8/final/55240_exterior_image_1_left_pair0.png,v9_train.csv,object,bowl,auto,0,unreviewed
/data/datasets/DROID/train_v8/final/8973_exterior_image_2_left_pair0.png,v9_train.csv,jar,cup,auto,0,unreviewed
/data/datasets/DROID/train_v8/final/69541_exterior_image_1_left_pair1.png,v9_train.csv,sharpie,cup,auto,0,keep
/data/datasets/DROID/train_v8/final/40725_exterior_image_1_left_pair0.png,v9_train.csv,object,bowl,auto,0,unreviewed
/data/datasets/DROID/train_v8/final/18693_exterior_image_2_left_pair0.png,v9_train.csv,item,box,auto,0,unreviewed
/data/datasets/DROID/train_v8/final/18397_exterior_image_1_left_pair0.png,v9_train.csv,cup,bowl,auto,0,keep
/data/datasets/DROID/train_v8/final/20339_exterior_image_2_left_pair0.png,v9_train.csv,teabag,cup,auto,0,vanish
/data/datasets/DROID/train_v8/final/64462_exterior_image_1_left_pair0.png,v9_train.csv,jar,drawer,auto,0,unreviewed
/data/datasets/DROID/train_v8/final/36321_exterior_image_1_left_pair0.png,v9_train.csv,marker,box,human,0,keep
/data/datasets/DROID/train_v8/final/77752_exterior_image_1_left_pair0.png,v9_train.csv,bear toy,object,auto,0,unreviewed
/data/datasets/DROID/train_v8/final/66086_exterior_image_2_left_pair0.png,v9_train.csv,block,cup,human,0,vanish
/data/datasets/DROID/train_v8/final/51479_exterior_image_2_left_pair0.png,v9_train.csv,and carton,table,auto,0,unreviewed
/data/datasets/DROID/train_v8/final/20101_exterior_image_2_left_pair0.png,v9_train.csv,new cup,table,auto,0,unreviewed
/data/datasets/DROID/train_v8/final/21031_exterior_image_2_left_pair0.png,v9_train.csv,brush,bottle,human,0,keep
/data/datasets/DROID/train_v8/final/48777_exterior_image_1_left_pair0.png,v9_train.csv,snack,bin,human,0,vanish
/data/datasets/DROID/train_v8/final/4548_exterior_image_2_left_pair0.png,v9_train.csv,stack coffee cups,bigger stack,auto,0,unreviewed
/data/datasets/DROID/train_v8/final/79662_exterior_image_2_left_pair1.png,v9_train.csv,building block,bowl,auto,0,keep
/data/datasets/DROID/train_v8/final/50419_exterior_image_2_left_pair0.png,v9_train.csv,brush,cup,auto,0,keep
/data/datasets/DROID/train_v8/final/9675_exterior_image_2_left_pair0.png,v9_train.csv,screwdriver,drawer,auto,0,keep
/data/datasets/DROID/train_v8/final/78108_exterior_image_2_left_pair0.png,v9_train.csv,screwdriver,drawer,auto,0,keep
/data/datasets/DROID/train_v8/final/76407_exterior_image_1_left_pair1.png,v9_train.csv,fruit,bowl,auto,0,keep
/data/datasets/DROID/train_v8/final/26354_exterior_image_1_left_pair0.png,v9_train.csv,toy,pot,human,0,keep
/data/datasets/DROID/train_v8/final/30015_exterior_image_2_left_pair0.png,v9_train.csv,bowl,bowl,auto,0,unreviewed
/data/datasets/DROID/train_v8/final/74295_exterior_image_2_left_pair0.png,v9_train.csv,object,table,human,1,keep
/data/datasets/DROID/train_v8/final/90487_exterior_image_1_left_pair0.png,v9_train.csv,spotted plush toy,pot,auto,0,unreviewed
/data/datasets/DROID/train_v8/final/82849_exterior_image_2_left_pair0.png,v9_train.csv,short-sleeve shirt,seat couch,auto,0,keep
/data/datasets/DROID/train_v8/final/20457_exterior_image_2_left_pair0.png,v9_train.csv,pot,stove,human,0,keep
/data/datasets/DROID/train_v8/final/65725_exterior_image_2_left_pair0.png,v9_train.csv,,box,auto,0,unreviewed
/data/datasets/DROID/train_v8/final/24964_exterior_image_1_left_pair0.png,v9_train.csv,block and put it,bowl,auto,0,keep
/data/datasets/DROID/train_v8/final/66890_exterior_image_1_left_pair0.png,v9_train.csv,object behind table,,auto,0,unreviewed
/data/datasets/DROID/train_v8/final/18136_exterior_image_2_left_pair1.png,v9_train.csv,,shelf rack,auto,0,unreviewed
/data/datasets/DROID/train_v8/final/50011_exterior_image_2_left_pair0.png,v9_train.csv,object,pot,auto,0,unreviewed
/data/datasets/DROID/train_v8/final/39330_exterior_image_1_left_pair0.png,v9_train.csv,packaging bag,box,auto,0,vanish
/data/datasets/DROID/train_v8/final/72523_exterior_image_1_left_pair0.png,v9_train.csv,object,drawer,auto,0,vanish
/data/datasets/DROID/train_v8/final/36858_exterior_image_2_left_pair0.png,v9_train.csv,cream plush toy,box,auto,0,unreviewed
/data/datasets/DROID/train_v8/final/43458_exterior_image_2_left_pair0.png,v9_train.csv,knife sharpening rod,drawer,auto,0,unreviewed
/data/datasets/DROID/train_v8/final/79180_exterior_image_2_left_pair0.png,v9_train.csv,bottle,tray,auto,0,discard
/data/datasets/DROID/train_v8/final/76323_exterior_image_2_left_pair0.png,v9_train.csv,crayon,table,auto,0,unreviewed
/data/datasets/DROID/train_v8/final/74412_exterior_image_2_left_pair0.png,v9_train.csv,dish,stovetop,auto,0,keep
/data/datasets/DROID/train_v8/final/75136_exterior_image_2_left_pair0.png,v9_train.csv,object,stove,auto,0,unreviewed
/data/datasets/DROID/train_v8/final/82312_exterior_image_2_left_pair0.png,v9_train.csv,plush toy,container,auto,0,unreviewed
/data/datasets/DROID/train_v8/final/48670_exterior_image_1_left_pair0.png,v9_train.csv,object,storage box,auto,0,unreviewed
/data/datasets/DROID/train_v8/final/37441_exterior_image_2_left_pair1.png,v9_train.csv,leftover part,box,auto,0,discard
/data/datasets/DROID/train_v8/final/76301_exterior_image_1_left_pair0.png,v9_train.csv,bread toy,,auto,0,unreviewed
/data/datasets/DROID/train_v8/final/72757_exterior_image_2_left_pair0.png,v9_train.csv,tube,bowl,auto,0,keep
/data/datasets/DROID/train_v8/final/58940_exterior_image_1_left_pair0.png,v9_train.csv,plush toy,pot,auto,0,unreviewed
/data/datasets/DROID/train_v8/final/52697_exterior_image_2_left_pair0.png,v9_train.csv,plush toy,drawer,auto,0,unreviewed
/data/datasets/DROID/train_v8/final/4377_exterior_image_1_left_pair1.png,v9_train.csv,rope,box,human,0,vanish
/data/datasets/DROID/train_v8/final/76581_exterior_image_2_left_pair0.png,v9_train.csv,lid,pan,human,0,keep
/data/datasets/DROID/train_v8/final/42509_exterior_image_1_left_pair0.png,v9_train.csv,thing,bowl,auto,0,unreviewed
/data/datasets/DROID/train_v8/final/22881_exterior_image_1_left_pair0.png,v9_train.csv,ketchup packet,bin,auto,0,unreviewed
/data/datasets/DROID/train_v8/final/73272_exterior_image_2_left_pair1.png,v9_train.csv,fabric,box,auto,0,keep
/data/datasets/DROID/train_v8/final/52960_exterior_image_1_left_pair0.png,v9_train.csv,lid above microwave,bowl,auto,0,keep
/data/datasets/DROID/train_v8/final/40725_exterior_image_2_left_pair0.png,v9_train.csv,object,bowl,auto,0,unreviewed
/data/datasets/DROID/train_v8/final/91535_exterior_image_1_left_pair0.png,v9_train.csv,bottle,container,human,0,keep
/data/datasets/DROID/train_v8/final/77752_exterior_image_2_left_pair0.png,v9_train.csv,bear toy,object,auto,0,unreviewed
/data/datasets/DROID/train_v8/final/27722_exterior_image_2_left_pair0.png,v9_train.csv,toy,shelf cupboard,human,0,keep
/data/datasets/DROID/train_v8/final/76112_exterior_image_1_left_pair0.png,v9_train.csv,and plush toy,drawer,auto,0,unreviewed
/data/datasets/DROID/train_v8/final/32910_exterior_image_2_left_pair1.png,v9_train.csv,tissue and object,trash can,auto,0,unreviewed
/data/datasets/DROID/train_v8/final/22689_exterior_image_1_left_pair0.png,v9_train.csv,beanie,bag,auto,0,vanish
/data/datasets/DROID/train_v8/final/41769_exterior_image_1_left_pair1.png,v9_train.csv,toy fruits,bag,human,0,keep
/data/datasets/DROID/train_v8/final/72663_exterior_image_1_left_pair0.png,v9_train.csv,mangosteen doll,table,auto,0,unreviewed
/data/datasets/DROID/train_v8/final/90580_exterior_image_2_left_pair0.png,v9_train.csv,lid,teapot,human,0,keep
/data/datasets/DROID/train_v8/final/48923_exterior_image_2_left_pair0.png,v9_train.csv,towel by table,stove,human,0,keep
/data/datasets/DROID/train_v8/final/91089_exterior_image_1_left_pair0.png,v9_train.csv,towel,table,auto,0,unreviewed
/data/datasets/DROID/train_v8/final/18397_exterior_image_2_left_pair0.png,v9_train.csv,cup,bowl,auto,0,keep
/data/datasets/DROID/train_v8/final/9632_exterior_image_1_left_pair0.png,v9_train.csv,lid above towel,pot,auto,0,keep
/data/datasets/DROID/train_v8/final/79550_exterior_image_1_left_pair0.png,v9_train.csv,bowl above coffee machine,counter,auto,0,unreviewed
/data/datasets/DROID/train_v8/final/416_exterior_image_2_left_pair0.png,v9_train.csv,doll,table,auto,0,unreviewed
/data/datasets/DROID/train_v8/final/21239_exterior_image_1_left_pair0.png,v9_train.csv,cube,cup,auto,0,vanish
/data/datasets/DROID/train_v8/final/57978_exterior_image_1_left_pair0.png,v9_train.csv,block,cup,auto,0,vanish
/data/datasets/DROID/train_v8/final/23174_exterior_image_1_left_pair0.png,v9_train.csv,marker,mug,human,0,keep
/data/datasets/DROID/train_v8/final/66890_exterior_image_2_left_pair0.png,v9_train.csv,object behind table,,auto,0,unreviewed
/data/datasets/DROID/train_v8/final/89648_exterior_image_1_left_pair0.png,v9_train.csv,cloths,drawer,auto,0,unreviewed
/data/datasets/DROID/train_v8/final/79662_exterior_image_2_left_pair0.png,v9_train.csv,building block,bowl,auto,0,unreviewed
/data/datasets/DROID/train_v8/final/87169_exterior_image_2_left_pair0.png,v9_train.csv,teabag,cup on box,auto,0,vanish
/data/datasets/DROID/train_v8/final/50011_exterior_image_1_left_pair0.png,v9_train.csv,object,pot,auto,0,unreviewed
/data/datasets/DROID/train_v8/final/74138_exterior_image_1_left_pair0.png,v9_train.csv,screwdriver,drawer,auto,0,vanish
/data/datasets/DROID/train_v8/final/50810_exterior_image_1_left_pair0.png,v9_train.csv,toy,stove,auto,0,unreviewed
/data/datasets/DROID/train_v8/final/63466_exterior_image_2_left_pair0.png,v9_train.csv,towel behind cup,,auto,0,unreviewed
/data/datasets/DROID/train_v8/final/75599_exterior_image_1_left_pair0.png,v9_train.csv,screwdriver,drawer,auto,0,keep
/data/datasets/DROID/train_v8/final/61221_exterior_image_2_left_pair0.png,v9_train.csv,egg,workbench,human,1,keep
/data/datasets/DROID/train_v8/final/36858_exterior_image_1_left_pair0.png,v9_train.csv,cream plush toy,box,auto,0,unreviewed
/data/datasets/DROID/train_v8/final/65469_exterior_image_2_left_pair0.png,v9_train.csv,charger plug,adapter,auto,0,keep
/data/datasets/DROID/train_v8/final/79146_exterior_image_2_left_pair0.png,v9_train.csv,bread roll plushie,,auto,0,unreviewed
/data/datasets/DROID/train_v8/final/31809_exterior_image_2_left_pair0.png,v9_train.csv,object above table,,auto,0,unreviewed
/data/datasets/DROID/train_v8/final/76301_exterior_image_2_left_pair0.png,v9_train.csv,bread toy,,auto,0,unreviewed
/data/datasets/DROID/train_v8/final/24964_exterior_image_2_left_pair0.png,v9_train.csv,block and put it,bowl,auto,0,keep
/data/datasets/DROID/train_v8/final/43055_exterior_image_2_left_pair0.png,v9_train.csv,tool,bowl,human,0,keep
/data/datasets/DROID/train_v8/final/52697_exterior_image_1_left_pair0.png,v9_train.csv,plush toy,drawer,auto,0,unreviewed
/data/datasets/DROID/train_v8/final/11865_exterior_image_2_left_pair0.png,v9_train.csv,mat,container,auto,0,unreviewed
/data/datasets/DROID/train_v8/final/80032_exterior_image_2_left_pair0.png,v9_train.csv,ring,table,human,1,keep
/data/datasets/DROID/train_v8/final/33074_exterior_image_1_left_pair0.png,v9_train.csv,grape,basin,human,0,keep
/data/datasets/DROID/train_v8/final/24195_exterior_image_2_left_pair0.png,v9_train.csv,,bowl,auto,0,unreviewed
/data/datasets/DROID/train_v8/final/88866_exterior_image_1_left_pair0.png,v9_train.csv,block,drawer,auto,0,vanish
/data/datasets/DROID/train_v8/final/24935_exterior_image_2_left_pair0.png,v9_train.csv,pot,stove,auto,0,keep
/data/datasets/DROID/train_v8/final/88472_exterior_image_2_left_pair0.png,v9_train.csv,object,sink,auto,0,unreviewed
/data/datasets/DROID/train_v8/final/6781_exterior_image_2_left_pair0.png,v9_train.csv,cylindrical object,,auto,0,unreviewed
/data/datasets/DROID/train_v8/final/79505_exterior_image_2_left_pair0.png,v9_train.csv,striped cloth,container,auto,0,keep
/data/datasets/DROID/train_v8/final/32849_exterior_image_2_left_pair0.png,v9_train.csv,toy,table,human,1,keep
/data/datasets/DROID/train_v8/final/69887_exterior_image_1_left_pair1.png,v9_train.csv,object,table,auto,1,keep
/data/datasets/DROID/train_v8/final/76112_exterior_image_2_left_pair0.png,v9_train.csv,and plush toy,drawer,auto,0,unreviewed
/data/datasets/DROID/train_v8/final/9967_exterior_image_2_left_pair0.png,v9_train.csv,cup lying horizontally,table,auto,0,unreviewed
/data/datasets/DROID/train_v8/final/38319_exterior_image_2_left_pair0.png,v9_train.csv,hand towel,basket,auto,0,keep
/data/datasets/DROID/train_v8/final/74412_exterior_image_1_left_pair0.png,v9_train.csv,bowl,stovetop,human,0,keep
/data/datasets/DROID/train_v8/final/15986_exterior_image_1_left_pair0.png,v9_train.csv,banana toy above pile clothes,bed,auto,0,unreviewed
/data/datasets/DROID/train_v8/final/20636_exterior_image_2_left_pair0.png,v9_train.csv,folder,couch,auto,0,discard
/data/datasets/DROID/train_v8/final/52674_exterior_image_2_left_pair0.png,v9_train.csv,jersey,box,auto,0,keep
/data/datasets/DROID/train_v8/final/66033_exterior_image_2_left_pair0.png,v9_train.csv,doll,,auto,0,unreviewed
/data/datasets/DROID/train_v8/final/27560_exterior_image_2_left_pair0.png,v9_train.csv,stuffed bear,shelf,auto,0,unreviewed
/data/datasets/DROID/train_v8/final/7054_exterior_image_1_left_pair1.png,v9_train.csv,cloth,pile of clothes,human,0,keep
/data/datasets/DROID/train_v8/final/67367_exterior_image_2_left_pair0.png,v9_train.csv,upside-down basket,bed,auto,0,unreviewed
/data/datasets/DROID/train_v8/final/36974_exterior_image_2_left_pair0.png,v9_train.csv,paper,side trash bin,auto,0,vanish
/data/datasets/DROID/train_v8/final/40597_exterior_image_2_left_pair0.png,v9_train.csv,plate above microwave,bowl,auto,0,vanish
/data/datasets/DROID/train_v8/final/79261_exterior_image_1_left_pair0.png,v9_train.csv,plushie,pot,auto,0,unreviewed
/data/datasets/DROID/train_v8/final/7335_exterior_image_1_left_pair1.png,v9_train.csv,object,drawer,auto,0,keep
/data/datasets/DROID/train_v8/final/3307_exterior_image_2_left_pair0.png,v9_train.csv,stick,table,auto,0,keep
/data/datasets/DROID/train_v8/final/27035_exterior_image_2_left_pair0.png,v9_train.csv,plush toy,pot,auto,0,keep
/data/datasets/DROID/train_v8/final/23173_exterior_image_1_left_pair0.png,v9_train.csv,bottle,ever spring bottle,auto,0,keep
/data/datasets/DROID/train_v8/final/24417_exterior_image_1_left_pair0.png,v9_train.csv,toy,table,human,1,keep
/data/datasets/DROID/train_v8/final/4190_exterior_image_1_left_pair0.png,v9_train.csv,shovel,basin,auto,0,unreviewed
/data/datasets/DROID/train_v8/final/62847_exterior_image_2_left_pair1.png,v9_train.csv,item,bowl,auto,0,keep
/data/datasets/DROID/train_v8/final/20454_exterior_image_1_left_pair0.png,v9_train.csv,cooker's lid,table,auto,1,keep
/data/datasets/DROID/train_v8/final/82990_exterior_image_1_left_pair0.png,v9_train.csv,block,,auto,0,unreviewed
/data/datasets/DROID/train_v8/final/90580_exterior_image_1_left_pair0.png,v9_train.csv,lid next to teapot,teapot,auto,0,keep
/data/datasets/DROID/train_v8/final/21572_exterior_image_1_left_pair0.png,v9_train.csv,plush toy,sink,auto,0,keep
/data/datasets/DROID/train_v8/final/83872_exterior_image_2_left_pair1.png,v9_train.csv,short,blanket,auto,0,keep
/data/datasets/DROID/train_v8/final/28156_exterior_image_1_left_pair0.png,v9_train.csv,bell,pot,auto,0,unreviewed
/data/datasets/DROID/train_v8/final/5771_exterior_image_2_left_pair0.png,v9_train.csv,cube,cup,auto,0,vanish
/data/datasets/DROID/train_v8/final/77194_exterior_image_1_left_pair0.png,v9_train.csv,lid above dishwasher,rack dishwasher,auto,0,keep
/data/datasets/DROID/train_v8/final/41775_exterior_image_1_left_pair0.png,v9_train.csv,radish doll,countertop,auto,0,unreviewed
/data/datasets/DROID/train_v8/final/36169_exterior_image_1_left_pair1.png,v9_train.csv,flowery shaped block,shape sorter,auto,0,unreviewed
/data/datasets/DROID/train_v8/final/57227_exterior_image_2_left_pair0.png,v9_train.csv,square,bowl,auto,0,keep
/data/datasets/DROID/train_v8/final/88721_exterior_image_1_left_pair0.png,v9_train.csv,broccoli,shelf,auto,0,unreviewed
/data/datasets/DROID/train_v8/final/70509_exterior_image_1_left_pair0.png,v9_train.csv,bottle,table,auto,0,unreviewed
/data/datasets/DROID/train_v8/final/9675_exterior_image_1_left_pair0.png,v9_train.csv,screwdriver,drawer,auto,0,keep
/data/datasets/DROID/train_v8/final/32233_exterior_image_1_left_pair0.png,v9_train.csv,cap,tabletop,auto,0,unreviewed
/data/datasets/DROID/train_v8/final/36572_exterior_image_1_left_pair0.png,v9_train.csv,screwdriver,drawer,auto,0,keep
/data/datasets/DROID/train_v8/final/45459_exterior_image_1_left_pair0.png,v9_train.csv,cup,table,human,1,keep
/data/datasets/DROID/train_v8/final/88334_exterior_image_2_left_pair0.png,v9_train.csv,staple remover,table,auto,0,unreviewed
/data/datasets/DROID/train_v8/final/70188_exterior_image_1_left_pair0.png,v9_train.csv,charging adapter,socket,auto,0,keep
/data/datasets/DROID/train_v8/final/23174_exterior_image_2_left_pair0.png,v9_train.csv,marker,mug,human,0,keep
/data/datasets/DROID/train_v8/final/85582_exterior_image_2_left_pair0.png,v9_train.csv,grape toy,dish,auto,0,unreviewed
/data/datasets/DROID/train_v8/final/24935_exterior_image_1_left_pair0.png,v9_train.csv,pot,stove,auto,0,discard
/data/datasets/DROID/train_v8/final/5385_exterior_image_1_left_pair0.png,v9_train.csv,dropper,bowl,auto,0,keep
/data/datasets/DROID/train_v8/final/35746_exterior_image_1_left_pair0.png,v9_train.csv,rectangular,table,human,1,keep
/data/datasets/DROID/train_v8/final/17959_exterior_image_1_left_pair0.png,v9_train.csv,ring,table,human,1,keep
/data/datasets/DROID/train_v8/final/32849_exterior_image_1_left_pair0.png,v9_train.csv,toy,table,human,1,keep
/data/datasets/DROID/train_v8/final/44660_exterior_image_1_left_pair0.png,v9_train.csv,satchel,table,auto,0,unreviewed
/data/datasets/DROID/train_v8/final/72751_exterior_image_1_left_pair0.png,v9_train.csv,and carton,table,auto,0,unreviewed
/data/datasets/DROID/train_v8/final/82772_exterior_image_2_left_pair1.png,v9_train.csv,,towel,auto,0,unreviewed
/data/datasets/DROID/train_v8/final/8882_exterior_image_2_left_pair0.png,v9_train.csv,,tabletop,auto,0,unreviewed
/data/datasets/DROID/train_v8/final/75643_exterior_image_2_left_pair0.png,v9_train.csv,clothing,box,auto,0,keep
/data/datasets/DROID/train_v8/final/40406_exterior_image_1_left_pair0.png,v9_train.csv,potato plush toy,pot,auto,0,unreviewed
/data/datasets/DROID/train_v8/final/51059_exterior_image_1_left_pair0.png,v9_train.csv,duck tape,table,auto,0,unreviewed
/data/datasets/DROID/train_v8/final/29066_exterior_image_2_left_pair1.png,v9_train.csv,next rope,box,auto,0,vanish
/data/datasets/DROID/train_v8/final/45972_exterior_image_2_left_pair0.png,v9_train.csv,pajama pants,laundry bin,auto,0,vanish
/data/datasets/DROID/train_v8/final/66033_exterior_image_1_left_pair0.png,v9_train.csv,doll,,auto,0,unreviewed
/data/datasets/DROID/train_v8/final/86163_exterior_image_1_left_pair0.png,v9_train.csv,cloth,box,human,0,keep
/data/datasets/DROID/train_v8/final/38143_exterior_image_2_left_pair1.png,v9_train.csv,object,table,auto,0,unreviewed
/data/datasets/DROID/train_v8/final/14936_exterior_image_2_left_pair1.png,v9_train.csv,clothes,table,auto,1,keep
/data/datasets/DROID/train_v8/final/69725_exterior_image_2_left_pair0.png,v9_train.csv,topmost plate,dishwasher,auto,0,keep
/data/datasets/DROID/train_v8/final/4085_exterior_image_2_left_pair0.png,v9_train.csv,toy,table,auto,0,unreviewed
/data/datasets/DROID/train_v8/final/36974_exterior_image_2_left_pair1.png,v9_train.csv,paper,side trash bin,auto,0,unreviewed
/data/datasets/DROID/train_v8/final/89978_exterior_image_1_left_pair2.png,v9_train.csv,bottle water,table,human,1,keep
/data/datasets/DROID/train_v8/final/79261_exterior_image_2_left_pair0.png,v9_train.csv,plushie,pot,auto,0,unreviewed
/data/datasets/DROID/train_v8/final/85397_exterior_image_1_left_pair0.png,v9_train.csv,book,backrest sofa,auto,0,keep
/data/datasets/DROID/train_v8/final/24417_exterior_image_2_left_pair0.png,v9_train.csv,toy,table,human,1,keep
/data/datasets/DROID/train_v8/final/59206_exterior_image_2_left_pair0.png,v9_train.csv,screwdriver,desktop,auto,0,unreviewed
/data/datasets/DROID/train_v8/final/51513_exterior_image_1_left_pair0.png,v9_train.csv,lid,pot,auto,0,keep
/data/datasets/DROID/train_v8/final/92069_exterior_image_1_left_pair0.png,v9_train.csv,sponge,pit,auto,0,unreviewed
/data/datasets/DROID/train_v8/final/74843_exterior_image_2_left_pair1.png,v9_train.csv,smaller cup,bowl,auto,0,unreviewed
/data/datasets/DROID/train_v8/final/7642_exterior_image_2_left_pair0.png,v9_train.csv,string,object,auto,0,keep
/data/datasets/DROID/train_v8/final/25469_exterior_image_2_left_pair0.png,v9_train.csv,bowl side,air fryer,auto,0,keep
/data/datasets/DROID/train_v8/final/46840_exterior_image_1_left_pair0.png,v9_train.csv,plush toy,flower pot,auto,0,unreviewed
/data/datasets/DROID/train_v8/final/69840_exterior_image_1_left_pair0.png,v9_train.csv,cable,table,human,1,keep
/data/datasets/DROID/train_v8/final/46873_exterior_image_2_left_pair0.png,v9_train.csv,remote control,table,auto,0,unreviewed
/data/datasets/DROID/train_v8/final/16218_exterior_image_1_left_pair0.png,v9_train.csv,colored block,cup,auto,0,vanish
/data/datasets/DROID/train_v8/final/65508_exterior_image_2_left_pair0.png,v9_train.csv,bottle by microwave,microwave,auto,0,keep
/data/datasets/DROID/train_v8/final/34546_exterior_image_1_left_pair0.png,v9_train.csv,coffee liquid box,garbage can,auto,0,unreviewed
/data/datasets/DROID/train_v8/final/57227_exterior_image_2_left_pair1.png,v9_train.csv,square,bowl,auto,0,unreviewed
/data/datasets/DROID/train_v8/final/91535_exterior_image_2_left_pair0.png,v9_train.csv,bottle,container,human,0,keep
/data/datasets/DROID/train_v8/final/57444_exterior_image_2_left_pair0.png,v9_train.csv,cube with R,,auto,0,unreviewed
/data/datasets/DROID/train_v8/final/3168_exterior_image_2_left_pair0.png,v9_train.csv,screwdriver,drawer,auto,0,keep
/data/datasets/DROID/train_v8/final/59462_exterior_image_1_left_pair0.png,v9_train.csv,toy,bowl,auto,0,unreviewed
/data/datasets/DROID/train_v8/final/28856_exterior_image_1_left_pair0.png,v9_train.csv,screwdriver,drawer,auto,0,keep
/data/datasets/DROID/train_v8/final/84893_exterior_image_1_left_pair0.png,v9_train.csv,spoon with something,bowl,auto,0,unreviewed
/data/datasets/DROID/train_v8/final/83872_exterior_image_1_left_pair1.png,v9_train.csv,short,blanket,auto,0,keep
/data/datasets/DROID/train_v8/final/56208_exterior_image_1_left_pair0.png,v9_train.csv,grapes,bowl,auto,0,unreviewed
/data/datasets/DROID/train_v8/final/6995_exterior_image_2_left_pair0.png,v9_train.csv,Lego,drawer,auto,0,keep
/data/datasets/DROID/train_v8/final/26205_exterior_image_2_left_pair0.png,v9_train.csv,box,cabinet,auto,0,keep
/data/datasets/DROID/train_v8/final/42007_exterior_image_2_left_pair0.png,v9_train.csv,thing,sink,auto,0,unreviewed
/data/datasets/DROID/train_v8/final/70899_exterior_image_2_left_pair0.png,v9_train.csv,food box,countertop,auto,0,unreviewed
/data/datasets/DROID/train_v8/final/5385_exterior_image_2_left_pair0.png,v9_train.csv,tool,bowl,human,0,keep
/data/datasets/DROID/train_v8/final/87626_exterior_image_2_left_pair0.png,v9_train.csv,spoon,bowl,human,0,keep
/data/datasets/DROID/train_v8/final/37584_exterior_image_1_left_pair0.png,v9_train.csv,block,block,auto,0,unreviewed
/data/datasets/DROID/train_v8/final/64040_exterior_image_2_left_pair0.png,v9_train.csv,circular ring,tabletop,auto,1,keep
/data/datasets/DROID/train_v8/final/60193_exterior_image_2_left_pair0.png,v9_train.csv,fluffy toy,drawer,auto,0,unreviewed
/data/datasets/DROID/train_v8/final/66035_exterior_image_1_left_pair0.png,v9_train.csv,inverted cup,countertop,auto,0,unreviewed
/data/datasets/DROID/train_v8/final/90414_exterior_image_2_left_pair0.png,v9_train.csv,object,table,auto,1,keep
/data/datasets/DROID/train_v8/final/45459_exterior_image_2_left_pair0.png,v9_train.csv,cup,table,human,1,keep
/data/datasets/DROID/train_v8/final/25502_exterior_image_1_left_pair0.png,v9_train.csv,piece clothing,basket,auto,0,keep
/data/datasets/DROID/train_v8/final/36240_exterior_image_2_left_pair0.png,v9_train.csv,pen,cup,human,0,keep
/data/datasets/DROID/train_v8/final/7592_exterior_image_1_left_pair0.png,v9_train.csv,sphere,table,auto,0,unreviewed
/data/datasets/DROID/train_v8/final/82498_exterior_image_1_left_pair0.png,v9_train.csv,potted plant,windowsill,auto,0,unreviewed
/data/datasets/DROID/train_v8/final/49219_exterior_image_1_left_pair0.png,v9_train.csv,rope beside box,box,auto,0,vanish
/data/datasets/DROID/train_v8/final/53480_exterior_image_2_left_pair0.png,v9_train.csv,substance,countertop,auto,0,unreviewed
/data/datasets/DROID/train_v8/final/15900_exterior_image_2_left_pair0.png,v9_train.csv,butter knife,drawer,auto,0,keep
/data/datasets/DROID/train_v8/final/75621_exterior_image_1_left_pair0.png,v9_train.csv,plush toy,pot,auto,0,unreviewed
/data/datasets/DROID/train_v8/final/13500_exterior_image_2_left_pair0.png,v9_train.csv,bottle with lid,shelf,auto,0,unreviewed
/data/datasets/DROID/train_v8/final/60549_exterior_image_2_left_pair0.png,v9_train.csv,cushion,cabinet,human,0,keep
/data/datasets/DROID/train_v8/final/32450_exterior_image_1_left_pair0.png,v9_train.csv,banana purse,backpack,auto,0,vanish
/data/datasets/DROID/train_v8/final/1641_exterior_image_2_left_pair0.png,v9_train.csv,cup,table,human,1,keep
/data/datasets/DROID/train_v8/final/16366_exterior_image_2_left_pair0.png,v9_train.csv,rectangular box food,area table,auto,0,unreviewed
/data/datasets/DROID/train_v8/final/65574_exterior_image_1_left_pair0.png,v9_train.csv,lid,kettle,auto,0,keep
/data/datasets/DROID/train_v8/final/46840_exterior_image_2_left_pair0.png,v9_train.csv,plush toy,flower pot,auto,0,unreviewed
/data/datasets/DROID/train_v8/final/45461_exterior_image_1_left_pair1.png,v9_train.csv,,bed,auto,0,unreviewed
/data/datasets/DROID/train_v8/final/45785_exterior_image_2_left_pair0.png,v9_train.csv,object,sofa,human,0,keep
/data/datasets/DROID/train_v8/final/53007_exterior_image_1_left_pair0.png,v9_train.csv,,table,auto,0,unreviewed
/data/datasets/DROID/train_v8/final/37320_exterior_image_2_left_pair1.png,v9_train.csv,hat,bed,auto,1,keep
/data/datasets/DROID/train_v8/final/89293_exterior_image_1_left_pair0.png,v9_train.csv,plush,bowl,auto,0,unreviewed
/data/datasets/DROID/train_v8/final/85518_exterior_image_2_left_pair0.png,v9_train.csv,fabric,table,auto,1,keep
/data/datasets/DROID/train_v8/final/67991_exterior_image_2_left_pair0.png,v9_train.csv,toy,bowl,auto,0,unreviewed
/data/datasets/DROID/train_v8/final/76218_exterior_image_1_left_pair1.png,v9_train.csv,pot lid with mat,countertop,auto,0,unreviewed
/data/datasets/DROID/train_v8/final/68321_exterior_image_1_left_pair0.png,v9_train.csv,plug,table,auto,1,keep
/data/datasets/DROID/train_v8/final/19362_exterior_image_1_left_pair0.png,v9_train.csv,plush toy,bowl,auto,0,vanish
/data/datasets/DROID/train_v8/final/86769_exterior_image_2_left_pair0.png,v9_train.csv,wood board,table,human,1,keep
/data/datasets/DROID/train_v8/final/76527_exterior_image_1_left_pair0.png,v9_train.csv,tipped-over bottle,countertop,auto,0,unreviewed
/data/datasets/DROID/train_v8/final/45762_exterior_image_1_left_pair0.png,v9_train.csv,tube,countertop,auto,1,keep
/data/datasets/DROID/train_v8/final/54392_exterior_image_2_left_pair0.png,v9_train.csv,raspberry toy,bowl,auto,0,unreviewed
/data/datasets/DROID/train_v8/final/49629_exterior_image_1_left_pair0.png,v9_train.csv,storage rack,table,auto,0,unreviewed
/data/datasets/DROID/train_v8/final/25502_exterior_image_2_left_pair0.png,v9_train.csv,piece clothing,basket,auto,0,keep
/data/datasets/DROID/train_v8/final/73086_exterior_image_1_left_pair0.png,v9_train.csv,object,shelf cabinet directly above shelf from,auto,0,discard
/data/datasets/DROID/train_v8/final/42007_exterior_image_1_left_pair0.png,v9_train.csv,thing,sink,auto,0,unreviewed
/data/datasets/DROID/train_v8/final/65915_exterior_image_2_left_pair0.png,v9_train.csv,block above block,table,auto,0,unreviewed
/data/datasets/DROID/train_v8/final/40259_exterior_image_2_left_pair0.png,v9_train.csv,towel,rope,auto,0,keep
/data/datasets/DROID/train_v8/final/69272_exterior_image_2_left_pair0.png,v9_train.csv,spoon above bowl,table,auto,0,unreviewed
/data/datasets/DROID/train_v8/final/85152_exterior_image_1_left_pair0.png,v9_train.csv,tin,table,auto,0,unreviewed
/data/datasets/DROID/train_v8/final/10829_exterior_image_2_left_pair1.png,v9_train.csv,cup,,auto,0,unreviewed
/data/datasets/DROID/train_v8/final/4012_exterior_image_2_left_pair0.png,v9_train.csv,rope,object,auto,0,keep
/data/datasets/DROID/train_v8/final/79846_exterior_image_1_left_pair0.png,v9_train.csv,flip flop,sofa,auto,0,vanish
/data/datasets/DROID/train_v8/final/73453_exterior_image_2_left_pair0.png,v9_train.csv,plush toy,designated position,auto,0,unreviewed
/data/datasets/DROID/train_v8/final/71403_exterior_image_2_left_pair0.png,v9_train.csv,sponge block,desktop,auto,0,unreviewed
/data/datasets/DROID/train_v8/final/46022_exterior_image_1_left_pair1.png,v9_train.csv,block,bowl,human,0,vanish
/data/datasets/DROID/train_v8/final/15986_exterior_image_2_left_pair0.png,v9_train.csv,thing above pile clothes,bed,auto,0,unreviewed
/data/datasets/DROID/train_v8/final/78108_exterior_image_1_left_pair0.png,v9_train.csv,screwdriver,drawer,auto,0,keep
/data/datasets/DROID/train_v8/final/11611_exterior_image_2_left_pair0.png,v9_train.csv,box,table,auto,1,keep
/data/datasets/DROID/train_v8/final/37408_exterior_image_1_left_pair0.png,v9_train.csv,throw pillow,sofa,auto,0,unreviewed
/data/datasets/DROID/train_v8/final/3827_exterior_image_1_left_pair0.png,v9_train.csv,lid above pot,cloth,auto,0,keep
/data/datasets/DROID/train_v8/final/66297_exterior_image_2_left_pair0.png,v9_train.csv,toy,object,auto,0,vanish
/data/datasets/DROID/train_v8/final/47484_exterior_image_2_left_pair0.png,v9_train.csv,gift bag,display shelf,auto,0,keep
/data/datasets/DROID/train_v8/final/62802_exterior_image_2_left_pair0.png,v9_train.csv,ball,burner,auto,0,unreviewed
/data/datasets/DROID/train_v8/final/54017_exterior_image_2_left_pair0.png,v9_train.csv,kitchen roll,stand,auto,0,unreviewed
/data/datasets/DROID/train_v8/final/15684_exterior_image_2_left_pair0.png,v9_train.csv,sharpie,book,human,0,keep
/data/datasets/DROID/train_v8/final/3633_exterior_image_2_left_pair0.png,v9_train.csv,ball on certain machine,,auto,0,discard
/data/datasets/DROID/train_v8/final/41506_exterior_image_1_left_pair0.png,v9_train.csv,sock,backrest chair,auto,0,keep
/data/datasets/DROID/train_v8/final/53007_exterior_image_2_left_pair0.png,v9_train.csv,,table,auto,0,unreviewed
/data/datasets/DROID/train_v8/final/67018_exterior_image_1_left_pair0.png,v9_train.csv,edge rope,box,auto,0,keep
/data/datasets/DROID/train_v8/final/41666_exterior_image_2_left_pair0.png,v9_train.csv,tulip,bowl,auto,0,unreviewed
/data/datasets/DROID/train_v8/final/67991_exterior_image_1_left_pair0.png,v9_train.csv,toy,bowl,auto,0,unreviewed
/data/datasets/DROID/train_v8/final/25209_exterior_image_2_left_pair0.png,v9_train.csv,helmet,seat sofa,auto,0,keep
/data/datasets/DROID/train_v8/final/66546_exterior_image_1_left_pair0.png,v9_train.csv,animal plush toy,bowl,auto,0,unreviewed
/data/datasets/DROID/train_v8/final/18639_exterior_image_2_left_pair1.png,v9_train.csv,pen,basket,auto,0,unreviewed
/data/datasets/DROID/train_v8/final/58939_exterior_image_2_left_pair0.png,v9_train.csv,two utensils,bucket,auto,0,unreviewed
/data/datasets/DROID/train_v8/final/70976_exterior_image_1_left_pair0.png,v9_train.csv,,drawer,auto,0,unreviewed
/data/datasets/DROID/train_v8/final/6759_exterior_image_2_left_pair0.png,v9_train.csv,clothes,box,auto,0,vanish
/data/datasets/DROID/train_v8/final/2337_exterior_image_2_left_pair0.png,v9_train.csv,pillar,table,auto,1,keep
/data/datasets/DROID/train_v8/final/11713_exterior_image_2_left_pair0.png,v9_train.csv,cup,book,auto,0,unreviewed
/data/datasets/DROID/train_v8/final/30939_exterior_image_1_left_pair0.png,v9_train.csv,rope,board,auto,0,keep
/data/datasets/DROID/train_v8/final/80780_exterior_image_1_left_pair0.png,v9_train.csv,bottle,towel,auto,0,keep
/data/datasets/DROID/train_v8/final/70509_exterior_image_2_left_pair0.png,v9_train.csv,bottle,table,auto,0,unreviewed
/data/datasets/DROID/train_v8/final/4318_exterior_image_1_left_pair0.png,v9_train.csv,bag,bag,human,0,keep
/data/datasets/DROID/train_v8/final/78206_exterior_image_1_left_pair1.png,v9_train.csv,rope that has not been put,box,auto,0,vanish
/data/datasets/DROID/train_v8/final/84304_exterior_image_2_left_pair0.png,v9_train.csv,towel,bag,auto,0,keep
/data/datasets/DROID/train_v8/final/61405_exterior_image_2_left_pair0.png,v9_train.csv,plush toy,surface,auto,0,unreviewed
/data/datasets/DROID/train_v8/final/47484_exterior_image_2_left_pair1.png,v9_train.csv,gift bag,display shelf,auto,0,unreviewed
/data/datasets/DROID/train_v8/final/45190_exterior_image_2_left_pair0.png,v9_train.csv,marker,coffee cup,auto,0,keep
/data/datasets/DROID/train_v8/final/34130_exterior_image_1_left_pair0.png,v9_train.csv,bowl,plate,auto,0,unreviewed
/data/datasets/DROID/train_v8/final/47611_exterior_image_1_left_pair0.png,v9_train.csv,plush toy,counter,auto,0,unreviewed
/data/datasets/DROID/train_v8/final/5479_exterior_image_1_left_pair0.png,v9_train.csv,spoon,countertop,human,1,keep
/data/datasets/DROID/train_v8/final/68217_exterior_image_2_left_pair1.png,v9_train.csv,measuring cup with crayon,napkin,auto,0,unreviewed
/data/datasets/DROID/train_v8/final/73806_exterior_image_2_left_pair0.png,v9_train.csv,tube,bag,auto,0,keep
/data/datasets/DROID/train_v8/final/15537_exterior_image_2_left_pair0.png,v9_train.csv,house shoes,topmost shelf,auto,0,unreviewed
/data/datasets/DROID/train_v8/final/81955_exterior_image_1_left_pair0.png,v9_train.csv,tank,table,auto,0,discard
/data/datasets/DROID/train_v8/final/41666_exterior_image_1_left_pair0.png,v9_train.csv,tulip,bowl,auto,0,unreviewed
/data/datasets/DROID/train_v8/final/38446_exterior_image_1_left_pair0.png,v9_train.csv,sink stopper filter,sink,auto,0,unreviewed
/data/datasets/DROID/train_v8/final/78044_exterior_image_1_left_pair0.png,v9_train.csv,lid,pan on stove,auto,0,keep
/data/datasets/DROID/train_v8/final/23765_exterior_image_1_left_pair0.png,v9_train.csv,plush toy,storage container,auto,0,vanish
/data/datasets/DROID/train_v8/final/73167_exterior_image_1_left_pair0.png,v9_train.csv,bagged object,table,auto,0,unreviewed
/data/datasets/DROID/train_v8/final/29782_exterior_image_1_left_pair0.png,v9_train.csv,,desktop,auto,0,unreviewed
/data/datasets/DROID/train_v8/final/27665_exterior_image_2_left_pair0.png,v9_train.csv,toy,table,human,0,keep
/data/datasets/DROID/train_v8/final/45382_exterior_image_2_left_pair0.png,v9_train.csv,pot,sink,auto,0,unreviewed
/data/datasets/DROID/train_v8/final/43002_exterior_image_2_left_pair0.png,v9_train.csv,lunch box,corner table,auto,0,unreviewed
/data/datasets/DROID/train_v8/final/87770_exterior_image_1_left_pair0.png,v9_train.csv,lid,towel,auto,0,keep
/data/datasets/DROID/train_v8/final/71896_exterior_image_2_left_pair0.png,v9_train.csv,slender item,drawer,auto,0,unreviewed
/data/datasets/DROID/train_v8/final/70864_exterior_image_1_left_pair0.png,v9_train.csv,packet,bin,human,0,vanish
/data/datasets/DROID/train_v8/final/88460_exterior_image_2_left_pair1.png,v9_train.csv,knife and fork,plate,auto,0,unreviewed
/data/datasets/DROID/train_v8/final/25209_exterior_image_1_left_pair0.png,v9_train.csv,helmet,seat sofa,auto,0,keep
/data/datasets/DROID/train_v8/final/84218_exterior_image_1_left_pair0.png,v9_train.csv,toy car,table,auto,0,unreviewed
/data/datasets/DROID/train_v8/final/74341_exterior_image_1_left_pair0.png,v9_train.csv,cup,container,auto,0,unreviewed
/data/datasets/DROID/train_v8/final/78044_exterior_image_2_left_pair0.png,v9_train.csv,lid,pan on stove,auto,0,keep
/data/datasets/DROID/train_v8/final/78747_exterior_image_1_left_pair0.png,v9_train.csv,knife,,auto,0,unreviewed
/data/datasets/DROID/train_v8/final/45126_exterior_image_1_left_pair0.png,v9_train.csv,item basket,washing machine,auto,0,unreviewed
/data/datasets/DROID/train_v8/final/28359_exterior_image_2_left_pair0.png,v9_train.csv,table tennis racket,barrel,auto,0,unreviewed
/data/datasets/DROID/train_v8/final/16517_exterior_image_1_left_pair0.png,v9_train.csv,can,table,auto,0,unreviewed
/data/datasets/DROID/train_v8/final/47484_exterior_image_1_left_pair1.png,v9_train.csv,gift bag,display shelf,auto,0,keep
/data/datasets/DROID/train_v8/final/65203_exterior_image_2_left_pair0.png,v9_train.csv,pot,counter,auto,0,unreviewed
/data/datasets/DROID/train_v8/final/33019_exterior_image_2_left_pair0.png,v9_train.csv,yogurt,frying pan,auto,0,unreviewed
/data/datasets/DROID/train_v8/final/60425_exterior_image_2_left_pair0.png,v9_train.csv,bucket,desk,auto,0,unreviewed
/data/datasets/DROID/train_v8/final/58806_exterior_image_2_left_pair0.png,v9_train.csv,towel,countertop,auto,1,keep
/data/datasets/DROID/train_v8/final/56765_exterior_image_1_left_pair0.png,v9_train.csv,pot,table,auto,0,unreviewed
/data/datasets/DROID/train_v8/final/62782_exterior_image_2_left_pair0.png,v9_train.csv,iron object,tabletop,auto,0,unreviewed
/data/datasets/DROID/train_v8/final/24664_exterior_image_1_left_pair0.png,v9_train.csv,pot lid,pot,auto,0,keep
/data/datasets/DROID/train_v8/final/31057_exterior_image_1_left_pair1.png,v9_train.csv,bag,hook,human,0,keep
/data/datasets/DROID/train_v8/final/69659_exterior_image_2_left_pair0.png,v9_train.csv,sauce bottle,cup,auto,0,unreviewed
/data/datasets/DROID/train_v8/final/1368_exterior_image_1_left_pair0.png,v9_train.csv,ketchup packaging bag,table,auto,0,unreviewed
/data/datasets/DROID/train_v8/final/46431_exterior_image_2_left_pair0.png,v9_train.csv,can,cabinet,auto,0,keep
/data/datasets/DROID/train_v8/final/18367_exterior_image_2_left_pair1.png,v9_train.csv,bag,hook,auto,0,keep
/data/datasets/DROID/train_v8/final/35694_exterior_image_2_left_pair0.png,v9_train.csv,blanket by bed,object,auto,0,unreviewed
/data/datasets/DROID/train_v8/final/52337_exterior_image_2_left_pair0.png,v9_train.csv,box side,table,auto,0,unreviewed
/data/datasets/DROID/train_v8/final/9691_exterior_image_1_left_pair0.png,v9_train.csv,cake knife,countertop,auto,0,unreviewed
/data/datasets/DROID/train_v8/final/20374_exterior_image_1_left_pair0.png,v9_train.csv,,table,auto,0,unreviewed
/data/datasets/DROID/train_v8/final/2503_exterior_image_1_left_pair0.png,v9_train.csv,lid,tabletop,auto,0,unreviewed
/data/datasets/DROID/train_v8/final/68272_exterior_image_2_left_pair0.png,v9_train.csv,package,drawer,auto,0,unreviewed
/data/datasets/DROID/train_v8/final/57061_exterior_image_2_left_pair0.png,v9_train.csv,house shoe,topmost shelf,auto,0,unreviewed
/data/datasets/DROID/train_v8/final/33579_exterior_image_2_left_pair0.png,v9_train.csv,coat hanger by bedside,bed,auto,0,unreviewed
/data/datasets/DROID/train_v8/final/58954_exterior_image_1_left_pair0.png,v9_train.csv,container with bulls head,stove,auto,0,unreviewed
/data/datasets/DROID/train_v8/final/77271_exterior_image_1_left_pair0.png,v9_train.csv,tomato sauce pack next to other sauces,shelf,auto,0,unreviewed
/data/datasets/DROID/train_v8/final/67126_exterior_image_2_left_pair0.png,v9_train.csv,block,countertop,auto,0,unreviewed
/data/datasets/DROID/train_v8/final/29855_exterior_image_2_left_pair0.png,v9_train.csv,,counter,auto,0,unreviewed
/data/datasets/DROID/train_v8/final/41463_exterior_image_1_left_pair0.png,v9_train.csv,two coffee cups,front,auto,0,unreviewed
/data/datasets/DROID/train_v8/final/16398_exterior_image_1_left_pair0.png,v9_train.csv,flat-bottomed pan,stove,auto,0,unreviewed
/data/datasets/DROID/train_v8/final/75155_exterior_image_1_left_pair0.png,v9_train.csv,,,auto,0,unreviewed
/data/datasets/DROID/train_v8/final/45825_exterior_image_2_left_pair0.png,v9_train.csv,remote control,,auto,0,unreviewed
/data/datasets/DROID/train_v8/final/17838_exterior_image_2_left_pair0.png,v9_train.csv,topped bottle,and striped basin,auto,0,unreviewed
/data/datasets/DROID/train_v8/final/60960_exterior_image_2_left_pair0.png,v9_train.csv,brush,pot,auto,0,unreviewed
/data/datasets/DROID/train_v8/final/60425_exterior_image_1_left_pair0.png,v9_train.csv,bucket,desk,auto,0,unreviewed
/data/datasets/DROID/train_v8/final/22585_exterior_image_1_left_pair0.png,v9_train.csv,bottle lying,table,auto,0,unreviewed
/data/datasets/DROID/train_v8/final/23079_exterior_image_2_left_pair0.png,v9_train.csv,fabric [position],,auto,0,unreviewed
/data/datasets/DROID/train_v8/final/69384_exterior_image_1_left_pair0.png,v9_train.csv,ball,table,auto,0,unreviewed
/data/datasets/DROID/train_v8/final/9012_exterior_image_2_left_pair0.png,v9_train.csv,toy above fabric,bed,auto,0,unreviewed
/data/datasets/DROID/train_v8/final/82932_exterior_image_1_left_pair0.png,v9_train.csv,and throw pillow,sofa,auto,0,unreviewed
/data/datasets/DROID/train_v8/final/46801_exterior_image_1_left_pair1.png,v9_train.csv,cup,cup,auto,0,unreviewed
/data/datasets/DROID/train_v8/final/83417_exterior_image_1_left_pair0.png,v9_train.csv,blocks,storage unit,auto,0,unreviewed
/data/datasets/DROID/train_v8/final/81419_exterior_image_2_left_pair0.png,v9_train.csv,cup,table,auto,0,unreviewed
/data/datasets/DROID/train_v8/final/66187_exterior_image_1_left_pair1.png,v9_train.csv,lid along with cloth,countertop,auto,0,unreviewed
/data/datasets/DROID/train_v8/final/69442_exterior_image_1_left_pair0.png,v9_train.csv,slipper,part shoe rack,auto,0,unreviewed
/data/datasets/DROID/train_v8/final/15131_exterior_image_2_left_pair0.png,v9_train.csv,sachet,cup,auto,0,unreviewed
/data/datasets/DROID/train_v8/final/61792_exterior_image_1_left_pair0.png,v9_train.csv,tray,,auto,0,unreviewed
/data/datasets/DROID/train_v8/final/36908_exterior_image_2_left_pair0.png,v9_train.csv,pot lid next to pot,pot,auto,0,unreviewed
/data/datasets/DROID/train_v8/final/52742_exterior_image_1_left_pair0.png,v9_train.csv,checkered fabric,tabletop,auto,0,unreviewed
/data/datasets/DROID/train_v8/final/76341_exterior_image_2_left_pair0.png,v9_train.csv,button,bowl,auto,0,unreviewed
/data/datasets/DROID/train_v8/final/16012_exterior_image_1_left_pair0.png,v9_train.csv,device [position],table,auto,0,unreviewed
/data/datasets/DROID/train_v8/final/62782_exterior_image_1_left_pair0.png,v9_train.csv,iron object,tabletop,auto,0,unreviewed
/data/datasets/DROID/train_v8/final/41347_exterior_image_2_left_pair0.png,v9_train.csv,inverted cup,adjacent cup,auto,0,unreviewed
/data/datasets/DROID/train_v8/final/53315_exterior_image_1_left_pair0.png,v9_train.csv,spice bottle which is upside down,table,auto,0,unreviewed
/data/datasets/DROID/train_v8/final/89781_exterior_image_1_left_pair0.png,v9_train.csv,sunglasses case wall,table,auto,0,unreviewed
/data/datasets/DROID/train_v8/final/18686_exterior_image_2_left_pair1.png,v9_train.csv,cup,cup,auto,0,unreviewed
/data/datasets/DROID/train_v8/final/28205_exterior_image_2_left_pair0.png,v9_train.csv,book,object,auto,0,unreviewed
/data/datasets/DROID/train_v8/final/15230_exterior_image_2_left_pair0.png,v9_train.csv,and object,scissors,auto,0,unreviewed
/data/datasets/DROID/train_v8/final/62717_exterior_image_1_left_pair0.png,v9_train.csv,tissue box,table,auto,0,unreviewed
/data/datasets/DROID/train_v8/final/73395_exterior_image_1_left_pair0.png,v9_train.csv,whiteboard,tabletop,auto,0,unreviewed
/data/datasets/DROID/train_v8/final/64113_exterior_image_2_left_pair0.png,v9_train.csv,suitcase,countertop,auto,0,unreviewed
/data/datasets/DROID/train_v8/final/55543_exterior_image_1_left_pair0.png,v9_train.csv,lid,pot,auto,0,unreviewed
/data/datasets/DROID/train_v8/final/61544_exterior_image_2_left_pair0.png,v9_train.csv,cotton mop,shelf,auto,0,unreviewed
/data/datasets/DROID/train_v8/final/54454_exterior_image_2_left_pair1.png,v9_train.csv,cup,dishes tray,auto,0,unreviewed
/data/datasets/DROID/train_v8/final/69192_exterior_image_1_left_pair0.png,v9_train.csv,sachet,surface,auto,0,unreviewed
/data/datasets/DROID/train_v8/final/23908_exterior_image_2_left_pair0.png,v9_train.csv,takeaway pack,table,auto,0,unreviewed
/data/datasets/DROID/train_v8/final/84475_exterior_image_1_left_pair0.png,v9_train.csv,scoop,pot,auto,0,unreviewed
/data/datasets/DROID/train_v8/final/45_exterior_image_1_left_pair0.png,v9_train.csv,bowl,coffee maker,auto,0,unreviewed
/data/datasets/DROID/train_v8/final/6532_exterior_image_2_left_pair0.png,v9_train.csv,packaging bag,cloth,auto,0,unreviewed
/data/datasets/DROID/train_v8/final/31065_exterior_image_2_left_pair0.png,v9_train.csv,potholder,pot on,auto,0,unreviewed
/data/datasets/DROID/train_v8/final/16012_exterior_image_2_left_pair0.png,v9_train.csv,device [position],table,auto,0,unreviewed
/data/datasets/DROID/train_v8/final/22585_exterior_image_2_left_pair0.png,v9_train.csv,bottle lying,table,auto,0,unreviewed
/data/datasets/DROID/train_v8/final/14497_exterior_image_2_left_pair0.png,v9_train.csv,spice rack side,table,auto,0,unreviewed
/data/datasets/DROID/train_v8/final/54187_exterior_image_2_left_pair0.png,v9_train.csv,towel-like knitted item,side area table,auto,0,unreviewed
/data/datasets/DROID/train_v8/final/68127_exterior_image_2_left_pair0.png,v9_train.csv,bowl above cup,table,auto,0,unreviewed
/data/datasets/DROID/train_v8/final/22556_exterior_image_1_left_pair0.png,v9_train.csv,spoon and fork,cup,auto,0,unreviewed
/data/datasets/DROID/train_v8/final/91333_exterior_image_2_left_pair0.png,v9_train.csv,overturned trash can,table,auto,0,unreviewed
/data/datasets/DROID/train_v8/final/35694_exterior_image_1_left_pair0.png,v9_train.csv,towel by bed,object,auto,0,unreviewed
/data/datasets/DROID/train_v8/final/34527_exterior_image_1_left_pair0.png,v9_train.csv,cup,,auto,0,unreviewed
/data/datasets/DROID/train_v8/final/81333_exterior_image_2_left_pair0.png,v9_train.csv,package bag,table,auto,0,unreviewed
/data/datasets/DROID/train_v8/final/57305_exterior_image_1_left_pair0.png,v9_train.csv,product above box,table,auto,0,unreviewed
/data/datasets/DROID/train_v8/final/90786_exterior_image_1_left_pair0.png,v9_train.csv,kitchen mitt,stove,auto,0,unreviewed
/data/datasets/DROID/train_v8/final/72281_exterior_image_1_left_pair0.png,v9_train.csv,cylindrical tube,drawer,auto,0,unreviewed
/data/datasets/DROID/train_v8/final/56624_exterior_image_1_left_pair0.png,v9_train.csv,stirrer under fork,,auto,0,unreviewed
/data/datasets/DROID/train_v8/final/62717_exterior_image_2_left_pair0.png,v9_train.csv,tissue box,table,auto,0,unreviewed
/data/datasets/DROID/train_v8/final/8210_exterior_image_1_left_pair0.png,v9_train.csv,cup,coffee maker,auto,0,unreviewed
/data/datasets/DROID/train_v8/final/59030_exterior_image_2_left_pair0.png,v9_train.csv,checked tea towel,plate,auto,0,unreviewed
/data/datasets/DROID/train_v8/final/43429_exterior_image_1_left_pair0.png,v9_train.csv,foil bowl,pot,auto,0,unreviewed
/data/datasets/DROID/train_v8/final/67381_exterior_image_2_left_pair0.png,v9_train.csv,speaker,desk,auto,0,unreviewed
/data/datasets/DROID/train_v8/final/71398_exterior_image_1_left_pair0.png,v9_train.csv,bottle,countertop on bottle,auto,0,unreviewed
/data/datasets/DROID/train_v8/final/26752_exterior_image_2_left_pair0.png,v9_train.csv,tea box,table,auto,0,unreviewed
/data/datasets/DROID/train_v8/final/64057_exterior_image_1_left_pair1.png,v9_train.csv,rectangular block,box,auto,0,unreviewed
/data/datasets/DROID/train_v8/final/55039_exterior_image_2_left_pair0.png,v9_train.csv,folded cloth,bucket,auto,0,unreviewed
/data/datasets/DROID/train_v8/final/85830_exterior_image_1_left_pair0.png,v9_train.csv,notebook,shelf,auto,0,unreviewed
/data/datasets/DROID/train_v8/final/58071_exterior_image_2_left_pair0.png,v9_train.csv,clothes hanging,level hanger,auto,0,unreviewed
/data/datasets/DROID/train_v8/final/22582_exterior_image_2_left_pair0.png,v9_train.csv,pen holder upside down,table,human,1,keep
/data/datasets/DROID/train_v8/final/55706_exterior_image_1_left_pair0.png,v9_train.csv,tilted kettle,tabletop,auto,0,unreviewed
/data/datasets/DROID/train_v8/final/41745_exterior_image_1_left_pair0.png,v9_train.csv,creamer cup,designated position in coffee machine,auto,0,unreviewed
/data/datasets/DROID/train_v8/final/65619_exterior_image_2_left_pair0.png,v9_train.csv,charging cable,,auto,0,unreviewed
/data/datasets/DROID/train_v8/final/54187_exterior_image_1_left_pair0.png,v9_train.csv,towel-like knitted item,side area table,auto,0,unreviewed
/data/datasets/DROID/train_v8/final/61369_exterior_image_2_left_pair0.png,v9_train.csv,clip,kitchen counter,auto,0,unreviewed
/data/datasets/DROID/train_v8/final/43609_exterior_image_2_left_pair0.png,v9_train.csv,towel container next to plate,microwave,auto,0,unreviewed
/data/datasets/DROID/train_v8/final/36731_exterior_image_2_left_pair0.png,v9_train.csv,folded towel,laundry basket,auto,0,unreviewed
/data/datasets/DROID/train_v8/final/85714_exterior_image_2_left_pair0.png,v9_train.csv,water ladle,tabletop,auto,0,unreviewed
/data/datasets/DROID/train_v8/final/22188_exterior_image_2_left_pair0.png,v9_train.csv,magnet,table,auto,0,unreviewed
/data/datasets/DROID/train_v8/final/29548_exterior_image_2_left_pair0.png,v9_train.csv,and object,table,auto,0,unreviewed
/data/datasets/DROID/train_v8/final/22582_exterior_image_2_left_pair1.png,v9_train.csv,pen holder lying horizontally,table,auto,0,unreviewed
/data/datasets/DROID/train_v8/final/50130_exterior_image_1_left_pair0.png,v9_train.csv,basket,new position,auto,0,unreviewed
/data/datasets/DROID/train_v8/final/18972_exterior_image_2_left_pair0.png,v9_train.csv,mat,glass,auto,0,unreviewed
/data/datasets/DROID/train_v8/final/16186_exterior_image_1_left_pair0.png,v9_train.csv,,bowl,auto,0,unreviewed
/data/datasets/DROID/train_v8/final/74704_exterior_image_1_left_pair0.png,v9_train.csv,clock,table,auto,0,unreviewed
/data/datasets/DROID/train_v8/final/89781_exterior_image_2_left_pair0.png,v9_train.csv,sunglasses case wall,table,auto,0,unreviewed
/data/datasets/DROID/train_v8/final/40171_exterior_image_1_left_pair1.png,v9_train.csv,and bowl,microwave,auto,0,unreviewed
/data/datasets/DROID/train_v8/final/15991_exterior_image_2_left_pair0.png,v9_train.csv,toy car,tabletop,auto,0,unreviewed
/data/datasets/DROID/train_v8/final/47499_exterior_image_1_left_pair0.png,v9_train.csv,object,box,auto,0,unreviewed
/data/datasets/DROID/train_v8/final/43033_exterior_image_1_left_pair0.png,v9_train.csv,salt sack,bowl,auto,0,unreviewed
/data/datasets/DROID/train_v8/final/1876_exterior_image_1_left_pair0.png,v9_train.csv,bag side,,auto,0,unreviewed
/data/datasets/DROID/train_v8/final/24838_exterior_image_1_left_pair0.png,v9_train.csv,bottle side,stove,auto,0,unreviewed
/data/datasets/DROID/train_v8/final/21343_exterior_image_1_left_pair0.png,v9_train.csv,cloth,,auto,0,unreviewed
/data/datasets/DROID/train_v8/final/78339_exterior_image_1_left_pair0.png,v9_train.csv,cup,,auto,0,unreviewed
/data/datasets/DROID/train_v8/final/29032_exterior_image_2_left_pair0.png,v9_train.csv,cup,cup,auto,0,unreviewed
/data/datasets/DROID/train_v8/final/19982_exterior_image_2_left_pair1.png,v9_train.csv,and lid,desktop,auto,0,unreviewed
/data/datasets/DROID/train_v8/final/69856_exterior_image_2_left_pair0.png,v9_train.csv,trash can under bed,bed,auto,0,unreviewed
/data/datasets/DROID/train_v8/final/80446_exterior_image_1_left_pair0.png,v9_train.csv,bag,table,auto,0,unreviewed
/data/datasets/DROID/train_v8/final/15991_exterior_image_1_left_pair0.png,v9_train.csv,toy car,tabletop,auto,0,unreviewed
/data/datasets/DROID/train_v8/final/72281_exterior_image_2_left_pair0.png,v9_train.csv,cylindrical tube,drawer,auto,0,unreviewed
/data/datasets/DROID/train_v8/final/16718_exterior_image_1_left_pair0.png,v9_train.csv,cover,desktop,auto,0,unreviewed
/data/datasets/DROID/train_v8/final/61484_exterior_image_2_left_pair0.png,v9_train.csv,,towel on table,auto,0,unreviewed
/data/datasets/DROID/train_v8/final/51526_exterior_image_2_left_pair0.png,v9_train.csv,water bucket,bed,auto,0,unreviewed
/data/datasets/DROID/train_v8/final/89783_exterior_image_2_left_pair0.png,v9_train.csv,laundry basket beside bed,bed,auto,0,unreviewed
/data/datasets/DROID/train_v8/final/58071_exterior_image_1_left_pair0.png,v9_train.csv,clothes hanging,level hanger,auto,0,unreviewed
/data/datasets/DROID/train_v8/final/89105_exterior_image_1_left_pair0.png,v9_train.csv,equipment,surface,auto,0,unreviewed
/data/datasets/DROID/train_v8/final/81272_exterior_image_1_left_pair0.png,v9_train.csv,sofa blanket,sofa,auto,0,unreviewed
/data/datasets/DROID/oracle_verifier/63998_exterior_image_1_left_step1_target.png,v9_train.csv,marker,mug,human,0,keep
/data/datasets/DROID/oracle_verifier/63998_exterior_image_1_left_step2_target.png,v9_train.csv,marker,cup,auto,0,unreviewed
/data/datasets/DROID/oracle_verifier/63998_exterior_image_1_left_step3_target.png,v9_train.csv,marker,table,auto,0,unreviewed
/data/datasets/DROID/oracle_verifier/49208_exterior_image_2_left_step1_target.png,v9_train.csv,cup,tray,auto,0,keep
/data/datasets/DROID/oracle_verifier/49208_exterior_image_2_left_step2_target.png,v9_train.csv,cup,tray,auto,0,unreviewed
/data/datasets/DROID/oracle_verifier/49208_exterior_image_2_left_step3_target.png,v9_train.csv,cup,tray,auto,0,unreviewed
/data/datasets/DROID/oracle_verifier/49208_exterior_image_2_left_step4_target.png,v9_train.csv,cup,tray,auto,0,unreviewed
/data/datasets/DROID/oracle_verifier/17997_exterior_image_2_left_step1_target.png,v9_train.csv,garlic,counter,auto,1,keep
/data/datasets/DROID/oracle_verifier/17997_exterior_image_2_left_step2_target.png,v9_train.csv,garlic,counter,auto,0,unreviewed
/data/datasets/DROID/oracle_verifier/17997_exterior_image_2_left_step3_target.png,v9_train.csv,garlic,counter,auto,0,unreviewed
/data/datasets/DROID/oracle_verifier/17997_exterior_image_2_left_step4_target.png,v9_train.csv,garlic,counter,auto,0,unreviewed
/data/datasets/DROID/oracle_verifier/17997_exterior_image_2_left_step5_target.png,v9_train.csv,garlic,counter,auto,0,unreviewed
/data/datasets/DROID/oracle_verifier/17997_exterior_image_2_left_step6_target.png,v9_train.csv,garlic,counter,auto,0,unreviewed
/data/datasets/DROID/oracle_verifier/17997_exterior_image_2_left_step7_target.png,v9_train.csv,garlic,counter,auto,0,unreviewed
/data/datasets/DROID/oracle_verifier/17997_exterior_image_2_left_step8_target.png,v9_train.csv,garlic,counter,auto,0,unreviewed
/data/datasets/DROID/oracle_verifier/17997_exterior_image_2_left_step9_target.png,v9_train.csv,garlic,counter,auto,0,unreviewed
/data/datasets/DROID/oracle_verifier/1571_exterior_image_2_left_step1_target.png,v9_train.csv,toy,table,auto,1,keep
/data/datasets/DROID/oracle_verifier/1571_exterior_image_2_left_step2_target.png,v9_train.csv,toy,table,auto,0,unreviewed
/data/datasets/DROID/oracle_verifier/1571_exterior_image_2_left_step3_target.png,v9_train.csv,toy,table,auto,0,unreviewed
/data/datasets/DROID/oracle_verifier/1571_exterior_image_2_left_step4_target.png,v9_train.csv,toy,table,auto,0,unreviewed
/data/datasets/DROID/oracle_verifier/1571_exterior_image_2_left_step5_target.png,v9_train.csv,toy,table,auto,0,unreviewed
/data/datasets/DROID/oracle_verifier/1571_exterior_image_2_left_step6_target.png,v9_train.csv,toy,table,auto,0,unreviewed
/data/datasets/DROID/oracle_verifier/1571_exterior_image_2_left_step7_target.png,v9_train.csv,toy,table,auto,0,unreviewed
/data/datasets/DROID/oracle_verifier/74889_exterior_image_2_left_step1_target.png,v9_train.csv,object,box,auto,0,keep
/data/datasets/DROID/oracle_verifier/74889_exterior_image_2_left_step2_target.png,v9_train.csv,object,box,auto,0,unreviewed
/data/datasets/DROID/oracle_verifier/74889_exterior_image_2_left_step3_target.png,v9_train.csv,object,box,auto,0,unreviewed
/data/datasets/DROID/oracle_verifier/74889_exterior_image_2_left_step4_target.png,v9_train.csv,object,box,auto,0,unreviewed
/data/datasets/DROID/oracle_verifier/74889_exterior_image_2_left_step5_target.png,v9_train.csv,object,box,auto,0,unreviewed
/data/datasets/DROID/oracle_verifier/74889_exterior_image_2_left_step6_target.png,v9_train.csv,object,box,auto,0,unreviewed
/data/datasets/DROID/oracle_verifier/74889_exterior_image_2_left_step9_target.png,v9_train.csv,object,box,auto,0,unreviewed
/data/datasets/DROID/oracle_verifier/74889_exterior_image_2_left_step10_target.png,v9_train.csv,object,box,auto,0,unreviewed
/data/datasets/DROID/oracle_verifier/74889_exterior_image_2_left_step11_target.png,v9_train.csv,eleventh object,box,auto,0,unreviewed
/data/datasets/DROID/oracle_verifier/74889_exterior_image_2_left_step12_target.png,v9_train.csv,twelfth object,box,auto,0,unreviewed
/data/datasets/DROID/oracle_verifier/74889_exterior_image_2_left_step13_target.png,v9_train.csv,thirteenth object,box,auto,0,unreviewed
/data/datasets/DROID/oracle_verifier/74889_exterior_image_2_left_step14_target.png,v9_train.csv,fourteenth object,box,auto,0,unreviewed
/data/datasets/DROID/oracle_verifier/79403_exterior_image_1_left_step1_target.png,v9_train.csv,cauliflower,bowl,auto,0,vanish
/data/datasets/DROID/oracle_verifier/79403_exterior_image_1_left_step3_target.png,v9_train.csv,egg,bowl,auto,0,unreviewed
/data/datasets/DROID/oracle_verifier/45894_exterior_image_1_left_step1_target.png,v9_train.csv,can,plate,auto,0,keep
/data/datasets/DROID/oracle_verifier/45894_exterior_image_1_left_step2_target.png,v9_train.csv,cup,plate,auto,0,unreviewed
/data/datasets/DROID/oracle_verifier/45894_exterior_image_1_left_step3_target.png,v9_train.csv,can,plate,auto,0,unreviewed
/data/datasets/DROID/oracle_verifier/45894_exterior_image_1_left_step4_target.png,v9_train.csv,cup,plate,auto,0,unreviewed
/data/datasets/DROID/oracle_verifier/45894_exterior_image_1_left_step5_target.png,v9_train.csv,can,plate,auto,0,unreviewed
/data/datasets/DROID/oracle_verifier/45894_exterior_image_1_left_step6_target.png,v9_train.csv,cup,plate,auto,0,unreviewed
/data/datasets/DROID/oracle_verifier/45894_exterior_image_1_left_step7_target.png,v9_train.csv,cup,plate,auto,0,unreviewed
/data/datasets/DROID/oracle_verifier/45894_exterior_image_1_left_step8_target.png,v9_train.csv,can,plate,auto,0,unreviewed
/data/datasets/DROID/oracle_verifier/38660_exterior_image_1_left_step1_target.png,v9_train.csv,ring,rod,auto,0,keep
/data/datasets/DROID/oracle_verifier/38660_exterior_image_1_left_step2_target.png,v9_train.csv,ring,rod,auto,0,unreviewed
/data/datasets/DROID/oracle_verifier/38660_exterior_image_1_left_step3_target.png,v9_train.csv,ring,rod,auto,0,unreviewed
/data/datasets/DROID/oracle_verifier/38660_exterior_image_1_left_step4_target.png,v9_train.csv,ring,rod,auto,0,unreviewed
/data/datasets/DROID/oracle_verifier/38660_exterior_image_1_left_step5_target.png,v9_train.csv,ring,table,auto,0,unreviewed
/data/datasets/DROID/oracle_verifier/38660_exterior_image_1_left_step6_target.png,v9_train.csv,ring,rod,auto,0,unreviewed
/data/datasets/DROID/oracle_verifier/38660_exterior_image_1_left_step7_target.png,v9_train.csv,ring,rod,auto,0,unreviewed
/data/datasets/DROID/oracle_verifier/38660_exterior_image_1_left_step8_target.png,v9_train.csv,ring,rod,auto,0,unreviewed
/data/datasets/DROID/oracle_verifier/38660_exterior_image_1_left_step9_target.png,v9_train.csv,ring,rod,auto,0,unreviewed
/data/datasets/DROID/oracle_verifier/38660_exterior_image_1_left_step10_target.png,v9_train.csv,ring,rod,auto,0,unreviewed
/data/datasets/DROID/oracle_verifier/38660_exterior_image_1_left_step11_target.png,v9_train.csv,ring,rod,auto,0,unreviewed
/data/datasets/DROID/oracle_verifier/38660_exterior_image_1_left_step12_target.png,v9_train.csv,ring,rod,auto,0,unreviewed
/data/datasets/DROID/oracle_verifier/76994_exterior_image_1_left_step1_target.png,v9_train.csv,cylinder,table,auto,1,keep
/data/datasets/DROID/oracle_verifier/76994_exterior_image_1_left_step2_target.png,v9_train.csv,cylinder,table,auto,0,unreviewed
/data/datasets/DROID/oracle_verifier/76994_exterior_image_1_left_step3_target.png,v9_train.csv,block,table,auto,0,unreviewed
/data/datasets/DROID/oracle_verifier/76994_exterior_image_1_left_step4_target.png,v9_train.csv,cylinder,table,auto,0,unreviewed
/data/datasets/DROID/oracle_verifier/76994_exterior_image_1_left_step5_target.png,v9_train.csv,bowl,plate,auto,0,unreviewed
/data/datasets/DROID/oracle_verifier/76994_exterior_image_1_left_step6_target.png,v9_train.csv,spoon,plate,auto,0,unreviewed
/data/datasets/DROID/oracle_verifier/76994_exterior_image_1_left_step7_target.png,v9_train.csv,paper,side plate,auto,0,unreviewed
/data/datasets/DROID/oracle_verifier/89504_exterior_image_1_left_step1_target.png,v9_train.csv,bottle,mat,auto,0,keep
/data/datasets/DROID/oracle_verifier/89504_exterior_image_1_left_step2_target.png,v9_train.csv,,box,auto,0,unreviewed
/data/datasets/DROID/oracle_verifier/89504_exterior_image_1_left_step3_target.png,v9_train.csv,,box,auto,0,unreviewed
/data/datasets/DROID/oracle_verifier/15716_exterior_image_1_left_step1_target.png,v9_train.csv,block,desktop,auto,1,keep
/data/datasets/DROID/oracle_verifier/15716_exterior_image_1_left_step2_target.png,v9_train.csv,block,desktop,auto,0,unreviewed
/data/datasets/DROID/oracle_verifier/15716_exterior_image_1_left_step3_target.png,v9_train.csv,block,desktop,auto,0,unreviewed
/data/datasets/DROID/oracle_verifier/15716_exterior_image_1_left_step4_target.png,v9_train.csv,block,other blocks,auto,0,unreviewed
/data/datasets/DROID/oracle_verifier/15716_exterior_image_1_left_step5_target.png,v9_train.csv,block,other blocks,auto,0,unreviewed
/data/datasets/DROID/oracle_verifier/15716_exterior_image_1_left_step6_target.png,v9_train.csv,block,other blocks,auto,0,unreviewed
/data/datasets/DROID/oracle_verifier/34891_exterior_image_2_left_step1_target.png,v9_train.csv,can,plate,auto,0,keep
/data/datasets/DROID/oracle_verifier/34891_exterior_image_2_left_step2_target.png,v9_train.csv,can,plate,auto,0,unreviewed
/data/datasets/DROID/oracle_verifier/34891_exterior_image_2_left_step3_target.png,v9_train.csv,cup,plate,auto,0,unreviewed
/data/datasets/DROID/oracle_verifier/34891_exterior_image_2_left_step4_target.png,v9_train.csv,can,plate,auto,0,unreviewed
/data/datasets/DROID/oracle_verifier/34891_exterior_image_2_left_step5_target.png,v9_train.csv,can,plate,auto,0,unreviewed
/data/datasets/DROID/oracle_verifier/34891_exterior_image_2_left_step6_target.png,v9_train.csv,jar,plate,auto,0,unreviewed
/data/datasets/DROID/oracle_verifier/34891_exterior_image_2_left_step7_target.png,v9_train.csv,cup,plate,auto,0,unreviewed
/data/datasets/DROID/oracle_verifier/34891_exterior_image_2_left_step8_target.png,v9_train.csv,cup,plate,auto,0,unreviewed
/data/datasets/DROID/oracle_verifier/12685_exterior_image_2_left_step1_target.png,v9_train.csv,object,plate,auto,0,keep
/data/datasets/DROID/oracle_verifier/12685_exterior_image_2_left_step2_target.png,v9_train.csv,object,plate,auto,0,unreviewed
/data/datasets/DROID/oracle_verifier/12685_exterior_image_2_left_step3_target.png,v9_train.csv,object,plate,auto,0,unreviewed
/data/datasets/DROID/oracle_verifier/12685_exterior_image_2_left_step4_target.png,v9_train.csv,object,plate,auto,0,unreviewed
/data/datasets/DROID/oracle_verifier/12685_exterior_image_2_left_step5_target.png,v9_train.csv,object,plate,auto,0,unreviewed
/data/datasets/DROID/oracle_verifier/19929_exterior_image_2_left_step1_target.png,v9_train.csv,cup,table,human,1,keep
/data/datasets/DROID/oracle_verifier/19929_exterior_image_2_left_step2_target.png,v9_train.csv,cup,surface,auto,0,unreviewed
/data/datasets/DROID/oracle_verifier/19929_exterior_image_2_left_step3_target.png,v9_train.csv,cup,surface,auto,0,unreviewed
/data/datasets/DROID/oracle_verifier/19929_exterior_image_2_left_step4_target.png,v9_train.csv,cup,surface,auto,0,unreviewed
/data/datasets/DROID/oracle_verifier/19929_exterior_image_2_left_step5_target.png,v9_train.csv,object,plate,auto,0,unreviewed
/data/datasets/DROID/oracle_verifier/19929_exterior_image_2_left_step6_target.png,v9_train.csv,object,plate,auto,0,unreviewed
/data/datasets/DROID/oracle_verifier/19929_exterior_image_2_left_step7_target.png,v9_train.csv,object,plate,auto,0,unreviewed
/data/datasets/DROID/oracle_verifier/19929_exterior_image_2_left_step8_target.png,v9_train.csv,object,plate,auto,0,unreviewed
/data/datasets/DROID/oracle_verifier/56862_exterior_image_1_left_step2_target.png,v9_train.csv,packaging bag,box,auto,0,keep
/data/datasets/DROID/oracle_verifier/56862_exterior_image_1_left_step3_target.png,v9_train.csv,packaging bag,box,auto,0,unreviewed
/data/datasets/DROID/oracle_verifier/56862_exterior_image_1_left_step4_target.png,v9_train.csv,bag,box,auto,0,unreviewed
/data/datasets/DROID/oracle_verifier/83764_exterior_image_2_left_step1_target.png,v9_train.csv,sock,bowl,auto,0,vanish
/data/datasets/DROID/oracle_verifier/83764_exterior_image_2_left_step2_target.png,v9_train.csv,object,bowl,auto,0,unreviewed
/data/datasets/DROID/oracle_verifier/83764_exterior_image_2_left_step3_target.png,v9_train.csv,object,bowl,auto,0,unreviewed
/data/datasets/DROID/oracle_verifier/83764_exterior_image_2_left_step4_target.png,v9_train.csv,bottle,bowl,auto,0,unreviewed
/data/datasets/DROID/oracle_verifier/54738_exterior_image_2_left_step1_target.png,v9_train.csv,block,bowl,auto,0,keep
/data/datasets/DROID/oracle_verifier/54738_exterior_image_2_left_step2_target.png,v9_train.csv,block,bowl,auto,0,unreviewed
/data/datasets/DROID/oracle_verifier/54738_exterior_image_2_left_step4_target.png,v9_train.csv,block,bowl,auto,0,unreviewed
/data/datasets/DROID/oracle_verifier/54738_exterior_image_2_left_step5_target.png,v9_train.csv,block,bowl,auto,0,unreviewed
/data/datasets/DROID/oracle_verifier/54738_exterior_image_2_left_step6_target.png,v9_train.csv,block,bowl,auto,0,unreviewed
/data/datasets/DROID/oracle_verifier/54738_exterior_image_2_left_step7_target.png,v9_train.csv,block,bowl,auto,0,unreviewed
/data/datasets/DROID/oracle_verifier/54738_exterior_image_2_left_step8_target.png,v9_train.csv,block,bowl,auto,0,unreviewed
/data/datasets/DROID/oracle_verifier/54738_exterior_image_2_left_step10_target.png,v9_train.csv,block,bowl,auto,0,unreviewed
/data/datasets/DROID/oracle_verifier/54738_exterior_image_2_left_step11_target.png,v9_train.csv,block,bowl,auto,0,unreviewed
/data/datasets/DROID/oracle_verifier/41626_exterior_image_1_left_step1_target.png,v9_train.csv,object,surface,auto,1,keep
/data/datasets/DROID/oracle_verifier/41626_exterior_image_1_left_step2_target.png,v9_train.csv,object,surface,auto,0,unreviewed
/data/datasets/DROID/oracle_verifier/41626_exterior_image_1_left_step3_target.png,v9_train.csv,object,surface,auto,0,unreviewed
/data/datasets/DROID/oracle_verifier/41626_exterior_image_1_left_step4_target.png,v9_train.csv,object,surface,auto,0,unreviewed
/data/datasets/DROID/oracle_verifier/381_exterior_image_2_left_step1_target.png,v9_train.csv,plush toy,plate,auto,0,keep
/data/datasets/DROID/oracle_verifier/381_exterior_image_2_left_step2_target.png,v9_train.csv,banana plush toy,plate,auto,0,unreviewed
/data/datasets/DROID/oracle_verifier/381_exterior_image_2_left_step3_target.png,v9_train.csv,pear plush toy,plate,auto,0,unreviewed
/data/datasets/DROID/oracle_verifier/381_exterior_image_2_left_step4_target.png,v9_train.csv,plush toy,basket,auto,0,unreviewed
/data/datasets/DROID/oracle_verifier/381_exterior_image_2_left_step5_target.png,v9_train.csv,banana plush toy,basket,auto,0,unreviewed
/data/datasets/DROID/oracle_verifier/27347_exterior_image_2_left_step1_target.png,v9_train.csv,piece,tabletop,auto,1,keep
/data/datasets/DROID/oracle_verifier/27347_exterior_image_2_left_step2_target.png,v9_train.csv,piece,tabletop,auto,0,unreviewed
/data/datasets/DROID/oracle_verifier/27347_exterior_image_2_left_step3_target.png,v9_train.csv,piece,tabletop,auto,0,unreviewed
/data/datasets/DROID/oracle_verifier/33247_exterior_image_2_left_step1_target.png,v9_train.csv,jug,tray,auto,0,keep
/data/datasets/DROID/oracle_verifier/33247_exterior_image_2_left_step2_target.png,v9_train.csv,jug,tray for time,auto,0,unreviewed
/data/datasets/DROID/oracle_verifier/33247_exterior_image_2_left_step3_target.png,v9_train.csv,jug,tray for time,auto,0,unreviewed
/data/datasets/DROID/oracle_verifier/4885_exterior_image_1_left_step1_target.png,v9_train.csv,towel,countertop,auto,1,keep
/data/datasets/DROID/oracle_verifier/4885_exterior_image_1_left_step2_target.png,v9_train.csv,snack,countertop,auto,0,unreviewed
/data/datasets/DROID/oracle_verifier/4885_exterior_image_1_left_step3_target.png,v9_train.csv,snack,countertop,auto,0,unreviewed
/data/datasets/DROID/oracle_verifier/4885_exterior_image_1_left_step4_target.png,v9_train.csv,cup,plate,auto,0,unreviewed
/data/datasets/DROID/oracle_verifier/4885_exterior_image_1_left_step5_target.png,v9_train.csv,cup,plate,auto,0,unreviewed
/data/datasets/DROID/oracle_verifier/4885_exterior_image_1_left_step6_target.png,v9_train.csv,cup,plate,auto,0,unreviewed
/data/datasets/DROID/oracle_verifier/4885_exterior_image_1_left_step7_target.png,v9_train.csv,cup,plate,auto,0,unreviewed
/data/datasets/DROID/oracle_verifier/42718_exterior_image_1_left_step1_target.png,v9_train.csv,lid,pot,auto,0,keep
/data/datasets/DROID/oracle_verifier/42718_exterior_image_1_left_step2_target.png,v9_train.csv,towel,pot,auto,0,unreviewed
/data/datasets/DROID/oracle_verifier/42718_exterior_image_1_left_step3_target.png,v9_train.csv,pot,stove,auto,0,unreviewed
/data/datasets/DROID/oracle_verifier/42718_exterior_image_1_left_step4_target.png,v9_train.csv,towel,countertop,auto,0,unreviewed
/data/datasets/DROID/oracle_verifier/36995_exterior_image_2_left_step1_target.png,v9_train.csv,object,bag,auto,0,keep
/data/datasets/DROID/oracle_verifier/36995_exterior_image_2_left_step2_target.png,v9_train.csv,object,bag,auto,0,unreviewed
/data/datasets/DROID/oracle_verifier/36995_exterior_image_2_left_step3_target.png,v9_train.csv,object,bag,auto,0,unreviewed
/data/datasets/DROID/oracle_verifier/36995_exterior_image_2_left_step4_target.png,v9_train.csv,object,bag,auto,0,unreviewed
/data/datasets/DROID/oracle_verifier/36995_exterior_image_2_left_step5_target.png,v9_train.csv,object,bag,auto,0,unreviewed
/data/datasets/DROID/oracle_verifier/36995_exterior_image_2_left_step6_target.png,v9_train.csv,object,bag,auto,0,unreviewed
/data/datasets/DROID/oracle_verifier/36995_exterior_image_2_left_step7_target.png,v9_train.csv,object,bag,auto,0,unreviewed
/data/datasets/DROID/oracle_verifier/36995_exterior_image_2_left_step8_target.png,v9_train.csv,object,bag,auto,0,unreviewed
/data/datasets/DROID/oracle_verifier/36995_exterior_image_2_left_step9_target.png,v9_train.csv,object,bag,auto,0,unreviewed
/data/datasets/DROID/oracle_verifier/3929_exterior_image_1_left_step1_target.png,v9_train.csv,bowl,table,auto,1,keep
/data/datasets/DROID/oracle_verifier/3929_exterior_image_1_left_step2_target.png,v9_train.csv,towel,rod,auto,0,unreviewed
/data/datasets/DROID/oracle_verifier/3929_exterior_image_1_left_step3_target.png,v9_train.csv,,sink,auto,0,unreviewed
/data/datasets/DROID/oracle_verifier/3929_exterior_image_1_left_step4_target.png,v9_train.csv,ball,bowl,auto,0,unreviewed
/data/datasets/DROID/oracle_verifier/6724_exterior_image_1_left_step1_target.png,v9_train.csv,marker,cup,auto,0,keep
/data/datasets/DROID/oracle_verifier/6724_exterior_image_1_left_step2_target.png,v9_train.csv,marker,table,auto,0,unreviewed
/data/datasets/DROID/oracle_verifier/6724_exterior_image_1_left_step3_target.png,v9_train.csv,marker,cup,auto,0,unreviewed
/data/datasets/DROID/oracle_verifier/58574_exterior_image_1_left_step1_target.png,v9_train.csv,cup,countertop,auto,1,keep
/data/datasets/DROID/oracle_verifier/58574_exterior_image_1_left_step2_target.png,v9_train.csv,cup,countertop,auto,0,unreviewed
/data/datasets/DROID/oracle_verifier/58574_exterior_image_1_left_step3_target.png,v9_train.csv,cup,countertop,auto,0,unreviewed
/data/datasets/DROID/oracle_verifier/58574_exterior_image_1_left_step4_target.png,v9_train.csv,cup,tray,auto,0,unreviewed
/data/datasets/DROID/oracle_verifier/58574_exterior_image_1_left_step5_target.png,v9_train.csv,bag,tray,auto,0,unreviewed
/data/datasets/DROID/oracle_verifier/58574_exterior_image_1_left_step6_target.png,v9_train.csv,and bag,tray,auto,0,unreviewed
/data/datasets/DROID/oracle_verifier/58574_exterior_image_1_left_step7_target.png,v9_train.csv,can,tray,auto,0,unreviewed
/data/datasets/DROID/oracle_verifier/29403_exterior_image_1_left_step1_target.png,v9_train.csv,object,table,auto,1,keep
/data/datasets/DROID/oracle_verifier/29403_exterior_image_1_left_step2_target.png,v9_train.csv,object,table,auto,0,unreviewed
/data/datasets/DROID/oracle_verifier/29403_exterior_image_1_left_step3_target.png,v9_train.csv,object,table,auto,0,unreviewed
/data/datasets/DROID/oracle_verifier/29403_exterior_image_1_left_step4_target.png,v9_train.csv,object,table,auto,0,unreviewed
/data/datasets/DROID/oracle_verifier/7113_exterior_image_2_left_step1_target.png,v9_train.csv,object,table,human,1,keep
/data/datasets/DROID/oracle_verifier/7113_exterior_image_2_left_step2_target.png,v9_train.csv,pen,box,auto,0,unreviewed
/data/datasets/DROID/oracle_verifier/7113_exterior_image_2_left_step3_target.png,v9_train.csv,box,side object,auto,0,unreviewed
/data/datasets/DROID/oracle_verifier/7113_exterior_image_2_left_step4_target.png,v9_train.csv,pen,box,auto,0,unreviewed
/data/datasets/DROID/oracle_verifier/86847_exterior_image_1_left_step1_target.png,v9_train.csv,towel,table,auto,1,keep
/data/datasets/DROID/oracle_verifier/86847_exterior_image_1_left_step2_target.png,v9_train.csv,clothing,table,auto,0,unreviewed
/data/datasets/DROID/oracle_verifier/86847_exterior_image_1_left_step3_target.png,v9_train.csv,towel,backrest chair,auto,0,unreviewed
/data/datasets/DROID/oracle_verifier/77556_exterior_image_1_left_step1_target.png,v9_train.csv,plate,table,auto,1,keep
/data/datasets/DROID/oracle_verifier/77556_exterior_image_1_left_step2_target.png,v9_train.csv,spoon,plate,auto,0,unreviewed
/data/datasets/DROID/oracle_verifier/77556_exterior_image_1_left_step3_target.png,v9_train.csv,bowl,,auto,0,unreviewed
/data/datasets/DROID/oracle_verifier/77556_exterior_image_1_left_step4_target.png,v9_train.csv,utensils,bowl,auto,0,unreviewed
/data/datasets/DROID/oracle_verifier/7637_exterior_image_2_left_step1_target.png,v9_train.csv,item,plate,auto,0,keep
/data/datasets/DROID/oracle_verifier/7637_exterior_image_2_left_step2_target.png,v9_train.csv,item,plate,auto,0,unreviewed
/data/datasets/DROID/oracle_verifier/7637_exterior_image_2_left_step3_target.png,v9_train.csv,item,plate,auto,0,unreviewed
/data/datasets/DROID/oracle_verifier/7637_exterior_image_2_left_step4_target.png,v9_train.csv,item,plate,auto,0,unreviewed
/data/datasets/DROID/oracle_verifier/7637_exterior_image_2_left_step5_target.png,v9_train.csv,item,plate,auto,0,unreviewed
/data/datasets/DROID/oracle_verifier/7637_exterior_image_2_left_step6_target.png,v9_train.csv,item,plate,auto,0,unreviewed
/data/datasets/DROID/oracle_verifier/7637_exterior_image_2_left_step7_target.png,v9_train.csv,item,plate,auto,0,unreviewed
/data/datasets/DROID/oracle_verifier/7637_exterior_image_2_left_step8_target.png,v9_train.csv,box,box,auto,0,unreviewed
/data/datasets/DROID/oracle_verifier/7637_exterior_image_2_left_step9_target.png,v9_train.csv,box,box,auto,0,unreviewed
/data/datasets/DROID/oracle_verifier/7637_exterior_image_2_left_step10_target.png,v9_train.csv,box,box,auto,0,unreviewed
/data/datasets/DROID/oracle_verifier/71175_exterior_image_1_left_step1_target.png,v9_train.csv,block,block,auto,0,keep
/data/datasets/DROID/oracle_verifier/71175_exterior_image_1_left_step2_target.png,v9_train.csv,block,block,auto,0,unreviewed
/data/datasets/DROID/oracle_verifier/71175_exterior_image_1_left_step3_target.png,v9_train.csv,block,block,auto,0,unreviewed
/data/datasets/DROID/oracle_verifier/77875_exterior_image_1_left_step1_target.png,v9_train.csv,watermelon plush toy,pot,auto,0,keep
/data/datasets/DROID/oracle_verifier/77875_exterior_image_1_left_step2_target.png,v9_train.csv,pineapple plush toy,basket,auto,0,unreviewed
/data/datasets/DROID/oracle_verifier/77875_exterior_image_1_left_step3_target.png,v9_train.csv,pear plush toy,basket,auto,0,unreviewed
/data/datasets/DROID/oracle_verifier/77875_exterior_image_1_left_step4_target.png,v9_train.csv,banana plush toy,basket,auto,0,unreviewed
/data/datasets/DROID/oracle_verifier/82757_exterior_image_2_left_step1_target.png,v9_train.csv,pen,cup,human,0,keep
/data/datasets/DROID/oracle_verifier/82757_exterior_image_2_left_step2_target.png,v9_train.csv,pen,table,auto,0,unreviewed
/data/datasets/DROID/oracle_verifier/82757_exterior_image_2_left_step3_target.png,v9_train.csv,pen,cup,auto,0,unreviewed
/data/datasets/DROID/oracle_verifier/77034_exterior_image_2_left_step1_target.png,v9_train.csv,clothes hanger,clothes rack,auto,0,keep
/data/datasets/DROID/oracle_verifier/77034_exterior_image_2_left_step2_target.png,v9_train.csv,clothes hanger,table,auto,0,unreviewed
/data/datasets/DROID/oracle_verifier/77034_exterior_image_2_left_step3_target.png,v9_train.csv,clothes hanger,clothes rack,auto,0,unreviewed
/data/datasets/DROID/oracle_verifier/77034_exterior_image_2_left_step4_target.png,v9_train.csv,clothes hanger,table,auto,0,unreviewed
/data/datasets/DROID/oracle_verifier/86393_exterior_image_1_left_step1_target.png,v9_train.csv,lid,tabletop,auto,1,keep
/data/datasets/DROID/oracle_verifier/86393_exterior_image_1_left_step2_target.png,v9_train.csv,object,pot,auto,0,unreviewed
/data/datasets/DROID/oracle_verifier/86393_exterior_image_1_left_step3_target.png,v9_train.csv,object again,pot,auto,0,unreviewed
/data/datasets/DROID/oracle_verifier/86393_exterior_image_1_left_step4_target.png,v9_train.csv,and object,pot,auto,0,unreviewed
/data/datasets/DROID/oracle_verifier/86393_exterior_image_1_left_step5_target.png,v9_train.csv,object,pot,auto,0,unreviewed
/data/datasets/DROID/oracle_verifier/86393_exterior_image_1_left_step6_target.png,v9_train.csv,lid,pot,auto,0,unreviewed
/data/datasets/DROID/oracle_verifier/79241_exterior_image_2_left_step1_target.png,v9_train.csv,cup,table,human,1,keep
/data/datasets/DROID/oracle_verifier/79241_exterior_image_2_left_step2_target.png,v9_train.csv,,bowl,auto,0,unreviewed
/data/datasets/DROID/oracle_verifier/79241_exterior_image_2_left_step3_target.png,v9_train.csv,,table,auto,0,unreviewed
/data/datasets/DROID/oracle_verifier/79241_exterior_image_2_left_step4_target.png,v9_train.csv,,table,auto,0,unreviewed
/data/datasets/DROID/oracle_verifier/71472_exterior_image_1_left_step1_target.png,v9_train.csv,bottle,table,auto,1,keep
/data/datasets/DROID/oracle_verifier/71472_exterior_image_1_left_step2_target.png,v9_train.csv,bottle,table,auto,0,unreviewed
/data/datasets/DROID/oracle_verifier/71472_exterior_image_1_left_step3_target.png,v9_train.csv,bottle,table,auto,0,unreviewed
/data/datasets/DROID/oracle_verifier/71472_exterior_image_1_left_step4_target.png,v9_train.csv,object,table,auto,0,unreviewed
/data/datasets/DROID/oracle_verifier/71472_exterior_image_1_left_step5_target.png,v9_train.csv,object,table,auto,0,unreviewed
/data/datasets/DROID/oracle_verifier/71472_exterior_image_1_left_step6_target.png,v9_train.csv,bottle,table,auto,0,unreviewed
/data/datasets/DROID/oracle_verifier/71472_exterior_image_1_left_step7_target.png,v9_train.csv,bottle,table,auto,0,unreviewed
/data/datasets/DROID/oracle_verifier/71472_exterior_image_1_left_step8_target.png,v9_train.csv,bottle,table,auto,0,unreviewed
/data/datasets/DROID/oracle_verifier/71472_exterior_image_1_left_step9_target.png,v9_train.csv,bottle,table,auto,0,unreviewed
/data/datasets/DROID/oracle_verifier/71472_exterior_image_1_left_step10_target.png,v9_train.csv,bottle,table,auto,0,unreviewed
/data/datasets/DROID/oracle_verifier/11924_exterior_image_2_left_step1_target.png,v9_train.csv,lid,pot,auto,0,keep
/data/datasets/DROID/oracle_verifier/11924_exterior_image_2_left_step2_target.png,v9_train.csv,lid,table,auto,0,unreviewed
/data/datasets/DROID/oracle_verifier/11924_exterior_image_2_left_step3_target.png,v9_train.csv,bunny plush toy,pot,auto,0,unreviewed
/data/datasets/DROID/oracle_verifier/91552_exterior_image_2_left_step1_target.png,v9_train.csv,block,table,auto,1,keep
/data/datasets/DROID/oracle_verifier/91552_exterior_image_2_left_step2_target.png,v9_train.csv,block,block,auto,0,unreviewed
/data/datasets/DROID/oracle_verifier/91552_exterior_image_2_left_step3_target.png,v9_train.csv,block,block,auto,0,unreviewed
/data/datasets/DROID/oracle_verifier/91552_exterior_image_2_left_step4_target.png,v9_train.csv,block,block,auto,0,unreviewed
/data/datasets/DROID/oracle_verifier/48393_exterior_image_1_left_step1_target.png,v9_train.csv,bottle,box,auto,0,keep
/data/datasets/DROID/oracle_verifier/48393_exterior_image_1_left_step2_target.png,v9_train.csv,bottle,side box,auto,0,unreviewed
/data/datasets/DROID/oracle_verifier/48393_exterior_image_1_left_step3_target.png,v9_train.csv,bottle,table,auto,0,unreviewed
/data/datasets/DROID/oracle_verifier/21213_exterior_image_2_left_step1_target.png,v9_train.csv,bag,box,auto,0,keep
/data/datasets/DROID/oracle_verifier/21213_exterior_image_2_left_step2_target.png,v9_train.csv,bag,box,auto,0,unreviewed
/data/datasets/DROID/oracle_verifier/21213_exterior_image_2_left_step3_target.png,v9_train.csv,bag,table,auto,0,unreviewed
/data/datasets/DROID/oracle_verifier/21213_exterior_image_2_left_step4_target.png,v9_train.csv,bag,table,auto,0,unreviewed
/data/datasets/DROID/oracle_verifier/72723_exterior_image_1_left_step1_target.png,v9_train.csv,bottle,desktop,human,1,keep
/data/datasets/DROID/oracle_verifier/72723_exterior_image_1_left_step2_target.png,v9_train.csv,backpack,object,auto,0,unreviewed
/data/datasets/DROID/oracle_verifier/72723_exterior_image_1_left_step3_target.png,v9_train.csv,backpack,object,auto,0,unreviewed
/data/datasets/DROID/oracle_verifier/52305_exterior_image_2_left_step1_target.png,v9_train.csv,object,bowl,auto,0,keep
/data/datasets/DROID/oracle_verifier/52305_exterior_image_2_left_step3_target.png,v9_train.csv,object,bowl,auto,0,unreviewed
/data/datasets/DROID/oracle_verifier/52305_exterior_image_2_left_step4_target.png,v9_train.csv,object,bowl,auto,0,unreviewed
/data/datasets/DROID/oracle_verifier/52305_exterior_image_2_left_step5_target.png,v9_train.csv,object,bowl,auto,0,unreviewed
/data/datasets/DROID/oracle_verifier/52305_exterior_image_2_left_step6_target.png,v9_train.csv,object,bowl,auto,0,unreviewed
/data/datasets/DROID/oracle_verifier/52305_exterior_image_2_left_step7_target.png,v9_train.csv,object,bowl,auto,0,unreviewed
/data/datasets/DROID/oracle_verifier/52305_exterior_image_2_left_step8_target.png,v9_train.csv,object,bowl,auto,0,unreviewed
/data/datasets/DROID/oracle_verifier/52305_exterior_image_2_left_step9_target.png,v9_train.csv,object,bowl,auto,0,unreviewed
/data/datasets/DROID/oracle_verifier/52305_exterior_image_2_left_step10_target.png,v9_train.csv,object,corner table,auto,0,unreviewed
/data/datasets/DROID/oracle_verifier/16307_exterior_image_2_left_step1_target.png,v9_train.csv,water bottle,table,human,1,keep
/data/datasets/DROID/oracle_verifier/16307_exterior_image_2_left_step2_target.png,v9_train.csv,water bottle,designated position,auto,0,unreviewed
/data/datasets/DROID/oracle_verifier/16307_exterior_image_2_left_step3_target.png,v9_train.csv,water bottle,designated position,auto,0,unreviewed
/data/datasets/DROID/oracle_verifier/16307_exterior_image_2_left_step4_target.png,v9_train.csv,water bottle,designated position,auto,0,unreviewed
/data/datasets/DROID/oracle_verifier/64587_exterior_image_2_left_step1_target.png,v9_train.csv,square,table,auto,1,keep
/data/datasets/DROID/oracle_verifier/64587_exterior_image_2_left_step2_target.png,v9_train.csv,square,table,auto,0,unreviewed
/data/datasets/DROID/oracle_verifier/64587_exterior_image_2_left_step3_target.png,v9_train.csv,square,left,auto,0,unreviewed
/data/datasets/DROID/oracle_verifier/33288_exterior_image_1_left_step1_target.png,v9_train.csv,fork,plate,auto,0,keep
/data/datasets/DROID/oracle_verifier/33288_exterior_image_1_left_step2_target.png,v9_train.csv,knife,plate,auto,0,unreviewed
/data/datasets/DROID/oracle_verifier/33288_exterior_image_1_left_step3_target.png,v9_train.csv,cup,,auto,0,unreviewed
/data/datasets/DROID/oracle_verifier/33288_exterior_image_1_left_step4_target.png,v9_train.csv,object,,auto,0,unreviewed
/data/datasets/DROID/oracle_verifier/81026_exterior_image_2_left_step1_target.png,v9_train.csv,lid,table,auto,1,keep
/data/datasets/DROID/oracle_verifier/81026_exterior_image_2_left_step2_target.png,v9_train.csv,jug,table,auto,0,unreviewed
/data/datasets/DROID/oracle_verifier/81026_exterior_image_2_left_step3_target.png,v9_train.csv,lid,pot,auto,0,unreviewed
/data/datasets/DROID/oracle_verifier/50793_exterior_image_2_left_step1_target.png,v9_train.csv,cap,table,auto,1,keep
/data/datasets/DROID/oracle_verifier/50793_exterior_image_2_left_step2_target.png,v9_train.csv,bottle,side table,auto,0,unreviewed
/data/datasets/DROID/oracle_verifier/50793_exterior_image_2_left_step3_target.png,v9_train.csv,cap,bottle,auto,0,unreviewed
/data/datasets/DROID/oracle_verifier/73268_exterior_image_1_left_step1_target.png,v9_train.csv,lid,bottle,auto,0,keep
/data/datasets/DROID/oracle_verifier/73268_exterior_image_1_left_step2_target.png,v9_train.csv,plush toy,pan,auto,0,unreviewed
/data/datasets/DROID/oracle_verifier/73268_exterior_image_1_left_step3_target.png,v9_train.csv,plush toy,plate,auto,0,unreviewed
/data/datasets/DROID/oracle_verifier/79497_exterior_image_1_left_step1_target.png,v9_train.csv,marker,cup,auto,0,keep
/data/datasets/DROID/oracle_verifier/79497_exterior_image_1_left_step2_target.png,v9_train.csv,marker,table,auto,0,unreviewed
/data/datasets/DROID/oracle_verifier/79497_exterior_image_1_left_step3_target.png,v9_train.csv,marker,table,auto,0,unreviewed
/data/datasets/DROID/oracle_verifier/45191_exterior_image_2_left_step1_target.png,v9_train.csv,bowl,stove,auto,0,keep
/data/datasets/DROID/oracle_verifier/45191_exterior_image_2_left_step2_target.png,v9_train.csv,cup,tray,auto,0,unreviewed
/data/datasets/DROID/oracle_verifier/45191_exterior_image_2_left_step3_target.png,v9_train.csv,bottle,cup rack,auto,0,unreviewed
/data/datasets/DROID/oracle_verifier/45191_exterior_image_2_left_step4_target.png,v9_train.csv,lid,bottle,auto,0,unreviewed
/data/datasets/DROID/oracle_verifier/54666_exterior_image_1_left_step1_target.png,v9_train.csv,cloth,box,auto,0,keep
/data/datasets/DROID/oracle_verifier/54666_exterior_image_1_left_step2_target.png,v9_train.csv,plastic,box,auto,0,unreviewed
/data/datasets/DROID/oracle_verifier/54666_exterior_image_1_left_step3_target.png,v9_train.csv,book,box,auto,0,unreviewed
/data/datasets/DROID/oracle_verifier/75834_exterior_image_1_left_step1_target.png,v9_train.csv,box,table,auto,1,keep
/data/datasets/DROID/oracle_verifier/75834_exterior_image_1_left_step2_target.png,v9_train.csv,box,table,auto,0,unreviewed
/data/datasets/DROID/oracle_verifier/75834_exterior_image_1_left_step3_target.png,v9_train.csv,box,two boxes,auto,0,unreviewed
/data/datasets/DROID/oracle_verifier/75834_exterior_image_1_left_step4_target.png,v9_train.csv,bagged item,three boxes,auto,0,unreviewed
/data/datasets/DROID/oracle_verifier/42974_exterior_image_1_left_step1_target.png,v9_train.csv,bottle cap,box,auto,0,vanish
/data/datasets/DROID/oracle_verifier/42974_exterior_image_1_left_step2_target.png,v9_train.csv,bottle cap,box,auto,0,unreviewed
/data/datasets/DROID/oracle_verifier/42974_exterior_image_1_left_step3_target.png,v9_train.csv,bottle cap,box,auto,0,unreviewed
/data/datasets/DROID/oracle_verifier/42974_exterior_image_1_left_step4_target.png,v9_train.csv,bottle cap,box,auto,0,unreviewed
/data/datasets/DROID/oracle_verifier/42230_exterior_image_1_left_step1_target.png,v9_train.csv,mug,side table,auto,1,keep
/data/datasets/DROID/oracle_verifier/42230_exterior_image_1_left_step2_target.png,v9_train.csv,mug,side table,auto,0,unreviewed
/data/datasets/DROID/oracle_verifier/42230_exterior_image_1_left_step3_target.png,v9_train.csv,mug,side again,auto,0,unreviewed
/data/datasets/DROID/oracle_verifier/49084_exterior_image_2_left_step1_target.png,v9_train.csv,spoon,cutlery holder,auto,0,keep
/data/datasets/DROID/oracle_verifier/49084_exterior_image_2_left_step2_target.png,v9_train.csv,spoon,cutlery holder,auto,0,unreviewed
/data/datasets/DROID/oracle_verifier/49084_exterior_image_2_left_step3_target.png,v9_train.csv,cutlery holder,side table,auto,0,unreviewed
/data/datasets/DROID/oracle_verifier/33597_exterior_image_2_left_step1_target.png,v9_train.csv,object,bowl,auto,0,keep
/data/datasets/DROID/oracle_verifier/33597_exterior_image_2_left_step2_target.png,v9_train.csv,object,container,auto,0,unreviewed
/data/datasets/DROID/oracle_verifier/33597_exterior_image_2_left_step3_target.png,v9_train.csv,object,container,auto,0,unreviewed
/data/datasets/DROID/oracle_verifier/30302_exterior_image_1_left_step1_target.png,v9_train.csv,block,table,auto,1,keep
/data/datasets/DROID/oracle_verifier/30302_exterior_image_1_left_step2_target.png,v9_train.csv,block,table,auto,0,unreviewed
/data/datasets/DROID/oracle_verifier/30302_exterior_image_1_left_step3_target.png,v9_train.csv,block,table,auto,0,unreviewed
/data/datasets/DROID/oracle_verifier/18176_exterior_image_1_left_step1_target.png,v9_train.csv,spoon,bowl,auto,0,keep
/data/datasets/DROID/oracle_verifier/18176_exterior_image_1_left_step2_target.png,v9_train.csv,bowl,table,auto,0,unreviewed
/data/datasets/DROID/oracle_verifier/18176_exterior_image_1_left_step3_target.png,v9_train.csv,towel,other side table,auto,0,unreviewed
/data/datasets/DROID/oracle_verifier/18176_exterior_image_1_left_step4_target.png,v9_train.csv,object,table,auto,0,unreviewed
/data/datasets/DROID/oracle_verifier/44952_exterior_image_2_left_step1_target.png,v9_train.csv,plum plush toy,countertop,auto,1,keep
/data/datasets/DROID/oracle_verifier/44952_exterior_image_2_left_step2_target.png,v9_train.csv,banana plush toy,countertop,auto,0,unreviewed
/data/datasets/DROID/oracle_verifier/44952_exterior_image_2_left_step3_target.png,v9_train.csv,pineapple plush toy,box,auto,0,unreviewed
/data/datasets/DROID/oracle_verifier/37895_exterior_image_1_left_step1_target.png,v9_train.csv,cup,table,human,1,keep
/data/datasets/DROID/oracle_verifier/37895_exterior_image_1_left_step2_target.png,v9_train.csv,cup,side table,auto,0,unreviewed
/data/datasets/DROID/oracle_verifier/37895_exterior_image_1_left_step3_target.png,v9_train.csv,cup,side table,auto,0,unreviewed
/data/datasets/DROID/oracle_verifier/86838_exterior_image_2_left_step1_target.png,v9_train.csv,colourless bowl,table,auto,1,keep
/data/datasets/DROID/oracle_verifier/86838_exterior_image_2_left_step2_target.png,v9_train.csv,bowl above microwave,table,auto,0,unreviewed
/data/datasets/DROID/oracle_verifier/86838_exterior_image_2_left_step3_target.png,v9_train.csv,colourless bowl,bowl,auto,0,unreviewed
/data/datasets/DROID/oracle_verifier/58630_exterior_image_1_left_step3_target.png,v9_train.csv,plush toy,bag,auto,0,keep
/data/datasets/DROID/oracle_verifier/58630_exterior_image_1_left_step4_target.png,v9_train.csv,plush toy,bag,auto,0,unreviewed
/data/datasets/DROID/oracle_verifier/58630_exterior_image_1_left_step5_target.png,v9_train.csv,rectangular object,bag,auto,0,unreviewed
/data/datasets/DROID/oracle_verifier/58630_exterior_image_1_left_step7_target.png,v9_train.csv,object,bag,auto,0,unreviewed
/data/datasets/DROID/oracle_verifier/70480_exterior_image_1_left_step1_target.png,v9_train.csv,bag of balls,box,human,0,keep
/data/datasets/DROID/oracle_verifier/70480_exterior_image_1_left_step2_target.png,v9_train.csv,,box,auto,0,unreviewed
/data/datasets/DROID/oracle_verifier/70480_exterior_image_1_left_step3_target.png,v9_train.csv,,box,auto,0,unreviewed
/data/datasets/DROID/oracle_verifier/7092_exterior_image_2_left_step1_target.png,v9_train.csv,tape,table,auto,1,keep
/data/datasets/DROID/oracle_verifier/7092_exterior_image_2_left_step2_target.png,v9_train.csv,tape,holder,auto,0,unreviewed
/data/datasets/DROID/oracle_verifier/7092_exterior_image_2_left_step3_target.png,v9_train.csv,,holder,auto,0,unreviewed
/data/datasets/DROID/oracle_verifier/91113_exterior_image_2_left_step1_target.png,v9_train.csv,bottle,table,auto,1,keep
/data/datasets/DROID/oracle_verifier/91113_exterior_image_2_left_step2_target.png,v9_train.csv,bottle,table,auto,0,unreviewed
/data/datasets/DROID/oracle_verifier/91113_exterior_image_2_left_step3_target.png,v9_train.csv,bottle,table,auto,0,unreviewed
/data/datasets/DROID/oracle_verifier/54063_exterior_image_1_left_step1_target.png,v9_train.csv,spoon,box,auto,0,vanish
/data/datasets/DROID/oracle_verifier/54063_exterior_image_1_left_step2_target.png,v9_train.csv,spoon,box,auto,0,unreviewed
/data/datasets/DROID/oracle_verifier/54063_exterior_image_1_left_step3_target.png,v9_train.csv,knife,box,auto,0,unreviewed
/data/datasets/DROID/oracle_verifier/66577_exterior_image_1_left_step1_target.png,v9_train.csv,towel,towel,auto,0,keep
/data/datasets/DROID/oracle_verifier/66577_exterior_image_1_left_step3_target.png,v9_train.csv,object,cup,auto,0,unreviewed
/data/datasets/DROID/oracle_verifier/66577_exterior_image_1_left_step5_target.png,v9_train.csv,object,cup,auto,0,unreviewed
/data/datasets/DROID/oracle_verifier/66577_exterior_image_1_left_step6_target.png,v9_train.csv,towel,box,auto,0,unreviewed
/data/datasets/DROID/oracle_verifier/7807_exterior_image_2_left_step1_target.png,v9_train.csv,object,table,auto,1,keep
/data/datasets/DROID/oracle_verifier/7807_exterior_image_2_left_step2_target.png,v9_train.csv,plate,cloth,auto,0,unreviewed
/data/datasets/DROID/oracle_verifier/7807_exterior_image_2_left_step3_target.png,v9_train.csv,object,table,auto,0,unreviewed
/data/datasets/DROID/oracle_verifier/5314_exterior_image_2_left_step1_target.png,v9_train.csv,pen,bowl,auto,0,keep
/data/datasets/DROID/oracle_verifier/5314_exterior_image_2_left_step2_target.png,v9_train.csv,pen,table,auto,0,unreviewed
/data/datasets/DROID/oracle_verifier/5314_exterior_image_2_left_step3_target.png,v9_train.csv,pen,bowl,auto,0,unreviewed
/data/datasets/DROID/oracle_verifier/10061_exterior_image_2_left_step1_target.png,v9_train.csv,lid,pot,auto,0,keep
/data/datasets/DROID/oracle_verifier/10061_exterior_image_2_left_step2_target.png,v9_train.csv,block,stove,auto,0,unreviewed
/data/datasets/DROID/oracle_verifier/9085_exterior_image_1_left_step1_target.png,v9_train.csv,shoe,table,auto,0,vanish
/data/datasets/DROID/oracle_verifier/9085_exterior_image_1_left_step2_target.png,v9_train.csv,book,table,auto,0,unreviewed
/data/datasets/DROID/oracle_verifier/9085_exterior_image_1_left_step3_target.png,v9_train.csv,box,table,auto,0,unreviewed
/data/datasets/DROID/oracle_verifier/9085_exterior_image_1_left_step4_target.png,v9_train.csv,box,,auto,0,unreviewed
/data/datasets/DROID/oracle_verifier/5761_exterior_image_2_left_step1_target.png,v9_train.csv,water bottle,counter,auto,0,discard
/data/datasets/DROID/oracle_verifier/5761_exterior_image_2_left_step2_target.png,v9_train.csv,water bottle,cabinet,auto,0,unreviewed
/data/datasets/DROID/oracle_verifier/5761_exterior_image_2_left_step3_target.png,v9_train.csv,water bottle,counter,auto,0,unreviewed
/data/datasets/DROID/oracle_verifier/4011_exterior_image_1_left_step1_target.png,v9_train.csv,toy,sink,auto,0,keep
/data/datasets/DROID/oracle_verifier/4011_exterior_image_1_left_step2_target.png,v9_train.csv,tiger toy,bowl,auto,0,unreviewed
/data/datasets/DROID/oracle_verifier/4011_exterior_image_1_left_step3_target.png,v9_train.csv,toy,bowl,auto,0,unreviewed
/data/datasets/DROID/oracle_verifier/51608_exterior_image_1_left_step1_target.png,v9_train.csv,object,table,human,1,keep
/data/datasets/DROID/oracle_verifier/51608_exterior_image_1_left_step2_target.png,v9_train.csv,object,,auto,0,unreviewed
/data/datasets/DROID/oracle_verifier/51608_exterior_image_1_left_step3_target.png,v9_train.csv,object,,auto,0,unreviewed
/data/datasets/DROID/oracle_verifier/33052_exterior_image_1_left_step2_target.png,v9_train.csv,ring,cup,auto,0,keep
/data/datasets/DROID/oracle_verifier/33052_exterior_image_1_left_step6_target.png,v9_train.csv,ring,cup,auto,0,unreviewed
/data/datasets/DROID/oracle_verifier/45547_exterior_image_2_left_step1_target.png,v9_train.csv,toy,bowl,auto,0,keep
/data/datasets/DROID/oracle_verifier/45547_exterior_image_2_left_step2_target.png,v9_train.csv,toy,table,auto,0,unreviewed
/data/datasets/DROID/oracle_verifier/45547_exterior_image_2_left_step3_target.png,v9_train.csv,toy,bowl,auto,0,unreviewed
/data/datasets/DROID/oracle_verifier/ep_012857_CLVR_13759f6e_2023-05-20-17h-21m-49s_right_step1_target.png,v9_train.csv,glue stick,mug,human,0,keep
/data/datasets/DROID/oracle_verifier/ep_012857_CLVR_13759f6e_2023-05-20-17h-21m-49s_right_step2_target.png,v9_train.csv,,desk,auto,0,unreviewed
/data/datasets/DROID/oracle_verifier/ep_012857_CLVR_13759f6e_2023-05-20-17h-21m-49s_right_step3_target.png,v9_train.csv,,cup,auto,0,unreviewed
/data/datasets/DROID/oracle_verifier/ep_042768_TRI_52ca9b6a_2023-10-25-10h-26m-07s_left_step1_target.png,v9_train.csv,pot,counter,human,1,keep
/data/datasets/DROID/oracle_verifier/ep_042768_TRI_52ca9b6a_2023-10-25-10h-26m-07s_left_step2_target.png,v9_train.csv,,counter,auto,0,unreviewed
/data/datasets/DROID/oracle_verifier/ep_042768_TRI_52ca9b6a_2023-10-25-10h-26m-07s_left_step3_target.png,v9_train.csv,,counter,auto,0,unreviewed
/data/datasets/DROID/oracle_verifier/ep_012857_CLVR_13759f6e_2023-05-20-17h-21m-49s_left_step1_target.png,v9_train.csv,,mug,auto,0,unreviewed
/data/datasets/DROID/oracle_verifier/ep_012857_CLVR_13759f6e_2023-05-20-17h-21m-49s_left_step2_target.png,v9_train.csv,,desk,auto,0,unreviewed
/data/datasets/DROID/oracle_verifier/ep_012857_CLVR_13759f6e_2023-05-20-17h-21m-49s_left_step3_target.png,v9_train.csv,,cup,auto,0,unreviewed
/data/datasets/DROID/oracle_verifier/ep_001080_AUTOLab_5d05c5aa_2023-09-02-11h-09m-23s_left_step1_target.png,v9_train.csv,,table,auto,0,unreviewed
/data/datasets/DROID/oracle_verifier/ep_001080_AUTOLab_5d05c5aa_2023-09-02-11h-09m-23s_left_step2_target.png,v9_train.csv,,table,auto,0,unreviewed
/data/datasets/DROID/oracle_verifier/ep_001080_AUTOLab_5d05c5aa_2023-09-02-11h-09m-23s_left_step3_target.png,v9_train.csv,,table,auto,0,unreviewed
/data/datasets/DROID/train_v8/final/28042_exterior_image_2_left_pair0.png,v9_test_unseen.csv,cup,counter,auto,1,keep
/data/datasets/DROID/train_v8/final/28042_exterior_image_2_left_pair1.png,v9_test_unseen.csv,cup,counter,auto,0,unreviewed
/data/datasets/DROID/train_v8/final/8943_exterior_image_1_left_pair0.png,v9_test_unseen.csv,grape,box,auto,0,keep
/data/datasets/DROID/train_v8/final/8943_exterior_image_1_left_pair1.png,v9_test_unseen.csv,strawberry,box,auto,0,unreviewed
/data/datasets/DROID/train_v8/final/2600_exterior_image_2_left_pair0.png,v9_test_unseen.csv,sock,windowsill,auto,0,keep
/data/datasets/DROID/train_v8/final/2600_exterior_image_2_left_pair1.png,v9_test_unseen.csv,lemon toy,drawer,auto,0,unreviewed
/data/datasets/DROID/train_v8/final/10208_exterior_image_1_left_pair0.png,v9_test_unseen.csv,book,box,auto,0,unreviewed
/data/datasets/DROID/train_v8/final/10208_exterior_image_1_left_pair1.png,v9_test_unseen.csv,book,box,auto,0,unreviewed
/data/datasets/DROID/train_v8/final/23233_exterior_image_2_left_pair0.png,v9_test_unseen.csv,tube,counter,auto,1,keep
/data/datasets/DROID/train_v8/final/23233_exterior_image_2_left_pair1.png,v9_test_unseen.csv,tube,,auto,0,unreviewed
/data/datasets/DROID/train_v8/final/56496_exterior_image_1_left_pair0.png,v9_test_unseen.csv,strawberry,table,auto,0,unreviewed
/data/datasets/DROID/train_v8/final/56496_exterior_image_1_left_pair1.png,v9_test_unseen.csv,grapes,table,auto,0,unreviewed
/data/datasets/DROID/train_v8/final/44159_exterior_image_1_left_pair0.png,v9_test_unseen.csv,bowl,pull-out table,auto,0,keep
/data/datasets/DROID/train_v8/final/44159_exterior_image_1_left_pair1.png,v9_test_unseen.csv,AirPods case,bowl,auto,0,unreviewed
/data/datasets/DROID/train_v8/final/71082_exterior_image_1_left_pair0.png,v9_test_unseen.csv,tube,bathroom countertop,auto,1,keep
/data/datasets/DROID/train_v8/final/71082_exterior_image_1_left_pair1.png,v9_test_unseen.csv,jar,,auto,0,unreviewed
/data/datasets/DROID/train_v8/final/45351_exterior_image_2_left_pair0.png,v9_test_unseen.csv,book,table,auto,0,unreviewed
/data/datasets/DROID/train_v8/final/45351_exterior_image_2_left_pair1.png,v9_test_unseen.csv,book,tabletop,auto,0,unreviewed
/data/datasets/DROID/train_v8/final/55425_exterior_image_2_left_pair0.png,v9_test_unseen.csv,book,table,auto,0,unreviewed
/data/datasets/DROID/train_v8/final/55425_exterior_image_2_left_pair1.png,v9_test_unseen.csv,sauce bottle,table,auto,0,unreviewed
/data/datasets/DROID/train_v8/final/28042_exterior_image_1_left_pair0.png,v9_test_unseen.csv,cup,counter,auto,0,unreviewed
/data/datasets/DROID/train_v8/final/28042_exterior_image_1_left_pair1.png,v9_test_unseen.csv,cup,counter,auto,0,unreviewed
/data/datasets/DROID/train_v8/final/7019_exterior_image_1_left_pair0.png,v9_test_unseen.csv,toothbrush,table,human,1,keep
/data/datasets/DROID/train_v8/final/7019_exterior_image_1_left_pair1.png,v9_test_unseen.csv,bottle,counter,auto,0,unreviewed
/data/datasets/DROID/train_v8/final/17434_exterior_image_1_left_pair0.png,v9_test_unseen.csv,book,table,auto,0,unreviewed
/data/datasets/DROID/train_v8/final/17434_exterior_image_1_left_pair1.png,v9_test_unseen.csv,book,table,auto,0,unreviewed
/data/datasets/DROID/train_v8/final/10591_exterior_image_2_left_pair0.png,v9_test_unseen.csv,books,table,auto,0,unreviewed
/data/datasets/DROID/train_v8/final/10591_exterior_image_2_left_pair1.png,v9_test_unseen.csv,books,table,auto,0,unreviewed
/data/datasets/DROID/train_v8/final/91906_exterior_image_1_left_pair0.png,v9_test_unseen.csv,box,sink counter,auto,0,unreviewed
/data/datasets/DROID/train_v8/final/91906_exterior_image_1_left_pair1.png,v9_test_unseen.csv,box,sink counter,auto,0,unreviewed
/data/datasets/DROID/train_v8/final/55598_exterior_image_2_left_pair0.png,v9_test_unseen.csv,,countertop,auto,0,unreviewed
/data/datasets/DROID/train_v8/final/55598_exterior_image_2_left_pair1.png,v9_test_unseen.csv,,cup,auto,0,unreviewed
/data/datasets/DROID/train_v8/final/10830_exterior_image_2_left_pair1.png,v9_test_unseen.csv,block,block,auto,0,unreviewed
/data/datasets/DROID/train_v8/final/12283_exterior_image_2_left_pair0.png,v9_test_unseen.csv,toy,original position,auto,0,unreviewed
/data/datasets/DROID/train_v8/final/10251_exterior_image_2_left_pair0.png,v9_test_unseen.csv,cup,table,human,1,keep
/data/datasets/DROID/train_v8/final/10683_exterior_image_1_left_pair0.png,v9_test_unseen.csv,razor,sink,human,0,keep
/data/datasets/DROID/train_v8/final/103_exterior_image_2_left_pair0.png,v9_test_unseen.csv,marker,cup,auto,0,keep
/data/datasets/DROID/train_v8/final/15673_exterior_image_2_left_pair0.png,v9_test_unseen.csv,rubik's cube,storage box,auto,0,keep
/data/datasets/DROID/train_v8/final/10175_exterior_image_1_left_pair0.png,v9_test_unseen.csv,marker,bowl,auto,0,keep
/data/datasets/DROID/train_v8/final/10328_exterior_image_2_left_pair0.png,v9_test_unseen.csv,bottle,cabinet,auto,0,unreviewed
/data/datasets/DROID/train_v8/final/105_exterior_image_1_left_pair0.png,v9_test_unseen.csv,bowl,countertop,auto,1,keep
/data/datasets/DROID/train_v8/final/10562_exterior_image_1_left_pair0.png,v9_test_unseen.csv,cup,table,auto,1,keep
/data/datasets/DROID/train_v8/final/10058_exterior_image_1_left_pair0.png,v9_test_unseen.csv,bottle,bottle,human,0,keep
/data/datasets/DROID/train_v8/final/10098_exterior_image_1_left_pair0.png,v9_test_unseen.csv,object,table,auto,1,keep
/data/datasets/DROID/train_v8/final/12235_exterior_image_1_left_pair0.png,v9_test_unseen.csv,object,container,auto,0,unreviewed
/data/datasets/DROID/train_v8/final/19040_exterior_image_2_left_pair0.png,v9_test_unseen.csv,marker,cup,auto,0,keep
/data/datasets/DROID/train_v8/final/10286_exterior_image_1_left_pair0.png,v9_test_unseen.csv,key,windowsill,auto,0,keep
/data/datasets/DROID/train_v8/final/15081_exterior_image_1_left_pair0.png,v9_test_unseen.csv,bowl,tabletop,auto,0,unreviewed
/data/datasets/DROID/train_v8/final/10208_exterior_image_2_left_pair0.png,v9_test_unseen.csv,book,box,auto,0,keep
/data/datasets/DROID/train_v8/final/10208_exterior_image_2_left_pair1.png,v9_test_unseen.csv,book,box,auto,0,unreviewed
/data/datasets/DROID/train_v8/final/10375_exterior_image_1_left_pair0.png,v9_test_unseen.csv,cup,table,auto,1,keep
/data/datasets/DROID/train_v8/final/11686_exterior_image_2_left_pair0.png,v9_test_unseen.csv,pumpkin plush toy,bowl,auto,0,unreviewed
/data/datasets/DROID/train_v8/final/6352_exterior_image_1_left_pair0.png,v9_test_unseen.csv,spoon,bowl,auto,0,unreviewed
/data/datasets/DROID/train_v8/final/10266_exterior_image_1_left_pair0.png,v9_test_unseen.csv,bowl,dishrack,auto,0,keep
/data/datasets/DROID/train_v8/final/13759_exterior_image_2_left_pair0.png,v9_test_unseen.csv,bag,,auto,0,unreviewed
/data/datasets/DROID/train_v8/final/11024_exterior_image_2_left_pair0.png,v9_test_unseen.csv,lid,cup,auto,0,keep
/data/datasets/DROID/train_v8/final/10427_exterior_image_1_left_pair0.png,v9_test_unseen.csv,pen,cup,auto,0,keep
/data/datasets/DROID/train_v8/final/11385_exterior_image_1_left_pair0.png,v9_test_unseen.csv,box,drawer,auto,0,keep
/data/datasets/DROID/train_v8/final/11099_exterior_image_1_left_pair0.png,v9_test_unseen.csv,fabric,table,auto,1,keep
/data/datasets/DROID/train_v8/final/12903_exterior_image_2_left_pair0.png,v9_test_unseen.csv,Rubik's Cube,table,auto,1,keep
/data/datasets/DROID/train_v8/final/79428_exterior_image_1_left_pair0.png,v9_test_unseen.csv,object,table,auto,0,unreviewed
/data/datasets/DROID/train_v8/final/13459_exterior_image_2_left_pair0.png,v9_test_unseen.csv,marker,glass,human,0,keep
/data/datasets/DROID/train_v8/final/13527_exterior_image_1_left_pair0.png,v9_test_unseen.csv,cup,table,auto,1,keep
/data/datasets/DROID/train_v8/final/10103_exterior_image_2_left_pair0.png,v9_test_unseen.csv,bottle,table,auto,1,keep
/data/datasets/DROID/train_v8/final/12713_exterior_image_2_left_pair0.png,v9_test_unseen.csv,lid,sink,human,0,vanish
/data/datasets/DROID/train_v8/final/1389_exterior_image_2_left_pair0.png,v9_test_unseen.csv,pen,table,auto,1,keep
/data/datasets/DROID/train_v8/final/11771_exterior_image_1_left_pair0.png,v9_test_unseen.csv,eraser,desktop,auto,1,keep
/data/datasets/DROID/train_v8/final/80199_exterior_image_1_left_pair0.png,v9_test_unseen.csv,object,plate,auto,0,unreviewed
/data/datasets/DROID/train_v8/final/13546_exterior_image_1_left_pair1.png,v9_test_unseen.csv,building block,block,human,0,keep
/data/datasets/DROID/train_v8/final/33128_exterior_image_1_left_pair0.png,v9_test_unseen.csv,towel,bag,auto,0,unreviewed
/data/datasets/DROID/train_v8/final/21717_exterior_image_2_left_pair0.png,v9_test_unseen.csv,cup,rack,auto,0,unreviewed
/data/datasets/DROID/train_v8/final/37804_exterior_image_2_left_pair1.png,v9_test_unseen.csv,box,box,auto,0,unreviewed
/data/datasets/DROID/train_v8/final/13296_exterior_image_1_left_pair0.png,v9_test_unseen.csv,lid,pot,auto,0,keep
/data/datasets/DROID/train_v8/final/10746_exterior_image_1_left_pair0.png,v9_test_unseen.csv,chess piece,,auto,0,unreviewed
/data/datasets/DROID/train_v8/final/13818_exterior_image_1_left_pair0.png,v9_test_unseen.csv,ball,trash can,auto,0,vanish
/data/datasets/DROID/train_v8/final/44094_exterior_image_1_left_pair0.png,v9_test_unseen.csv,sweatshirt,table,auto,0,keep
/data/datasets/DROID/train_v8/final/12171_exterior_image_2_left_pair1.png,v9_test_unseen.csv,cup,countertop,auto,0,unreviewed
/data/datasets/DROID/train_v8/final/302_exterior_image_1_left_pair0.png,v9_test_unseen.csv,object,plate,auto,0,unreviewed
/data/datasets/DROID/train_v8/final/55993_exterior_image_2_left_pair0.png,v9_test_unseen.csv,spoon,container,auto,0,unreviewed
/data/datasets/DROID/train_v8/final/29609_exterior_image_2_left_pair0.png,v9_test_unseen.csv,bowl,counter,auto,0,unreviewed
/data/datasets/DROID/train_v8/final/41915_exterior_image_1_left_pair0.png,v9_test_unseen.csv,bowl,table,auto,0,unreviewed
/data/datasets/DROID/train_v8/final/1152_exterior_image_2_left_pair0.png,v9_test_unseen.csv,object,tabletop,auto,1,keep
/data/datasets/DROID/train_v8/final/86148_exterior_image_2_left_pair0.png,v9_test_unseen.csv,object,table,auto,1,keep
/data/datasets/DROID/train_v8/final/86148_exterior_image_2_left_pair1.png,v9_test_unseen.csv,object,table,auto,0,unreviewed
/data/datasets/DROID/train_v8/final/11210_exterior_image_1_left_pair0.png,v9_test_unseen.csv,cup,table,human,1,keep
/data/datasets/DROID/train_v8/final/1575_exterior_image_2_left_pair0.png,v9_test_unseen.csv,pot,stvoe,human,0,keep
/data/datasets/DROID/train_v8/final/24674_exterior_image_2_left_pair0.png,v9_test_unseen.csv,toy,bag,auto,0,unreviewed
/data/datasets/DROID/train_v8/final/2357_exterior_image_2_left_pair0.png,v9_test_unseen.csv,cup,table,auto,0,unreviewed
/data/datasets/DROID/train_v8/final/23542_exterior_image_2_left_pair0.png,v9_test_unseen.csv,lid,stove,auto,0,keep
/data/datasets/DROID/train_v8/final/28342_exterior_image_1_left_pair0.png,v9_test_unseen.csv,cup,table,human,1,keep
/data/datasets/DROID/train_v8/final/42408_exterior_image_2_left_pair0.png,v9_test_unseen.csv,cap,table,auto,0,unreviewed
/data/datasets/DROID/train_v8/final/36112_exterior_image_2_left_pair0.png,v9_test_unseen.csv,pen side,,auto,0,unreviewed
/data/datasets/DROID/train_v8/final/34076_exterior_image_2_left_pair0.png,v9_test_unseen.csv,bottle,sink,auto,0,unreviewed
/data/datasets/DROID/train_v8/final/36502_exterior_image_1_left_pair0.png,v9_test_unseen.csv,jar,sink,auto,0,keep
/data/datasets/DROID/train_v8/final/14044_exterior_image_1_left_pair0.png,v9_test_unseen.csv,bowl,table,human,1,keep
/data/datasets/DROID/train_v8/final/10952_exterior_image_1_left_pair0.png,v9_test_unseen.csv,object,basket,human,0,keep
/data/datasets/DROID/train_v8/final/10952_exterior_image_1_left_pair1.png,v9_test_unseen.csv,dumbbell,table,auto,0,unreviewed
/data/datasets/DROID/train_v8/final/12936_exterior_image_2_left_pair0.png,v9_test_unseen.csv,block,block,auto,0,unreviewed
/data/datasets/DROID/train_v8/final/14834_exterior_image_1_left_pair0.png,v9_test_unseen.csv,object,tool box,human,0,keep
/data/datasets/DROID/train_v8/final/14963_exterior_image_2_left_pair0.png,v9_test_unseen.csv,object,countertop,auto,1,keep
/data/datasets/DROID/train_v8/final/23451_exterior_image_1_left_pair0.png,v9_test_unseen.csv,lid,coffee cup,auto,0,keep
/data/datasets/DROID/train_v8/final/48719_exterior_image_2_left_pair0.png,v9_test_unseen.csv,salt,shelf,human,0,keep
/data/datasets/DROID/train_v8/final/14579_exterior_image_1_left_pair0.png,v9_test_unseen.csv,bag,washing machine,auto,0,discard
/data/datasets/DROID/train_v8/final/12631_exterior_image_1_left_pair0.png,v9_test_unseen.csv,marker,bowl,auto,0,keep
/data/datasets/DROID/train_v8/final/23665_exterior_image_2_left_pair0.png,v9_test_unseen.csv,block,table,auto,1,keep
/data/datasets/DROID/train_v8/final/12235_exterior_image_2_left_pair0.png,v9_test_unseen.csv,object,container,auto,0,unreviewed
/data/datasets/DROID/train_v8/final/15487_exterior_image_2_left_pair0.png,v9_test_unseen.csv,pen,table,auto,1,keep
/data/datasets/DROID/train_v8/final/14870_exterior_image_1_left_pair0.png,v9_test_unseen.csv,cloth,table,auto,0,unreviewed
/data/datasets/DROID/train_v8/final/21890_exterior_image_2_left_pair0.png,v9_test_unseen.csv,lid,table,auto,1,keep
/data/datasets/DROID/train_v8/final/18707_exterior_image_1_left_pair0.png,v9_test_unseen.csv,measuring spoon,bowl,auto,0,unreviewed
/data/datasets/DROID/train_v8/final/21790_exterior_image_2_left_pair0.png,v9_test_unseen.csv,object,box,auto,0,keep
/data/datasets/DROID/train_v8/final/22597_exterior_image_1_left_pair0.png,v9_test_unseen.csv,cylinder,pile blocks,auto,0,unreviewed
/data/datasets/DROID/train_v8/final/22382_exterior_image_2_left_pair0.png,v9_test_unseen.csv,bowl beside cup,,auto,0,unreviewed
/data/datasets/DROID/train_v8/final/18719_exterior_image_2_left_pair0.png,v9_test_unseen.csv,lid,jar,auto,0,keep
/data/datasets/DROID/train_v8/final/13843_exterior_image_1_left_pair0.png,v9_test_unseen.csv,bottle,table,human,1,keep
/data/datasets/DROID/train_v8/final/10745_exterior_image_2_left_pair0.png,v9_test_unseen.csv,chess,chessboard,auto,0,unreviewed
/data/datasets/DROID/train_v8/final/87322_exterior_image_1_left_pair0.png,v9_test_unseen.csv,object,desk,auto,0,unreviewed
/data/datasets/DROID/train_v8/final/21717_exterior_image_1_left_pair0.png,v9_test_unseen.csv,cup,rack,auto,0,unreviewed
/data/datasets/DROID/train_v8/final/35327_exterior_image_2_left_pair0.png,v9_test_unseen.csv,bowl,table,auto,1,keep
/data/datasets/DROID/train_v8/final/39772_exterior_image_2_left_pair1.png,v9_test_unseen.csv,pen,desk,auto,0,unreviewed
/data/datasets/DROID/train_v8/final/11150_exterior_image_2_left_pair0.png,v9_test_unseen.csv,object,plastic tray,human,0,keep
/data/datasets/DROID/train_v8/final/10951_exterior_image_1_left_pair0.png,v9_test_unseen.csv,lid,object,auto,0,keep
/data/datasets/DROID/train_v8/final/22504_exterior_image_1_left_pair1.png,v9_test_unseen.csv,,tabletop,auto,0,unreviewed
/data/datasets/DROID/train_v8/final/1047_exterior_image_2_left_pair0.png,v9_test_unseen.csv,spoon,jar,auto,0,keep
/data/datasets/DROID/train_v8/final/71337_exterior_image_2_left_pair0.png,v9_test_unseen.csv,towel,hook on wall,auto,0,unreviewed
/data/datasets/DROID/train_v8/final/21357_exterior_image_2_left_pair0.png,v9_test_unseen.csv,stapler,table,auto,1,keep
/data/datasets/DROID/train_v8/final/29550_exterior_image_2_left_pair0.png,v9_test_unseen.csv,clip,box,auto,0,unreviewed
/data/datasets/DROID/train_v8/final/12456_exterior_image_2_left_pair0.png,v9_test_unseen.csv,cup,table,human,1,keep
/data/datasets/DROID/train_v8/final/18171_exterior_image_2_left_pair0.png,v9_test_unseen.csv,pepper,table,auto,0,unreviewed
/data/datasets/DROID/train_v8/final/26846_exterior_image_1_left_pair0.png,v9_test_unseen.csv,block,,auto,0,unreviewed
/data/datasets/DROID/train_v8/final/16575_exterior_image_2_left_pair0.png,v9_test_unseen.csv,scissors,table,auto,0,unreviewed
/data/datasets/DROID/train_v8/final/1654_exterior_image_2_left_pair0.png,v9_test_unseen.csv,kitchen utensils,table,auto,1,keep
/data/datasets/DROID/train_v8/final/1654_exterior_image_2_left_pair1.png,v9_test_unseen.csv,spoon,,auto,0,unreviewed
/data/datasets/DROID/train_v8/final/12868_exterior_image_2_left_pair0.png,v9_test_unseen.csv,marker,cup,auto,0,keep
/data/datasets/DROID/train_v8/final/22925_exterior_image_2_left_pair0.png,v9_test_unseen.csv,snack,bowl,auto,0,unreviewed
/data/datasets/DROID/train_v8/final/40681_exterior_image_1_left_pair0.png,v9_test_unseen.csv,bottle,countertop,auto,1,keep
/data/datasets/DROID/train_v8/final/40681_exterior_image_1_left_pair1.png,v9_test_unseen.csv,bottle,countertop,auto,0,unreviewed
/data/datasets/DROID/train_v8/final/19576_exterior_image_1_left_pair0.png,v9_test_unseen.csv,spoon,cutlery holder,auto,0,keep
/data/datasets/DROID/train_v8/final/4372_exterior_image_2_left_pair0.png,v9_test_unseen.csv,cloth,table,auto,0,unreviewed
/data/datasets/DROID/train_v8/final/23469_exterior_image_2_left_pair1.png,v9_test_unseen.csv,bottle,countertop,auto,0,unreviewed
/data/datasets/DROID/train_v8/final/18924_exterior_image_2_left_pair0.png,v9_test_unseen.csv,lid,pot,auto,0,keep
/data/datasets/DROID/train_v8/final/50594_exterior_image_1_left_pair0.png,v9_test_unseen.csv,marker,table,auto,0,keep
/data/datasets/DROID/train_v8/final/20195_exterior_image_1_left_pair0.png,v9_test_unseen.csv,bowl,plate,auto,0,keep
/data/datasets/DROID/train_v8/final/60768_exterior_image_2_left_pair0.png,v9_test_unseen.csv,bowl,bowl,auto,0,unreviewed
/data/datasets/DROID/train_v8/final/12219_exterior_image_1_left_pair0.png,v9_test_unseen.csv,marker,mug,human,0,keep
/data/datasets/DROID/train_v8/final/4177_exterior_image_2_left_pair0.png,v9_test_unseen.csv,eraser,stand,human,0,keep
/data/datasets/DROID/train_v8/final/23023_exterior_image_1_left_pair0.png,v9_test_unseen.csv,cloth,specified position on surface,auto,0,unreviewed
/data/datasets/DROID/train_v8/final/78191_exterior_image_1_left_pair0.png,v9_test_unseen.csv,object,table,auto,0,unreviewed
/data/datasets/DROID/train_v8/final/1108_exterior_image_1_left_pair0.png,v9_test_unseen.csv,pen,cup,auto,0,vanish
/data/datasets/DROID/train_v8/final/10098_exterior_image_2_left_pair0.png,v9_test_unseen.csv,object,table,auto,1,keep
/data/datasets/DROID/train_v8/final/26750_exterior_image_1_left_pair0.png,v9_test_unseen.csv,block,block tower,auto,0,unreviewed
/data/datasets/DROID/train_v8/final/12663_exterior_image_1_left_pair0.png,v9_test_unseen.csv,lid,table,auto,1,keep
/data/datasets/DROID/train_v8/final/24121_exterior_image_1_left_pair0.png,v9_test_unseen.csv,triangular block,block pile,auto,0,unreviewed
/data/datasets/DROID/train_v8/final/87953_exterior_image_2_left_pair0.png,v9_test_unseen.csv,bottle,table,auto,0,unreviewed
/data/datasets/DROID/train_v8/final/13988_exterior_image_1_left_pair0.png,v9_test_unseen.csv,marker,cup,auto,0,keep
/data/datasets/DROID/train_v8/final/22785_exterior_image_1_left_pair0.png,v9_test_unseen.csv,marker,table,auto,0,keep
/data/datasets/DROID/train_v8/final/13368_exterior_image_1_left_pair0.png,v9_test_unseen.csv,lid,bottle,auto,0,keep
/data/datasets/DROID/train_v8/final/4995_exterior_image_1_left_pair0.png,v9_test_unseen.csv,chess piece,designated position,auto,0,unreviewed
/data/datasets/DROID/train_v8/final/19894_exterior_image_1_left_pair0.png,v9_test_unseen.csv,pen,desktop,auto,1,keep
/data/datasets/DROID/train_v8/final/14010_exterior_image_2_left_pair0.png,v9_test_unseen.csv,chess piece,chessboard,auto,0,unreviewed
/data/datasets/DROID/train_v8/final/14286_exterior_image_2_left_pair0.png,v9_test_unseen.csv,cutlery box,table,human,1,keep
/data/datasets/DROID/train_v8/final/21517_exterior_image_2_left_pair0.png,v9_test_unseen.csv,toilet brush,bowl,auto,0,unreviewed
/data/datasets/DROID/train_v8/final/38228_exterior_image_1_left_pair0.png,v9_test_unseen.csv,toy,cabinet,auto,0,unreviewed
/data/datasets/DROID/train_v8/final/11590_exterior_image_1_left_pair0.png,v9_test_unseen.csv,lid,container,human,0,keep
/data/datasets/DROID/train_v8/final/11922_exterior_image_2_left_pair0.png,v9_test_unseen.csv,object,table,auto,0,unreviewed
/data/datasets/DROID/train_v8/final/11099_exterior_image_2_left_pair0.png,v9_test_unseen.csv,fabric,table,auto,1,keep
/data/datasets/DROID/train_v8/final/11576_exterior_image_1_left_pair0.png,v9_test_unseen.csv,towel,oil,human,0,keep
/data/datasets/DROID/train_v8/final/21906_exterior_image_2_left_pair0.png,v9_test_unseen.csv,thermos,desk,auto,1,keep
/data/datasets/DROID/train_v8/final/19930_exterior_image_1_left_pair0.png,v9_test_unseen.csv,object,desk,auto,1,keep
/data/datasets/DROID/train_v8/final/43028_exterior_image_2_left_pair0.png,v9_test_unseen.csv,pen above cup,,auto,0,unreviewed
/data/datasets/DROID/train_v8/final/2846_exterior_image_1_left_pair0.png,v9_test_unseen.csv,pot,drawer,auto,0,keep
/data/datasets/DROID/train_v8/final/10108_exterior_image_1_left_pair0.png,v9_test_unseen.csv,tongs,plate in dish drainer,auto,0,keep
/data/datasets/DROID/train_v8/final/3174_exterior_image_1_left_pair0.png,v9_test_unseen.csv,object,bin,auto,0,unreviewed
/data/datasets/DROID/train_v8/final/1389_exterior_image_1_left_pair0.png,v9_test_unseen.csv,pen,table,auto,1,keep
/data/datasets/DROID/train_v8/final/10765_exterior_image_1_left_pair0.png,v9_test_unseen.csv,cup,cabinet,auto,0,keep
/data/datasets/DROID/train_v8/final/32568_exterior_image_1_left_pair1.png,v9_test_unseen.csv,block,block,auto,0,unreviewed
/data/datasets/DROID/train_v8/final/25646_exterior_image_2_left_pair0.png,v9_test_unseen.csv,triangular block,desktop,auto,0,unreviewed
/data/datasets/DROID/train_v8/final/17727_exterior_image_2_left_pair0.png,v9_test_unseen.csv,pen,mug,human,0,keep
/data/datasets/DROID/train_v8/final/23921_exterior_image_2_left_pair0.png,v9_test_unseen.csv,marker,cup,auto,0,keep
/data/datasets/DROID/train_v8/final/22581_exterior_image_1_left_pair0.png,v9_test_unseen.csv,pen,table,auto,0,unreviewed
/data/datasets/DROID/train_v8/final/16536_exterior_image_2_left_pair0.png,v9_test_unseen.csv,microphone above table,table,human,1,keep
/data/datasets/DROID/train_v8/final/44062_exterior_image_1_left_pair0.png,v9_test_unseen.csv,block [position],table,auto,0,unreviewed
/data/datasets/DROID/train_v8/final/38085_exterior_image_2_left_pair0.png,v9_test_unseen.csv,piece,chessboard,auto,0,unreviewed
/data/datasets/DROID/train_v8/final/10175_exterior_image_2_left_pair0.png,v9_test_unseen.csv,marker,bowl,auto,0,keep
/data/datasets/DROID/train_v8/final/5535_exterior_image_2_left_pair0.png,v9_test_unseen.csv,duster,table,auto,1,keep
/data/datasets/DROID/train_v8/final/12259_exterior_image_1_left_pair0.png,v9_test_unseen.csv,cup,table,auto,1,keep
/data/datasets/DROID/train_v8/final/82913_exterior_image_2_left_pair0.png,v9_test_unseen.csv,bottle,cabinet,auto,0,unreviewed
/data/datasets/DROID/train_v8/final/13444_exterior_image_2_left_pair0.png,v9_test_unseen.csv,lid,container,auto,0,keep
/data/datasets/DROID/train_v8/final/18363_exterior_image_1_left_pair0.png,v9_test_unseen.csv,radish,table,auto,0,unreviewed
/data/datasets/DROID/train_v8/final/21639_exterior_image_1_left_pair0.png,v9_test_unseen.csv,lid,table,auto,0,keep
/data/datasets/DROID/train_v8/final/14260_exterior_image_1_left_pair0.png,v9_test_unseen.csv,lid,table,auto,1,keep
/data/datasets/DROID/train_v8/final/12283_exterior_image_1_left_pair0.png,v9_test_unseen.csv,toy,original position,auto,0,unreviewed
/data/datasets/DROID/train_v8/final/38026_exterior_image_2_left_pair0.png,v9_test_unseen.csv,lid,bottle,human,0,keep
/data/datasets/DROID/train_v8/final/20670_exterior_image_1_left_pair0.png,v9_test_unseen.csv,bottle,countertop,auto,0,unreviewed
/data/datasets/DROID/train_v8/final/10884_exterior_image_1_left_pair0.png,v9_test_unseen.csv,marker,cup,auto,0,keep
/data/datasets/DROID/train_v8/final/2502_exterior_image_2_left_pair0.png,v9_test_unseen.csv,doll,,auto,0,unreviewed
/data/datasets/DROID/train_v8/final/3278_exterior_image_2_left_pair0.png,v9_test_unseen.csv,object,countertop,auto,0,unreviewed
/data/datasets/DROID/train_v8/final/16297_exterior_image_1_left_pair0.png,v9_test_unseen.csv,object,desktop,auto,0,unreviewed
/data/datasets/DROID/train_v8/final/10472_exterior_image_1_left_pair0.png,v9_test_unseen.csv,pen,bowl,auto,0,keep
/data/datasets/DROID/train_v8/final/37804_exterior_image_1_left_pair2.png,v9_test_unseen.csv,box,box,auto,0,unreviewed
/data/datasets/DROID/train_v8/final/1047_exterior_image_1_left_pair0.png,v9_test_unseen.csv,spoon,jar,auto,0,keep
/data/datasets/DROID/train_v8/final/11533_exterior_image_1_left_pair0.png,v9_test_unseen.csv,cup,countertop,auto,1,keep
/data/datasets/DROID/train_v8/final/11686_exterior_image_1_left_pair0.png,v9_test_unseen.csv,pumpkin plush toy,bowl,auto,0,unreviewed
/data/datasets/DROID/train_v8/final/103_exterior_image_1_left_pair0.png,v9_test_unseen.csv,marker,cup,auto,0,keep
/data/datasets/DROID/train_v8/final/11028_exterior_image_1_left_pair0.png,v9_test_unseen.csv,cup,table,auto,0,unreviewed
/data/datasets/DROID/train_v8/final/10406_exterior_image_1_left_pair0.png,v9_test_unseen.csv,marker,mug,auto,0,keep
/data/datasets/DROID/train_v8/final/15973_exterior_image_1_left_pair0.png,v9_test_unseen.csv,sweatshirt,backrest chair,auto,0,keep
/data/datasets/DROID/train_v8/final/10983_exterior_image_1_left_pair0.png,v9_test_unseen.csv,container,countertop,auto,1,keep
/data/datasets/DROID/train_v8/final/10110_exterior_image_2_left_pair0.png,v9_test_unseen.csv,maize cob toy,table,auto,1,keep
/data/datasets/DROID/train_v8/final/13546_exterior_image_2_left_pair1.png,v9_test_unseen.csv,building block,block,human,0,keep
/data/datasets/DROID/train_v8/final/10996_exterior_image_1_left_pair0.png,v9_test_unseen.csv,desktop microphone,table,auto,0,discard
/data/datasets/DROID/train_v8/final/13759_exterior_image_1_left_pair0.png,v9_test_unseen.csv,bag,,auto,0,unreviewed
/data/datasets/DROID/train_v8/final/19802_exterior_image_1_left_pair0.png,v9_test_unseen.csv,pen,desk,auto,1,keep
/data/datasets/DROID/train_v8/final/12375_exterior_image_1_left_pair0.png,v9_test_unseen.csv,pot,table,auto,1,keep
/data/datasets/DROID/train_v8/final/10486_exterior_image_1_left_pair0.png,v9_test_unseen.csv,blocks,desktop,auto,0,unreviewed
/data/datasets/DROID/train_v8/final/11415_exterior_image_1_left_pair0.png,v9_test_unseen.csv,cup,dish rack,auto,0,keep
/data/datasets/DROID/train_v8/final/10495_exterior_image_2_left_pair0.png,v9_test_unseen.csv,pen,pencil holder,human,0,keep
/data/datasets/DROID/train_v8/final/22525_exterior_image_1_left_pair0.png,v9_test_unseen.csv,lid,table,auto,1,keep
/data/datasets/DROID/train_v8/final/80199_exterior_image_2_left_pair0.png,v9_test_unseen.csv,object,plate,auto,0,unreviewed
/data/datasets/DROID/train_v8/final/1526_exterior_image_1_left_pair0.png,v9_test_unseen.csv,container,plate,auto,0,unreviewed
/data/datasets/DROID/train_v8/final/13527_exterior_image_2_left_pair0.png,v9_test_unseen.csv,cup,table,auto,1,keep
/data/datasets/DROID/train_v8/final/10562_exterior_image_2_left_pair0.png,v9_test_unseen.csv,cup,table,auto,1,keep
/data/datasets/DROID/train_v8/final/36124_exterior_image_2_left_pair0.png,v9_test_unseen.csv,cup,,auto,0,unreviewed
/data/datasets/DROID/train_v8/final/46882_exterior_image_2_left_pair0.png,v9_test_unseen.csv,bar-shaped object,plate,auto,0,unreviewed
/data/datasets/DROID/train_v8/final/10287_exterior_image_1_left_pair0.png,v9_test_unseen.csv,cup,counter,auto,0,unreviewed
/data/datasets/DROID/train_v8/final/19275_exterior_image_1_left_pair0.png,v9_test_unseen.csv,object,table,auto,0,unreviewed
/data/datasets/DROID/train_v8/final/10561_exterior_image_1_left_pair0.png,v9_test_unseen.csv,whiteboard eraser,bracket on wall,auto,0,keep
/data/datasets/DROID/train_v8/final/11770_exterior_image_1_left_pair0.png,v9_test_unseen.csv,cup,table,auto,1,keep
/data/datasets/DROID/train_v8/final/302_exterior_image_2_left_pair0.png,v9_test_unseen.csv,object,plate,auto,0,unreviewed
/data/datasets/DROID/train_v8/final/10746_exterior_image_2_left_pair0.png,v9_test_unseen.csv,chess piece,,auto,0,unreviewed
/data/datasets/DROID/train_v8/final/10103_exterior_image_1_left_pair0.png,v9_test_unseen.csv,bottle,table,auto,1,keep
/data/datasets/DROID/train_v8/final/13481_exterior_image_1_left_pair0.png,v9_test_unseen.csv,marker,table,auto,1,keep
/data/datasets/DROID/train_v8/final/42299_exterior_image_1_left_pair0.png,v9_test_unseen.csv,ball,bowl,auto,0,unreviewed
/data/datasets/DROID/train_v8/final/26734_exterior_image_2_left_pair0.png,v9_test_unseen.csv,plastic container,sink,human,0,keep
/data/datasets/DROID/train_v8/final/24674_exterior_image_1_left_pair0.png,v9_test_unseen.csv,toy,bag,auto,0,unreviewed
/data/datasets/DROID/train_v8/final/19714_exterior_image_2_left_pair0.png,v9_test_unseen.csv,marker,cup,auto,0,keep
/data/datasets/DROID/train_v8/final/16689_exterior_image_2_left_pair0.png,v9_test_unseen.csv,object,table,auto,1,keep
/data/datasets/DROID/train_v8/final/1957_exterior_image_2_left_pair0.png,v9_test_unseen.csv,spoon,table,human,1,keep
/data/datasets/DROID/train_v8/final/12021_exterior_image_2_left_pair0.png,v9_test_unseen.csv,thing,table,auto,1,keep
/data/datasets/DROID/train_v8/final/17904_exterior_image_1_left_pair0.png,v9_test_unseen.csv,bowl,bowl,auto,0,unreviewed
/data/datasets/DROID/train_v8/final/16555_exterior_image_1_left_pair0.png,v9_test_unseen.csv,marker,mug,auto,0,keep
/data/datasets/DROID/train_v8/final/11396_exterior_image_2_left_pair0.png,v9_test_unseen.csv,trash,bin,human,0,vanish
/data/datasets/DROID/train_v8/final/33928_exterior_image_2_left_pair1.png,v9_test_unseen.csv,object,basket,auto,0,unreviewed
/data/datasets/DROID/train_v8/final/25489_exterior_image_2_left_pair0.png,v9_test_unseen.csv,bowl,table,human,1,keep
/data/datasets/DROID/train_v8/final/29995_exterior_image_2_left_pair0.png,v9_test_unseen.csv,lid,table,auto,0,unreviewed
/data/datasets/DROID/train_v8/final/12373_exterior_image_1_left_pair0.png,v9_test_unseen.csv,bowl,paper,human,0,keep
/data/datasets/DROID/train_v8/final/60154_exterior_image_2_left_pair0.png,v9_test_unseen.csv,object,,auto,0,unreviewed
/data/datasets/DROID/train_v8/final/34924_exterior_image_2_left_pair0.png,v9_test_unseen.csv,towel,desktop,auto,0,unreviewed
/data/datasets/DROID/train_v8/final/16850_exterior_image_1_left_pair0.png,v9_test_unseen.csv,piece,chessboard,auto,0,unreviewed
/data/datasets/DROID/train_v8/final/25644_exterior_image_1_left_pair0.png,v9_test_unseen.csv,maker,cup,auto,0,unreviewed
/data/datasets/DROID/train_v8/final/2357_exterior_image_1_left_pair0.png,v9_test_unseen.csv,cup,table,auto,0,unreviewed
/data/datasets/DROID/train_v8/final/17963_exterior_image_1_left_pair0.png,v9_test_unseen.csv,cup,,auto,0,unreviewed
/data/datasets/DROID/train_v8/final/22852_exterior_image_2_left_pair0.png,v9_test_unseen.csv,tube,table,auto,0,unreviewed
/data/datasets/DROID/train_v8/final/13761_exterior_image_1_left_pair0.png,v9_test_unseen.csv,marker,mug,auto,0,keep
/data/datasets/DROID/train_v8/final/1473_exterior_image_2_left_pair0.png,v9_test_unseen.csv,straw,tabletop,auto,1,keep
/data/datasets/DROID/train_v8/final/12936_exterior_image_1_left_pair0.png,v9_test_unseen.csv,block,block,auto,0,unreviewed
/data/datasets/DROID/train_v8/final/40834_exterior_image_1_left_pair0.png,v9_test_unseen.csv,container,dish rack,auto,0,keep
/data/datasets/DROID/train_v8/final/1768_exterior_image_1_left_pair0.png,v9_test_unseen.csv,marker,table,auto,1,keep
/data/datasets/DROID/train_v8/final/19270_exterior_image_2_left_pair0.png,v9_test_unseen.csv,can,table,auto,1,keep
/data/datasets/DROID/train_v8/final/36493_exterior_image_2_left_pair0.png,v9_test_unseen.csv,towel,counter,auto,0,unreviewed
/data/datasets/DROID/train_v8/final/3406_exterior_image_2_left_pair0.png,v9_test_unseen.csv,straw,table,auto,0,unreviewed
/data/datasets/DROID/train_v8/final/28041_exterior_image_1_left_pair0.png,v9_test_unseen.csv,bowl,layer shelf,auto,0,unreviewed
/data/datasets/DROID/train_v8/final/10375_exterior_image_2_left_pair0.png,v9_test_unseen.csv,cup,table,auto,1,keep
/data/datasets/DROID/train_v8/final/12085_exterior_image_1_left_pair0.png,v9_test_unseen.csv,deep mug,table,auto,1,keep
/data/datasets/DROID/train_v8/final/39586_exterior_image_2_left_pair0.png,v9_test_unseen.csv,cup,countertop,human,1,keep
/data/datasets/DROID/train_v8/final/15234_exterior_image_1_left_pair0.png,v9_test_unseen.csv,bottle,table,auto,0,unreviewed
/data/datasets/DROID/train_v8/final/82913_exterior_image_1_left_pair0.png,v9_test_unseen.csv,bottle,cabinet,auto,0,unreviewed
/data/datasets/DROID/train_v8/final/11210_exterior_image_2_left_pair0.png,v9_test_unseen.csv,cup,table,human,1,keep
/data/datasets/DROID/train_v8/final/13444_exterior_image_1_left_pair0.png,v9_test_unseen.csv,lid,container,auto,0,keep
/data/datasets/DROID/train_v8/final/25749_exterior_image_2_left_pair0.png,v9_test_unseen.csv,bowl,table,auto,0,unreviewed
/data/datasets/DROID/train_v8/final/15738_exterior_image_2_left_pair0.png,v9_test_unseen.csv,towel,table,auto,0,unreviewed
/data/datasets/DROID/train_v8/final/14369_exterior_image_1_left_pair0.png,v9_test_unseen.csv,cup,sink,auto,0,keep
/data/datasets/DROID/train_v8/final/28466_exterior_image_2_left_pair0.png,v9_test_unseen.csv,object,drawer,auto,0,keep
/data/datasets/DROID/train_v8/final/31420_exterior_image_1_left_pair0.png,v9_test_unseen.csv,object,cup,auto,0,unreviewed
/data/datasets/DROID/train_v8/final/42498_exterior_image_2_left_pair0.png,v9_test_unseen.csv,straw,lime bowl,auto,0,unreviewed
/data/datasets/DROID/train_v8/final/3069_exterior_image_2_left_pair0.png,v9_test_unseen.csv,jar,table,auto,0,unreviewed
/data/datasets/DROID/train_v8/final/29395_exterior_image_1_left_pair0.png,v9_test_unseen.csv,piece,chessboard,auto,0,unreviewed
/data/datasets/DROID/train_v8/final/18217_exterior_image_2_left_pair0.png,v9_test_unseen.csv,book,box,auto,0,keep
/data/datasets/DROID/train_v8/final/30348_exterior_image_1_left_pair0.png,v9_test_unseen.csv,cup,table,auto,1,keep
/data/datasets/DROID/train_v8/final/39122_exterior_image_2_left_pair0.png,v9_test_unseen.csv,lid,table,auto,0,unreviewed
/data/datasets/DROID/train_v8/final/18719_exterior_image_1_left_pair0.png,v9_test_unseen.csv,lid,jar,auto,0,keep
/data/datasets/DROID/train_v8/final/4111_exterior_image_2_left_pair0.png,v9_test_unseen.csv,chess piece,chessboard,auto,0,unreviewed
/data/datasets/DROID/train_v8/final/11574_exterior_image_2_left_pair0.png,v9_test_unseen.csv,marker,bowl,auto,0,keep
/data/datasets/DROID/train_v8/final/12631_exterior_image_2_left_pair0.png,v9_test_unseen.csv,marker,bowl,auto,0,keep
/data/datasets/DROID/train_v8/final/10765_exterior_image_2_left_pair0.png,v9_test_unseen.csv,cup,cabinet,auto,0,keep
/data/datasets/DROID/train_v8/final/33758_exterior_image_1_left_pair0.png,v9_test_unseen.csv,pen,cup,auto,0,unreviewed
/data/datasets/DROID/train_v8/final/18363_exterior_image_2_left_pair0.png,v9_test_unseen.csv,radish,table,auto,0,unreviewed
/data/datasets/DROID/train_v8/final/14527_exterior_image_1_left_pair0.png,v9_test_unseen.csv,blackboard eraser,shelf,auto,0,keep
/data/datasets/DROID/train_v8/final/23439_exterior_image_2_left_pair0.png,v9_test_unseen.csv,object,table,auto,1,keep
/data/datasets/DROID/train_v8/final/21639_exterior_image_2_left_pair0.png,v9_test_unseen.csv,lid,table,auto,0,keep
/data/datasets/DROID/train_v8/final/49353_exterior_image_1_left_pair0.png,v9_test_unseen.csv,object,box,auto,0,unreviewed
/data/datasets/DROID/train_v8/final/16313_exterior_image_1_left_pair0.png,v9_test_unseen.csv,ball,table,auto,1,keep
/data/datasets/DROID/train_v8/final/16313_exterior_image_1_left_pair1.png,v9_test_unseen.csv,object,plate,auto,0,unreviewed
/data/datasets/DROID/train_v8/final/42918_exterior_image_2_left_pair1.png,v9_test_unseen.csv,block,block,auto,0,unreviewed
/data/datasets/DROID/train_v8/final/29716_exterior_image_2_left_pair0.png,v9_test_unseen.csv,seasoning cup,seasoning box,auto,0,unreviewed
/data/datasets/DROID/train_v8/final/38240_exterior_image_2_left_pair0.png,v9_test_unseen.csv,bowl,desktop,auto,0,unreviewed
/data/datasets/DROID/train_v8/final/22554_exterior_image_2_left_pair0.png,v9_test_unseen.csv,pencil,thermocup,auto,0,keep
/data/datasets/DROID/train_v8/final/68563_exterior_image_1_left_pair0.png,v9_test_unseen.csv,spoon,table,auto,0,unreviewed
/data/datasets/DROID/train_v8/final/12628_exterior_image_2_left_pair0.png,v9_test_unseen.csv,object,table,auto,1,keep
/data/datasets/DROID/train_v8/final/21709_exterior_image_2_left_pair0.png,v9_test_unseen.csv,cup,table,auto,0,unreviewed
/data/datasets/DROID/train_v8/final/36338_exterior_image_2_left_pair0.png,v9_test_unseen.csv,towel,cup,auto,0,unreviewed
/data/datasets/DROID/train_v8/final/1120_exterior_image_2_left_pair0.png,v9_test_unseen.csv,pen,cup,auto,0,keep
/data/datasets/DROID/train_v8/final/16228_exterior_image_2_left_pair0.png,v9_test_unseen.csv,marker,wine cup,human,0,keep
/data/datasets/DROID/train_v8/final/60570_exterior_image_1_left_pair0.png,v9_test_unseen.csv,spoon,,auto,0,unreviewed
/data/datasets/DROID/train_v8/final/35739_exterior_image_2_left_pair0.png,v9_test_unseen.csv,towel,hook,auto,0,unreviewed
/data/datasets/DROID/train_v8/final/78191_exterior_image_2_left_pair0.png,v9_test_unseen.csv,object,table,auto,0,unreviewed
/data/datasets/DROID/train_v8/final/26577_exterior_image_1_left_pair0.png,v9_test_unseen.csv,block,block,human,0,keep
/data/datasets/DROID/train_v8/final/2844_exterior_image_1_left_pair0.png,v9_test_unseen.csv,jar,box,auto,0,keep
/data/datasets/DROID/train_v8/final/105_exterior_image_2_left_pair0.png,v9_test_unseen.csv,bowl,countertop,auto,1,keep
/data/datasets/DROID/train_v8/final/39109_exterior_image_1_left_pair1.png,v9_test_unseen.csv,block,table,auto,0,unreviewed
/data/datasets/DROID/train_v8/final/7213_exterior_image_2_left_pair0.png,v9_test_unseen.csv,bottle,plate,auto,0,unreviewed
/data/datasets/DROID/train_v8/final/10108_exterior_image_2_left_pair0.png,v9_test_unseen.csv,tongs,plate in dish drainer,auto,0,keep
/data/datasets/DROID/train_v8/final/42769_exterior_image_1_left_pair0.png,v9_test_unseen.csv,paper,waste bin,auto,0,vanish
/data/datasets/DROID/train_v8/final/26846_exterior_image_2_left_pair0.png,v9_test_unseen.csv,block,,auto,0,unreviewed
/data/datasets/DROID/train_v8/final/10525_exterior_image_2_left_pair0.png,v9_test_seen.csv,cup,cup,auto,0,unreviewed
/data/datasets/DROID/train_v8/final/10525_exterior_image_2_left_pair1.png,v9_test_seen.csv,cup,cup,auto,0,unreviewed
/data/datasets/DROID/train_v8/final/10380_exterior_image_2_left_pair0.png,v9_test_seen.csv,marker,table,auto,0,unreviewed
/data/datasets/DROID/train_v8/final/10380_exterior_image_2_left_pair1.png,v9_test_seen.csv,marker,cup,auto,0,unreviewed
/data/datasets/DROID/train_v8/final/10380_exterior_image_1_left_pair0.png,v9_test_seen.csv,marker,table,auto,0,unreviewed
/data/datasets/DROID/train_v8/final/10380_exterior_image_1_left_pair1.png,v9_test_seen.csv,marker,cup,auto,0,unreviewed
/data/datasets/DROID/train_v8/final/10629_exterior_image_2_left_pair0.png,v9_test_seen.csv,bottle,container,auto,0,keep
/data/datasets/DROID/train_v8/final/10270_exterior_image_1_left_pair0.png,v9_test_seen.csv,bell pepper,table,human,1,keep
/data/datasets/DROID/train_v8/final/1030_exterior_image_1_left_pair0.png,v9_test_seen.csv,triangular block,table,auto,1,keep
/data/datasets/DROID/train_v8/final/10027_exterior_image_1_left_pair0.png,v9_test_seen.csv,solid glue,cup,auto,0,keep
/data/datasets/DROID/train_v8/final/10535_exterior_image_2_left_pair0.png,v9_test_seen.csv,lid,counter,auto,0,unreviewed
/data/datasets/DROID/train_v8/final/10014_exterior_image_1_left_pair0.png,v9_test_seen.csv,block,drawer,auto,0,keep
/data/datasets/DROID/train_v8/final/10048_exterior_image_2_left_pair0.png,v9_test_seen.csv,bottle,countertop,auto,1,keep
/data/datasets/DROID/train_v8/final/10020_exterior_image_1_left_pair0.png,v9_test_seen.csv,lid,table,auto,1,keep
/data/datasets/DROID/train_v8/final/10498_exterior_image_1_left_pair0.png,v9_test_seen.csv,cloth,stand,auto,0,unreviewed
/data/datasets/DROID/train_v8/final/10278_exterior_image_2_left_pair0.png,v9_test_seen.csv,cup,cup,auto,0,keep
/data/datasets/DROID/train_v8/final/10273_exterior_image_2_left_pair0.png,v9_test_seen.csv,disc,stand,auto,0,keep
/data/datasets/DROID/train_v8/final/10357_exterior_image_1_left_pair0.png,v9_test_seen.csv,block,bowl,auto,0,keep
/data/datasets/DROID/train_v8/final/10024_exterior_image_1_left_pair0.png,v9_test_seen.csv,marker,table,auto,1,keep
/data/datasets/DROID/train_v8/final/10389_exterior_image_1_left_pair0.png,v9_test_seen.csv,lid,kitchen counter,auto,0,unreviewed
/data/datasets/DROID/train_v8/final/1025_exterior_image_1_left_pair0.png,v9_test_seen.csv,book,shelf,auto,0,unreviewed
/data/datasets/DROID/train_v8/final/10040_exterior_image_2_left_pair0.png,v9_test_seen.csv,canned drink,shelf,auto,0,unreviewed
/data/datasets/DROID/train_v8/final/10096_exterior_image_1_left_pair0.png,v9_test_seen.csv,bottle,top shelf,human,0,keep
/data/datasets/DROID/train_v8/final/10050_exterior_image_1_left_pair0.png,v9_test_seen.csv,fabric,seat cushion,auto,0,unreviewed
/data/datasets/DROID/train_v8/final/10529_exterior_image_1_left_pair1.png,v9_test_seen.csv,object,desktop,auto,1,keep
/data/datasets/DROID/train_v8/final/10002_exterior_image_1_left_pair0.png,v9_test_seen.csv,cloth,barrier,auto,0,keep
/data/datasets/DROID/train_v8/final/10412_exterior_image_1_left_pair0.png,v9_test_seen.csv,spoon,cup,auto,0,keep
/data/datasets/DROID/train_v8/final/10466_exterior_image_1_left_pair0.png,v9_test_seen.csv,object,storage basket,auto,0,unreviewed
/data/datasets/DROID/train_v8/final/10502_exterior_image_2_left_pair0.png,v9_test_seen.csv,cup,cabinet,auto,0,unreviewed
/data/datasets/DROID/train_v8/final/10447_exterior_image_2_left_pair0.png,v9_test_seen.csv,bag,bowl,auto,0,unreviewed
/data/datasets/DROID/train_v8/final/10201_exterior_image_1_left_pair0.png,v9_test_seen.csv,mug,table,auto,1,keep
/data/datasets/DROID/train_v8/final/10382_exterior_image_1_left_pair0.png,v9_test_seen.csv,cup,table,auto,0,unreviewed
/data/datasets/DROID/train_v8/final/10344_exterior_image_2_left_pair0.png,v9_test_seen.csv,cloth,box,auto,0,keep
/data/datasets/DROID/train_v8/final/10565_exterior_image_1_left_pair0.png,v9_test_seen.csv,towel,cabinet,auto,0,unreviewed
/data/datasets/DROID/train_v8/final/10522_exterior_image_2_left_pair1.png,v9_test_seen.csv,cup,countertop,auto,0,unreviewed
/data/datasets/DROID/train_v8/final/10318_exterior_image_2_left_pair0.png,v9_test_seen.csv,object,cup,auto,0,vanish
/data/datasets/DROID/train_v8/final/10021_exterior_image_1_left_pair0.png,v9_test_seen.csv,soft pineapple,table,human,1,keep
/data/datasets/DROID/train_v8/final/10544_exterior_image_2_left_pair0.png,v9_test_seen.csv,block,bowl,auto,0,keep
/data/datasets/DROID/train_v8/final/10657_exterior_image_1_left_pair0.png,v9_test_seen.csv,block,table,auto,1,keep
/data/datasets/DROID/train_v8/final/10111_exterior_image_1_left_pair0.png,v9_test_seen.csv,plush toy,box,auto,0,keep
/data/datasets/DROID/train_v8/final/10493_exterior_image_2_left_pair0.png,v9_test_seen.csv,lid,stove,human,1,keep
/data/datasets/DROID/train_v8/final/10313_exterior_image_2_left_pair0.png,v9_test_seen.csv,shirt,chair,auto,0,unreviewed
/data/datasets/DROID/train_v8/final/10479_exterior_image_1_left_pair0.png,v9_test_seen.csv,artificial pizza,table,human,1,keep
/data/datasets/DROID/train_v8/final/10228_exterior_image_1_left_pair0.png,v9_test_seen.csv,can,table,auto,1,keep
/data/datasets/DROID/train_v8/final/10411_exterior_image_1_left_pair0.png,v9_test_seen.csv,spoon,table,auto,1,keep
/data/datasets/DROID/train_v8/final/1000_exterior_image_1_left_pair0.png,v9_test_seen.csv,object,bowl,auto,0,unreviewed
/data/datasets/DROID/train_v8/final/10047_exterior_image_1_left_pair0.png,v9_test_seen.csv,rabbit toy,table,auto,0,keep
/data/datasets/DROID/train_v8/final/10125_exterior_image_1_left_pair0.png,v9_test_seen.csv,jar,interior dishwasher,auto,0,keep
/data/datasets/DROID/train_v8/final/10173_exterior_image_1_left_pair0.png,v9_test_seen.csv,bottle,table,auto,1,keep
/data/datasets/DROID/train_v8/final/10482_exterior_image_1_left_pair0.png,v9_test_seen.csv,sauce bottle,cup,auto,0,keep
/data/datasets/DROID/train_v8/final/10131_exterior_image_2_left_pair0.png,v9_test_seen.csv,marker,table,auto,0,unreviewed
/data/datasets/DROID/train_v8/final/10494_exterior_image_2_left_pair0.png,v9_test_seen.csv,bag,sink,auto,0,unreviewed
/data/datasets/DROID/train_v8/final/10340_exterior_image_2_left_pair0.png,v9_test_seen.csv,object,bowl,auto,0,vanish
/data/datasets/DROID/train_v8/final/10121_exterior_image_1_left_pair0.png,v9_test_seen.csv,rope,box,auto,0,vanish
/data/datasets/DROID/train_v8/final/10441_exterior_image_2_left_pair0.png,v9_test_seen.csv,ball,bowl,auto,0,keep
/data/datasets/DROID/train_v8/final/10156_exterior_image_2_left_pair0.png,v9_test_seen.csv,snack bag,plate,auto,0,unreviewed
/data/datasets/DROID/train_v8/final/10660_exterior_image_2_left_pair0.png,v9_test_seen.csv,plush toy,bowl,auto,0,keep
/data/datasets/DROID/train_v8/final/10231_exterior_image_1_left_pair0.png,v9_test_seen.csv,egg,bowl,auto,0,unreviewed
/data/datasets/DROID/train_v8/final/10541_exterior_image_1_left_pair0.png,v9_test_seen.csv,block,block,human,0,keep
/data/datasets/DROID/train_v8/final/10270_exterior_image_2_left_pair0.png,v9_test_seen.csv,bell pepper,table,human,1,keep
/data/datasets/DROID/train_v8/final/10588_exterior_image_1_left_pair0.png,v9_test_seen.csv,marker,pot,auto,0,keep
/data/datasets/DROID/train_v8/final/10565_exterior_image_2_left_pair0.png,v9_test_seen.csv,towel,cabinet,auto,0,unreviewed
/data/datasets/DROID/train_v8/final/10141_exterior_image_2_left_pair0.png,v9_test_seen.csv,block,drawer,auto,0,keep
/data/datasets/DROID/train_v8/final/10382_exterior_image_2_left_pair0.png,v9_test_seen.csv,cup,table,auto,0,unreviewed
/data/datasets/DROID/train_v8/final/10396_exterior_image_1_left_pair0.png,v9_test_seen.csv,bottle,trash can,auto,0,unreviewed
/data/datasets/DROID/train_v8/final/1004_exterior_image_1_left_pair0.png,v9_test_seen.csv,lid,rack,auto,0,keep
/data/datasets/DROID/train_v8/final/10298_exterior_image_2_left_pair1.png,v9_test_seen.csv,cup,tissue,auto,0,keep
/data/datasets/DROID/train_v8/final/1054_exterior_image_1_left_pair0.png,v9_test_seen.csv,stuffed octopus,table,auto,1,keep
/data/datasets/DROID/train_v8/final/10082_exterior_image_1_left_pair0.png,v9_test_seen.csv,jar,microwave,auto,0,keep
/data/datasets/DROID/train_v8/final/10528_exterior_image_1_left_pair0.png,v9_test_seen.csv,tape,plate,auto,0,keep
/data/datasets/DROID/train_v8/final/10306_exterior_image_2_left_pair0.png,v9_test_seen.csv,cloth,table,auto,1,keep
/data/datasets/DROID/train_v8/final/10596_exterior_image_2_left_pair0.png,v9_test_seen.csv,marker,pot,auto,0,keep
/data/datasets/DROID/train_v8/final/10631_exterior_image_1_left_pair0.png,v9_test_seen.csv,towel,table,auto,0,unreviewed
/data/datasets/DROID/train_v8/final/1008_exterior_image_1_left_pair0.png,v9_test_seen.csv,thing,bowl,auto,0,keep
/data/datasets/DROID/train_v8/final/100_exterior_image_1_left_pair0.png,v9_test_seen.csv,coffee capsule,coffee maker,auto,0,unreviewed
/data/datasets/DROID/train_v8/final/10358_exterior_image_1_left_pair1.png,v9_test_seen.csv,checkered clothing,box,auto,0,keep
/data/datasets/DROID/train_v8/final/10628_exterior_image_1_left_pair0.png,v9_test_seen.csv,doll,table,auto,1,keep
/data/datasets/DROID/train_v8/final/10223_exterior_image_2_left_pair0.png,v9_test_seen.csv,carrot plush toy,table,auto,1,keep
/data/datasets/DROID/train_v8/final/10197_exterior_image_2_left_pair0.png,v9_test_seen.csv,cable,box,auto,0,keep
/data/datasets/DROID/train_v8/final/10327_exterior_image_2_left_pair0.png,v9_test_seen.csv,screwdriver,drawer,auto,0,keep
/data/datasets/DROID/train_v8/final/10346_exterior_image_1_left_pair0.png,v9_test_seen.csv,lid,pot,auto,0,unreviewed
/data/datasets/DROID/train_v8/final/10261_exterior_image_2_left_pair0.png,v9_test_seen.csv,cup,countertop,human,1,keep
/data/datasets/DROID/train_v8/final/10195_exterior_image_2_left_pair0.png,v9_test_seen.csv,rectangle,table,auto,1,keep
/data/datasets/DROID/train_v8/final/10478_exterior_image_2_left_pair0.png,v9_test_seen.csv,spoon,mug,auto,0,keep
/data/datasets/DROID/train_v8/final/10525_exterior_image_1_left_pair1.png,v9_test_seen.csv,cup,cup,auto,0,keep
/data/datasets/DROID/train_v8/final/10173_exterior_image_2_left_pair0.png,v9_test_seen.csv,bottle,tabletop,human,1,keep
/data/datasets/DROID/train_v8/final/10095_exterior_image_1_left_pair0.png,v9_test_seen.csv,plush toy,sink,auto,0,keep
/data/datasets/DROID/train_v8/final/10318_exterior_image_1_left_pair0.png,v9_test_seen.csv,object,cup,auto,0,discard
/data/datasets/DROID/train_v8/final/10027_exterior_image_2_left_pair0.png,v9_test_seen.csv,solid glue,cup,auto,0,keep
/data/datasets/DROID/train_v8/final/10282_exterior_image_1_left_pair0.png,v9_test_seen.csv,basin,stove,auto,0,keep
/data/datasets/DROID/train_v8/final/10282_exterior_image_1_left_pair1.png,v9_test_seen.csv,frying pan,stove,auto,0,unreviewed
/data/datasets/DROID/train_v8/final/10021_exterior_image_2_left_pair0.png,v9_test_seen.csv,soft pineapple,table,human,1,keep
/data/datasets/DROID/train_v8/final/10041_exterior_image_1_left_pair0.png,v9_test_seen.csv,cable,toolbox,auto,0,vanish
/data/datasets/DROID/train_v8/final/10140_exterior_image_2_left_pair0.png,v9_test_seen.csv,cup,bottle,auto,0,unreviewed
/data/datasets/DROID/train_v8/final/10386_exterior_image_1_left_pair0.png,v9_test_seen.csv,shirt,table,auto,0,unreviewed
/data/datasets/DROID/train_v8/final/10540_exterior_image_2_left_pair1.png,v9_test_seen.csv,cup,countertop,auto,0,unreviewed
/data/datasets/DROID/train_v8/final/10050_exterior_image_2_left_pair0.png,v9_test_seen.csv,fabric,seat cushion,auto,0,unreviewed
/data/datasets/DROID/train_v8/final/10020_exterior_image_2_left_pair0.png,v9_test_seen.csv,lid,table,auto,1,keep
/data/datasets/DROID/train_v8/final/10273_exterior_image_1_left_pair0.png,v9_test_seen.csv,disc,stand,auto,0,keep
/data/datasets/DROID/train_v8/final/10278_exterior_image_1_left_pair0.png,v9_test_seen.csv,cup,cup,auto,0,keep
/data/datasets/DROID/train_v8/final/10057_exterior_image_2_left_pair0.png,v9_test_seen.csv,object,countertop,auto,0,discard
/data/datasets/DROID/train_v8/final/1000_exterior_image_2_left_pair0.png,v9_test_seen.csv,object,bowl,auto,0,unreviewed
/data/datasets/DROID/train_v8/final/10502_exterior_image_1_left_pair0.png,v9_test_seen.csv,cup,cabinet,auto,0,unreviewed
/data/datasets/DROID/train_v8/final/10439_exterior_image_2_left_pair1.png,v9_test_seen.csv,piece,bowl,auto,0,keep
/data/datasets/DROID/train_v8/final/10493_exterior_image_1_left_pair0.png,v9_test_seen.csv,lid,countertop,auto,1,keep
/data/datasets/DROID/train_v8/final/10156_exterior_image_1_left_pair0.png,v9_test_seen.csv,snack bag,plate,auto,0,unreviewed
/data/datasets/DROID/train_v8/final/10474_exterior_image_1_left_pair0.png,v9_test_seen.csv,shoe,rack,auto,0,unreviewed
/data/datasets/DROID/train_v8/final/10335_exterior_image_1_left_pair0.png,v9_test_seen.csv,pot lid,towel,human,0,keep
/data/datasets/DROID/train_v8/final/10121_exterior_image_2_left_pair0.png,v9_test_seen.csv,rope,box,auto,0,vanish
/data/datasets/DROID/train_v8/final/10629_exterior_image_1_left_pair0.png,v9_test_seen.csv,bottle,container,auto,0,keep
/data/datasets/DROID/train_v8/final/10048_exterior_image_1_left_pair0.png,v9_test_seen.csv,bottle,countertop,auto,1,keep
/data/datasets/DROID/train_v8/final/10096_exterior_image_2_left_pair0.png,v9_test_seen.csv,bottle,shelf,auto,0,keep
/data/datasets/DROID/train_v8/final/1001_exterior_image_2_left_pair0.png,v9_test_seen.csv,lid,pot,auto,0,unreviewed
/data/datasets/DROID/train_v8/final/10067_exterior_image_2_left_pair0.png,v9_test_seen.csv,ball,plate,auto,0,keep
/data/datasets/DROID/train_v8/final/1031_exterior_image_2_left_pair0.png,v9_test_seen.csv,bottle,shelf cabinet,auto,0,keep
/data/datasets/DROID/train_v8/final/10411_exterior_image_2_left_pair0.png,v9_test_seen.csv,spoon,table,auto,1,keep
/data/datasets/DROID/train_v8/final/10013_exterior_image_2_left_pair0.png,v9_test_seen.csv,bottle,table,auto,1,keep
/data/datasets/DROID/train_v8/final/10344_exterior_image_1_left_pair0.png,v9_test_seen.csv,cloth,box,auto,0,keep
/data/datasets/DROID/train_v8/final/10268_exterior_image_1_left_pair0.png,v9_test_seen.csv,plush toy,bowl,human,0,keep
/data/datasets/DROID/train_v8/final/10197_exterior_image_1_left_pair0.png,v9_test_seen.csv,cable,box,auto,0,vanish
/data/datasets/DROID/train_v8/final/10633_exterior_image_2_left_pair0.png,v9_test_seen.csv,lid,countertop,auto,0,unreviewed
/data/datasets/DROID/train_v8/final/10201_exterior_image_2_left_pair0.png,v9_test_seen.csv,mug,table,auto,1,keep
/data/datasets/DROID/train_v8/final/10059_exterior_image_1_left_pair0.png,v9_test_seen.csv,lid,pot,auto,0,keep
/data/datasets/DROID/train_v8/final/10447_exterior_image_1_left_pair0.png,v9_test_seen.csv,bag,bowl,auto,0,unreviewed
/data/datasets/DROID/train_v8/final/10257_exterior_image_2_left_pair1.png,v9_test_seen.csv,mug,drawer,auto,0,keep
/data/datasets/DROID/train_v8/final/10014_exterior_image_2_left_pair0.png,v9_test_seen.csv,block,drawer,auto,0,keep
/data/datasets/DROID/train_v8/final/10660_exterior_image_1_left_pair0.png,v9_test_seen.csv,plush toy,bowl,auto,0,keep
/data/datasets/DROID/train_v8/final/10002_exterior_image_2_left_pair0.png,v9_test_seen.csv,cloth,barrier,auto,0,keep
/data/datasets/DROID/train_v8/final/10291_exterior_image_1_left_pair0.png,v9_test_seen.csv,marker,box,auto,0,keep
/data/datasets/DROID/train_v8/final/1054_exterior_image_2_left_pair0.png,v9_test_seen.csv,stuffed octopus,table,auto,1,keep
/data/datasets/DROID/train_v8/final/10649_exterior_image_2_left_pair0.png,v9_test_seen.csv,cup,cup,auto,0,keep
/data/datasets/DROID/train_v8/final/10581_exterior_image_2_left_pair0.png,v9_test_seen.csv,pen,table,auto,1,keep
/data/datasets/DROID/train_v8/final/10403_exterior_image_1_left_pair0.png,v9_test_seen.csv,bag snacks,box,auto,0,unreviewed
/data/datasets/DROID/train_v8/final/10396_exterior_image_2_left_pair0.png,v9_test_seen.csv,bottle,trash can,auto,0,unreviewed
/data/datasets/DROID/train_v8/final/10346_exterior_image_2_left_pair0.png,v9_test_seen.csv,lid,pot,auto,0,unreviewed
/data/datasets/DROID/train_v8/final/10357_exterior_image_2_left_pair0.png,v9_test_seen.csv,block,bowl,auto,0,keep
/data/datasets/DROID/train_v8/final/10220_exterior_image_2_left_pair0.png,v9_test_seen.csv,strawberry plush toy,stove,auto,0,discard
/data/datasets/DROID/train_v8/final/10343_exterior_image_2_left_pair0.png,v9_test_seen.csv,fallen bottle,table,auto,0,unreviewed
/data/datasets/DROID/train_v8/final/10343_exterior_image_1_left_pair0.png,v9_test_seen.csv,fallen bottle,table,auto,0,unreviewed
